suite,scenario,time_s,time_min,temperature_K,ambient_K,surface_K,q_conduction_W,q_convection_W,q_longwave_W,q_solar_W,q_radiation_W,q_internal_W,q_total_W,energy_conduction_kJ,energy_convection_kJ,energy_longwave_kJ,energy_solar_kJ,energy_radiation_kJ,energy_internal_kJ,energy_total_kJ
conduction,hot_surface,0.0,0.0,300.0,270.0,340.0,0.0,0.0,0.0,0.0,0.0,0.0,0.0,0.0,0.0,0.0,0.0,0.0,0.0,0.0
conduction,hot_surface,5.0,0.083333,300.0952380952381,270.0,340.0,600.0,0.0,0.0,0.0,0.0,0.0,600.0,3.0,0.0,0.0,0.0,0.0,0.0,3.0
conduction,hot_surface,10.0,0.166667,300.19024943310654,270.0,340.0,598.5714285714289,0.0,0.0,0.0,0.0,0.0,598.5714285714289,5.992857142857145,0.0,0.0,0.0,0.0,0.0,5.992857142857145
conduction,hot_surface,15.0,0.25,300.2850345535039,270.0,340.0,597.1462585034019,0.0,0.0,0.0,0.0,0.0,597.1462585034019,8.978588435374155,0.0,0.0,0.0,0.0,0.0,8.978588435374155
conduction,hot_surface,20.0,0.333333,300.3795939950432,270.0,340.0,595.7244816974412,0.0,0.0,0.0,0.0,0.0,595.7244816974412,11.957210843861361,0.0,0.0,0.0,0.0,0.0,11.957210843861361
conduction,hot_surface,25.0,0.416667,300.473928295055,270.0,340.0,594.3060900743521,0.0,0.0,0.0,0.0,0.0,594.3060900743521,14.928741294233122,0.0,0.0,0.0,0.0,0.0,14.928741294233122
conduction,hot_surface,30.0,0.5,300.56803798959055,270.0,340.0,592.8910755741754,0.0,0.0,0.0,0.0,0.0,592.8910755741754,17.893196672103997,0.0,0.0,0.0,0.0,0.0,17.893196672103997
conduction,hot_surface,35.0,0.583333,300.66192361342485,270.0,340.0,591.4794301561417,0.0,0.0,0.0,0.0,0.0,591.4794301561417,20.850593822884704,0.0,0.0,0.0,0.0,0.0,20.850593822884704
conduction,hot_surface,40.0,0.666667,300.75558570005956,270.0,340.0,590.0711457986273,0.0,0.0,0.0,0.0,0.0,590.0711457986273,23.800949551877842,0.0,0.0,0.0,0.0,0.0,23.800949551877842
conduction,hot_surface,45.0,0.75,300.8490247817261,270.0,340.0,588.6662144991067,0.0,0.0,0.0,0.0,0.0,588.6662144991067,26.744280624373374,0.0,0.0,0.0,0.0,0.0,26.744280624373374
conduction,hot_surface,50.0,0.833333,300.94224138938864,270.0,340.0,587.2646282741086,0.0,0.0,0.0,0.0,0.0,587.2646282741086,29.680603765743918,0.0,0.0,0.0,0.0,0.0,29.680603765743918
conduction,hot_surface,55.0,0.916667,301.0352360527472,270.0,340.0,585.8663791591704,0.0,0.0,0.0,0.0,0.0,585.8663791591704,32.60993566153977,0.0,0.0,0.0,0.0,0.0,32.60993566153977
conduction,hot_surface,60.0,1.0,301.1280093002407,270.0,340.0,584.4714592087917,0.0,0.0,0.0,0.0,0.0,584.4714592087917,35.53229295758373,0.0,0.0,0.0,0.0,0.0,35.53229295758373
conduction,hot_surface,65.0,1.083333,301.2205616590497,270.0,340.0,583.0798604963894,0.0,0.0,0.0,0.0,0.0,583.0798604963894,38.44769226006568,0.0,0.0,0.0,0.0,0.0,38.44769226006568
conduction,hot_surface,70.0,1.166667,301.3128936550996,270.0,340.0,581.6915751142549,0.0,0.0,0.0,0.0,0.0,581.6915751142549,41.356150135636945,0.0,0.0,0.0,0.0,0.0,41.356150135636945
conduction,hot_surface,75.0,1.25,301.4050058130636,270.0,340.0,580.3065951735064,0.0,0.0,0.0,0.0,0.0,580.3065951735064,44.25768311150448,0.0,0.0,0.0,0.0,0.0,44.25768311150448
conduction,hot_surface,80.0,1.333333,301.49689865636583,270.0,340.0,578.9249128040458,0.0,0.0,0.0,0.0,0.0,578.9249128040458,47.1523076755247,0.0,0.0,0.0,0.0,0.0,47.1523076755247
conduction,hot_surface,85.0,1.416667,301.588572707184,270.0,340.0,577.5465201545126,0.0,0.0,0.0,0.0,0.0,577.5465201545126,50.04004027629727,0.0,0.0,0.0,0.0,0.0,50.04004027629727
conduction,hot_surface,90.0,1.5,301.6800284864526,270.0,340.0,576.1714093922396,0.0,0.0,0.0,0.0,0.0,576.1714093922396,52.92089732325846,0.0,0.0,0.0,0.0,0.0,52.92089732325846
conduction,hot_surface,95.0,1.583333,301.77126651386584,270.0,340.0,574.7995727032107,0.0,0.0,0.0,0.0,0.0,574.7995727032107,55.79489518677451,0.0,0.0,0.0,0.0,0.0,55.79489518677451
conduction,hot_surface,100.0,1.666667,301.8622873078804,270.0,340.0,573.4310022920124,0.0,0.0,0.0,0.0,0.0,573.4310022920124,58.662050198234574,0.0,0.0,0.0,0.0,0.0,58.662050198234574
conduction,hot_surface,105.0,1.75,301.9530913857188,270.0,340.0,572.0656903817937,0.0,0.0,0.0,0.0,0.0,572.0656903817937,61.52237865014354,0.0,0.0,0.0,0.0,0.0,61.52237865014354
conduction,hot_surface,110.0,1.833333,302.0436792633718,270.0,340.0,570.7036292142184,0.0,0.0,0.0,0.0,0.0,570.7036292142184,64.37589679621463,0.0,0.0,0.0,0.0,0.0,64.37589679621463
conduction,hot_surface,115.0,1.916667,302.1340514556019,270.0,340.0,569.3448110494228,0.0,0.0,0.0,0.0,0.0,569.3448110494228,67.22262085146174,0.0,0.0,0.0,0.0,0.0,67.22262085146174
conduction,hot_surface,120.0,2.0,302.22420847594566,270.0,340.0,567.9892281659718,0.0,0.0,0.0,0.0,0.0,567.9892281659718,70.0625669922916,0.0,0.0,0.0,0.0,0.0,70.0625669922916
conduction,hot_surface,125.0,2.083333,302.3141508367172,270.0,340.0,566.6368728608152,0.0,0.0,0.0,0.0,0.0,566.6368728608152,72.89575135659568,0.0,0.0,0.0,0.0,0.0,72.89575135659568
conduction,hot_surface,130.0,2.166667,302.40387904901075,270.0,340.0,565.287737449242,0.0,0.0,0.0,0.0,0.0,565.287737449242,75.72219004384188,0.0,0.0,0.0,0.0,0.0,75.72219004384188
conduction,hot_surface,135.0,2.25,302.4933936227036,270.0,340.0,563.9418142648387,0.0,0.0,0.0,0.0,0.0,563.9418142648387,78.54189911516607,0.0,0.0,0.0,0.0,0.0,78.54189911516607
conduction,hot_surface,140.0,2.333333,302.58269506645905,270.0,340.0,562.5990956594461,0.0,0.0,0.0,0.0,0.0,562.5990956594461,81.35489459346331,0.0,0.0,0.0,0.0,0.0,81.35489459346331
conduction,hot_surface,145.0,2.416667,302.67178388772936,270.0,340.0,561.2595740031143,0.0,0.0,0.0,0.0,0.0,561.2595740031143,84.16119246347887,0.0,0.0,0.0,0.0,0.0,84.16119246347887
conduction,hot_surface,150.0,2.5,302.7606605927586,270.0,340.0,559.9232416840596,0.0,0.0,0.0,0.0,0.0,559.9232416840596,86.96080867189917,0.0,0.0,0.0,0.0,0.0,86.96080867189917
conduction,hot_surface,155.0,2.583333,302.84932568658536,270.0,340.0,558.590091108621,0.0,0.0,0.0,0.0,0.0,558.590091108621,89.75375912744228,0.0,0.0,0.0,0.0,0.0,89.75375912744228
conduction,hot_surface,160.0,2.666667,302.9377796730459,270.0,340.0,557.2601147012197,0.0,0.0,0.0,0.0,0.0,557.2601147012197,92.54005970094838,0.0,0.0,0.0,0.0,0.0,92.54005970094838
conduction,hot_surface,165.0,2.75,303.0260230547767,270.0,340.0,555.9333049043116,0.0,0.0,0.0,0.0,0.0,555.9333049043116,95.31972622546994,0.0,0.0,0.0,0.0,0.0,95.31972622546994
conduction,hot_surface,170.0,2.833333,303.1140563332177,270.0,340.0,554.6096541783493,0.0,0.0,0.0,0.0,0.0,554.6096541783493,98.09277449636167,0.0,0.0,0.0,0.0,0.0,98.09277449636167
conduction,hot_surface,175.0,2.916667,303.2018800086148,270.0,340.0,553.2891550017342,0.0,0.0,0.0,0.0,0.0,553.2891550017342,100.85922027137035,0.0,0.0,0.0,0.0,0.0,100.85922027137035
conduction,hot_surface,180.0,3.0,303.28949458002285,270.0,340.0,551.9717998707779,0.0,0.0,0.0,0.0,0.0,551.9717998707779,103.61907927072424,0.0,0.0,0.0,0.0,0.0,103.61907927072424
conduction,hot_surface,185.0,3.083333,303.3769005453085,270.0,340.0,550.6575812996573,0.0,0.0,0.0,0.0,0.0,550.6575812996573,106.37236717722251,0.0,0.0,0.0,0.0,0.0,106.37236717722251
conduction,hot_surface,190.0,3.166667,303.464098401153,270.0,340.0,549.3464918203724,0.0,0.0,0.0,0.0,0.0,549.3464918203724,109.11909963632439,0.0,0.0,0.0,0.0,0.0,109.11909963632439
conduction,hot_surface,195.0,3.25,303.55108864305504,270.0,340.0,548.0385239827046,0.0,0.0,0.0,0.0,0.0,548.0385239827046,111.85929225623791,0.0,0.0,0.0,0.0,0.0,111.85929225623791
conduction,hot_surface,200.0,3.333333,303.6378717653335,270.0,340.0,546.7336703541744,0.0,0.0,0.0,0.0,0.0,546.7336703541744,114.59296060800878,0.0,0.0,0.0,0.0,0.0,114.59296060800878
conduction,hot_surface,205.0,3.416667,303.7244482611303,270.0,340.0,545.4319235199976,0.0,0.0,0.0,0.0,0.0,545.4319235199976,117.32012022560878,0.0,0.0,0.0,0.0,0.0,117.32012022560878
conduction,hot_surface,210.0,3.5,303.8108186224133,270.0,340.0,544.1332760830454,0.0,0.0,0.0,0.0,0.0,544.1332760830454,120.040786606024,0.0,0.0,0.0,0.0,0.0,120.040786606024
conduction,hot_surface,215.0,3.583333,303.896983339979,270.0,340.0,542.8377206638004,0.0,0.0,0.0,0.0,0.0,542.8377206638004,122.75497520934302,0.0,0.0,0.0,0.0,0.0,122.75497520934302
conduction,hot_surface,220.0,3.666667,303.98294290345524,270.0,340.0,541.5452499003152,0.0,0.0,0.0,0.0,0.0,541.5452499003152,125.46270145884459,0.0,0.0,0.0,0.0,0.0,125.46270145884459
conduction,hot_surface,225.0,3.75,304.06869780130415,270.0,340.0,540.2558564481715,0.0,0.0,0.0,0.0,0.0,540.2558564481715,128.16398074108545,0.0,0.0,0.0,0.0,0.0,128.16398074108545
conduction,hot_surface,230.0,3.833333,304.15424852082486,270.0,340.0,538.9695329804376,0.0,0.0,0.0,0.0,0.0,538.9695329804376,130.85882840598762,0.0,0.0,0.0,0.0,0.0,130.85882840598762
conduction,hot_surface,235.0,3.916667,304.2395955481562,270.0,340.0,537.6862721876271,0.0,0.0,0.0,0.0,0.0,537.6862721876271,133.54725976692578,0.0,0.0,0.0,0.0,0.0,133.54725976692578
conduction,hot_surface,240.0,4.0,304.32473936827967,270.0,340.0,536.4060667776567,0.0,0.0,0.0,0.0,0.0,536.4060667776567,136.22929010081404,0.0,0.0,0.0,0.0,0.0,136.22929010081404
conduction,hot_surface,245.0,4.083333,304.40968046502184,270.0,340.0,535.128909475805,0.0,0.0,0.0,0.0,0.0,535.128909475805,138.90493464819306,0.0,0.0,0.0,0.0,0.0,138.90493464819306
conduction,hot_surface,250.0,4.166667,304.4944193210575,270.0,340.0,533.8547930246725,0.0,0.0,0.0,0.0,0.0,533.8547930246725,141.57420861331644,0.0,0.0,0.0,0.0,0.0,141.57420861331644
conduction,hot_surface,255.0,4.25,304.5789564179121,270.0,340.0,532.5837101841378,0.0,0.0,0.0,0.0,0.0,532.5837101841378,144.23712716423714,0.0,0.0,0.0,0.0,0.0,144.23712716423714
conduction,hot_surface,260.0,4.333333,304.66329223596466,270.0,340.0,531.3156537313188,0.0,0.0,0.0,0.0,0.0,531.3156537313188,146.89370543289374,0.0,0.0,0.0,0.0,0.0,146.89370543289374
conduction,hot_surface,265.0,4.416667,304.7474272544505,270.0,340.0,530.0506164605301,0.0,0.0,0.0,0.0,0.0,530.0506164605301,149.5439585151964,0.0,0.0,0.0,0.0,0.0,149.5439585151964
conduction,hot_surface,270.0,4.5,304.8313619514637,270.0,340.0,528.7885911832427,0.0,0.0,0.0,0.0,0.0,528.7885911832427,152.1879014711126,0.0,0.0,0.0,0.0,0.0,152.1879014711126
conduction,hot_surface,275.0,4.583333,304.9150968039602,270.0,340.0,527.5295707280446,0.0,0.0,0.0,0.0,0.0,527.5295707280446,154.82554932475284,0.0,0.0,0.0,0.0,0.0,154.82554932475284
conduction,hot_surface,280.0,4.666667,304.9986322877603,270.0,340.0,526.2735479405973,0.0,0.0,0.0,0.0,0.0,526.2735479405973,157.45691706445584,0.0,0.0,0.0,0.0,0.0,157.45691706445584
conduction,hot_surface,285.0,4.75,305.08196887755133,270.0,340.0,525.0205156835955,0.0,0.0,0.0,0.0,0.0,525.0205156835955,160.0820196428738,0.0,0.0,0.0,0.0,0.0,160.0820196428738
conduction,hot_surface,290.0,4.833333,305.1651070468905,270.0,340.0,523.7704668367301,0.0,0.0,0.0,0.0,0.0,523.7704668367301,162.70087197705746,0.0,0.0,0.0,0.0,0.0,162.70087197705746
conduction,hot_surface,295.0,4.916667,305.2480472682074,270.0,340.0,522.5233942966423,0.0,0.0,0.0,0.0,0.0,522.5233942966423,165.31348894854068,0.0,0.0,0.0,0.0,0.0,165.31348894854068
conduction,hot_surface,300.0,5.0,305.3307900128069,270.0,340.0,521.2792909768888,0.0,0.0,0.0,0.0,0.0,521.2792909768888,167.9198854034251,0.0,0.0,0.0,0.0,0.0,167.9198854034251
conduction,hot_surface,305.0,5.083333,305.4133357508717,270.0,340.0,520.0381498078963,0.0,0.0,0.0,0.0,0.0,520.0381498078963,170.5200761524646,0.0,0.0,0.0,0.0,0.0,170.5200761524646
conduction,hot_surface,310.0,5.166667,305.49568495146485,270.0,340.0,518.7999637369248,0.0,0.0,0.0,0.0,0.0,518.7999637369248,173.11407597114922,0.0,0.0,0.0,0.0,0.0,173.11407597114922
conduction,hot_surface,315.0,5.25,305.5778380825328,270.0,340.0,517.5647257280273,0.0,0.0,0.0,0.0,0.0,517.5647257280273,175.70189959978936,0.0,0.0,0.0,0.0,0.0,175.70189959978936
conduction,hot_surface,320.0,5.333333,305.65979561090774,270.0,340.0,516.3324287620077,0.0,0.0,0.0,0.0,0.0,516.3324287620077,178.2835617435994,0.0,0.0,0.0,0.0,0.0,178.2835617435994
conduction,hot_surface,325.0,5.416667,305.74155800231034,270.0,340.0,515.103065836384,0.0,0.0,0.0,0.0,0.0,515.103065836384,180.8590770727813,0.0,0.0,0.0,0.0,0.0,180.8590770727813
conduction,hot_surface,330.0,5.5,305.8231257213525,270.0,340.0,513.8766299653448,0.0,0.0,0.0,0.0,0.0,513.8766299653448,183.42846022260804,0.0,0.0,0.0,0.0,0.0,183.42846022260804
conduction,hot_surface,335.0,5.583333,305.9044992315397,270.0,340.0,512.6531141797127,0.0,0.0,0.0,0.0,0.0,512.6531141797127,185.9917257935066,0.0,0.0,0.0,0.0,0.0,185.9917257935066
conduction,hot_surface,340.0,5.666667,305.98567899527416,270.0,340.0,511.43251152690425,0.0,0.0,0.0,0.0,0.0,511.43251152690425,188.54888835114113,0.0,0.0,0.0,0.0,0.0,188.54888835114113
conduction,hot_surface,345.0,5.75,306.06666547385686,270.0,340.0,510.21481507088765,0.0,0.0,0.0,0.0,0.0,510.21481507088765,191.09996242649555,0.0,0.0,0.0,0.0,0.0,191.09996242649555
conduction,hot_surface,350.0,5.833333,306.14745912749055,270.0,340.0,509.0000178921471,0.0,0.0,0.0,0.0,0.0,509.0000178921471,193.64496251595628,0.0,0.0,0.0,0.0,0.0,193.64496251595628
conduction,hot_surface,355.0,5.916667,306.22806041528224,270.0,340.0,507.78811308764176,0.0,0.0,0.0,0.0,0.0,507.78811308764176,196.1839030813945,0.0,0.0,0.0,0.0,0.0,196.1839030813945
conduction,hot_surface,360.0,6.0,306.30846979524586,270.0,340.0,506.57909377076635,0.0,0.0,0.0,0.0,0.0,506.57909377076635,198.7167985502483,0.0,0.0,0.0,0.0,0.0,198.7167985502483
conduction,hot_surface,365.0,6.083333,306.3886877243048,270.0,340.0,505.37295307131217,0.0,0.0,0.0,0.0,0.0,505.37295307131217,201.2436633156049,0.0,0.0,0.0,0.0,0.0,201.2436633156049
conduction,hot_surface,370.0,6.166667,306.4687146582946,270.0,340.0,504.16968413542776,0.0,0.0,0.0,0.0,0.0,504.16968413542776,203.764511736282,0.0,0.0,0.0,0.0,0.0,203.764511736282
conduction,hot_surface,375.0,6.25,306.5485510519653,270.0,340.0,502.9692801255814,0.0,0.0,0.0,0.0,0.0,502.9692801255814,206.2793581369099,0.0,0.0,0.0,0.0,0.0,206.2793581369099
conduction,hot_surface,380.0,6.333333,306.62819735898444,270.0,340.0,501.7717342205202,0.0,0.0,0.0,0.0,0.0,501.7717342205202,208.78821680801252,0.0,0.0,0.0,0.0,0.0,208.78821680801252
conduction,hot_surface,385.0,6.416667,306.7076540319392,270.0,340.0,500.57703961523345,0.0,0.0,0.0,0.0,0.0,500.57703961523345,211.2911020060887,0.0,0.0,0.0,0.0,0.0,211.2911020060887
conduction,hot_surface,390.0,6.5,306.78692152233936,270.0,340.0,499.3851895209116,0.0,0.0,0.0,0.0,0.0,499.3851895209116,213.78802795369324,0.0,0.0,0.0,0.0,0.0,213.78802795369324
conduction,hot_surface,395.0,6.583333,306.8660002806195,270.0,340.0,498.19617716490967,0.0,0.0,0.0,0.0,0.0,498.19617716490967,216.2790088395178,0.0,0.0,0.0,0.0,0.0,216.2790088395178
conduction,hot_surface,400.0,6.666667,306.94489075614183,270.0,340.0,497.00999579070725,0.0,0.0,0.0,0.0,0.0,497.00999579070725,218.76405881847128,0.0,0.0,0.0,0.0,0.0,218.76405881847128
conduction,hot_surface,405.0,6.75,307.0235933971986,270.0,340.0,495.82663865787254,0.0,0.0,0.0,0.0,0.0,495.82663865787254,221.24319201176067,0.0,0.0,0.0,0.0,0.0,221.24319201176067
conduction,hot_surface,410.0,6.833333,307.1021086510148,270.0,340.0,494.64609904202064,0.0,0.0,0.0,0.0,0.0,494.64609904202064,223.71642250697076,0.0,0.0,0.0,0.0,0.0,223.71642250697076
conduction,hot_surface,415.0,6.916667,307.1804369637505,270.0,340.0,493.46837023477775,0.0,0.0,0.0,0.0,0.0,493.46837023477775,226.18376435814466,0.0,0.0,0.0,0.0,0.0,226.18376435814466
conduction,hot_surface,420.0,7.0,307.25857878050346,270.0,340.0,492.2934455437428,0.0,0.0,0.0,0.0,0.0,492.2934455437428,228.64523158586337,0.0,0.0,0.0,0.0,0.0,228.64523158586337
conduction,hot_surface,425.0,7.083333,307.3365345453118,270.0,340.0,491.12131829244817,0.0,0.0,0.0,0.0,0.0,491.12131829244817,231.1008381773256,0.0,0.0,0.0,0.0,0.0,231.1008381773256
conduction,hot_surface,430.0,7.166667,307.4143047011563,270.0,340.0,489.9519818203231,0.0,0.0,0.0,0.0,0.0,489.9519818203231,233.55059808642721,0.0,0.0,0.0,0.0,0.0,233.55059808642721
conduction,hot_surface,435.0,7.25,307.4918896899631,270.0,340.0,488.78542948265533,0.0,0.0,0.0,0.0,0.0,488.78542948265533,235.9945252338405,0.0,0.0,0.0,0.0,0.0,235.9945252338405
conduction,hot_surface,440.0,7.333333,307.569289952606,270.0,340.0,487.62165465055347,0.0,0.0,0.0,0.0,0.0,487.62165465055347,238.43263350709327,0.0,0.0,0.0,0.0,0.0,238.43263350709327
conduction,hot_surface,445.0,7.416667,307.64650592890933,270.0,340.0,486.4606507109096,0.0,0.0,0.0,0.0,0.0,486.4606507109096,240.8649367606478,0.0,0.0,0.0,0.0,0.0,240.8649367606478
conduction,hot_surface,450.0,7.5,307.72353805765005,270.0,340.0,485.30241106636,0.0,0.0,0.0,0.0,0.0,485.30241106636,243.2914488159796,0.0,0.0,0.0,0.0,0.0,243.2914488159796
conduction,hot_surface,455.0,7.583333,307.8003867765604,270.0,340.0,484.1469291352493,0.0,0.0,0.0,0.0,0.0,484.1469291352493,245.71218346165585,0.0,0.0,0.0,0.0,0.0,245.71218346165585
conduction,hot_surface,460.0,7.666667,307.8770525223305,270.0,340.0,482.994198351594,0.0,0.0,0.0,0.0,0.0,482.994198351594,248.12715445341382,0.0,0.0,0.0,0.0,0.0,248.12715445341382
conduction,hot_surface,465.0,7.75,307.9535357306106,270.0,340.0,481.8442121650429,0.0,0.0,0.0,0.0,0.0,481.8442121650429,250.53637551423904,0.0,0.0,0.0,0.0,0.0,250.53637551423904
conduction,hot_surface,470.0,7.833333,308.02983683601394,270.0,340.0,480.69696404084084,0.0,0.0,0.0,0.0,0.0,480.69696404084084,252.93986033444324,0.0,0.0,0.0,0.0,0.0,252.93986033444324
conduction,hot_surface,475.0,7.916667,308.10595627211865,270.0,340.0,479.55244745979087,0.0,0.0,0.0,0.0,0.0,479.55244745979087,255.3376225717422,0.0,0.0,0.0,0.0,0.0,255.3376225717422
conduction,hot_surface,480.0,8.0,308.18189447147074,270.0,340.0,478.4106559182203,0.0,0.0,0.0,0.0,0.0,478.4106559182203,257.7296758513333,0.0,0.0,0.0,0.0,0.0,257.7296758513333
conduction,hot_surface,485.0,8.083333,308.2576518655863,270.0,340.0,477.2715829279389,0.0,0.0,0.0,0.0,0.0,477.2715829279389,260.116033765973,0.0,0.0,0.0,0.0,0.0,260.116033765973
conduction,hot_surface,490.0,8.166667,308.33322888495394,270.0,340.0,476.13522201620555,0.0,0.0,0.0,0.0,0.0,476.13522201620555,262.496709876054,0.0,0.0,0.0,0.0,0.0,262.496709876054
conduction,hot_surface,495.0,8.25,308.4086259590374,270.0,340.0,475.0015667256909,0.0,0.0,0.0,0.0,0.0,475.0015667256909,264.87171770968246,0.0,0.0,0.0,0.0,0.0,264.87171770968246
conduction,hot_surface,500.0,8.333333,308.4838435162778,270.0,340.0,473.8706106144389,0.0,0.0,0.0,0.0,0.0,473.8706106144389,267.24107076275465,0.0,0.0,0.0,0.0,0.0,267.24107076275465
conduction,hot_surface,505.0,8.416667,308.55888198409616,270.0,340.0,472.7423472558334,0.0,0.0,0.0,0.0,0.0,472.7423472558334,269.60478249903383,0.0,0.0,0.0,0.0,0.0,269.60478249903383
conduction,hot_surface,510.0,8.5,308.6337417888959,270.0,340.0,471.6167702385576,0.0,0.0,0.0,0.0,0.0,471.6167702385576,271.96286635022665,0.0,0.0,0.0,0.0,0.0,271.96286635022665
conduction,hot_surface,515.0,8.583333,308.7084233560652,270.0,340.0,470.49387316656123,0.0,0.0,0.0,0.0,0.0,470.49387316656123,274.31533571605945,0.0,0.0,0.0,0.0,0.0,274.31533571605945
conduction,hot_surface,520.0,8.666667,308.78292710997937,270.0,340.0,469.3736496590216,0.0,0.0,0.0,0.0,0.0,469.3736496590216,276.66220396435455,0.0,0.0,0.0,0.0,0.0,276.66220396435455
conduction,hot_surface,525.0,8.75,308.85725347400324,270.0,340.0,468.25609335030947,0.0,0.0,0.0,0.0,0.0,468.25609335030947,279.0034844311061,0.0,0.0,0.0,0.0,0.0,279.0034844311061
conduction,hot_surface,530.0,8.833333,308.9314028704937,270.0,340.0,467.14119788995134,0.0,0.0,0.0,0.0,0.0,467.14119788995134,281.33919042055584,0.0,0.0,0.0,0.0,0.0,281.33919042055584
conduction,hot_surface,535.0,8.916667,309.005375720802,270.0,340.0,466.02895694259473,0.0,0.0,0.0,0.0,0.0,466.02895694259473,283.6693352052688,0.0,0.0,0.0,0.0,0.0,283.6693352052688
conduction,hot_surface,540.0,9.0,309.0791724452763,270.0,340.0,464.9193641879697,0.0,0.0,0.0,0.0,0.0,464.9193641879697,285.99393202620865,0.0,0.0,0.0,0.0,0.0,285.99393202620865
conduction,hot_surface,545.0,9.083333,309.1527934632637,270.0,340.0,463.8124133208555,0.0,0.0,0.0,0.0,0.0,463.8124133208555,288.3129940928129,0.0,0.0,0.0,0.0,0.0,288.3129940928129
conduction,hot_surface,550.0,9.166667,309.2262391931131,270.0,340.0,462.7080980510442,0.0,0.0,0.0,0.0,0.0,462.7080980510442,290.6265345830682,0.0,0.0,0.0,0.0,0.0,290.6265345830682
conduction,hot_surface,555.0,9.25,309.2995100521771,270.0,340.0,461.6064121033037,0.0,0.0,0.0,0.0,0.0,461.6064121033037,292.9345666435847,0.0,0.0,0.0,0.0,0.0,292.9345666435847
conduction,hot_surface,560.0,9.333333,309.37260645681476,270.0,340.0,460.50734921734374,0.0,0.0,0.0,0.0,0.0,460.50734921734374,295.2371033896714,0.0,0.0,0.0,0.0,0.0,295.2371033896714
conduction,hot_surface,565.0,9.416667,309.4455288223938,270.0,340.0,459.4109031477785,0.0,0.0,0.0,0.0,0.0,459.4109031477785,297.5341579054103,0.0,0.0,0.0,0.0,0.0,297.5341579054103
conduction,hot_surface,570.0,9.5,309.5182775632928,270.0,340.0,458.31706766409326,0.0,0.0,0.0,0.0,0.0,458.31706766409326,299.8257432437308,0.0,0.0,0.0,0.0,0.0,299.8257432437308
conduction,hot_surface,575.0,9.583333,309.590853092904,270.0,340.0,457.2258365506076,0.0,0.0,0.0,0.0,0.0,457.2258365506076,302.11187242648384,0.0,0.0,0.0,0.0,0.0,302.11187242648384
conduction,hot_surface,580.0,9.666667,309.6632558236352,270.0,340.0,456.1372036064398,0.0,0.0,0.0,0.0,0.0,456.1372036064398,304.39255844451606,0.0,0.0,0.0,0.0,0.0,304.39255844451606
conduction,hot_surface,585.0,9.75,309.73548616691227,270.0,340.0,455.05116264547183,0.0,0.0,0.0,0.0,0.0,455.05116264547183,306.66781425774343,0.0,0.0,0.0,0.0,0.0,306.66781425774343
conduction,hot_surface,590.0,9.833333,309.8075445331815,270.0,340.0,453.967707496316,0.0,0.0,0.0,0.0,0.0,453.967707496316,308.93765279522495,0.0,0.0,0.0,0.0,0.0,308.93765279522495
conduction,hot_surface,595.0,9.916667,309.87943133191203,270.0,340.0,452.8868320022775,0.0,0.0,0.0,0.0,0.0,452.8868320022775,311.2020869552364,0.0,0.0,0.0,0.0,0.0,311.2020869552364
conduction,hot_surface,600.0,10.0,309.95114697159795,270.0,340.0,451.80853002131954,0.0,0.0,0.0,0.0,0.0,451.80853002131954,313.461129605343,0.0,0.0,0.0,0.0,0.0,313.461129605343
conduction,hot_surface,605.0,10.083333,310.0226918597608,270.0,340.0,450.73279542603075,0.0,0.0,0.0,0.0,0.0,450.73279542603075,315.71479358247313,0.0,0.0,0.0,0.0,0.0,315.71479358247313
conduction,hot_surface,610.0,10.166667,310.09406640295185,270.0,340.0,449.6596221035878,0.0,0.0,0.0,0.0,0.0,449.6596221035878,317.9630916929911,0.0,0.0,0.0,0.0,0.0,317.9630916929911
conduction,hot_surface,615.0,10.25,310.1652710067543,270.0,340.0,448.5890039557222,0.0,0.0,0.0,0.0,0.0,448.5890039557222,320.20603671276973,0.0,0.0,0.0,0.0,0.0,320.20603671276973
conduction,hot_surface,620.0,10.333333,310.2363060757859,270.0,340.0,447.52093489868514,0.0,0.0,0.0,0.0,0.0,447.52093489868514,322.44364138726314,0.0,0.0,0.0,0.0,0.0,322.44364138726314
conduction,hot_surface,625.0,10.416667,310.30717201370067,270.0,340.0,446.45540886321186,0.0,0.0,0.0,0.0,0.0,446.45540886321186,324.6759184315792,0.0,0.0,0.0,0.0,0.0,324.6759184315792
conduction,hot_surface,630.0,10.5,310.37786922319185,270.0,340.0,445.39241979449,0.0,0.0,0.0,0.0,0.0,445.39241979449,326.90288053055167,0.0,0.0,0.0,0.0,0.0,326.90288053055167
conduction,hot_surface,635.0,10.583333,310.44839810599376,270.0,340.0,444.33196165212223,0.0,0.0,0.0,0.0,0.0,444.33196165212223,329.12454033881227,0.0,0.0,0.0,0.0,0.0,329.12454033881227
conduction,hot_surface,640.0,10.666667,310.51875906288427,270.0,340.0,443.2740284100936,0.0,0.0,0.0,0.0,0.0,443.2740284100936,331.34091048086276,0.0,0.0,0.0,0.0,0.0,331.34091048086276
conduction,hot_surface,645.0,10.75,310.5889524936869,270.0,340.0,442.21861405673593,0.0,0.0,0.0,0.0,0.0,442.21861405673593,333.55200355114647,0.0,0.0,0.0,0.0,0.0,333.55200355114647
conduction,hot_surface,650.0,10.833333,310.6589787972734,270.0,340.0,441.16571259469623,0.0,0.0,0.0,0.0,0.0,441.16571259469623,335.75783211411994,0.0,0.0,0.0,0.0,0.0,335.75783211411994
conduction,hot_surface,655.0,10.916667,310.7288383715656,270.0,340.0,440.1153180408991,0.0,0.0,0.0,0.0,0.0,440.1153180408991,337.9584087043244,0.0,0.0,0.0,0.0,0.0,337.9584087043244
conduction,hot_surface,660.0,11.0,310.79853161353805,270.0,340.0,439.0674244265162,0.0,0.0,0.0,0.0,0.0,439.0674244265162,340.15374582645705,0.0,0.0,0.0,0.0,0.0,340.15374582645705
conduction,hot_surface,665.0,11.083333,310.8680589192201,270.0,340.0,438.0220257969293,0.0,0.0,0.0,0.0,0.0,438.0220257969293,342.3438559554417,0.0,0.0,0.0,0.0,0.0,342.3438559554417
conduction,hot_surface,670.0,11.166667,310.9374206836982,270.0,340.0,436.9791162116982,0.0,0.0,0.0,0.0,0.0,436.9791162116982,344.52875153650024,0.0,0.0,0.0,0.0,0.0,344.52875153650024
conduction,hot_surface,675.0,11.25,311.00661730111796,270.0,340.0,435.9386897445273,0.0,0.0,0.0,0.0,0.0,435.9386897445273,346.7084449852229,0.0,0.0,0.0,0.0,0.0,346.7084449852229
conduction,hot_surface,680.0,11.333333,311.0756491646867,270.0,340.0,434.90074048323066,0.0,0.0,0.0,0.0,0.0,434.90074048323066,348.88294868763904,0.0,0.0,0.0,0.0,0.0,348.88294868763904
conduction,hot_surface,685.0,11.416667,311.14451666667554,270.0,340.0,433.8652625296996,0.0,0.0,0.0,0.0,0.0,433.8652625296996,351.0522750002875,0.0,0.0,0.0,0.0,0.0,351.0522750002875
conduction,hot_surface,690.0,11.5,311.21322019842154,270.0,340.0,432.83224999986686,0.0,0.0,0.0,0.0,0.0,432.83224999986686,353.2164362502868,0.0,0.0,0.0,0.0,0.0,353.2164362502868
conduction,hot_surface,695.0,11.583333,311.28176015033006,270.0,340.0,431.8016970236769,0.0,0.0,0.0,0.0,0.0,431.8016970236769,355.3754447354052,0.0,0.0,0.0,0.0,0.0,355.3754447354052
conduction,hot_surface,700.0,11.666667,311.3501369118769,270.0,340.0,430.77359774504913,0.0,0.0,0.0,0.0,0.0,430.77359774504913,357.5293127241305,0.0,0.0,0.0,0.0,0.0,357.5293127241305
conduction,hot_surface,705.0,11.75,311.4183508716105,270.0,340.0,429.74794632184626,0.0,0.0,0.0,0.0,0.0,429.74794632184626,359.6780524557397,0.0,0.0,0.0,0.0,0.0,359.6780524557397
conduction,hot_surface,710.0,11.833333,311.4864024171543,270.0,340.0,428.7247369258421,0.0,0.0,0.0,0.0,0.0,428.7247369258421,361.82167614036894,0.0,0.0,0.0,0.0,0.0,361.82167614036894
conduction,hot_surface,715.0,11.916667,311.5542919352087,270.0,340.0,427.7039637426856,0.0,0.0,0.0,0.0,0.0,427.7039637426856,363.96019595908234,0.0,0.0,0.0,0.0,0.0,363.96019595908234
conduction,hot_surface,720.0,12.0,311.62201981155346,270.0,340.0,426.68562097186935,0.0,0.0,0.0,0.0,0.0,426.68562097186935,366.0936240639417,0.0,0.0,0.0,0.0,0.0,366.0936240639417
conduction,hot_surface,725.0,12.083333,311.68958643104975,270.0,340.0,425.66970282669814,0.0,0.0,0.0,0.0,0.0,425.66970282669814,368.22197257807517,0.0,0.0,0.0,0.0,0.0,368.22197257807517
conduction,hot_surface,730.0,12.166667,311.7569921776425,270.0,340.0,424.6562035342538,0.0,0.0,0.0,0.0,0.0,424.6562035342538,370.3452535957465,0.0,0.0,0.0,0.0,0.0,370.3452535957465
conduction,hot_surface,735.0,12.25,311.8242374343624,270.0,340.0,423.6451173353629,0.0,0.0,0.0,0.0,0.0,423.6451173353629,372.46347918242327,0.0,0.0,0.0,0.0,0.0,372.46347918242327
conduction,hot_surface,740.0,12.333333,311.8913225833282,270.0,340.0,422.6364384845644,0.0,0.0,0.0,0.0,0.0,422.6364384845644,374.5766613748461,0.0,0.0,0.0,0.0,0.0,374.5766613748461
conduction,hot_surface,745.0,12.416667,311.9582480057488,270.0,340.0,421.63016125007715,0.0,0.0,0.0,0.0,0.0,421.63016125007715,376.68481218109645,0.0,0.0,0.0,0.0,0.0,376.68481218109645
conduction,hot_surface,750.0,12.5,312.02501408192563,270.0,340.0,420.6262799137676,0.0,0.0,0.0,0.0,0.0,420.6262799137676,378.7879435806653,0.0,0.0,0.0,0.0,0.0,378.7879435806653
conduction,hot_surface,755.0,12.583333,312.0916211912544,270.0,340.0,419.6247887711155,0.0,0.0,0.0,0.0,0.0,419.6247887711155,380.88606752452085,0.0,0.0,0.0,0.0,0.0,380.88606752452085
conduction,hot_surface,760.0,12.666667,312.1580697122276,270.0,340.0,418.62568213118436,0.0,0.0,0.0,0.0,0.0,418.62568213118436,382.9791959351768,0.0,0.0,0.0,0.0,0.0,382.9791959351768
conduction,hot_surface,765.0,12.75,312.22436002243654,270.0,340.0,417.6289543165862,0.0,0.0,0.0,0.0,0.0,417.6289543165862,385.0673407067597,0.0,0.0,0.0,0.0,0.0,385.0673407067597
conduction,hot_surface,770.0,12.833333,312.2904924985736,270.0,340.0,416.63459966345187,0.0,0.0,0.0,0.0,0.0,416.63459966345187,387.150513705077,0.0,0.0,0.0,0.0,0.0,387.150513705077
conduction,hot_surface,775.0,12.916667,312.3564675164341,270.0,340.0,415.642612521396,0.0,0.0,0.0,0.0,0.0,415.642612521396,389.228726767684,0.0,0.0,0.0,0.0,0.0,389.228726767684
conduction,hot_surface,780.0,13.0,312.4222854509188,270.0,340.0,414.65298725348816,0.0,0.0,0.0,0.0,0.0,414.65298725348816,391.30199170395144,0.0,0.0,0.0,0.0,0.0,391.30199170395144
conduction,hot_surface,785.0,13.083333,312.4879466760357,270.0,340.0,413.6657182362177,0.0,0.0,0.0,0.0,0.0,413.6657182362177,393.3703202951325,0.0,0.0,0.0,0.0,0.0,393.3703202951325
conduction,hot_surface,790.0,13.166667,312.5534515649023,270.0,340.0,412.68079985946486,0.0,0.0,0.0,0.0,0.0,412.68079985946486,395.4337242944298,0.0,0.0,0.0,0.0,0.0,395.4337242944298
conduction,hot_surface,795.0,13.25,312.61880048974774,270.0,340.0,411.6982265264659,0.0,0.0,0.0,0.0,0.0,411.6982265264659,397.49221542706215,0.0,0.0,0.0,0.0,0.0,397.49221542706215
conduction,hot_surface,800.0,13.333333,312.683993821915,270.0,340.0,410.7179926537839,0.0,0.0,0.0,0.0,0.0,410.7179926537839,399.545805390331,0.0,0.0,0.0,0.0,0.0,399.545805390331
conduction,hot_surface,805.0,13.416667,312.7490319318628,270.0,340.0,409.74009267127485,0.0,0.0,0.0,0.0,0.0,409.74009267127485,401.5945058536874,0.0,0.0,0.0,0.0,0.0,401.5945058536874
conduction,hot_surface,810.0,13.5,312.8139151891679,270.0,340.0,408.76452102205775,0.0,0.0,0.0,0.0,0.0,408.76452102205775,403.63832845879773,0.0,0.0,0.0,0.0,0.0,403.63832845879773
conduction,hot_surface,815.0,13.583333,312.87864396252706,270.0,340.0,407.7912721624813,0.0,0.0,0.0,0.0,0.0,407.7912721624813,405.6772848196101,0.0,0.0,0.0,0.0,0.0,405.6772848196101
conduction,hot_surface,820.0,13.666667,312.94321861975914,270.0,340.0,406.82034056209403,0.0,0.0,0.0,0.0,0.0,406.82034056209403,407.71138652242064,0.0,0.0,0.0,0.0,0.0,407.71138652242064
conduction,hot_surface,825.0,13.75,313.0076395278073,270.0,340.0,405.85172070361295,0.0,0.0,0.0,0.0,0.0,405.85172070361295,409.74064512593867,0.0,0.0,0.0,0.0,0.0,409.74064512593867
conduction,hot_surface,830.0,13.833333,313.0719070527411,270.0,340.0,404.8854070828901,0.0,0.0,0.0,0.0,0.0,404.8854070828901,411.76507216135315,0.0,0.0,0.0,0.0,0.0,411.76507216135315
conduction,hot_surface,835.0,13.916667,313.1360215597584,270.0,340.0,403.92139420888356,0.0,0.0,0.0,0.0,0.0,403.92139420888356,413.78467913239757,0.0,0.0,0.0,0.0,0.0,413.78467913239757
conduction,hot_surface,840.0,14.0,313.1999834131875,270.0,340.0,402.95967660362436,0.0,0.0,0.0,0.0,0.0,402.95967660362436,415.7994775154157,0.0,0.0,0.0,0.0,0.0,415.7994775154157
conduction,hot_surface,845.0,14.083333,313.26379297648947,270.0,340.0,402.00024880218734,0.0,0.0,0.0,0.0,0.0,402.00024880218734,417.8094787594266,0.0,0.0,0.0,0.0,0.0,417.8094787594266
conduction,hot_surface,850.0,14.166667,313.3274506122597,270.0,340.0,401.04310535265796,0.0,0.0,0.0,0.0,0.0,401.04310535265796,419.81469428618993,0.0,0.0,0.0,0.0,0.0,419.81469428618993
conduction,hot_surface,855.0,14.25,313.3909566822305,270.0,340.0,400.08824081610413,0.0,0.0,0.0,0.0,0.0,400.08824081610413,421.81513549027045,0.0,0.0,0.0,0.0,0.0,421.81513549027045
conduction,hot_surface,860.0,14.333333,313.4543115472728,270.0,340.0,399.13564976654214,0.0,0.0,0.0,0.0,0.0,399.13564976654214,423.81081373910314,0.0,0.0,0.0,0.0,0.0,423.81081373910314
conduction,hot_surface,865.0,14.416667,313.5175155673984,270.0,340.0,398.18532679090765,0.0,0.0,0.0,0.0,0.0,398.18532679090765,425.80174037305767,0.0,0.0,0.0,0.0,0.0,425.80174037305767
conduction,hot_surface,870.0,14.5,313.58056910176174,270.0,340.0,397.23726648902414,0.0,0.0,0.0,0.0,0.0,397.23726648902414,427.7879267055028,0.0,0.0,0.0,0.0,0.0,427.7879267055028
conduction,hot_surface,875.0,14.583333,313.6434725086623,270.0,340.0,396.2914634735739,0.0,0.0,0.0,0.0,0.0,396.2914634735739,429.76938402287067,0.0,0.0,0.0,0.0,0.0,429.76938402287067
conduction,hot_surface,880.0,14.666667,313.7062261455464,270.0,340.0,395.3479123700657,0.0,0.0,0.0,0.0,0.0,395.3479123700657,431.746123584721,0.0,0.0,0.0,0.0,0.0,431.746123584721
conduction,hot_surface,885.0,14.75,313.7688303690094,270.0,340.0,394.40660781680407,0.0,0.0,0.0,0.0,0.0,394.40660781680407,433.718156623805,0.0,0.0,0.0,0.0,0.0,433.718156623805
conduction,hot_surface,890.0,14.833333,313.8312855347975,270.0,340.0,393.4675444648593,0.0,0.0,0.0,0.0,0.0,393.4675444648593,435.6854943461293,0.0,0.0,0.0,0.0,0.0,435.6854943461293
conduction,hot_surface,895.0,14.916667,313.89359199780984,270.0,340.0,392.5307169780379,0.0,0.0,0.0,0.0,0.0,392.5307169780379,437.6481479310195,0.0,0.0,0.0,0.0,0.0,437.6481479310195
conduction,hot_surface,900.0,15.0,313.95575011210076,270.0,340.0,391.59612003285247,0.0,0.0,0.0,0.0,0.0,391.59612003285247,439.60612853118374,0.0,0.0,0.0,0.0,0.0,439.60612853118374
conduction,hot_surface,905.0,15.083333,314.0177602308815,270.0,340.0,390.6637483184886,0.0,0.0,0.0,0.0,0.0,390.6637483184886,441.5594472727762,0.0,0.0,0.0,0.0,0.0,441.5594472727762
conduction,hot_surface,910.0,15.166667,314.07962270652223,270.0,340.0,389.7335965367776,0.0,0.0,0.0,0.0,0.0,389.7335965367776,443.5081152554601,0.0,0.0,0.0,0.0,0.0,443.5081152554601
conduction,hot_surface,915.0,15.25,314.1413378905543,270.0,340.0,388.80565940216655,0.0,0.0,0.0,0.0,0.0,388.80565940216655,445.4521435524709,0.0,0.0,0.0,0.0,0.0,445.4521435524709
conduction,hot_surface,920.0,15.333333,314.20290613367206,270.0,340.0,387.8799316416851,0.0,0.0,0.0,0.0,0.0,387.8799316416851,447.3915432106793,0.0,0.0,0.0,0.0,0.0,447.3915432106793
conduction,hot_surface,925.0,15.416667,314.26432778573474,270.0,340.0,386.9564079949191,0.0,0.0,0.0,0.0,0.0,386.9564079949191,449.3263252506539,0.0,0.0,0.0,0.0,0.0,449.3263252506539
conduction,hot_surface,930.0,15.5,314.3256031957687,270.0,340.0,386.03508321397896,0.0,0.0,0.0,0.0,0.0,386.03508321397896,451.2565006667238,0.0,0.0,0.0,0.0,0.0,451.2565006667238
conduction,hot_surface,935.0,15.583333,314.3867327119692,270.0,340.0,385.1159520634698,0.0,0.0,0.0,0.0,0.0,385.1159520634698,453.18208042704117,0.0,0.0,0.0,0.0,0.0,453.18208042704117
conduction,hot_surface,940.0,15.666667,314.4477166817026,270.0,340.0,384.19900932046176,0.0,0.0,0.0,0.0,0.0,384.19900932046176,455.1030754736435,0.0,0.0,0.0,0.0,0.0,455.1030754736435
conduction,hot_surface,945.0,15.75,314.5085554515081,270.0,340.0,383.28424977446076,0.0,0.0,0.0,0.0,0.0,383.28424977446076,457.0194967225158,0.0,0.0,0.0,0.0,0.0,457.0194967225158
conduction,hot_surface,950.0,15.833333,314.5692493670997,270.0,340.0,382.3716682273789,0.0,0.0,0.0,0.0,0.0,382.3716682273789,458.9313550636527,0.0,0.0,0.0,0.0,0.0,458.9313550636527
conduction,hot_surface,955.0,15.916667,314.6297987733685,270.0,340.0,381.4612594935045,0.0,0.0,0.0,0.0,0.0,381.4612594935045,460.83866136112016,0.0,0.0,0.0,0.0,0.0,460.83866136112016
conduction,hot_surface,960.0,16.0,314.69020401438434,270.0,340.0,380.5530183994722,0.0,0.0,0.0,0.0,0.0,380.5530183994722,462.7414264531175,0.0,0.0,0.0,0.0,0.0,462.7414264531175
conduction,hot_surface,965.0,16.083333,314.7504654333977,270.0,340.0,379.646939784235,0.0,0.0,0.0,0.0,0.0,379.646939784235,464.6396611520387,0.0,0.0,0.0,0.0,0.0,464.6396611520387
conduction,hot_surface,970.0,16.166667,314.810583372842,270.0,340.0,378.7430184990342,0.0,0.0,0.0,0.0,0.0,378.7430184990342,466.5333762445338,0.0,0.0,0.0,0.0,0.0,466.5333762445338
conduction,hot_surface,975.0,16.25,314.87055817433526,270.0,340.0,377.84124940736973,0.0,0.0,0.0,0.0,0.0,377.84124940736973,468.42258249157067,0.0,0.0,0.0,0.0,0.0,468.42258249157067
conduction,hot_surface,980.0,16.333333,314.9303901786821,270.0,340.0,376.9416273849711,0.0,0.0,0.0,0.0,0.0,376.9416273849711,470.30729062849554,0.0,0.0,0.0,0.0,0.0,470.30729062849554
conduction,hot_surface,985.0,16.416667,314.9900797258757,270.0,340.0,376.04414731976846,0.0,0.0,0.0,0.0,0.0,376.04414731976846,472.18751136509434,0.0,0.0,0.0,0.0,0.0,472.18751136509434
conduction,hot_surface,990.0,16.5,315.0496271550998,270.0,340.0,375.14880411186425,0.0,0.0,0.0,0.0,0.0,375.14880411186425,474.06325538565363,0.0,0.0,0.0,0.0,0.0,474.06325538565363
conduction,hot_surface,995.0,16.583333,315.10903280473053,270.0,340.0,374.2555926735028,0.0,0.0,0.0,0.0,0.0,374.2555926735028,475.93453334902114,0.0,0.0,0.0,0.0,0.0,475.93453334902114
conduction,hot_surface,1000.0,16.666667,315.1682970123383,270.0,340.0,373.364507929042,0.0,0.0,0.0,0.0,0.0,373.364507929042,477.80135588866636,0.0,0.0,0.0,0.0,0.0,477.80135588866636
conduction,hot_surface,1005.0,16.75,315.2274201146899,270.0,340.0,372.4755448149253,0.0,0.0,0.0,0.0,0.0,372.4755448149253,479.663733612741,0.0,0.0,0.0,0.0,0.0,479.663733612741
conduction,hot_surface,1010.0,16.833333,315.28640244775016,270.0,340.0,371.5886982796516,0.0,0.0,0.0,0.0,0.0,371.5886982796516,481.52167710413926,0.0,0.0,0.0,0.0,0.0,481.52167710413926
conduction,hot_surface,1015.0,16.916667,315.34524434668407,270.0,340.0,370.70396328374756,0.0,0.0,0.0,0.0,0.0,370.70396328374756,483.375196920558,0.0,0.0,0.0,0.0,0.0,483.375196920558
conduction,hot_surface,1020.0,17.0,315.40394614585864,270.0,340.0,369.82133479973896,0.0,0.0,0.0,0.0,0.0,369.82133479973896,485.2243035945567,0.0,0.0,0.0,0.0,0.0,485.2243035945567
conduction,hot_surface,1025.0,17.083333,315.4625081788447,270.0,340.0,368.9408078121204,0.0,0.0,0.0,0.0,0.0,368.9408078121204,487.06900763361733,0.0,0.0,0.0,0.0,0.0,487.06900763361733
conduction,hot_surface,1030.0,17.166667,315.52093077841886,270.0,340.0,368.0623773173295,0.0,0.0,0.0,0.0,0.0,368.0623773173295,488.90931952020395,0.0,0.0,0.0,0.0,0.0,488.90931952020395
conduction,hot_surface,1035.0,17.25,315.5792142765655,270.0,340.0,367.1860383237171,0.0,0.0,0.0,0.0,0.0,367.1860383237171,490.74524971182257,0.0,0.0,0.0,0.0,0.0,490.74524971182257
conduction,hot_surface,1040.0,17.333333,315.6373590044784,270.0,340.0,366.3117858515176,0.0,0.0,0.0,0.0,0.0,366.3117858515176,492.5768086410801,0.0,0.0,0.0,0.0,0.0,492.5768086410801
conduction,hot_surface,1045.0,17.416667,315.695365292563,270.0,340.0,365.4396149328238,0.0,0.0,0.0,0.0,0.0,365.4396149328238,494.40400671574423,0.0,0.0,0.0,0.0,0.0,494.40400671574423
conduction,hot_surface,1050.0,17.5,315.75323347043786,270.0,340.0,364.56952061155505,0.0,0.0,0.0,0.0,0.0,364.56952061155505,496.226854318802,0.0,0.0,0.0,0.0,0.0,496.226854318802
conduction,hot_surface,1055.0,17.583333,315.81096386693685,270.0,340.0,363.70149794343206,0.0,0.0,0.0,0.0,0.0,363.70149794343206,498.04536180851915,0.0,0.0,0.0,0.0,0.0,498.04536180851915
conduction,hot_surface,1060.0,17.666667,315.8685568101108,270.0,340.0,362.8355419959473,0.0,0.0,0.0,0.0,0.0,362.8355419959473,499.85953951849893,0.0,0.0,0.0,0.0,0.0,499.85953951849893
conduction,hot_surface,1065.0,17.75,315.9260126272296,270.0,340.0,361.97164784833774,0.0,0.0,0.0,0.0,0.0,361.97164784833774,501.6693977577406,0.0,0.0,0.0,0.0,0.0,501.6693977577406
conduction,hot_surface,1070.0,17.833333,315.98333164478385,270.0,340.0,361.10981059155563,0.0,0.0,0.0,0.0,0.0,361.10981059155563,503.47494681069844,0.0,0.0,0.0,0.0,0.0,503.47494681069844
conduction,hot_surface,1075.0,17.916667,316.0405141884867,270.0,340.0,360.2500253282423,0.0,0.0,0.0,0.0,0.0,360.2500253282423,505.2761969373396,0.0,0.0,0.0,0.0,0.0,505.2761969373396
conduction,hot_surface,1080.0,18.0,316.09756058327605,270.0,340.0,359.3922871726991,0.0,0.0,0.0,0.0,0.0,359.3922871726991,507.0731583732031,0.0,0.0,0.0,0.0,0.0,507.0731583732031
conduction,hot_surface,1085.0,18.083333,316.15447115331585,270.0,340.0,358.53659125085926,0.0,0.0,0.0,0.0,0.0,358.53659125085926,508.8658413294574,0.0,0.0,0.0,0.0,0.0,508.8658413294574
conduction,hot_surface,1090.0,18.166667,316.2112462219984,270.0,340.0,357.6829327002622,0.0,0.0,0.0,0.0,0.0,357.6829327002622,510.6542559929587,0.0,0.0,0.0,0.0,0.0,510.6542559929587
conduction,hot_surface,1095.0,18.25,316.26788611194604,270.0,340.0,356.8313066700239,0.0,0.0,0.0,0.0,0.0,356.8313066700239,512.4384125263089,0.0,0.0,0.0,0.0,0.0,512.4384125263089
conduction,hot_surface,1100.0,18.333333,316.32439114501284,270.0,340.0,355.9817083208094,0.0,0.0,0.0,0.0,0.0,355.9817083208094,514.2183210679129,0.0,0.0,0.0,0.0,0.0,514.2183210679129
conduction,hot_surface,1105.0,18.416667,316.38076164228664,270.0,340.0,355.1341328248074,0.0,0.0,0.0,0.0,0.0,355.1341328248074,515.9939917320369,0.0,0.0,0.0,0.0,0.0,515.9939917320369
conduction,hot_surface,1110.0,18.5,316.43699792409075,270.0,340.0,354.28857536570035,0.0,0.0,0.0,0.0,0.0,354.28857536570035,517.7654346088655,0.0,0.0,0.0,0.0,0.0,517.7654346088655
conduction,hot_surface,1115.0,18.583333,316.4931003099858,270.0,340.0,353.4450311386388,0.0,0.0,0.0,0.0,0.0,353.4450311386388,519.5326597645586,0.0,0.0,0.0,0.0,0.0,519.5326597645586
conduction,hot_surface,1120.0,18.666667,316.5490691187715,270.0,340.0,352.60349535021334,0.0,0.0,0.0,0.0,0.0,352.60349535021334,521.2956772413097,0.0,0.0,0.0,0.0,0.0,521.2956772413097
conduction,hot_surface,1125.0,18.75,316.6049046684887,270.0,340.0,351.7639632184273,0.0,0.0,0.0,0.0,0.0,351.7639632184273,523.0544970574018,0.0,0.0,0.0,0.0,0.0,523.0544970574018
conduction,hot_surface,1130.0,18.833333,316.6606072764209,270.0,340.0,350.9264299726695,0.0,0.0,0.0,0.0,0.0,350.9264299726695,524.8091292072651,0.0,0.0,0.0,0.0,0.0,524.8091292072651
conduction,hot_surface,1135.0,18.916667,316.71617725909607,270.0,340.0,350.09089085368686,0.0,0.0,0.0,0.0,0.0,350.09089085368686,526.5595836615336,0.0,0.0,0.0,0.0,0.0,526.5595836615336
conduction,hot_surface,1140.0,19.0,316.7716149322887,270.0,340.0,349.25734111355894,0.0,0.0,0.0,0.0,0.0,349.25734111355894,528.3058703671014,0.0,0.0,0.0,0.0,0.0,528.3058703671014
conduction,hot_surface,1145.0,19.083333,316.8269206110213,270.0,340.0,348.4257760156697,0.0,0.0,0.0,0.0,0.0,348.4257760156697,530.0479992471797,0.0,0.0,0.0,0.0,0.0,530.0479992471797
conduction,hot_surface,1150.0,19.166667,316.8820946095665,270.0,340.0,347.5961908346804,0.0,0.0,0.0,0.0,0.0,347.5961908346804,531.7859802013531,0.0,0.0,0.0,0.0,0.0,531.7859802013531
conduction,hot_surface,1155.0,19.25,316.93713724144845,270.0,340.0,346.7685808565028,0.0,0.0,0.0,0.0,0.0,346.7685808565028,533.5198231056356,0.0,0.0,0.0,0.0,0.0,533.5198231056356
conduction,hot_surface,1160.0,19.333333,316.992048819445,270.0,340.0,345.9429413782732,0.0,0.0,0.0,0.0,0.0,345.9429413782732,535.2495378125269,0.0,0.0,0.0,0.0,0.0,535.2495378125269
conduction,hot_surface,1165.0,19.416667,317.0468296555892,270.0,340.0,345.11926770832474,0.0,0.0,0.0,0.0,0.0,345.11926770832474,536.9751341510685,0.0,0.0,0.0,0.0,0.0,536.9751341510685
conduction,hot_surface,1170.0,19.5,317.1014800611711,270.0,340.0,344.2975551661621,0.0,0.0,0.0,0.0,0.0,344.2975551661621,538.6966219268993,0.0,0.0,0.0,0.0,0.0,538.6966219268993
conduction,hot_surface,1175.0,19.583333,317.15600034673975,270.0,340.0,343.47779908243325,0.0,0.0,0.0,0.0,0.0,343.47779908243325,540.4140109223115,0.0,0.0,0.0,0.0,0.0,540.4140109223115
conduction,hot_surface,1180.0,19.666667,317.21039082210467,270.0,340.0,342.6599947989038,0.0,0.0,0.0,0.0,0.0,342.6599947989038,542.127310896306,0.0,0.0,0.0,0.0,0.0,542.127310896306
conduction,hot_surface,1185.0,19.75,317.2646517963378,270.0,340.0,341.84413766842994,0.0,0.0,0.0,0.0,0.0,341.84413766842994,543.836531584648,0.0,0.0,0.0,0.0,0.0,543.836531584648
conduction,hot_surface,1190.0,19.833333,317.31878357777504,270.0,340.0,341.0302230549334,0.0,0.0,0.0,0.0,0.0,341.0302230549334,545.5416826999227,0.0,0.0,0.0,0.0,0.0,545.5416826999227
conduction,hot_surface,1195.0,19.916667,317.3727864740184,270.0,340.0,340.21824633337445,0.0,0.0,0.0,0.0,0.0,340.21824633337445,547.2427739315896,0.0,0.0,0.0,0.0,0.0,547.2427739315896
conduction,hot_surface,1200.0,20.0,317.4266607919374,270.0,340.0,339.4082028897236,0.0,0.0,0.0,0.0,0.0,339.4082028897236,548.9398149460382,0.0,0.0,0.0,0.0,0.0,548.9398149460382
conduction,hot_surface,1205.0,20.083333,317.4804068376709,270.0,340.0,338.60008812093866,0.0,0.0,0.0,0.0,0.0,338.60008812093866,550.6328153866428,0.0,0.0,0.0,0.0,0.0,550.6328153866428
conduction,hot_surface,1210.0,20.166667,317.5340249166288,270.0,340.0,337.7938974349365,0.0,0.0,0.0,0.0,0.0,337.7938974349365,552.3217848738175,0.0,0.0,0.0,0.0,0.0,552.3217848738175
conduction,hot_surface,1215.0,20.25,317.58751533349397,270.0,340.0,336.98962625056765,0.0,0.0,0.0,0.0,0.0,336.98962625056765,554.0067330050704,0.0,0.0,0.0,0.0,0.0,554.0067330050704
conduction,hot_surface,1220.0,20.333333,317.6408783922237,270.0,340.0,336.1872699975905,0.0,0.0,0.0,0.0,0.0,336.1872699975905,555.6876693550583,0.0,0.0,0.0,0.0,0.0,555.6876693550583
conduction,hot_surface,1225.0,20.416667,317.69411439605176,270.0,340.0,335.3868241166441,0.0,0.0,0.0,0.0,0.0,335.3868241166441,557.3646034756416,0.0,0.0,0.0,0.0,0.0,557.3646034756416
conduction,hot_surface,1230.0,20.5,317.7472236474897,270.0,340.0,334.5882840592236,0.0,0.0,0.0,0.0,0.0,334.5882840592236,559.0375448959377,0.0,0.0,0.0,0.0,0.0,559.0375448959377
conduction,hot_surface,1235.0,20.583333,317.800206448329,270.0,340.0,333.79164528765443,0.0,0.0,0.0,0.0,0.0,333.79164528765443,560.7065031223759,0.0,0.0,0.0,0.0,0.0,560.7065031223759
conduction,hot_surface,1240.0,20.666667,317.8530630996425,270.0,340.0,332.9969032750651,0.0,0.0,0.0,0.0,0.0,332.9969032750651,562.3714876387513,0.0,0.0,0.0,0.0,0.0,562.3714876387513
conduction,hot_surface,1245.0,20.75,317.9057939017862,270.0,340.0,332.20405350536254,0.0,0.0,0.0,0.0,0.0,332.20405350536254,564.0325079062782,0.0,0.0,0.0,0.0,0.0,564.0325079062782
conduction,hot_surface,1250.0,20.833333,317.958399154401,270.0,340.0,331.41309147320726,0.0,0.0,0.0,0.0,0.0,331.41309147320726,565.6895733636442,0.0,0.0,0.0,0.0,0.0,565.6895733636442
conduction,hot_surface,1255.0,20.916667,318.0108791564143,270.0,340.0,330.6240126839853,0.0,0.0,0.0,0.0,0.0,330.6240126839853,567.3426934270641,0.0,0.0,0.0,0.0,0.0,567.3426934270641
conduction,hot_surface,1260.0,21.0,318.0632342060419,270.0,340.0,329.8368126537852,0.0,0.0,0.0,0.0,0.0,329.8368126537852,568.9918774903331,0.0,0.0,0.0,0.0,0.0,568.9918774903331
conduction,hot_surface,1265.0,21.083333,318.11546460078944,270.0,340.0,329.05148690937153,0.0,0.0,0.0,0.0,0.0,329.05148690937153,570.6371349248799,0.0,0.0,0.0,0.0,0.0,570.6371349248799
conduction,hot_surface,1270.0,21.166667,318.1675706374542,270.0,340.0,328.26803098815844,0.0,0.0,0.0,0.0,0.0,328.26803098815844,572.2784750798207,0.0,0.0,0.0,0.0,0.0,572.2784750798207
conduction,hot_surface,1275.0,21.25,318.21955261212696,270.0,340.0,327.4864404381867,0.0,0.0,0.0,0.0,0.0,327.4864404381867,573.9159072820117,0.0,0.0,0.0,0.0,0.0,573.9159072820117
conduction,hot_surface,1280.0,21.333333,318.27141082019335,270.0,340.0,326.7067108180956,0.0,0.0,0.0,0.0,0.0,326.7067108180956,575.5494408361022,0.0,0.0,0.0,0.0,0.0,575.5494408361022
conduction,hot_surface,1285.0,21.416667,318.32314555633576,270.0,340.0,325.9288376970997,0.0,0.0,0.0,0.0,0.0,325.9288376970997,577.1790850245877,0.0,0.0,0.0,0.0,0.0,577.1790850245877
conduction,hot_surface,1290.0,21.5,318.374757114535,270.0,340.0,325.1528166549636,0.0,0.0,0.0,0.0,0.0,325.1528166549636,578.8048491078625,0.0,0.0,0.0,0.0,0.0,578.8048491078625
conduction,hot_surface,1295.0,21.583333,318.4262457880718,270.0,340.0,324.3786432819752,0.0,0.0,0.0,0.0,0.0,324.3786432819752,580.4267423242724,0.0,0.0,0.0,0.0,0.0,580.4267423242724
conduction,hot_surface,1300.0,21.666667,318.4776118695288,270.0,340.0,323.60631317892285,0.0,0.0,0.0,0.0,0.0,323.60631317892285,582.044773890167,0.0,0.0,0.0,0.0,0.0,582.044773890167
conduction,hot_surface,1305.0,21.75,318.52885565079185,270.0,340.0,322.835821957068,0.0,0.0,0.0,0.0,0.0,322.835821957068,583.6589529999524,0.0,0.0,0.0,0.0,0.0,583.6589529999524
conduction,hot_surface,1310.0,21.833333,318.5799774230519,270.0,340.0,322.0671652381222,0.0,0.0,0.0,0.0,0.0,322.0671652381222,585.269288826143,0.0,0.0,0.0,0.0,0.0,585.269288826143
conduction,hot_surface,1315.0,21.916667,318.63097747680655,270.0,340.0,321.3003386542215,0.0,0.0,0.0,0.0,0.0,321.3003386542215,586.8757905194141,0.0,0.0,0.0,0.0,0.0,586.8757905194141
conduction,hot_surface,1320.0,22.0,318.6818561018618,270.0,340.0,320.53533784790176,0.0,0.0,0.0,0.0,0.0,320.53533784790176,588.4784672086536,0.0,0.0,0.0,0.0,0.0,588.4784672086536
conduction,hot_surface,1325.0,22.083333,318.73261358733356,270.0,340.0,319.77215847207304,0.0,0.0,0.0,0.0,0.0,319.77215847207304,590.0773280010139,0.0,0.0,0.0,0.0,0.0,590.0773280010139
conduction,hot_surface,1330.0,22.166667,318.78325022164944,270.0,340.0,319.0107961899966,0.0,0.0,0.0,0.0,0.0,319.0107961899966,591.672381981964,0.0,0.0,0.0,0.0,0.0,591.672381981964
conduction,hot_surface,1335.0,22.25,318.83376629255025,270.0,340.0,318.2512466752584,0.0,0.0,0.0,0.0,0.0,318.2512466752584,593.2636382153403,0.0,0.0,0.0,0.0,0.0,593.2636382153403
conduction,hot_surface,1340.0,22.333333,318.8841620870918,270.0,340.0,317.49350561174623,0.0,0.0,0.0,0.0,0.0,317.49350561174623,594.851105743399,0.0,0.0,0.0,0.0,0.0,594.851105743399
conduction,hot_surface,1345.0,22.416667,318.9344378916463,270.0,340.0,316.7375686936231,0.0,0.0,0.0,0.0,0.0,316.7375686936231,596.4347935868672,0.0,0.0,0.0,0.0,0.0,596.4347935868672
conduction,hot_surface,1350.0,22.5,318.9845939919043,270.0,340.0,315.9834316253051,0.0,0.0,0.0,0.0,0.0,315.9834316253051,598.0147107449936,0.0,0.0,0.0,0.0,0.0,598.0147107449936
conduction,hot_surface,1355.0,22.583333,319.03463067287595,270.0,340.0,315.2310901214352,0.0,0.0,0.0,0.0,0.0,315.2310901214352,599.5908661956008,0.0,0.0,0.0,0.0,0.0,599.5908661956008
conduction,hot_surface,1360.0,22.666667,319.0845482188929,270.0,340.0,314.48053990686077,0.0,0.0,0.0,0.0,0.0,314.48053990686077,601.1632688951352,0.0,0.0,0.0,0.0,0.0,601.1632688951352
conduction,hot_surface,1365.0,22.75,319.1343469136098,270.0,340.0,313.7317767166064,0.0,0.0,0.0,0.0,0.0,313.7317767166064,602.7319277787182,0.0,0.0,0.0,0.0,0.0,602.7319277787182
conduction,hot_surface,1370.0,22.833333,319.18402704000596,270.0,340.0,312.98479629585273,0.0,0.0,0.0,0.0,0.0,312.98479629585273,604.2968517601975,0.0,0.0,0.0,0.0,0.0,604.2968517601975
conduction,hot_surface,1375.0,22.916667,319.2335888803869,270.0,340.0,312.23959439991063,0.0,0.0,0.0,0.0,0.0,312.23959439991063,605.858049732197,0.0,0.0,0.0,0.0,0.0,605.858049732197
conduction,hot_surface,1380.0,23.0,319.28303271638595,270.0,340.0,311.49616679419665,0.0,0.0,0.0,0.0,0.0,311.49616679419665,607.415530566168,0.0,0.0,0.0,0.0,0.0,607.415530566168
conduction,hot_surface,1385.0,23.083333,319.332358828966,270.0,340.0,310.7545092542108,0.0,0.0,0.0,0.0,0.0,310.7545092542108,608.969303112439,0.0,0.0,0.0,0.0,0.0,608.969303112439
conduction,hot_surface,1390.0,23.166667,319.38156749842085,270.0,340.0,310.0146175655101,0.0,0.0,0.0,0.0,0.0,310.0146175655101,610.5193762002665,0.0,0.0,0.0,0.0,0.0,610.5193762002665
conduction,hot_surface,1395.0,23.25,319.430659004377,270.0,340.0,309.27648752368725,0.0,0.0,0.0,0.0,0.0,309.27648752368725,612.065758637885,0.0,0.0,0.0,0.0,0.0,612.065758637885
conduction,hot_surface,1400.0,23.333333,319.47963362579515,270.0,340.0,308.5401149343451,0.0,0.0,0.0,0.0,0.0,308.5401149343451,613.6084592125567,0.0,0.0,0.0,0.0,0.0,613.6084592125567
conduction,hot_surface,1405.0,23.416667,319.5284916409718,270.0,340.0,307.8054956130728,0.0,0.0,0.0,0.0,0.0,307.8054956130728,615.147486690622,0.0,0.0,0.0,0.0,0.0,615.147486690622
conduction,hot_surface,1410.0,23.5,319.5772333275409,270.0,340.0,307.07262538542267,0.0,0.0,0.0,0.0,0.0,307.07262538542267,616.6828498175491,0.0,0.0,0.0,0.0,0.0,616.6828498175491
conduction,hot_surface,1415.0,23.583333,319.6258589624753,270.0,340.0,306.34150008688636,0.0,0.0,0.0,0.0,0.0,306.34150008688636,618.2145573179836,0.0,0.0,0.0,0.0,0.0,618.2145573179836
conduction,hot_surface,1420.0,23.666667,319.67436882208847,270.0,340.0,305.6121155628702,0.0,0.0,0.0,0.0,0.0,305.6121155628702,619.7426178957979,0.0,0.0,0.0,0.0,0.0,619.7426178957979
conduction,hot_surface,1425.0,23.75,319.72276318203586,270.0,340.0,304.884467668673,0.0,0.0,0.0,0.0,0.0,304.884467668673,621.2670402341413,0.0,0.0,0.0,0.0,0.0,621.2670402341413
conduction,hot_surface,1430.0,23.833333,319.77104231731676,270.0,340.0,304.15855226946206,0.0,0.0,0.0,0.0,0.0,304.15855226946206,622.7878329954885,0.0,0.0,0.0,0.0,0.0,622.7878329954885
conduction,hot_surface,1435.0,23.916667,319.8192065022755,270.0,340.0,303.43436524024867,0.0,0.0,0.0,0.0,0.0,303.43436524024867,624.3050048216897,0.0,0.0,0.0,0.0,0.0,624.3050048216897
conduction,hot_surface,1440.0,24.0,319.8672560106034,270.0,340.0,302.7119024658674,0.0,0.0,0.0,0.0,0.0,302.7119024658674,625.8185643340191,0.0,0.0,0.0,0.0,0.0,625.8185643340191
conduction,hot_surface,1445.0,24.083333,319.91519111534006,270.0,340.0,301.991159840949,0.0,0.0,0.0,0.0,0.0,301.991159840949,627.3285201332238,0.0,0.0,0.0,0.0,0.0,627.3285201332238
conduction,hot_surface,1450.0,24.166667,319.96301208887496,270.0,340.0,301.27213326989903,0.0,0.0,0.0,0.0,0.0,301.27213326989903,628.8348807995734,0.0,0.0,0.0,0.0,0.0,628.8348807995734
conduction,hot_surface,1455.0,24.25,320.0107192029491,270.0,340.0,300.5548186668756,0.0,0.0,0.0,0.0,0.0,300.5548186668756,630.3376548929077,0.0,0.0,0.0,0.0,0.0,630.3376548929077
conduction,hot_surface,1460.0,24.333333,320.05831272865635,270.0,340.0,299.83921195576386,0.0,0.0,0.0,0.0,0.0,299.83921195576386,631.8368509526865,0.0,0.0,0.0,0.0,0.0,631.8368509526865
conduction,hot_surface,1465.0,24.416667,320.10579293644525,270.0,340.0,299.1253090701548,0.0,0.0,0.0,0.0,0.0,299.1253090701548,633.3324774980373,0.0,0.0,0.0,0.0,0.0,633.3324774980373
conduction,hot_surface,1470.0,24.5,320.15316009612036,270.0,340.0,298.4131059533212,0.0,0.0,0.0,0.0,0.0,298.4131059533212,634.8245430278039,0.0,0.0,0.0,0.0,0.0,634.8245430278039
conduction,hot_surface,1475.0,24.583333,320.2004144768439,270.0,340.0,297.7025985581946,0.0,0.0,0.0,0.0,0.0,297.7025985581946,636.3130560205949,0.0,0.0,0.0,0.0,0.0,636.3130560205949
conduction,hot_surface,1480.0,24.666667,320.2475563471371,270.0,340.0,296.99378284734166,0.0,0.0,0.0,0.0,0.0,296.99378284734166,637.7980249348317,0.0,0.0,0.0,0.0,0.0,637.7980249348317
conduction,hot_surface,1485.0,24.75,320.294585974882,270.0,340.0,296.2866547929434,0.0,0.0,0.0,0.0,0.0,296.2866547929434,639.2794582087963,0.0,0.0,0.0,0.0,0.0,639.2794582087963
conduction,hot_surface,1490.0,24.833333,320.34150362732277,270.0,340.0,295.58121037676983,0.0,0.0,0.0,0.0,0.0,295.58121037676983,640.7573642606801,0.0,0.0,0.0,0.0,0.0,640.7573642606801
conduction,hot_surface,1495.0,24.916667,320.3883095710672,270.0,340.0,294.8774455901585,0.0,0.0,0.0,0.0,0.0,294.8774455901585,642.2317514886311,0.0,0.0,0.0,0.0,0.0,642.2317514886311
conduction,hot_surface,1500.0,25.0,320.4350040720885,270.0,340.0,294.1753564339916,0.0,0.0,0.0,0.0,0.0,294.1753564339916,643.7026282708009,0.0,0.0,0.0,0.0,0.0,643.7026282708009
conduction,hot_surface,1505.0,25.083333,320.48158739572636,270.0,340.0,293.4749389186729,0.0,0.0,0.0,0.0,0.0,293.4749389186729,645.1700029653942,0.0,0.0,0.0,0.0,0.0,645.1700029653942
conduction,hot_surface,1510.0,25.166667,320.52805980668893,270.0,340.0,292.7761890641045,0.0,0.0,0.0,0.0,0.0,292.7761890641045,646.6338839107148,0.0,0.0,0.0,0.0,0.0,646.6338839107148
conduction,hot_surface,1515.0,25.25,320.574421569054,270.0,340.0,292.07910289966605,0.0,0.0,0.0,0.0,0.0,292.07910289966605,648.0942794252131,0.0,0.0,0.0,0.0,0.0,648.0942794252131
conduction,hot_surface,1520.0,25.333333,320.62067294627053,270.0,340.0,291.3836764641903,0.0,0.0,0.0,0.0,0.0,291.3836764641903,649.551197807534,0.0,0.0,0.0,0.0,0.0,649.551197807534
conduction,hot_surface,1525.0,25.416667,320.6668142011604,270.0,340.0,290.68990580594203,0.0,0.0,0.0,0.0,0.0,290.68990580594203,651.0046473365637,0.0,0.0,0.0,0.0,0.0,651.0046473365637
conduction,hot_surface,1530.0,25.5,320.71284559591953,270.0,340.0,289.99778698259433,0.0,0.0,0.0,0.0,0.0,289.99778698259433,652.4546362714766,0.0,0.0,0.0,0.0,0.0,652.4546362714766
conduction,hot_surface,1535.0,25.583333,320.75876739211975,270.0,340.0,289.307316061207,0.0,0.0,0.0,0.0,0.0,289.307316061207,653.9011728517827,0.0,0.0,0.0,0.0,0.0,653.9011728517827
conduction,hot_surface,1540.0,25.666667,320.80457985070996,270.0,340.0,288.61848911820374,0.0,0.0,0.0,0.0,0.0,288.61848911820374,655.3442652973737,0.0,0.0,0.0,0.0,0.0,655.3442652973737
conduction,hot_surface,1545.0,25.75,320.8502832320178,270.0,340.0,287.93130223935066,0.0,0.0,0.0,0.0,0.0,287.93130223935066,656.7839218085704,0.0,0.0,0.0,0.0,0.0,656.7839218085704
conduction,hot_surface,1550.0,25.833333,320.89587779575106,270.0,340.0,287.2457515197334,0.0,0.0,0.0,0.0,0.0,287.2457515197334,658.2201505661691,0.0,0.0,0.0,0.0,0.0,658.2201505661691
conduction,hot_surface,1555.0,25.916667,320.9413638009993,270.0,340.0,286.56183306373407,0.0,0.0,0.0,0.0,0.0,286.56183306373407,659.6529597314877,0.0,0.0,0.0,0.0,0.0,659.6529597314877
conduction,hot_surface,1560.0,26.0,320.986741506235,270.0,340.0,285.87954298501074,0.0,0.0,0.0,0.0,0.0,285.87954298501074,661.0823574464126,0.0,0.0,0.0,0.0,0.0,661.0823574464126
conduction,hot_surface,1565.0,26.083333,321.03201116931535,270.0,340.0,285.19887740647533,0.0,0.0,0.0,0.0,0.0,285.19887740647533,662.508351833445,0.0,0.0,0.0,0.0,0.0,662.508351833445
conduction,hot_surface,1570.0,26.166667,321.07717304748365,270.0,340.0,284.5198324602697,0.0,0.0,0.0,0.0,0.0,284.5198324602697,663.9309509957465,0.0,0.0,0.0,0.0,0.0,663.9309509957465
conduction,hot_surface,1575.0,26.25,321.1222273973706,270.0,340.0,283.8424042877452,0.0,0.0,0.0,0.0,0.0,283.8424042877452,665.3501630171852,0.0,0.0,0.0,0.0,0.0,665.3501630171852
conduction,hot_surface,1580.0,26.333333,321.1671744749959,270.0,340.0,283.1665890394413,0.0,0.0,0.0,0.0,0.0,283.1665890394413,666.7659959623824,0.0,0.0,0.0,0.0,0.0,666.7659959623824
conduction,hot_surface,1585.0,26.416667,321.2120145357697,270.0,340.0,282.4923828750619,0.0,0.0,0.0,0.0,0.0,282.4923828750619,668.1784578767578,0.0,0.0,0.0,0.0,0.0,668.1784578767578
conduction,hot_surface,1590.0,26.5,321.25674783449404,270.0,340.0,281.81978196345455,0.0,0.0,0.0,0.0,0.0,281.81978196345455,669.587556786575,0.0,0.0,0.0,0.0,0.0,669.587556786575
conduction,hot_surface,1595.0,26.583333,321.3013746253643,270.0,340.0,281.14878248258947,0.0,0.0,0.0,0.0,0.0,281.14878248258947,670.9933006989879,0.0,0.0,0.0,0.0,0.0,670.9933006989879
conduction,hot_surface,1600.0,26.666667,321.3458951619706,270.0,340.0,280.47938061953545,0.0,0.0,0.0,0.0,0.0,280.47938061953545,672.3956976020855,0.0,0.0,0.0,0.0,0.0,672.3956976020855
conduction,hot_surface,1605.0,26.75,321.39030969729924,270.0,340.0,279.8115725704412,0.0,0.0,0.0,0.0,0.0,279.8115725704412,673.7947554649378,0.0,0.0,0.0,0.0,0.0,673.7947554649378
conduction,hot_surface,1610.0,26.833333,321.43461848373425,270.0,340.0,279.14535454051133,0.0,0.0,0.0,0.0,0.0,279.14535454051133,675.1904822376403,0.0,0.0,0.0,0.0,0.0,675.1904822376403
conduction,hot_surface,1615.0,26.916667,321.4788217730587,270.0,340.0,278.4807227439862,0.0,0.0,0.0,0.0,0.0,278.4807227439862,676.5828858513603,0.0,0.0,0.0,0.0,0.0,676.5828858513603
conduction,hot_surface,1620.0,27.0,321.5229198164562,270.0,340.0,277.8176734041193,0.0,0.0,0.0,0.0,0.0,277.8176734041193,677.9719742183809,0.0,0.0,0.0,0.0,0.0,677.9719742183809
conduction,hot_surface,1625.0,27.083333,321.56691286451223,270.0,340.0,277.1562027531573,0.0,0.0,0.0,0.0,0.0,277.1562027531573,679.3577552321467,0.0,0.0,0.0,0.0,0.0,679.3577552321467
conduction,hot_surface,1630.0,27.166667,321.61080116721575,270.0,340.0,276.4963070323165,0.0,0.0,0.0,0.0,0.0,276.4963070323165,680.7402367673084,0.0,0.0,0.0,0.0,0.0,680.7402367673084
conduction,hot_surface,1635.0,27.25,321.6545849739605,270.0,340.0,275.8379824917637,0.0,0.0,0.0,0.0,0.0,275.8379824917637,682.1194266797671,0.0,0.0,0.0,0.0,0.0,682.1194266797671
conduction,hot_surface,1640.0,27.333333,321.6982645335463,270.0,340.0,275.1812253905928,0.0,0.0,0.0,0.0,0.0,275.1812253905928,683.4953328067201,0.0,0.0,0.0,0.0,0.0,683.4953328067201
conduction,hot_surface,1645.0,27.416667,321.7418400941807,270.0,340.0,274.5260319968054,0.0,0.0,0.0,0.0,0.0,274.5260319968054,684.867962966704,0.0,0.0,0.0,0.0,0.0,684.867962966704
conduction,hot_surface,1650.0,27.5,321.78531190348025,270.0,340.0,273.87239858728947,0.0,0.0,0.0,0.0,0.0,273.87239858728947,686.2373249596405,0.0,0.0,0.0,0.0,0.0,686.2373249596405
conduction,hot_surface,1655.0,27.583333,321.82868020847195,270.0,340.0,273.22032144779627,0.0,0.0,0.0,0.0,0.0,273.22032144779627,687.6034265668795,0.0,0.0,0.0,0.0,0.0,687.6034265668795
conduction,hot_surface,1660.0,27.666667,321.87194525559465,270.0,340.0,272.56979687292073,0.0,0.0,0.0,0.0,0.0,272.56979687292073,688.9662755512442,0.0,0.0,0.0,0.0,0.0,688.9662755512442
conduction,hot_surface,1665.0,27.75,321.9151072907004,270.0,340.0,271.9208211660802,0.0,0.0,0.0,0.0,0.0,271.9208211660802,690.3258796570746,0.0,0.0,0.0,0.0,0.0,690.3258796570746
conduction,hot_surface,1670.0,27.833333,321.9581665590559,270.0,340.0,271.2733906394939,0.0,0.0,0.0,0.0,0.0,271.2733906394939,691.682246610272,0.0,0.0,0.0,0.0,0.0,691.682246610272
conduction,hot_surface,1675.0,27.916667,322.00112330534387,270.0,340.0,270.62750161416176,0.0,0.0,0.0,0.0,0.0,270.62750161416176,693.0353841183429,0.0,0.0,0.0,0.0,0.0,693.0353841183429
conduction,hot_surface,1680.0,28.0,322.0439777736645,270.0,340.0,269.983150419842,0.0,0.0,0.0,0.0,0.0,269.983150419842,694.3852998704422,0.0,0.0,0.0,0.0,0.0,694.3852998704422
conduction,hot_surface,1685.0,28.083333,322.08673020753673,270.0,340.0,269.3403333950326,0.0,0.0,0.0,0.0,0.0,269.3403333950326,695.7320015374173,0.0,0.0,0.0,0.0,0.0,695.7320015374173
conduction,hot_surface,1690.0,28.166667,322.12938084989975,270.0,340.0,268.699046886949,0.0,0.0,0.0,0.0,0.0,268.699046886949,697.075496771852,0.0,0.0,0.0,0.0,0.0,697.075496771852
conduction,hot_surface,1695.0,28.25,322.17192994311426,270.0,340.0,268.0592872515038,0.0,0.0,0.0,0.0,0.0,268.0592872515038,698.4157932081096,0.0,0.0,0.0,0.0,0.0,698.4157932081096
conduction,hot_surface,1700.0,28.333333,322.214377728964,270.0,340.0,267.42105085328603,0.0,0.0,0.0,0.0,0.0,267.42105085328603,699.7528984623759,0.0,0.0,0.0,0.0,0.0,699.7528984623759
conduction,hot_surface,1705.0,28.416667,322.25672444865694,270.0,340.0,266.78433406554007,0.0,0.0,0.0,0.0,0.0,266.78433406554007,701.0868201327037,0.0,0.0,0.0,0.0,0.0,701.0868201327037
conduction,hot_surface,1710.0,28.5,322.2989703428268,270.0,340.0,266.1491332701459,0.0,0.0,0.0,0.0,0.0,266.1491332701459,702.4175657990544,0.0,0.0,0.0,0.0,0.0,702.4175657990544
conduction,hot_surface,1715.0,28.583333,322.3411156515344,270.0,340.0,265.5154448575979,0.0,0.0,0.0,0.0,0.0,265.5154448575979,703.7451430233424,0.0,0.0,0.0,0.0,0.0,703.7451430233424
conduction,hot_surface,1720.0,28.666667,322.38316061426883,270.0,340.0,264.8832652269843,0.0,0.0,0.0,0.0,0.0,264.8832652269843,705.0695593494773,0.0,0.0,0.0,0.0,0.0,705.0695593494773
conduction,hot_surface,1725.0,28.75,322.42510546994913,270.0,340.0,264.2525907859675,0.0,0.0,0.0,0.0,0.0,264.2525907859675,706.3908223034072,0.0,0.0,0.0,0.0,0.0,706.3908223034072
conduction,hot_surface,1730.0,28.833333,322.4669504569254,270.0,340.0,263.62341795076304,0.0,0.0,0.0,0.0,0.0,263.62341795076304,707.708939393161,0.0,0.0,0.0,0.0,0.0,707.708939393161
conduction,hot_surface,1735.0,28.916667,322.50869581298036,270.0,340.0,262.99574314611874,0.0,0.0,0.0,0.0,0.0,262.99574314611874,709.0239181088916,0.0,0.0,0.0,0.0,0.0,709.0239181088916
conduction,hot_surface,1740.0,29.0,322.5503417753304,270.0,340.0,262.36956280529455,0.0,0.0,0.0,0.0,0.0,262.36956280529455,710.3357659229181,0.0,0.0,0.0,0.0,0.0,710.3357659229181
conduction,hot_surface,1745.0,29.083333,322.59188858062726,270.0,340.0,261.74487337004365,0.0,0.0,0.0,0.0,0.0,261.74487337004365,711.6444902897683,0.0,0.0,0.0,0.0,0.0,711.6444902897683
conduction,hot_surface,1750.0,29.166667,322.6333364649591,270.0,340.0,261.12167129059117,0.0,0.0,0.0,0.0,0.0,261.12167129059117,712.9500986462214,0.0,0.0,0.0,0.0,0.0,712.9500986462214
conduction,hot_surface,1755.0,29.25,322.674685663852,270.0,340.0,260.4999530256137,0.0,0.0,0.0,0.0,0.0,260.4999530256137,714.2525984113494,0.0,0.0,0.0,0.0,0.0,714.2525984113494
conduction,hot_surface,1760.0,29.333333,322.7159364122714,270.0,340.0,259.87971504221974,0.0,0.0,0.0,0.0,0.0,259.87971504221974,715.5519969865604,0.0,0.0,0.0,0.0,0.0,715.5519969865604
conduction,hot_surface,1765.0,29.416667,322.75708894462315,270.0,340.0,259.26095381592916,0.0,0.0,0.0,0.0,0.0,259.26095381592916,716.84830175564,0.0,0.0,0.0,0.0,0.0,716.84830175564
conduction,hot_surface,1770.0,29.5,322.798143494755,270.0,340.0,258.64366583065276,0.0,0.0,0.0,0.0,0.0,258.64366583065276,718.1415200847933,0.0,0.0,0.0,0.0,0.0,718.1415200847933
conduction,hot_surface,1775.0,29.583333,322.83910029595796,270.0,340.0,258.0278475786753,0.0,0.0,0.0,0.0,0.0,258.0278475786753,719.4316593226868,0.0,0.0,0.0,0.0,0.0,719.4316593226868
conduction,hot_surface,1780.0,29.666667,322.8799595809676,270.0,340.0,257.41349556063057,0.0,0.0,0.0,0.0,0.0,257.41349556063057,720.7187268004898,0.0,0.0,0.0,0.0,0.0,720.7187268004898
conduction,hot_surface,1785.0,29.75,322.92072158196527,270.0,340.0,256.8006062854863,0.0,0.0,0.0,0.0,0.0,256.8006062854863,722.0027298319172,0.0,0.0,0.0,0.0,0.0,722.0027298319172
conduction,hot_surface,1790.0,29.833333,322.96138653057966,270.0,340.0,256.189176270521,0.0,0.0,0.0,0.0,0.0,256.189176270521,723.2836757132699,0.0,0.0,0.0,0.0,0.0,723.2836757132699
conduction,hot_surface,1795.0,29.916667,323.0019546578878,270.0,340.0,255.5792020413051,0.0,0.0,0.0,0.0,0.0,255.5792020413051,724.5615717234764,0.0,0.0,0.0,0.0,0.0,724.5615717234764
conduction,hot_surface,1800.0,30.0,323.04242619441663,270.0,340.0,254.9706801316833,0.0,0.0,0.0,0.0,0.0,254.9706801316833,725.8364251241348,0.0,0.0,0.0,0.0,0.0,725.8364251241348
conduction,hot_surface,1805.0,30.083333,323.08280137014424,270.0,340.0,254.36360708375048,0.0,0.0,0.0,0.0,0.0,254.36360708375048,727.1082431595536,0.0,0.0,0.0,0.0,0.0,727.1082431595536
conduction,hot_surface,1810.0,30.166667,323.12308041450103,270.0,340.0,253.75797944783642,0.0,0.0,0.0,0.0,0.0,253.75797944783642,728.3770330567928,0.0,0.0,0.0,0.0,0.0,728.3770330567928
conduction,hot_surface,1815.0,30.25,323.16326355637125,270.0,340.0,253.1537937824845,0.0,0.0,0.0,0.0,0.0,253.1537937824845,729.6428020257052,0.0,0.0,0.0,0.0,0.0,729.6428020257052
conduction,hot_surface,1820.0,30.333333,323.20335102409416,270.0,340.0,252.55104665443127,0.0,0.0,0.0,0.0,0.0,252.55104665443127,730.9055572589774,0.0,0.0,0.0,0.0,0.0,730.9055572589774
conduction,hot_surface,1825.0,30.416667,323.24334304546534,270.0,340.0,251.94973463858759,0.0,0.0,0.0,0.0,0.0,251.94973463858759,732.1653059321703,0.0,0.0,0.0,0.0,0.0,732.1653059321703
conduction,hot_surface,1830.0,30.5,323.28323984773806,270.0,340.0,251.34985431801994,0.0,0.0,0.0,0.0,0.0,251.34985431801994,733.4220552037605,0.0,0.0,0.0,0.0,0.0,733.4220552037605
conduction,hot_surface,1835.0,30.583333,323.3230416576244,270.0,340.0,250.7514022839291,0.0,0.0,0.0,0.0,0.0,250.7514022839291,734.6758122151801,0.0,0.0,0.0,0.0,0.0,734.6758122151801
conduction,hot_surface,1840.0,30.666667,323.3627487012967,270.0,340.0,250.15437513563398,0.0,0.0,0.0,0.0,0.0,250.15437513563398,735.9265840908583,0.0,0.0,0.0,0.0,0.0,735.9265840908583
conduction,hot_surface,1845.0,30.75,323.40236120438885,270.0,340.0,249.55876948054936,0.0,0.0,0.0,0.0,0.0,249.55876948054936,737.1743779382612,0.0,0.0,0.0,0.0,0.0,737.1743779382612
conduction,hot_surface,1850.0,30.833333,323.4418793919975,270.0,340.0,248.9645819341672,0.0,0.0,0.0,0.0,0.0,248.9645819341672,738.4192008479321,0.0,0.0,0.0,0.0,0.0,738.4192008479321
conduction,hot_surface,1855.0,30.916667,323.4813034886832,270.0,340.0,248.37180912003788,0.0,0.0,0.0,0.0,0.0,248.37180912003788,739.6610598935322,0.0,0.0,0.0,0.0,0.0,739.6610598935322
conduction,hot_surface,1860.0,31.0,323.520633718472,270.0,340.0,247.78044766975228,0.0,0.0,0.0,0.0,0.0,247.78044766975228,740.8999621318809,0.0,0.0,0.0,0.0,0.0,740.8999621318809
conduction,hot_surface,1865.0,31.083333,323.55987030485664,270.0,340.0,247.1904942229196,0.0,0.0,0.0,0.0,0.0,247.1904942229196,742.1359146029955,0.0,0.0,0.0,0.0,0.0,742.1359146029955
conduction,hot_surface,1870.0,31.166667,323.59901347079744,270.0,340.0,246.60194542715033,0.0,0.0,0.0,0.0,0.0,246.60194542715033,743.3689243301312,0.0,0.0,0.0,0.0,0.0,743.3689243301312
conduction,hot_surface,1875.0,31.25,323.63806343872415,270.0,340.0,246.01479793803833,0.0,0.0,0.0,0.0,0.0,246.01479793803833,744.5989983198215,0.0,0.0,0.0,0.0,0.0,744.5989983198215
conduction,hot_surface,1880.0,31.333333,323.6770204305367,270.0,340.0,245.4290484191378,0.0,0.0,0.0,0.0,0.0,245.4290484191378,745.8261435619171,0.0,0.0,0.0,0.0,0.0,745.8261435619171
conduction,hot_surface,1885.0,31.416667,323.7158846676068,270.0,340.0,244.8446935419497,0.0,0.0,0.0,0.0,0.0,244.8446935419497,747.0503670296268,0.0,0.0,0.0,0.0,0.0,747.0503670296268
conduction,hot_surface,1890.0,31.5,323.7546563707792,270.0,340.0,244.26172998589777,0.0,0.0,0.0,0.0,0.0,244.26172998589777,748.2716756795563,0.0,0.0,0.0,0.0,0.0,748.2716756795563
conduction,hot_surface,1895.0,31.583333,323.79333576037254,270.0,340.0,243.6801544383124,0.0,0.0,0.0,0.0,0.0,243.6801544383124,749.4900764517479,0.0,0.0,0.0,0.0,0.0,749.4900764517479
conduction,hot_surface,1900.0,31.666667,323.83192305618115,270.0,340.0,243.09996359441186,0.0,0.0,0.0,0.0,0.0,243.09996359441186,750.7055762697199,0.0,0.0,0.0,0.0,0.0,750.7055762697199
conduction,hot_surface,1905.0,31.75,323.87041847747594,270.0,340.0,242.5211541572827,0.0,0.0,0.0,0.0,0.0,242.5211541572827,751.9181820405064,0.0,0.0,0.0,0.0,0.0,751.9181820405064
conduction,hot_surface,1910.0,31.833333,323.9088222430058,270.0,340.0,241.94372283786095,0.0,0.0,0.0,0.0,0.0,241.94372283786095,753.1279006546957,0.0,0.0,0.0,0.0,0.0,753.1279006546957
conduction,hot_surface,1915.0,31.916667,323.9471345709986,270.0,340.0,241.3676663549134,0.0,0.0,0.0,0.0,0.0,241.3676663549134,754.3347389864703,0.0,0.0,0.0,0.0,0.0,754.3347389864703
conduction,hot_surface,1920.0,32.0,323.9853556791629,270.0,340.0,240.79298143502058,0.0,0.0,0.0,0.0,0.0,240.79298143502058,755.5387038936453,0.0,0.0,0.0,0.0,0.0,755.5387038936453
conduction,hot_surface,1925.0,32.083333,324.0234857846887,270.0,340.0,240.21966481255618,0.0,0.0,0.0,0.0,0.0,240.21966481255618,756.7398022177081,0.0,0.0,0.0,0.0,0.0,756.7398022177081
conduction,hot_surface,1930.0,32.166667,324.061525104249,270.0,340.0,239.64771322966925,0.0,0.0,0.0,0.0,0.0,239.64771322966925,757.9380407838564,0.0,0.0,0.0,0.0,0.0,757.9380407838564
conduction,hot_surface,1935.0,32.25,324.09947385400073,270.0,340.0,239.07712343626542,0.0,0.0,0.0,0.0,0.0,239.07712343626542,759.1334264010377,0.0,0.0,0.0,0.0,0.0,759.1334264010377
conduction,hot_surface,1940.0,32.333333,324.13733224958645,270.0,340.0,238.50789218998898,0.0,0.0,0.0,0.0,0.0,238.50789218998898,760.3259658619877,0.0,0.0,0.0,0.0,0.0,760.3259658619877
conduction,hot_surface,1945.0,32.416667,324.17510050613504,270.0,340.0,237.94001625620325,0.0,0.0,0.0,0.0,0.0,237.94001625620325,761.5156659432687,0.0,0.0,0.0,0.0,0.0,761.5156659432687
conduction,hot_surface,1950.0,32.5,324.21277883826326,270.0,340.0,237.37349240797442,0.0,0.0,0.0,0.0,0.0,237.37349240797442,762.7025334053086,0.0,0.0,0.0,0.0,0.0,762.7025334053086
conduction,hot_surface,1955.0,32.583333,324.2503674600769,270.0,340.0,236.80831742605108,0.0,0.0,0.0,0.0,0.0,236.80831742605108,763.8865749924389,0.0,0.0,0.0,0.0,0.0,763.8865749924389
conduction,hot_surface,1960.0,32.666667,324.28786658517197,270.0,340.0,236.24448809884626,0.0,0.0,0.0,0.0,0.0,236.24448809884626,765.0677974329332,0.0,0.0,0.0,0.0,0.0,765.0677974329332
conduction,hot_surface,1965.0,32.75,324.32527642663587,270.0,340.0,235.68200122242047,0.0,0.0,0.0,0.0,0.0,235.68200122242047,766.2462074390452,0.0,0.0,0.0,0.0,0.0,766.2462074390452
conduction,hot_surface,1970.0,32.833333,324.3625971970486,270.0,340.0,235.120853600462,0.0,0.0,0.0,0.0,0.0,235.120853600462,767.4218117070475,0.0,0.0,0.0,0.0,0.0,767.4218117070475
conduction,hot_surface,1975.0,32.916667,324.3998291084842,270.0,340.0,234.56104204427078,0.0,0.0,0.0,0.0,0.0,234.56104204427078,768.5946169172688,0.0,0.0,0.0,0.0,0.0,768.5946169172688
conduction,hot_surface,1980.0,33.0,324.4369723725116,270.0,340.0,234.00256337273703,0.0,0.0,0.0,0.0,0.0,234.00256337273703,769.7646297341325,0.0,0.0,0.0,0.0,0.0,769.7646297341325
conduction,hot_surface,1985.0,33.083333,324.4740272001961,270.0,340.0,233.44541441232593,0.0,0.0,0.0,0.0,0.0,233.44541441232593,770.9318568061942,0.0,0.0,0.0,0.0,0.0,770.9318568061942
conduction,hot_surface,1990.0,33.166667,324.51099380210036,270.0,340.0,232.88959199705886,0.0,0.0,0.0,0.0,0.0,232.88959199705886,772.0963047661795,0.0,0.0,0.0,0.0,0.0,772.0963047661795
conduction,hot_surface,1995.0,33.25,324.54787238828584,270.0,340.0,232.33509296849462,0.0,0.0,0.0,0.0,0.0,232.33509296849462,773.257980231022,0.0,0.0,0.0,0.0,0.0,773.257980231022
conduction,hot_surface,2000.0,33.333333,324.58466316831374,270.0,340.0,231.78191417571242,0.0,0.0,0.0,0.0,0.0,231.78191417571242,774.4168898019007,0.0,0.0,0.0,0.0,0.0,774.4168898019007
conduction,hot_surface,2005.0,33.416667,324.6213663512463,270.0,340.0,231.23005247529392,0.0,0.0,0.0,0.0,0.0,231.23005247529392,775.5730400642772,0.0,0.0,0.0,0.0,0.0,775.5730400642772
conduction,hot_surface,2010.0,33.5,324.6579821456481,270.0,340.0,230.67950473130537,0.0,0.0,0.0,0.0,0.0,230.67950473130537,776.7264375879336,0.0,0.0,0.0,0.0,0.0,776.7264375879336
conduction,hot_surface,2015.0,33.583333,324.694510759587,270.0,340.0,230.13026781527884,0.0,0.0,0.0,0.0,0.0,230.13026781527884,777.8770889270099,0.0,0.0,0.0,0.0,0.0,777.8770889270099
conduction,hot_surface,2020.0,33.666667,324.7309524006356,270.0,340.0,229.58233860619515,0.0,0.0,0.0,0.0,0.0,229.58233860619515,779.0250006200409,0.0,0.0,0.0,0.0,0.0,779.0250006200409
conduction,hot_surface,2025.0,33.75,324.76730727587216,270.0,340.0,229.03571399046598,0.0,0.0,0.0,0.0,0.0,229.03571399046598,780.1701791899933,0.0,0.0,0.0,0.0,0.0,780.1701791899933
conduction,hot_surface,2030.0,33.833333,324.803575591882,270.0,340.0,228.49039086191766,0.0,0.0,0.0,0.0,0.0,228.49039086191766,781.3126311443029,0.0,0.0,0.0,0.0,0.0,781.3126311443029
conduction,hot_surface,2035.0,33.916667,324.8397575547585,270.0,340.0,227.94636612176987,0.0,0.0,0.0,0.0,0.0,227.94636612176987,782.4523629749117,0.0,0.0,0.0,0.0,0.0,782.4523629749117
conduction,hot_surface,2040.0,34.0,324.87585337010427,270.0,340.0,227.40363667862283,0.0,0.0,0.0,0.0,0.0,227.40363667862283,783.5893811583048,0.0,0.0,0.0,0.0,0.0,783.5893811583048
conduction,hot_surface,2045.0,34.083333,324.9118632430326,270.0,340.0,226.862199448436,0.0,0.0,0.0,0.0,0.0,226.862199448436,784.723692155547,0.0,0.0,0.0,0.0,0.0,784.723692155547
conduction,hot_surface,2050.0,34.166667,324.94778737816824,270.0,340.0,226.32205135451102,0.0,0.0,0.0,0.0,0.0,226.32205135451102,785.8553024123197,0.0,0.0,0.0,0.0,0.0,785.8553024123197
conduction,hot_surface,2055.0,34.25,324.9836259796488,270.0,340.0,225.78318932747635,0.0,0.0,0.0,0.0,0.0,225.78318932747635,786.984218358957,0.0,0.0,0.0,0.0,0.0,786.984218358957
conduction,hot_surface,2060.0,34.333333,325.0193792511258,270.0,340.0,225.2456103052677,0.0,0.0,0.0,0.0,0.0,225.2456103052677,788.1104464104834,0.0,0.0,0.0,0.0,0.0,788.1104464104834
conduction,hot_surface,2065.0,34.416667,325.055047395766,270.0,340.0,224.7093112331126,0.0,0.0,0.0,0.0,0.0,224.7093112331126,789.233992966649,0.0,0.0,0.0,0.0,0.0,789.233992966649
conduction,hot_surface,2070.0,34.5,325.09063061625227,270.0,340.0,224.17428906351006,0.0,0.0,0.0,0.0,0.0,224.17428906351006,790.3548644119666,0.0,0.0,0.0,0.0,0.0,790.3548644119666
conduction,hot_surface,2075.0,34.583333,325.126129114785,270.0,340.0,223.64054075621596,0.0,0.0,0.0,0.0,0.0,223.64054075621596,791.4730671157477,0.0,0.0,0.0,0.0,0.0,791.4730671157477
conduction,hot_surface,2080.0,34.666667,325.16154309308314,270.0,340.0,223.1080632782252,0.0,0.0,0.0,0.0,0.0,223.1080632782252,792.5886074321387,0.0,0.0,0.0,0.0,0.0,792.5886074321387
conduction,hot_surface,2085.0,34.75,325.19687275238533,270.0,340.0,222.5768536037529,0.0,0.0,0.0,0.0,0.0,222.5768536037529,793.7014917001575,0.0,0.0,0.0,0.0,0.0,793.7014917001575
conduction,hot_surface,2090.0,34.833333,325.2321182934511,270.0,340.0,222.04690871422002,0.0,0.0,0.0,0.0,0.0,222.04690871422002,794.8117262437287,0.0,0.0,0.0,0.0,0.0,794.8117262437287
conduction,hot_surface,2095.0,34.916667,325.2672799165619,270.0,340.0,221.51822559823358,0.0,0.0,0.0,0.0,0.0,221.51822559823358,795.9193173717199,0.0,0.0,0.0,0.0,0.0,795.9193173717199
conduction,hot_surface,2100.0,35.0,325.3023578215225,270.0,340.0,220.99080125157144,0.0,0.0,0.0,0.0,0.0,220.99080125157144,797.0242713779777,0.0,0.0,0.0,0.0,0.0,797.0242713779777
conduction,hot_surface,2105.0,35.083333,325.33735220766175,270.0,340.0,220.46463267716263,0.0,0.0,0.0,0.0,0.0,220.46463267716263,798.1265945413635,0.0,0.0,0.0,0.0,0.0,798.1265945413635
conduction,hot_surface,2110.0,35.166667,325.372263273834,270.0,340.0,219.93971688507372,0.0,0.0,0.0,0.0,0.0,219.93971688507372,799.226293125789,0.0,0.0,0.0,0.0,0.0,799.226293125789
conduction,hot_surface,2115.0,35.25,325.4070912184201,270.0,340.0,219.4160508924901,0.0,0.0,0.0,0.0,0.0,219.4160508924901,800.3233733802514,0.0,0.0,0.0,0.0,0.0,800.3233733802514
conduction,hot_surface,2120.0,35.333333,325.4418362393286,270.0,340.0,218.89363172369883,0.0,0.0,0.0,0.0,0.0,218.89363172369883,801.4178415388699,0.0,0.0,0.0,0.0,0.0,801.4178415388699
conduction,hot_surface,2125.0,35.416667,325.47649853399685,270.0,340.0,218.37245641007087,0.0,0.0,0.0,0.0,0.0,218.37245641007087,802.5097038209202,0.0,0.0,0.0,0.0,0.0,802.5097038209202
conduction,hot_surface,2130.0,35.5,325.51107829939207,270.0,340.0,217.8525219900473,0.0,0.0,0.0,0.0,0.0,217.8525219900473,803.5989664308705,0.0,0.0,0.0,0.0,0.0,803.5989664308705
conduction,hot_surface,2135.0,35.583333,325.54557573201254,270.0,340.0,217.33382550911898,0.0,0.0,0.0,0.0,0.0,217.33382550911898,804.685635558416,0.0,0.0,0.0,0.0,0.0,804.685635558416
conduction,hot_surface,2140.0,35.666667,325.5799910278887,270.0,340.0,216.81636401981194,0.0,0.0,0.0,0.0,0.0,216.81636401981194,805.769717378515,0.0,0.0,0.0,0.0,0.0,805.769717378515
conduction,hot_surface,2145.0,35.75,325.6143243825842,270.0,340.0,216.30013458166957,0.0,0.0,0.0,0.0,0.0,216.30013458166957,806.8512180514234,0.0,0.0,0.0,0.0,0.0,806.8512180514234
conduction,hot_surface,2150.0,35.833333,325.6485759911971,270.0,340.0,215.7851342612372,0.0,0.0,0.0,0.0,0.0,215.7851342612372,807.9301437227297,0.0,0.0,0.0,0.0,0.0,807.9301437227297
conduction,hot_surface,2155.0,35.916667,325.6827460483609,270.0,340.0,215.2713601320434,0.0,0.0,0.0,0.0,0.0,215.2713601320434,809.00650052339,0.0,0.0,0.0,0.0,0.0,809.00650052339
conduction,hot_surface,2160.0,36.0,325.7168347482458,270.0,340.0,214.75880927458633,0.0,0.0,0.0,0.0,0.0,214.75880927458633,810.0802945697628,0.0,0.0,0.0,0.0,0.0,810.0802945697628
conduction,hot_surface,2165.0,36.083333,325.7508422845595,270.0,340.0,214.2474787763132,0.0,0.0,0.0,0.0,0.0,214.2474787763132,811.1515319636443,0.0,0.0,0.0,0.0,0.0,811.1515319636443
conduction,hot_surface,2170.0,36.166667,325.78476885054863,270.0,340.0,213.73736573160755,0.0,0.0,0.0,0.0,0.0,213.73736573160755,812.2202187923023,0.0,0.0,0.0,0.0,0.0,812.2202187923023
conduction,hot_surface,2175.0,36.25,325.8186146389997,270.0,340.0,213.22846724177055,0.0,0.0,0.0,0.0,0.0,213.22846724177055,813.2863611285111,0.0,0.0,0.0,0.0,0.0,813.2863611285111
conduction,hot_surface,2180.0,36.333333,325.85237984224017,270.0,340.0,212.72078041500464,0.0,0.0,0.0,0.0,0.0,212.72078041500464,814.3499650305861,0.0,0.0,0.0,0.0,0.0,814.3499650305861
conduction,hot_surface,2185.0,36.416667,325.8860646521396,270.0,340.0,212.21430236639748,0.0,0.0,0.0,0.0,0.0,212.21430236639748,815.4110365424181,0.0,0.0,0.0,0.0,0.0,815.4110365424181
conduction,hot_surface,2190.0,36.5,325.9196692601107,270.0,340.0,211.70903021790565,0.0,0.0,0.0,0.0,0.0,211.70903021790565,816.4695816935076,0.0,0.0,0.0,0.0,0.0,816.4695816935076
conduction,hot_surface,2195.0,36.583333,325.9531938571104,270.0,340.0,211.20496109833937,0.0,0.0,0.0,0.0,0.0,211.20496109833937,817.5256064989993,0.0,0.0,0.0,0.0,0.0,817.5256064989993
conduction,hot_surface,2200.0,36.666667,325.9866386336411,270.0,340.0,210.7020921433437,0.0,0.0,0.0,0.0,0.0,210.7020921433437,818.579116959716,0.0,0.0,0.0,0.0,0.0,818.579116959716
conduction,hot_surface,2205.0,36.75,326.0200037797515,270.0,340.0,210.20042049538318,0.0,0.0,0.0,0.0,0.0,210.20042049538318,819.6301190621929,0.0,0.0,0.0,0.0,0.0,819.6301190621929
conduction,hot_surface,2210.0,36.833333,326.0532894850378,270.0,340.0,209.69994330372742,0.0,0.0,0.0,0.0,0.0,209.69994330372742,820.6786187787116,0.0,0.0,0.0,0.0,0.0,820.6786187787116
conduction,hot_surface,2215.0,36.916667,326.0864959386449,270.0,340.0,209.20065772443309,0.0,0.0,0.0,0.0,0.0,209.20065772443309,821.7246220673337,0.0,0.0,0.0,0.0,0.0,821.7246220673337
conduction,hot_surface,2220.0,37.0,326.11962332926714,270.0,340.0,208.7025609203269,0.0,0.0,0.0,0.0,0.0,208.7025609203269,822.7681348719353,0.0,0.0,0.0,0.0,0.0,822.7681348719353
conduction,hot_surface,2225.0,37.083333,326.1526718451498,270.0,340.0,208.20565006099287,0.0,0.0,0.0,0.0,0.0,208.20565006099287,823.8091631222403,0.0,0.0,0.0,0.0,0.0,823.8091631222403
conduction,hot_surface,2230.0,37.166667,326.18564167408994,270.0,340.0,207.70992232275262,0.0,0.0,0.0,0.0,0.0,207.70992232275262,824.8477127338541,0.0,0.0,0.0,0.0,0.0,824.8477127338541
conduction,hot_surface,2235.0,37.25,326.21853300343736,270.0,340.0,207.21537488865096,0.0,0.0,0.0,0.0,0.0,207.21537488865096,825.8837896082973,0.0,0.0,0.0,0.0,0.0,825.8837896082973
conduction,hot_surface,2240.0,37.333333,326.25134602009587,270.0,340.0,206.72200494843963,0.0,0.0,0.0,0.0,0.0,206.72200494843963,826.9173996330395,0.0,0.0,0.0,0.0,0.0,826.9173996330395
conduction,hot_surface,2245.0,37.416667,326.2840809105242,270.0,340.0,206.229809698562,0.0,0.0,0.0,0.0,0.0,206.229809698562,827.9485486815323,0.0,0.0,0.0,0.0,0.0,827.9485486815323
conduction,hot_surface,2250.0,37.5,326.31673786073725,270.0,340.0,205.73878634213685,0.0,0.0,0.0,0.0,0.0,205.73878634213685,828.977242613243,0.0,0.0,0.0,0.0,0.0,828.977242613243
conduction,hot_surface,2255.0,37.583333,326.3493170563069,270.0,340.0,205.24893208894127,0.0,0.0,0.0,0.0,0.0,205.24893208894127,830.0034872736876,0.0,0.0,0.0,0.0,0.0,830.0034872736876
conduction,hot_surface,2260.0,37.666667,326.3818186823633,270.0,340.0,204.76024415539626,0.0,0.0,0.0,0.0,0.0,204.76024415539626,831.0272884944646,0.0,0.0,0.0,0.0,0.0,831.0272884944646
conduction,hot_surface,2265.0,37.75,326.4142429235958,270.0,340.0,204.27271976455046,0.0,0.0,0.0,0.0,0.0,204.27271976455046,832.0486520932873,0.0,0.0,0.0,0.0,0.0,832.0486520932873
conduction,hot_surface,2270.0,37.833333,326.4465899642539,270.0,340.0,203.7863561460631,0.0,0.0,0.0,0.0,0.0,203.7863561460631,833.0675838740176,0.0,0.0,0.0,0.0,0.0,833.0675838740176
conduction,hot_surface,2275.0,37.916667,326.47885998814854,270.0,340.0,203.30115053619124,0.0,0.0,0.0,0.0,0.0,203.30115053619124,834.0840896266985,0.0,0.0,0.0,0.0,0.0,834.0840896266985
conduction,hot_surface,2280.0,38.0,326.51105317865296,270.0,340.0,202.81710017777186,0.0,0.0,0.0,0.0,0.0,202.81710017777186,835.0981751275874,0.0,0.0,0.0,0.0,0.0,835.0981751275874
conduction,hot_surface,2285.0,38.083333,326.5431697187038,270.0,340.0,202.33420232020563,0.0,0.0,0.0,0.0,0.0,202.33420232020563,836.1098461391883,0.0,0.0,0.0,0.0,0.0,836.1098461391883
conduction,hot_surface,2290.0,38.166667,326.5752097908021,270.0,340.0,201.8524542194433,0.0,0.0,0.0,0.0,0.0,201.8524542194433,837.1191084102855,0.0,0.0,0.0,0.0,0.0,837.1191084102855
conduction,hot_surface,2295.0,38.25,326.60717357701446,270.0,340.0,201.37185313796863,0.0,0.0,0.0,0.0,0.0,201.37185313796863,838.1259676759754,0.0,0.0,0.0,0.0,0.0,838.1259676759754
conduction,hot_surface,2300.0,38.333333,326.639061258974,270.0,340.0,200.89239634478304,0.0,0.0,0.0,0.0,0.0,200.89239634478304,839.1304296576993,0.0,0.0,0.0,0.0,0.0,839.1304296576993
conduction,hot_surface,2305.0,38.416667,326.6708730178812,270.0,340.0,200.41408111539027,0.0,0.0,0.0,0.0,0.0,200.41408111539027,840.1325000632762,0.0,0.0,0.0,0.0,0.0,840.1325000632762
conduction,hot_surface,2310.0,38.5,326.7026090345053,270.0,340.0,199.9369047317819,0.0,0.0,0.0,0.0,0.0,199.9369047317819,841.1321845869352,0.0,0.0,0.0,0.0,0.0,841.1321845869352
conduction,hot_surface,2315.0,38.583333,326.73426948918507,270.0,340.0,199.46086448242028,0.0,0.0,0.0,0.0,0.0,199.46086448242028,842.1294889093473,0.0,0.0,0.0,0.0,0.0,842.1294889093473
conduction,hot_surface,2320.0,38.666667,326.7658545618299,270.0,340.0,198.985957662224,0.0,0.0,0.0,0.0,0.0,198.985957662224,843.1244186976585,0.0,0.0,0.0,0.0,0.0,843.1244186976585
conduction,hot_surface,2325.0,38.75,326.79736443192076,270.0,340.0,198.51218157255175,0.0,0.0,0.0,0.0,0.0,198.51218157255175,844.1169796055212,0.0,0.0,0.0,0.0,0.0,844.1169796055212
conduction,hot_surface,2330.0,38.833333,326.82879927851144,270.0,340.0,198.03953352118867,0.0,0.0,0.0,0.0,0.0,198.03953352118867,845.1071772731271,0.0,0.0,0.0,0.0,0.0,845.1071772731271
conduction,hot_surface,2335.0,38.916667,326.86015928022925,270.0,340.0,197.5680108223284,0.0,0.0,0.0,0.0,0.0,197.5680108223284,846.0950173272388,0.0,0.0,0.0,0.0,0.0,846.0950173272388
conduction,hot_surface,2340.0,39.0,326.8914446152763,270.0,340.0,197.09761079656118,0.0,0.0,0.0,0.0,0.0,197.09761079656118,847.0805053812217,0.0,0.0,0.0,0.0,0.0,847.0805053812217
conduction,hot_surface,2345.0,39.083333,326.92265546143045,270.0,340.0,196.6283307708551,0.0,0.0,0.0,0.0,0.0,196.6283307708551,848.063647035076,0.0,0.0,0.0,0.0,0.0,848.063647035076
conduction,hot_surface,2350.0,39.166667,326.9537919960461,270.0,340.0,196.16016807854322,0.0,0.0,0.0,0.0,0.0,196.16016807854322,849.0444478754687,0.0,0.0,0.0,0.0,0.0,849.0444478754687
conduction,hot_surface,2355.0,39.25,326.98485439605554,270.0,340.0,195.6931200593084,0.0,0.0,0.0,0.0,0.0,195.6931200593084,850.0229134757651,0.0,0.0,0.0,0.0,0.0,850.0229134757651
conduction,hot_surface,2360.0,39.333333,327.01584283796967,270.0,340.0,195.22718405916692,0.0,0.0,0.0,0.0,0.0,195.22718405916692,850.999049396061,0.0,0.0,0.0,0.0,0.0,850.999049396061
conduction,hot_surface,2365.0,39.416667,327.04675749787924,270.0,340.0,194.76235743045493,0.0,0.0,0.0,0.0,0.0,194.76235743045493,851.9728611832134,0.0,0.0,0.0,0.0,0.0,851.9728611832134
conduction,hot_surface,2370.0,39.5,327.0775985514557,270.0,340.0,194.29863753181138,0.0,0.0,0.0,0.0,0.0,194.29863753181138,852.9443543708724,0.0,0.0,0.0,0.0,0.0,852.9443543708724
conduction,hot_surface,2375.0,39.583333,327.1083661739522,270.0,340.0,193.83602172816438,0.0,0.0,0.0,0.0,0.0,193.83602172816438,853.9135344795131,0.0,0.0,0.0,0.0,0.0,853.9135344795131
conduction,hot_surface,2380.0,39.666667,327.1390605402047,270.0,340.0,193.3745073907167,0.0,0.0,0.0,0.0,0.0,193.3745073907167,854.8804070164667,0.0,0.0,0.0,0.0,0.0,854.8804070164667
conduction,hot_surface,2385.0,39.75,327.1696818246328,270.0,340.0,192.91409189692956,0.0,0.0,0.0,0.0,0.0,192.91409189692956,855.8449774759514,0.0,0.0,0.0,0.0,0.0,855.8449774759514
conduction,hot_surface,2390.0,39.833333,327.2002302012408,270.0,340.0,192.45477263050816,0.0,0.0,0.0,0.0,0.0,192.45477263050816,856.8072513391039,0.0,0.0,0.0,0.0,0.0,856.8072513391039
conduction,hot_surface,2395.0,39.916667,327.2307058436188,270.0,340.0,191.996546981388,0.0,0.0,0.0,0.0,0.0,191.996546981388,857.7672340740108,0.0,0.0,0.0,0.0,0.0,857.7672340740108
conduction,hot_surface,2400.0,40.0,327.2611089249435,270.0,340.0,191.5394123457179,0.0,0.0,0.0,0.0,0.0,191.5394123457179,858.7249311357394,0.0,0.0,0.0,0.0,0.0,858.7249311357394
conduction,hot_surface,2405.0,40.083333,327.2914396179794,270.0,340.0,191.08336612584708,0.0,0.0,0.0,0.0,0.0,191.08336612584708,859.6803479663687,0.0,0.0,0.0,0.0,0.0,859.6803479663687
conduction,hot_surface,2410.0,40.166667,327.32169809507946,270.0,340.0,190.6284057303091,0.0,0.0,0.0,0.0,0.0,190.6284057303091,860.6334899950202,0.0,0.0,0.0,0.0,0.0,860.6334899950202
conduction,hot_surface,2415.0,40.25,327.3518845281864,270.0,340.0,190.17452857380817,0.0,0.0,0.0,0.0,0.0,190.17452857380817,861.5843626378892,0.0,0.0,0.0,0.0,0.0,861.5843626378892
conduction,hot_surface,2420.0,40.333333,327.3819990888336,270.0,340.0,189.72173207720374,0.0,0.0,0.0,0.0,0.0,189.72173207720374,862.5329712982752,0.0,0.0,0.0,0.0,0.0,862.5329712982752
conduction,hot_surface,2425.0,40.416667,327.4120419481459,270.0,340.0,189.27001366749607,0.0,0.0,0.0,0.0,0.0,189.27001366749607,863.4793213666128,0.0,0.0,0.0,0.0,0.0,863.4793213666128
conduction,hot_surface,2430.0,40.5,327.4420132768408,270.0,340.0,188.81937077781174,0.0,0.0,0.0,0.0,0.0,188.81937077781174,864.4234182205018,0.0,0.0,0.0,0.0,0.0,864.4234182205018
conduction,hot_surface,2435.0,40.583333,327.47191324522925,270.0,340.0,188.36980084738826,0.0,0.0,0.0,0.0,0.0,188.36980084738826,865.3652672247389,0.0,0.0,0.0,0.0,0.0,865.3652672247389
conduction,hot_surface,2440.0,40.666667,327.5017420232168,270.0,340.0,187.92130132156132,0.0,0.0,0.0,0.0,0.0,187.92130132156132,866.3048737313467,0.0,0.0,0.0,0.0,0.0,866.3048737313467
conduction,hot_surface,2445.0,40.75,327.5314997803044,270.0,340.0,187.4738696517477,0.0,0.0,0.0,0.0,0.0,187.4738696517477,867.2422430796054,0.0,0.0,0.0,0.0,0.0,867.2422430796054
conduction,hot_surface,2450.0,40.833333,327.56118668558935,270.0,340.0,187.0275032954342,0.0,0.0,0.0,0.0,0.0,187.0275032954342,868.1773805960826,0.0,0.0,0.0,0.0,0.0,868.1773805960826
conduction,hot_surface,2455.0,40.916667,327.59080290776654,270.0,340.0,186.58219971615978,0.0,0.0,0.0,0.0,0.0,186.58219971615978,869.1102915946633,0.0,0.0,0.0,0.0,0.0,869.1102915946633
conduction,hot_surface,2460.0,41.0,327.620348615129,270.0,340.0,186.13795638350183,0.0,0.0,0.0,0.0,0.0,186.13795638350183,870.0409813765808,0.0,0.0,0.0,0.0,0.0,870.0409813765808
conduction,hot_surface,2465.0,41.083333,327.6498239755692,270.0,340.0,185.69477077306516,0.0,0.0,0.0,0.0,0.0,185.69477077306516,870.9694552304461,0.0,0.0,0.0,0.0,0.0,870.9694552304461
conduction,hot_surface,2470.0,41.166667,327.6792291565797,270.0,340.0,185.25264036646234,0.0,0.0,0.0,0.0,0.0,185.25264036646234,871.8957184322784,0.0,0.0,0.0,0.0,0.0,871.8957184322784
conduction,hot_surface,2475.0,41.25,327.70856432525454,270.0,340.0,184.81156265130437,0.0,0.0,0.0,0.0,0.0,184.81156265130437,872.8197762455349,0.0,0.0,0.0,0.0,0.0,872.8197762455349
conduction,hot_surface,2480.0,41.333333,327.7378296482897,270.0,340.0,184.37153512118186,0.0,0.0,0.0,0.0,0.0,184.37153512118186,873.7416339211408,0.0,0.0,0.0,0.0,0.0,873.7416339211408
conduction,hot_surface,2485.0,41.416667,327.7670252919842,270.0,340.0,183.93255527565486,0.0,0.0,0.0,0.0,0.0,183.93255527565486,874.661296697519,0.0,0.0,0.0,0.0,0.0,874.661296697519
conduction,hot_surface,2490.0,41.5,327.7961514222414,270.0,340.0,183.49462062023662,0.0,0.0,0.0,0.0,0.0,183.49462062023662,875.5787698006202,0.0,0.0,0.0,0.0,0.0,875.5787698006202
conduction,hot_surface,2495.0,41.583333,327.8252082045694,270.0,340.0,183.0577286663791,0.0,0.0,0.0,0.0,0.0,183.0577286663791,876.494058443952,0.0,0.0,0.0,0.0,0.0,876.494058443952
conduction,hot_surface,2500.0,41.666667,327.8541958040823,270.0,340.0,182.62187693145933,0.0,0.0,0.0,0.0,0.0,182.62187693145933,877.4071678286093,0.0,0.0,0.0,0.0,0.0,877.4071678286093
conduction,hot_surface,2505.0,41.75,327.88311438550113,270.0,340.0,182.1870629387658,0.0,0.0,0.0,0.0,0.0,182.1870629387658,878.3181031433032,0.0,0.0,0.0,0.0,0.0,878.3181031433032
conduction,hot_surface,2510.0,41.833333,327.9119641131547,270.0,340.0,181.75328421748304,0.0,0.0,0.0,0.0,0.0,181.75328421748304,879.2268695643907,0.0,0.0,0.0,0.0,0.0,879.2268695643907
conduction,hot_surface,2515.0,41.916667,327.9407451509805,270.0,340.0,181.32053830267978,0.0,0.0,0.0,0.0,0.0,181.32053830267978,880.1334722559039,0.0,0.0,0.0,0.0,0.0,880.1334722559039
conduction,hot_surface,2520.0,42.0,327.96945766252577,270.0,340.0,180.88882273529265,0.0,0.0,0.0,0.0,0.0,180.88882273529265,881.0379163695804,0.0,0.0,0.0,0.0,0.0,881.0379163695804
conduction,hot_surface,2525.0,42.083333,327.99810181094836,270.0,340.0,180.45813506211346,0.0,0.0,0.0,0.0,0.0,180.45813506211346,881.9402070448909,0.0,0.0,0.0,0.0,0.0,881.9402070448909
conduction,hot_surface,2530.0,42.166667,328.0266777590175,270.0,340.0,180.02847283577466,0.0,0.0,0.0,0.0,0.0,180.02847283577466,882.8403494090699,0.0,0.0,0.0,0.0,0.0,882.8403494090699
conduction,hot_surface,2535.0,42.25,328.0551856691151,270.0,340.0,179.59983361473746,0.0,0.0,0.0,0.0,0.0,179.59983361473746,883.7383485771435,0.0,0.0,0.0,0.0,0.0,883.7383485771435
conduction,hot_surface,2540.0,42.333333,328.08362570323624,270.0,340.0,179.17221496327386,0.0,0.0,0.0,0.0,0.0,179.17221496327386,884.6342096519598,0.0,0.0,0.0,0.0,0.0,884.6342096519598
conduction,hot_surface,2545.0,42.416667,328.11199802299046,270.0,340.0,178.74561445145645,0.0,0.0,0.0,0.0,0.0,178.74561445145645,885.527937724217,0.0,0.0,0.0,0.0,0.0,885.527937724217
conduction,hot_surface,2550.0,42.5,328.1403027896024,270.0,340.0,178.32002965514306,0.0,0.0,0.0,0.0,0.0,178.32002965514306,886.4195378724928,0.0,0.0,0.0,0.0,0.0,886.4195378724928
conduction,hot_surface,2555.0,42.583333,328.1685401639129,270.0,340.0,177.89545815596398,0.0,0.0,0.0,0.0,0.0,177.89545815596398,887.3090151632726,0.0,0.0,0.0,0.0,0.0,887.3090151632726
conduction,hot_surface,2560.0,42.666667,328.19671030637977,270.0,340.0,177.4718975413066,0.0,0.0,0.0,0.0,0.0,177.4718975413066,888.1963746509792,0.0,0.0,0.0,0.0,0.0,888.1963746509792
conduction,hot_surface,2565.0,42.75,328.2248133770789,270.0,340.0,177.04934540430344,0.0,0.0,0.0,0.0,0.0,177.04934540430344,889.0816213780007,0.0,0.0,0.0,0.0,0.0,889.0816213780007
conduction,hot_surface,2570.0,42.833333,328.25284953570485,270.0,340.0,176.6277993438169,0.0,0.0,0.0,0.0,0.0,176.6277993438169,889.9647603747197,0.0,0.0,0.0,0.0,0.0,889.9647603747197
conduction,hot_surface,2575.0,42.916667,328.28081894157225,270.0,340.0,176.2072569644272,0.0,0.0,0.0,0.0,0.0,176.2072569644272,890.8457966595419,0.0,0.0,0.0,0.0,0.0,890.8457966595419
conduction,hot_surface,2580.0,43.0,328.3087217536161,270.0,340.0,175.78771587641626,0.0,0.0,0.0,0.0,0.0,175.78771587641626,891.7247352389239,0.0,0.0,0.0,0.0,0.0,891.7247352389239
conduction,hot_surface,2585.0,43.083333,328.3365581303932,270.0,340.0,175.36917369575832,0.0,0.0,0.0,0.0,0.0,175.36917369575832,892.6015811074027,0.0,0.0,0.0,0.0,0.0,892.6015811074027
conduction,hot_surface,2590.0,43.166667,328.3643282300827,270.0,340.0,174.951628044102,0.0,0.0,0.0,0.0,0.0,174.951628044102,893.4763392476232,0.0,0.0,0.0,0.0,0.0,893.4763392476232
conduction,hot_surface,2595.0,43.25,328.3920322104873,270.0,340.0,174.5350765487592,0.0,0.0,0.0,0.0,0.0,174.5350765487592,894.349014630367,0.0,0.0,0.0,0.0,0.0,894.349014630367
conduction,hot_surface,2600.0,43.333333,328.4196702290337,270.0,340.0,174.1195168426907,0.0,0.0,0.0,0.0,0.0,174.1195168426907,895.2196122145805,0.0,0.0,0.0,0.0,0.0,895.2196122145805
conduction,hot_surface,2605.0,43.416667,328.4472424427741,270.0,340.0,173.7049465644941,0.0,0.0,0.0,0.0,0.0,173.7049465644941,896.088136947403,0.0,0.0,0.0,0.0,0.0,896.088136947403
conduction,hot_surface,2610.0,43.5,328.47474900838654,270.0,340.0,173.29136335838854,0.0,0.0,0.0,0.0,0.0,173.29136335838854,896.9545937641949,0.0,0.0,0.0,0.0,0.0,896.9545937641949
conduction,hot_surface,2615.0,43.583333,328.50219008217607,270.0,340.0,172.87876487420192,0.0,0.0,0.0,0.0,0.0,172.87876487420192,897.818987588566,0.0,0.0,0.0,0.0,0.0,897.818987588566
conduction,hot_surface,2620.0,43.666667,328.5295658200757,270.0,340.0,172.46714876735894,0.0,0.0,0.0,0.0,0.0,172.46714876735894,898.6813233324027,0.0,0.0,0.0,0.0,0.0,898.6813233324027
conduction,hot_surface,2625.0,43.75,328.5568763776469,270.0,340.0,172.05651269886488,0.0,0.0,0.0,0.0,0.0,172.05651269886488,899.5416058958971,0.0,0.0,0.0,0.0,0.0,899.5416058958971
conduction,hot_surface,2630.0,43.833333,328.5841219100811,270.0,340.0,171.64685433529627,0.0,0.0,0.0,0.0,0.0,171.64685433529627,900.3998401675735,0.0,0.0,0.0,0.0,0.0,900.3998401675735
conduction,hot_surface,2635.0,43.916667,328.6113025721999,270.0,340.0,171.2381713487838,0.0,0.0,0.0,0.0,0.0,171.2381713487838,901.2560310243175,0.0,0.0,0.0,0.0,0.0,901.2560310243175
conduction,hot_surface,2640.0,44.0,328.6384185184566,270.0,340.0,170.83046141700123,0.0,0.0,0.0,0.0,0.0,170.83046141700123,902.1101833314025,0.0,0.0,0.0,0.0,0.0,902.1101833314025
conduction,hot_surface,2645.0,44.083333,328.6654699029365,270.0,340.0,170.42372222315095,0.0,0.0,0.0,0.0,0.0,170.42372222315095,902.9623019425183,0.0,0.0,0.0,0.0,0.0,902.9623019425183
conduction,hot_surface,2650.0,44.166667,328.6924568793581,270.0,340.0,170.0179514559528,0.0,0.0,0.0,0.0,0.0,170.0179514559528,903.8123916997979,0.0,0.0,0.0,0.0,0.0,903.8123916997979
conduction,hot_surface,2655.0,44.25,328.7193796010739,270.0,340.0,169.61314680962886,0.0,0.0,0.0,0.0,0.0,169.61314680962886,904.6604574338461,0.0,0.0,0.0,0.0,0.0,904.6604574338461
conduction,hot_surface,2660.0,44.333333,328.74623822107134,270.0,340.0,169.20930598389134,0.0,0.0,0.0,0.0,0.0,169.20930598389134,905.5065039637656,0.0,0.0,0.0,0.0,0.0,905.5065039637656
conduction,hot_surface,2665.0,44.416667,328.77303289197357,270.0,340.0,168.80642668392994,0.0,0.0,0.0,0.0,0.0,168.80642668392994,906.3505360971852,0.0,0.0,0.0,0.0,0.0,906.3505360971852
conduction,hot_surface,2670.0,44.5,328.7997637660403,270.0,340.0,168.40450662039643,0.0,0.0,0.0,0.0,0.0,168.40450662039643,907.1925586302872,0.0,0.0,0.0,0.0,0.0,907.1925586302872
conduction,hot_surface,2675.0,44.583333,328.8264309951688,270.0,340.0,168.00354350939529,0.0,0.0,0.0,0.0,0.0,168.00354350939529,908.0325763478342,0.0,0.0,0.0,0.0,0.0,908.0325763478342
conduction,hot_surface,2680.0,44.666667,328.8530347308946,270.0,340.0,167.60353507246833,0.0,0.0,0.0,0.0,0.0,167.60353507246833,908.8705940231965,0.0,0.0,0.0,0.0,0.0,908.8705940231965
conduction,hot_surface,2685.0,44.75,328.8795751243925,270.0,340.0,167.20447903658112,0.0,0.0,0.0,0.0,0.0,167.20447903658112,909.7066164183793,0.0,0.0,0.0,0.0,0.0,909.7066164183793
conduction,hot_surface,2690.0,44.833333,328.90605232647727,270.0,340.0,166.80637313411268,0.0,0.0,0.0,0.0,0.0,166.80637313411268,910.5406482840499,0.0,0.0,0.0,0.0,0.0,910.5406482840499
conduction,hot_surface,2695.0,44.916667,328.9324664876047,270.0,340.0,166.40921510284102,0.0,0.0,0.0,0.0,0.0,166.40921510284102,911.3726943595641,0.0,0.0,0.0,0.0,0.0,911.3726943595641
conduction,hot_surface,2700.0,45.0,328.9588177578723,270.0,340.0,166.0130026859295,0.0,0.0,0.0,0.0,0.0,166.0130026859295,912.2027593729937,0.0,0.0,0.0,0.0,0.0,912.2027593729937
conduction,hot_surface,2705.0,45.083333,328.9851062870202,270.0,340.0,165.61773363191577,0.0,0.0,0.0,0.0,0.0,165.61773363191577,913.0308480411533,0.0,0.0,0.0,0.0,0.0,913.0308480411533
conduction,hot_surface,2710.0,45.166667,329.01133222443207,270.0,340.0,165.2234056946972,0.0,0.0,0.0,0.0,0.0,165.2234056946972,913.8569650696268,0.0,0.0,0.0,0.0,0.0,913.8569650696268
conduction,hot_surface,2715.0,45.25,329.0374957191358,270.0,340.0,164.830016633519,0.0,0.0,0.0,0.0,0.0,164.830016633519,914.6811151527944,0.0,0.0,0.0,0.0,0.0,914.6811151527944
conduction,hot_surface,2720.0,45.333333,329.0635969198045,270.0,340.0,164.43756421296314,0.0,0.0,0.0,0.0,0.0,164.43756421296314,915.5033029738593,0.0,0.0,0.0,0.0,0.0,915.5033029738593
conduction,hot_surface,2725.0,45.416667,329.08963597475736,270.0,340.0,164.04604620293213,0.0,0.0,0.0,0.0,0.0,164.04604620293213,916.3235332048739,0.0,0.0,0.0,0.0,0.0,916.3235332048739
conduction,hot_surface,2730.0,45.5,329.1156130319603,270.0,340.0,163.65546037863965,0.0,0.0,0.0,0.0,0.0,163.65546037863965,917.1418105067671,0.0,0.0,0.0,0.0,0.0,917.1418105067671
conduction,hot_surface,2735.0,45.583333,329.1415282390271,270.0,340.0,163.26580452059517,0.0,0.0,0.0,0.0,0.0,163.26580452059517,917.9581395293701,0.0,0.0,0.0,0.0,0.0,917.9581395293701
conduction,hot_surface,2740.0,45.666667,329.1673817432199,270.0,340.0,162.87707641459377,0.0,0.0,0.0,0.0,0.0,162.87707641459377,918.7725249114432,0.0,0.0,0.0,0.0,0.0,918.7725249114432
conduction,hot_surface,2745.0,45.75,329.19317369145034,270.0,340.0,162.48927385170163,0.0,0.0,0.0,0.0,0.0,162.48927385170163,919.5849712807016,0.0,0.0,0.0,0.0,0.0,919.5849712807016
conduction,hot_surface,2750.0,45.833333,329.2189042302802,270.0,340.0,162.1023946282449,0.0,0.0,0.0,0.0,0.0,162.1023946282449,920.3954832538428,0.0,0.0,0.0,0.0,0.0,920.3954832538428
conduction,hot_surface,2755.0,45.916667,329.2445735059224,270.0,340.0,161.71643654579697,0.0,0.0,0.0,0.0,0.0,161.71643654579697,921.2040654365718,0.0,0.0,0.0,0.0,0.0,921.2040654365718
conduction,hot_surface,2760.0,46.0,329.27018166424165,270.0,340.0,161.33139741116395,0.0,0.0,0.0,0.0,0.0,161.33139741116395,922.0107224236276,0.0,0.0,0.0,0.0,0.0,922.0107224236276
conduction,hot_surface,2765.0,46.083333,329.2957288507554,270.0,340.0,160.9472750363753,0.0,0.0,0.0,0.0,0.0,160.9472750363753,922.8154587988095,0.0,0.0,0.0,0.0,0.0,922.8154587988095
conduction,hot_surface,2770.0,46.166667,329.32121521063453,270.0,340.0,160.56406723866928,0.0,0.0,0.0,0.0,0.0,160.56406723866928,923.6182791350028,0.0,0.0,0.0,0.0,0.0,923.6182791350028
conduction,hot_surface,2775.0,46.25,329.3466408887044,270.0,340.0,160.18177184048199,0.0,0.0,0.0,0.0,0.0,160.18177184048199,924.4191879942051,0.0,0.0,0.0,0.0,0.0,924.4191879942051
conduction,hot_surface,2780.0,46.333333,329.37200602944563,270.0,340.0,159.80038666943358,0.0,0.0,0.0,0.0,0.0,159.80038666943358,925.2181899275523,0.0,0.0,0.0,0.0,0.0,925.2181899275523
conduction,hot_surface,2785.0,46.416667,329.3973107769946,270.0,340.0,159.41990955831557,0.0,0.0,0.0,0.0,0.0,159.41990955831557,926.0152894753439,0.0,0.0,0.0,0.0,0.0,926.0152894753439
conduction,hot_surface,2790.0,46.5,329.4225552751446,270.0,340.0,159.0403383450814,0.0,0.0,0.0,0.0,0.0,159.0403383450814,926.8104911670692,0.0,0.0,0.0,0.0,0.0,926.8104911670692
conduction,hot_surface,2795.0,46.583333,329.44773966734664,270.0,340.0,158.66167087283117,0.0,0.0,0.0,0.0,0.0,158.66167087283117,927.6037995214334,0.0,0.0,0.0,0.0,0.0,927.6037995214334
conduction,hot_surface,2800.0,46.666667,329.4728640967101,270.0,340.0,158.28390498980042,0.0,0.0,0.0,0.0,0.0,158.28390498980042,928.3952190463825,0.0,0.0,0.0,0.0,0.0,928.3952190463825
conduction,hot_surface,2805.0,46.75,329.4979287060037,270.0,340.0,157.90703854934833,0.0,0.0,0.0,0.0,0.0,157.90703854934833,929.1847542391292,0.0,0.0,0.0,0.0,0.0,929.1847542391292
conduction,hot_surface,2810.0,46.833333,329.522933637656,270.0,340.0,157.53106940994485,0.0,0.0,0.0,0.0,0.0,157.53106940994485,929.972409586179,0.0,0.0,0.0,0.0,0.0,929.972409586179
conduction,hot_surface,2815.0,46.916667,329.54787903375683,270.0,340.0,157.15599543515964,0.0,0.0,0.0,0.0,0.0,157.15599543515964,930.7581895633547,0.0,0.0,0.0,0.0,0.0,930.7581895633547
conduction,hot_surface,2820.0,47.0,329.57276503605743,270.0,340.0,156.78181449364757,0.0,0.0,0.0,0.0,0.0,156.78181449364757,931.542098635823,0.0,0.0,0.0,0.0,0.0,931.542098635823
conduction,hot_surface,2825.0,47.083333,329.5975917859716,270.0,340.0,156.4085244591385,0.0,0.0,0.0,0.0,0.0,156.4085244591385,932.3241412581186,0.0,0.0,0.0,0.0,0.0,932.3241412581186
conduction,hot_surface,2830.0,47.166667,329.6223594245764,270.0,340.0,156.03612321042618,0.0,0.0,0.0,0.0,0.0,156.03612321042618,933.1043218741708,0.0,0.0,0.0,0.0,0.0,933.1043218741708
conduction,hot_surface,2835.0,47.25,329.64706809261315,270.0,340.0,155.66460863135376,0.0,0.0,0.0,0.0,0.0,155.66460863135376,933.8826449173275,0.0,0.0,0.0,0.0,0.0,933.8826449173275
conduction,hot_surface,2840.0,47.333333,329.6717179304879,270.0,340.0,155.2939786108027,0.0,0.0,0.0,0.0,0.0,155.2939786108027,934.6591148103815,0.0,0.0,0.0,0.0,0.0,934.6591148103815
conduction,hot_surface,2845.0,47.416667,329.69630907827246,270.0,340.0,154.9242310426817,0.0,0.0,0.0,0.0,0.0,154.9242310426817,935.433735965595,0.0,0.0,0.0,0.0,0.0,935.433735965595
conduction,hot_surface,2850.0,47.5,329.7208416757052,270.0,340.0,154.55536382591305,0.0,0.0,0.0,0.0,0.0,154.55536382591305,936.2065127847246,0.0,0.0,0.0,0.0,0.0,936.2065127847246
conduction,hot_surface,2855.0,47.583333,329.7453158621916,270.0,340.0,154.1873748644224,0.0,0.0,0.0,0.0,0.0,154.1873748644224,936.9774496590467,0.0,0.0,0.0,0.0,0.0,936.9774496590467
conduction,hot_surface,2860.0,47.666667,329.76973177680543,270.0,340.0,153.82026206712595,0.0,0.0,0.0,0.0,0.0,153.82026206712595,937.7465509693824,0.0,0.0,0.0,0.0,0.0,937.7465509693824
conduction,hot_surface,2865.0,47.75,329.7940895582892,270.0,340.0,153.45402334791856,0.0,0.0,0.0,0.0,0.0,153.45402334791856,938.513821086122,0.0,0.0,0.0,0.0,0.0,938.513821086122
conduction,hot_surface,2870.0,47.833333,329.8183893450552,270.0,340.0,153.08865662566177,0.0,0.0,0.0,0.0,0.0,153.08865662566177,939.2792643692503,0.0,0.0,0.0,0.0,0.0,939.2792643692503
conduction,hot_surface,2875.0,47.916667,329.842631275186,270.0,340.0,152.72415982417186,0.0,0.0,0.0,0.0,0.0,152.72415982417186,940.0428851683712,0.0,0.0,0.0,0.0,0.0,940.0428851683712
conduction,hot_surface,2880.0,48.0,329.8668154864356,270.0,340.0,152.36053087220967,0.0,0.0,0.0,0.0,0.0,152.36053087220967,940.8046878227321,0.0,0.0,0.0,0.0,0.0,940.8046878227321
conduction,hot_surface,2885.0,48.083333,329.8909421162298,270.0,340.0,151.99776770346602,0.0,0.0,0.0,0.0,0.0,151.99776770346602,941.5646766612495,0.0,0.0,0.0,0.0,0.0,941.5646766612495
conduction,hot_surface,2890.0,48.166667,329.91501130166733,270.0,340.0,151.6358682565533,0.0,0.0,0.0,0.0,0.0,151.6358682565533,942.3228560025323,0.0,0.0,0.0,0.0,0.0,942.3228560025323
conduction,hot_surface,2895.0,48.25,329.9390231795205,270.0,340.0,151.27483047498998,0.0,0.0,0.0,0.0,0.0,151.27483047498998,943.0792301549072,0.0,0.0,0.0,0.0,0.0,943.0792301549072
conduction,hot_surface,2900.0,48.333333,329.96297788623593,270.0,340.0,150.91465230719223,0.0,0.0,0.0,0.0,0.0,150.91465230719223,943.8338034164432,0.0,0.0,0.0,0.0,0.0,943.8338034164432
conduction,hot_surface,2905.0,48.416667,329.9868755579354,270.0,340.0,150.555331706461,0.0,0.0,0.0,0.0,0.0,150.555331706461,944.5865800749755,0.0,0.0,0.0,0.0,0.0,944.5865800749755
conduction,hot_surface,2910.0,48.5,330.01071633041647,270.0,340.0,150.19686663096934,0.0,0.0,0.0,0.0,0.0,150.19686663096934,945.3375644081303,0.0,0.0,0.0,0.0,0.0,945.3375644081303
conduction,hot_surface,2915.0,48.583333,330.03450033915357,270.0,340.0,149.83925504375293,0.0,0.0,0.0,0.0,0.0,149.83925504375293,946.0867606833491,0.0,0.0,0.0,0.0,0.0,946.0867606833491
conduction,hot_surface,2920.0,48.666667,330.05822771929843,270.0,340.0,149.4824949126965,0.0,0.0,0.0,0.0,0.0,149.4824949126965,946.8341731579126,0.0,0.0,0.0,0.0,0.0,946.8341731579126
conduction,hot_surface,2925.0,48.75,330.08189860568103,270.0,340.0,149.12658421052356,0.0,0.0,0.0,0.0,0.0,149.12658421052356,947.5798060789652,0.0,0.0,0.0,0.0,0.0,947.5798060789652
conduction,hot_surface,2930.0,48.833333,330.10551313281036,270.0,340.0,148.7715209147845,0.0,0.0,0.0,0.0,0.0,148.7715209147845,948.3236636835392,0.0,0.0,0.0,0.0,0.0,948.3236636835392
conduction,hot_surface,2935.0,48.916667,330.1290714348751,270.0,340.0,148.41730300784462,0.0,0.0,0.0,0.0,0.0,148.41730300784462,949.0657501985784,0.0,0.0,0.0,0.0,0.0,949.0657501985784
conduction,hot_surface,2940.0,49.0,330.15257364574444,270.0,340.0,148.0639284768739,0.0,0.0,0.0,0.0,0.0,148.0639284768739,949.8060698409628,0.0,0.0,0.0,0.0,0.0,949.8060698409628
conduction,hot_surface,2945.0,49.083333,330.17601989896883,270.0,340.0,147.7113953138334,0.0,0.0,0.0,0.0,0.0,147.7113953138334,950.5446268175319,0.0,0.0,0.0,0.0,0.0,950.5446268175319
conduction,hot_surface,2950.0,49.166667,330.1994103277808,270.0,340.0,147.35970151546752,0.0,0.0,0.0,0.0,0.0,147.35970151546752,951.2814253251092,0.0,0.0,0.0,0.0,0.0,951.2814253251092
conduction,hot_surface,2955.0,49.25,330.22274506509564,270.0,340.0,147.00884508328784,0.0,0.0,0.0,0.0,0.0,147.00884508328784,952.0164695505258,0.0,0.0,0.0,0.0,0.0,952.0164695505258
conduction,hot_surface,2960.0,49.333333,330.24602424351207,270.0,340.0,146.65882402356544,0.0,0.0,0.0,0.0,0.0,146.65882402356544,952.7497636706436,0.0,0.0,0.0,0.0,0.0,952.7497636706436
conduction,hot_surface,2965.0,49.416667,330.2692479953132,270.0,340.0,146.30963634731899,0.0,0.0,0.0,0.0,0.0,146.30963634731899,953.4813118523801,0.0,0.0,0.0,0.0,0.0,953.4813118523801
conduction,hot_surface,2970.0,49.5,330.29241645246725,270.0,340.0,145.96128007030188,0.0,0.0,0.0,0.0,0.0,145.96128007030188,954.2111182527316,0.0,0.0,0.0,0.0,0.0,954.2111182527316
conduction,hot_surface,2975.0,49.583333,330.31552974662804,270.0,340.0,145.61375321299124,0.0,0.0,0.0,0.0,0.0,145.61375321299124,954.9391870187966,0.0,0.0,0.0,0.0,0.0,954.9391870187966
conduction,hot_surface,2980.0,49.666667,330.33858800913606,270.0,340.0,145.26705380057933,0.0,0.0,0.0,0.0,0.0,145.26705380057933,955.6655222877995,0.0,0.0,0.0,0.0,0.0,955.6655222877995
conduction,hot_surface,2985.0,49.75,330.3615913710191,270.0,340.0,144.9211798629591,0.0,0.0,0.0,0.0,0.0,144.9211798629591,956.3901281871142,0.0,0.0,0.0,0.0,0.0,956.3901281871142
conduction,hot_surface,2990.0,49.833333,330.38453996299285,270.0,340.0,144.5761294347139,0.0,0.0,0.0,0.0,0.0,144.5761294347139,957.1130088342878,0.0,0.0,0.0,0.0,0.0,957.1130088342878
conduction,hot_surface,2995.0,49.916667,330.4074339154619,270.0,340.0,144.2319005551073,0.0,0.0,0.0,0.0,0.0,144.2319005551073,957.8341683370634,0.0,0.0,0.0,0.0,0.0,957.8341683370634
conduction,hot_surface,3000.0,50.0,330.43027335852037,270.0,340.0,143.88849126807116,0.0,0.0,0.0,0.0,0.0,143.88849126807116,958.5536107934037,0.0,0.0,0.0,0.0,0.0,958.5536107934037
conduction,hot_surface,3005.0,50.083333,330.45305842195245,270.0,340.0,143.5458996221945,0.0,0.0,0.0,0.0,0.0,143.5458996221945,959.2713402915147,0.0,0.0,0.0,0.0,0.0,959.2713402915147
conduction,hot_surface,3010.0,50.166667,330.4757892352335,270.0,340.0,143.20412367071327,0.0,0.0,0.0,0.0,0.0,143.20412367071327,959.9873609098682,0.0,0.0,0.0,0.0,0.0,959.9873609098682
conduction,hot_surface,3015.0,50.25,330.49846592753056,270.0,340.0,142.86316147149762,0.0,0.0,0.0,0.0,0.0,142.86316147149762,960.7016767172257,0.0,0.0,0.0,0.0,0.0,960.7016767172257
conduction,hot_surface,3020.0,50.333333,330.5210886277031,270.0,340.0,142.5230110870416,0.0,0.0,0.0,0.0,0.0,142.5230110870416,961.4142917726609,0.0,0.0,0.0,0.0,0.0,961.4142917726609
conduction,hot_surface,3025.0,50.416667,330.5436574643038,270.0,340.0,142.1836705844538,0.0,0.0,0.0,0.0,0.0,142.1836705844538,962.1252101255832,0.0,0.0,0.0,0.0,0.0,962.1252101255832
conduction,hot_surface,3030.0,50.5,330.5661725655793,270.0,340.0,141.84513803544291,0.0,0.0,0.0,0.0,0.0,141.84513803544291,962.8344358157603,0.0,0.0,0.0,0.0,0.0,962.8344358157603
conduction,hot_surface,3035.0,50.583333,330.58863405947073,270.0,340.0,141.5074115163108,0.0,0.0,0.0,0.0,0.0,141.5074115163108,963.541972873342,0.0,0.0,0.0,0.0,0.0,963.541972873342
conduction,hot_surface,3040.0,50.666667,330.61104207361484,270.0,340.0,141.17048910793898,0.0,0.0,0.0,0.0,0.0,141.17048910793898,964.2478253188816,0.0,0.0,0.0,0.0,0.0,964.2478253188816
conduction,hot_surface,3045.0,50.75,330.6333967353443,270.0,340.0,140.8343688957774,0.0,0.0,0.0,0.0,0.0,140.8343688957774,964.9519971633606,0.0,0.0,0.0,0.0,0.0,964.9519971633606
conduction,hot_surface,3050.0,50.833333,330.65569817168875,270.0,340.0,140.4990489698352,0.0,0.0,0.0,0.0,0.0,140.4990489698352,965.6544924082098,0.0,0.0,0.0,0.0,0.0,965.6544924082098
conduction,hot_surface,3055.0,50.916667,330.6779465093752,270.0,340.0,140.16452742466868,0.0,0.0,0.0,0.0,0.0,140.16452742466868,966.355315045333,0.0,0.0,0.0,0.0,0.0,966.355315045333
conduction,hot_surface,3060.0,51.0,330.70014187482906,270.0,340.0,139.83080235937194,0.0,0.0,0.0,0.0,0.0,139.83080235937194,967.0544690571298,0.0,0.0,0.0,0.0,0.0,967.0544690571298
conduction,hot_surface,3065.0,51.083333,330.7222843941747,270.0,340.0,139.49787187756414,0.0,0.0,0.0,0.0,0.0,139.49787187756414,967.7519584165176,0.0,0.0,0.0,0.0,0.0,967.7519584165176
conduction,hot_surface,3070.0,51.166667,330.7443741932362,270.0,340.0,139.16573408737918,0.0,0.0,0.0,0.0,0.0,139.16573408737918,968.4477870869545,0.0,0.0,0.0,0.0,0.0,968.4477870869545
conduction,hot_surface,3075.0,51.25,330.766411397538,270.0,340.0,138.83438710145725,0.0,0.0,0.0,0.0,0.0,138.83438710145725,969.1419590224618,0.0,0.0,0.0,0.0,0.0,969.1419590224618
conduction,hot_surface,3080.0,51.333333,330.78839613230576,270.0,340.0,138.5038290369303,0.0,0.0,0.0,0.0,0.0,138.5038290369303,969.8344781676465,0.0,0.0,0.0,0.0,0.0,969.8344781676465
conduction,hot_surface,3085.0,51.416667,330.81032852246693,270.0,340.0,138.17405801541355,0.0,0.0,0.0,0.0,0.0,138.17405801541355,970.5253484577235,0.0,0.0,0.0,0.0,0.0,970.5253484577235
conduction,hot_surface,3090.0,51.5,330.83220869265153,270.0,340.0,137.84507216299602,0.0,0.0,0.0,0.0,0.0,137.84507216299602,971.2145738185385,0.0,0.0,0.0,0.0,0.0,971.2145738185385
conduction,hot_surface,3095.0,51.583333,330.85403676719284,270.0,340.0,137.516869610227,0.0,0.0,0.0,0.0,0.0,137.516869610227,971.9021581665895,0.0,0.0,0.0,0.0,0.0,971.9021581665895
conduction,hot_surface,3100.0,51.666667,330.8758128701281,270.0,340.0,137.18944849210743,0.0,0.0,0.0,0.0,0.0,137.18944849210743,972.5881054090502,0.0,0.0,0.0,0.0,0.0,972.5881054090502
conduction,hot_surface,3105.0,51.75,330.8975371251992,270.0,340.0,136.8628069480789,0.0,0.0,0.0,0.0,0.0,136.8628069480789,973.2724194437906,0.0,0.0,0.0,0.0,0.0,973.2724194437906
conduction,hot_surface,3110.0,51.833333,330.91920965585354,270.0,340.0,136.53694312201168,0.0,0.0,0.0,0.0,0.0,136.53694312201168,973.9551041594007,0.0,0.0,0.0,0.0,0.0,973.9551041594007
conduction,hot_surface,3115.0,51.916667,330.9408305852444,270.0,340.0,136.21185516219697,0.0,0.0,0.0,0.0,0.0,136.21185516219697,974.6361634352116,0.0,0.0,0.0,0.0,0.0,974.6361634352116
conduction,hot_surface,3120.0,52.0,330.9624000362319,270.0,340.0,135.88754122133423,0.0,0.0,0.0,0.0,0.0,135.88754122133423,975.3156011413183,0.0,0.0,0.0,0.0,0.0,975.3156011413183
conduction,hot_surface,3125.0,52.083333,330.9839181313837,270.0,340.0,135.56399945652174,0.0,0.0,0.0,0.0,0.0,135.56399945652174,975.9934211386009,0.0,0.0,0.0,0.0,0.0,975.9934211386009
conduction,hot_surface,3130.0,52.166667,331.0053849929756,270.0,340.0,135.24122802924467,0.0,0.0,0.0,0.0,0.0,135.24122802924467,976.6696272787472,0.0,0.0,0.0,0.0,0.0,976.6696272787472
conduction,hot_surface,3135.0,52.25,331.02680074299235,270.0,340.0,134.91922510536568,0.0,0.0,0.0,0.0,0.0,134.91922510536568,977.344223404274,0.0,0.0,0.0,0.0,0.0,977.344223404274
conduction,hot_surface,3140.0,52.333333,331.0481655031281,270.0,340.0,134.59798885511475,0.0,0.0,0.0,0.0,0.0,134.59798885511475,978.0172133485496,0.0,0.0,0.0,0.0,0.0,978.0172133485496
conduction,hot_surface,3145.0,52.416667,331.0694793947873,270.0,340.0,134.27751745307887,0.0,0.0,0.0,0.0,0.0,134.27751745307887,978.6886009358149,0.0,0.0,0.0,0.0,0.0,978.6886009358149
conduction,hot_surface,3150.0,52.5,331.09074253908545,270.0,340.0,133.95780907819017,0.0,0.0,0.0,0.0,0.0,133.95780907819017,979.3583899812058,0.0,0.0,0.0,0.0,0.0,979.3583899812058
conduction,hot_surface,3155.0,52.583333,331.1119550568495,270.0,340.0,133.6388619137182,0.0,0.0,0.0,0.0,0.0,133.6388619137182,980.0265842907744,0.0,0.0,0.0,0.0,0.0,980.0265842907744
conduction,hot_surface,3160.0,52.666667,331.13311706861896,270.0,340.0,133.32067414725714,0.0,0.0,0.0,0.0,0.0,133.32067414725714,980.6931876615107,0.0,0.0,0.0,0.0,0.0,980.6931876615107
conduction,hot_surface,3165.0,52.75,331.15422869464606,270.0,340.0,133.00324397071563,0.0,0.0,0.0,0.0,0.0,133.00324397071563,981.3582038813641,0.0,0.0,0.0,0.0,0.0,981.3582038813641
conduction,hot_surface,3170.0,52.833333,331.1752900548969,270.0,340.0,132.68656958030903,0.0,0.0,0.0,0.0,0.0,132.68656958030903,982.0216367292658,0.0,0.0,0.0,0.0,0.0,982.0216367292658
conduction,hot_surface,3175.0,52.916667,331.1963012690519,270.0,340.0,132.37064917654664,0.0,0.0,0.0,0.0,0.0,132.37064917654664,982.6834899751486,0.0,0.0,0.0,0.0,0.0,982.6834899751486
conduction,hot_surface,3180.0,53.0,331.21726245650655,270.0,340.0,132.0554809642215,0.0,0.0,0.0,0.0,0.0,132.0554809642215,983.3437673799697,0.0,0.0,0.0,0.0,0.0,983.3437673799697
conduction,hot_surface,3185.0,53.083333,331.238173736372,270.0,340.0,131.7410631524018,0.0,0.0,0.0,0.0,0.0,131.7410631524018,984.0024726957316,0.0,0.0,0.0,0.0,0.0,984.0024726957316
conduction,hot_surface,3190.0,53.166667,331.25903522747586,270.0,340.0,131.42739395441993,0.0,0.0,0.0,0.0,0.0,131.42739395441993,984.6596096655037,0.0,0.0,0.0,0.0,0.0,984.6596096655037
conduction,hot_surface,3195.0,53.25,331.27984704836285,270.0,340.0,131.11447158786206,0.0,0.0,0.0,0.0,0.0,131.11447158786206,985.3151820234431,0.0,0.0,0.0,0.0,0.0,985.3151820234431
conduction,hot_surface,3200.0,53.333333,331.3006093172953,270.0,340.0,130.8022942745572,0.0,0.0,0.0,0.0,0.0,130.8022942745572,985.9691934948158,0.0,0.0,0.0,0.0,0.0,985.9691934948158
conduction,hot_surface,3205.0,53.416667,331.32132215225414,270.0,340.0,130.49086024057033,0.0,0.0,0.0,0.0,0.0,130.49086024057033,986.6216477960187,0.0,0.0,0.0,0.0,0.0,986.6216477960187
conduction,hot_surface,3210.0,53.5,331.34198567093927,270.0,340.0,130.1801677161879,0.0,0.0,0.0,0.0,0.0,130.1801677161879,987.2725486345996,0.0,0.0,0.0,0.0,0.0,987.2725486345996
conduction,hot_surface,3215.0,53.583333,331.3625999907704,270.0,340.0,129.870214935911,0.0,0.0,0.0,0.0,0.0,129.870214935911,987.9218997092792,0.0,0.0,0.0,0.0,0.0,987.9218997092792
conduction,hot_surface,3220.0,53.666667,331.3831652288876,270.0,340.0,129.56100013844434,0.0,0.0,0.0,0.0,0.0,129.56100013844434,988.5697047099715,0.0,0.0,0.0,0.0,0.0,988.5697047099715
conduction,hot_surface,3225.0,53.75,331.40368150215215,270.0,340.0,129.2525215666859,0.0,0.0,0.0,0.0,0.0,129.2525215666859,989.2159673178049,0.0,0.0,0.0,0.0,0.0,989.2159673178049
conduction,hot_surface,3230.0,53.833333,331.42414892714703,270.0,340.0,128.9447774677177,0.0,0.0,0.0,0.0,0.0,128.9447774677177,989.8606912051434,0.0,0.0,0.0,0.0,0.0,989.8606912051434
conduction,hot_surface,3235.0,53.916667,331.4445676201776,270.0,340.0,128.63776609279455,0.0,0.0,0.0,0.0,0.0,128.63776609279455,990.5038800356075,0.0,0.0,0.0,0.0,0.0,990.5038800356075
conduction,hot_surface,3240.0,54.0,331.46493769727243,270.0,340.0,128.33148569733567,0.0,0.0,0.0,0.0,0.0,128.33148569733567,991.1455374640941,0.0,0.0,0.0,0.0,0.0,991.1455374640941
conduction,hot_surface,3245.0,54.083333,331.4852592741837,270.0,340.0,128.0259345409135,0.0,0.0,0.0,0.0,0.0,128.0259345409135,991.7856671367987,0.0,0.0,0.0,0.0,0.0,991.7856671367987
conduction,hot_surface,3250.0,54.166667,331.50553246638805,270.0,340.0,127.72111088724444,0.0,0.0,0.0,0.0,0.0,127.72111088724444,992.4242726912349,0.0,0.0,0.0,0.0,0.0,992.4242726912349
conduction,hot_surface,3255.0,54.25,331.5257573890871,270.0,340.0,127.4170130041793,0.0,0.0,0.0,0.0,0.0,127.4170130041793,993.0613577562559,0.0,0.0,0.0,0.0,0.0,993.0613577562559
conduction,hot_surface,3260.0,54.333333,331.54593415720836,270.0,340.0,127.11363916369322,0.0,0.0,0.0,0.0,0.0,127.11363916369322,993.6969259520744,0.0,0.0,0.0,0.0,0.0,993.6969259520744
conduction,hot_surface,3265.0,54.416667,331.5660628854055,270.0,340.0,126.81098764187453,0.0,0.0,0.0,0.0,0.0,126.81098764187453,994.3309808902837,0.0,0.0,0.0,0.0,0.0,994.3309808902837
conduction,hot_surface,3270.0,54.5,331.5861436880593,270.0,340.0,126.50905671891792,0.0,0.0,0.0,0.0,0.0,126.50905671891792,994.9635261738783,0.0,0.0,0.0,0.0,0.0,994.9635261738783
conduction,hot_surface,3275.0,54.583333,331.6061766792782,270.0,340.0,126.20784467911079,0.0,0.0,0.0,0.0,0.0,126.20784467911079,995.5945653972739,0.0,0.0,0.0,0.0,0.0,995.5945653972739
conduction,hot_surface,3280.0,54.666667,331.62616197289896,270.0,340.0,125.90734981082733,0.0,0.0,0.0,0.0,0.0,125.90734981082733,996.2241021463279,0.0,0.0,0.0,0.0,0.0,996.2241021463279
conduction,hot_surface,3285.0,54.75,331.6460996824873,270.0,340.0,125.60757040651566,0.0,0.0,0.0,0.0,0.0,125.60757040651566,996.8521399983605,0.0,0.0,0.0,0.0,0.0,996.8521399983605
conduction,hot_surface,3290.0,54.833333,331.66598992133856,270.0,340.0,125.30850476269023,0.0,0.0,0.0,0.0,0.0,125.30850476269023,997.4786825221739,0.0,0.0,0.0,0.0,0.0,997.4786825221739
conduction,hot_surface,3295.0,54.916667,331.6858328024782,270.0,340.0,125.01015117992154,0.0,0.0,0.0,0.0,0.0,125.01015117992154,998.1037332780736,0.0,0.0,0.0,0.0,0.0,998.1037332780736
conduction,hot_surface,3300.0,55.0,331.7056284386628,270.0,340.0,124.71250796282675,0.0,0.0,0.0,0.0,0.0,124.71250796282675,998.7272958178878,0.0,0.0,0.0,0.0,0.0,998.7272958178878
conduction,hot_surface,3305.0,55.083333,331.7253769423803,270.0,340.0,124.4155734200578,0.0,0.0,0.0,0.0,0.0,124.4155734200578,999.349373684988,0.0,0.0,0.0,0.0,0.0,999.349373684988
conduction,hot_surface,3310.0,55.166667,331.7450784258508,270.0,340.0,124.11934586429538,0.0,0.0,0.0,0.0,0.0,124.11934586429538,999.9699704143095,0.0,0.0,0.0,0.0,0.0,999.9699704143095
conduction,hot_surface,3315.0,55.25,331.76473300102737,270.0,340.0,123.8238236122379,0.0,0.0,0.0,0.0,0.0,123.8238236122379,1000.5890895323707,0.0,0.0,0.0,0.0,0.0,1000.5890895323707
conduction,hot_surface,3320.0,55.333333,331.78434077959633,270.0,340.0,123.5290049845895,0.0,0.0,0.0,0.0,0.0,123.5290049845895,1001.2067345572935,0.0,0.0,0.0,0.0,0.0,1001.2067345572935
conduction,hot_surface,3325.0,55.416667,331.80390187297826,270.0,340.0,123.23488830605498,0.0,0.0,0.0,0.0,0.0,123.23488830605498,1001.8229089988239,0.0,0.0,0.0,0.0,0.0,1001.8229089988239
conduction,hot_surface,3330.0,55.5,331.8234163923283,270.0,340.0,122.94147190532613,0.0,0.0,0.0,0.0,0.0,122.94147190532613,1002.4376163583505,0.0,0.0,0.0,0.0,0.0,1002.4376163583505
conduction,hot_surface,3335.0,55.583333,331.842884448537,270.0,340.0,122.64875411507575,0.0,0.0,0.0,0.0,0.0,122.64875411507575,1003.0508601289259,0.0,0.0,0.0,0.0,0.0,1003.0508601289259
conduction,hot_surface,3340.0,55.666667,331.862306152231,270.0,340.0,122.3567332719449,0.0,0.0,0.0,0.0,0.0,122.3567332719449,1003.6626437952856,0.0,0.0,0.0,0.0,0.0,1003.6626437952856
conduction,hot_surface,3345.0,55.75,331.8816816137733,270.0,340.0,122.06540771653522,0.0,0.0,0.0,0.0,0.0,122.06540771653522,1004.2729708338683,0.0,0.0,0.0,0.0,0.0,1004.2729708338683
conduction,hot_surface,3350.0,55.833333,331.90101094326434,270.0,340.0,121.77477579340035,0.0,0.0,0.0,0.0,0.0,121.77477579340035,1004.8818447128352,0.0,0.0,0.0,0.0,0.0,1004.8818447128352
conduction,hot_surface,3355.0,55.916667,331.92029425054227,270.0,340.0,121.48483585103492,0.0,0.0,0.0,0.0,0.0,121.48483585103492,1005.4892688920904,0.0,0.0,0.0,0.0,0.0,1005.4892688920904
conduction,hot_surface,3360.0,56.0,331.9395316451838,270.0,340.0,121.19558624186595,0.0,0.0,0.0,0.0,0.0,121.19558624186595,1006.0952468232998,0.0,0.0,0.0,0.0,0.0,1006.0952468232998
conduction,hot_surface,3365.0,56.083333,331.9587232365048,270.0,340.0,120.9070253222427,0.0,0.0,0.0,0.0,0.0,120.9070253222427,1006.6997819499111,0.0,0.0,0.0,0.0,0.0,1006.6997819499111
conduction,hot_surface,3370.0,56.166667,331.9778691335607,270.0,340.0,120.61915145242807,0.0,0.0,0.0,0.0,0.0,120.61915145242807,1007.3028777071731,0.0,0.0,0.0,0.0,0.0,1007.3028777071731
conduction,hot_surface,3375.0,56.25,331.9969694451475,270.0,340.0,120.33196299658925,0.0,0.0,0.0,0.0,0.0,120.33196299658925,1007.904537522156,0.0,0.0,0.0,0.0,0.0,1007.904537522156
conduction,hot_surface,3380.0,56.333333,332.0160242798019,270.0,340.0,120.04545832278751,0.0,0.0,0.0,0.0,0.0,120.04545832278751,1008.50476481377,0.0,0.0,0.0,0.0,0.0,1008.50476481377
conduction,hot_surface,3385.0,56.416667,332.03503374580237,270.0,340.0,119.75963580297133,0.0,0.0,0.0,0.0,0.0,119.75963580297133,1009.1035629927848,0.0,0.0,0.0,0.0,0.0,1009.1035629927848
conduction,hot_surface,3390.0,56.5,332.0539979511695,270.0,340.0,119.47449381296451,0.0,0.0,0.0,0.0,0.0,119.47449381296451,1009.7009354618496,0.0,0.0,0.0,0.0,0.0,1009.7009354618496
conduction,hot_surface,3395.0,56.583333,332.0729170036667,270.0,340.0,119.19003073245761,0.0,0.0,0.0,0.0,0.0,119.19003073245761,1010.2968856155118,0.0,0.0,0.0,0.0,0.0,1010.2968856155118
conduction,hot_surface,3400.0,56.666667,332.0917910108008,270.0,340.0,118.90624494499946,0.0,0.0,0.0,0.0,0.0,118.90624494499946,1010.8914168402367,0.0,0.0,0.0,0.0,0.0,1010.8914168402367
conduction,hot_surface,3405.0,56.75,332.1106200798227,270.0,340.0,118.62313483798772,0.0,0.0,0.0,0.0,0.0,118.62313483798772,1011.4845325144267,0.0,0.0,0.0,0.0,0.0,1011.4845325144267
conduction,hot_surface,3410.0,56.833333,332.1294043177279,270.0,340.0,118.34069880265957,0.0,0.0,0.0,0.0,0.0,118.34069880265957,1012.07623600844,0.0,0.0,0.0,0.0,0.0,1012.07623600844
conduction,hot_surface,3415.0,56.916667,332.14814383125713,270.0,340.0,118.05893523408145,0.0,0.0,0.0,0.0,0.0,118.05893523408145,1012.6665306846105,0.0,0.0,0.0,0.0,0.0,1012.6665306846105
conduction,hot_surface,3420.0,57.0,332.16683872689697,270.0,340.0,117.77784253114305,0.0,0.0,0.0,0.0,0.0,117.77784253114305,1013.2554198972662,0.0,0.0,0.0,0.0,0.0,1013.2554198972662
conduction,hot_surface,3425.0,57.083333,332.18548911088055,270.0,340.0,117.49741909654546,0.0,0.0,0.0,0.0,0.0,117.49741909654546,1013.8429069927489,0.0,0.0,0.0,0.0,0.0,1013.8429069927489
conduction,hot_surface,3430.0,57.166667,332.204095089188,270.0,340.0,117.2176633367917,0.0,0.0,0.0,0.0,0.0,117.2176633367917,1014.4289953094329,0.0,0.0,0.0,0.0,0.0,1014.4289953094329
conduction,hot_surface,3435.0,57.25,332.22265676754705,270.0,340.0,116.93857366217998,0.0,0.0,0.0,0.0,0.0,116.93857366217998,1015.0136881777439,0.0,0.0,0.0,0.0,0.0,1015.0136881777439
conduction,hot_surface,3440.0,57.333333,332.24117425143385,270.0,340.0,116.66014848679424,0.0,0.0,0.0,0.0,0.0,116.66014848679424,1015.5969889201779,0.0,0.0,0.0,0.0,0.0,1015.5969889201779
conduction,hot_surface,3445.0,57.416667,332.2596476460733,270.0,340.0,116.3823862284923,0.0,0.0,0.0,0.0,0.0,116.3823862284923,1016.1789008513203,0.0,0.0,0.0,0.0,0.0,1016.1789008513203
conduction,hot_surface,3450.0,57.5,332.27807705643977,270.0,340.0,116.10528530890065,0.0,0.0,0.0,0.0,0.0,116.10528530890065,1016.7594272778649,0.0,0.0,0.0,0.0,0.0,1016.7594272778649
conduction,hot_surface,3455.0,57.583333,332.2964625872578,270.0,340.0,115.82884415340345,0.0,0.0,0.0,0.0,0.0,115.82884415340345,1017.3385714986318,0.0,0.0,0.0,0.0,0.0,1017.3385714986318
conduction,hot_surface,3460.0,57.666667,332.31480434300244,270.0,340.0,115.55306119113311,0.0,0.0,0.0,0.0,0.0,115.55306119113311,1017.9163368045876,0.0,0.0,0.0,0.0,0.0,1017.9163368045876
conduction,hot_surface,3465.0,57.75,332.33310242790003,270.0,340.0,115.27793485496346,0.0,0.0,0.0,0.0,0.0,115.27793485496346,1018.4927264788623,0.0,0.0,0.0,0.0,0.0,1018.4927264788623
conduction,hot_surface,3470.0,57.833333,332.35135694592884,270.0,340.0,115.00346358149955,0.0,0.0,0.0,0.0,0.0,115.00346358149955,1019.0677437967698,0.0,0.0,0.0,0.0,0.0,1019.0677437967698
conduction,hot_surface,3475.0,57.916667,332.36956800081947,270.0,340.0,114.72964581106737,0.0,0.0,0.0,0.0,0.0,114.72964581106737,1019.6413920258252,0.0,0.0,0.0,0.0,0.0,1019.6413920258252
conduction,hot_surface,3480.0,58.0,332.3877356960556,270.0,340.0,114.45647998770795,0.0,0.0,0.0,0.0,0.0,114.45647998770795,1020.2136744257638,0.0,0.0,0.0,0.0,0.0,1020.2136744257638
conduction,hot_surface,3485.0,58.083333,332.4058601348745,270.0,340.0,114.18396455916621,0.0,0.0,0.0,0.0,0.0,114.18396455916621,1020.7845942485595,0.0,0.0,0.0,0.0,0.0,1020.7845942485595
conduction,hot_surface,3490.0,58.166667,332.4239414202677,270.0,340.0,113.91209797688248,0.0,0.0,0.0,0.0,0.0,113.91209797688248,1021.354154738444,0.0,0.0,0.0,0.0,0.0,1021.354154738444
conduction,hot_surface,3495.0,58.25,332.4419796549813,270.0,340.0,113.64087869598478,0.0,0.0,0.0,0.0,0.0,113.64087869598478,1021.9223591319239,0.0,0.0,0.0,0.0,0.0,1021.9223591319239
conduction,hot_surface,3500.0,58.333333,332.4599749415171,270.0,340.0,113.37030517528035,0.0,0.0,0.0,0.0,0.0,113.37030517528035,1022.4892106578004,0.0,0.0,0.0,0.0,0.0,1022.4892106578004
conduction,hot_surface,3505.0,58.416667,332.4779273821325,270.0,340.0,113.10037587724366,0.0,0.0,0.0,0.0,0.0,113.10037587724366,1023.0547125371867,0.0,0.0,0.0,0.0,0.0,1023.0547125371867
conduction,hot_surface,3510.0,58.5,332.4958370788417,270.0,340.0,112.83108926801219,0.0,0.0,0.0,0.0,0.0,112.83108926801219,1023.6188679835268,0.0,0.0,0.0,0.0,0.0,1023.6188679835268
conduction,hot_surface,3515.0,58.583333,332.5137041334159,270.0,340.0,112.56244381737446,0.0,0.0,0.0,0.0,0.0,112.56244381737446,1024.1816802026137,0.0,0.0,0.0,0.0,0.0,1024.1816802026137
conduction,hot_surface,3520.0,58.666667,332.53152864738394,270.0,340.0,112.29443799876151,0.0,0.0,0.0,0.0,0.0,112.29443799876151,1024.7431523926075,0.0,0.0,0.0,0.0,0.0,1024.7431523926075
conduction,hot_surface,3525.0,58.75,332.549310722033,270.0,340.0,112.02707028924095,0.0,0.0,0.0,0.0,0.0,112.02707028924095,1025.3032877440537,0.0,0.0,0.0,0.0,0.0,1025.3032877440537
conduction,hot_surface,3530.0,58.833333,332.5670504584091,270.0,340.0,111.76033916950502,0.0,0.0,0.0,0.0,0.0,111.76033916950502,1025.8620894399012,0.0,0.0,0.0,0.0,0.0,1025.8620894399012
conduction,hot_surface,3535.0,58.916667,332.58474795731763,270.0,340.0,111.49424312386373,0.0,0.0,0.0,0.0,0.0,111.49424312386373,1026.4195606555206,0.0,0.0,0.0,0.0,0.0,1026.4195606555206
conduction,hot_surface,3540.0,59.0,332.602403319324,270.0,340.0,111.22878064023553,0.0,0.0,0.0,0.0,0.0,111.22878064023553,1026.9757045587219,0.0,0.0,0.0,0.0,0.0,1026.9757045587219
conduction,hot_surface,3545.0,59.083333,332.62001664475423,270.0,340.0,110.96395021013961,0.0,0.0,0.0,0.0,0.0,110.96395021013961,1027.5305243097725,0.0,0.0,0.0,0.0,0.0,1027.5305243097725
conduction,hot_surface,3550.0,59.166667,332.6375880336953,270.0,340.0,110.69975032868655,0.0,0.0,0.0,0.0,0.0,110.69975032868655,1028.084023061416,0.0,0.0,0.0,0.0,0.0,1028.084023061416
conduction,hot_surface,3555.0,59.25,332.65511758599604,270.0,340.0,110.43617949457058,0.0,0.0,0.0,0.0,0.0,110.43617949457058,1028.636203958889,0.0,0.0,0.0,0.0,0.0,1028.636203958889
conduction,hot_surface,3560.0,59.333333,332.6726054012675,270.0,340.0,110.17323621005943,0.0,0.0,0.0,0.0,0.0,110.17323621005943,1029.1870701399391,0.0,0.0,0.0,0.0,0.0,1029.1870701399391
conduction,hot_surface,3565.0,59.416667,332.6900515788835,270.0,340.0,109.91091898098745,0.0,0.0,0.0,0.0,0.0,109.91091898098745,1029.736624734844,0.0,0.0,0.0,0.0,0.0,1029.736624734844
conduction,hot_surface,3570.0,59.5,332.7074562179814,270.0,340.0,109.6492263167471,0.0,0.0,0.0,0.0,0.0,109.6492263167471,1030.2848708664278,0.0,0.0,0.0,0.0,0.0,1030.2848708664278
conduction,hot_surface,3575.0,59.583333,332.7248194174624,270.0,340.0,109.38815673027875,0.0,0.0,0.0,0.0,0.0,109.38815673027875,1030.8318116500793,0.0,0.0,0.0,0.0,0.0,1030.8318116500793
conduction,hot_surface,3580.0,59.666667,332.74214127599225,270.0,340.0,109.1277087380638,0.0,0.0,0.0,0.0,0.0,109.1277087380638,1031.3774501937696,0.0,0.0,0.0,0.0,0.0,1031.3774501937696
conduction,hot_surface,3585.0,59.75,332.7594218920018,270.0,340.0,108.8678808601162,0.0,0.0,0.0,0.0,0.0,108.8678808601162,1031.92178959807,0.0,0.0,0.0,0.0,0.0,1031.92178959807
conduction,hot_surface,3590.0,59.833333,332.7766613636875,270.0,340.0,108.60867161997305,0.0,0.0,0.0,0.0,0.0,108.60867161997305,1032.4648329561699,0.0,0.0,0.0,0.0,0.0,1032.4648329561699
conduction,hot_surface,3595.0,59.916667,332.79385978901206,270.0,340.0,108.35007954468779,0.0,0.0,0.0,0.0,0.0,108.35007954468779,1033.0065833538933,0.0,0.0,0.0,0.0,0.0,1033.0065833538933
conduction,hot_surface,3600.0,60.0,332.8110172657049,270.0,340.0,108.0921031648191,0.0,0.0,0.0,0.0,0.0,108.0921031648191,1033.5470438697175,0.0,0.0,0.0,0.0,0.0,1033.5470438697175
conduction,hot_surface,3605.0,60.083333,332.8281338912627,270.0,340.0,107.83474101442664,0.0,0.0,0.0,0.0,0.0,107.83474101442664,1034.0862175747895,0.0,0.0,0.0,0.0,0.0,1034.0862175747895
conduction,hot_surface,3610.0,60.166667,332.8452097629502,270.0,340.0,107.57799163105915,0.0,0.0,0.0,0.0,0.0,107.57799163105915,1034.624107532945,0.0,0.0,0.0,0.0,0.0,1034.624107532945
conduction,hot_surface,3615.0,60.25,332.86224497780034,270.0,340.0,107.32185355574671,0.0,0.0,0.0,0.0,0.0,107.32185355574671,1035.1607168007238,0.0,0.0,0.0,0.0,0.0,1035.1607168007238
conduction,hot_surface,3620.0,60.333333,332.8792396326151,270.0,340.0,107.06632533299484,0.0,0.0,0.0,0.0,0.0,107.06632533299484,1035.6960484273886,0.0,0.0,0.0,0.0,0.0,1035.6960484273886
conduction,hot_surface,3625.0,60.416667,332.89619382396603,270.0,340.0,106.81140551077334,0.0,0.0,0.0,0.0,0.0,106.81140551077334,1036.2301054549425,0.0,0.0,0.0,0.0,0.0,1036.2301054549425
conduction,hot_surface,3630.0,60.5,332.9131076481947,270.0,340.0,106.55709264050955,0.0,0.0,0.0,0.0,0.0,106.55709264050955,1036.762890918145,0.0,0.0,0.0,0.0,0.0,1036.762890918145
conduction,hot_surface,3635.0,60.583333,332.9299812014133,270.0,340.0,106.30338527707977,0.0,0.0,0.0,0.0,0.0,106.30338527707977,1037.2944078445305,0.0,0.0,0.0,0.0,0.0,1037.2944078445305
conduction,hot_surface,3640.0,60.666667,332.94681457950514,270.0,340.0,106.05028197880074,0.0,0.0,0.0,0.0,0.0,106.05028197880074,1037.8246592544244,0.0,0.0,0.0,0.0,0.0,1037.8246592544244
conduction,hot_surface,3645.0,60.75,332.96360787812534,270.0,340.0,105.79778130742284,0.0,0.0,0.0,0.0,0.0,105.79778130742284,1038.3536481609615,0.0,0.0,0.0,0.0,0.0,1038.3536481609615
conduction,hot_surface,3650.0,60.833333,332.98036119270125,270.0,340.0,105.54588182811983,0.0,0.0,0.0,0.0,0.0,105.54588182811983,1038.8813775701021,0.0,0.0,0.0,0.0,0.0,1038.8813775701021
conduction,hot_surface,3655.0,60.916667,332.9970746184329,270.0,340.0,105.29458210948121,0.0,0.0,0.0,0.0,0.0,105.29458210948121,1039.4078504806496,0.0,0.0,0.0,0.0,0.0,1039.4078504806496
conduction,hot_surface,3660.0,61.0,333.0137482502938,270.0,340.0,105.04388072350622,0.0,0.0,0.0,0.0,0.0,105.04388072350622,1039.933069884267,0.0,0.0,0.0,0.0,0.0,1039.933069884267
conduction,hot_surface,3665.0,61.083333,333.03038218303124,270.0,340.0,104.79377624559277,0.0,0.0,0.0,0.0,0.0,104.79377624559277,1040.457038765495,0.0,0.0,0.0,0.0,0.0,1040.457038765495
conduction,hot_surface,3670.0,61.166667,333.04697651116686,270.0,340.0,104.54426725453146,0.0,0.0,0.0,0.0,0.0,104.54426725453146,1040.9797601017676,0.0,0.0,0.0,0.0,0.0,1040.9797601017676
conduction,hot_surface,3675.0,61.25,333.06353132899744,270.0,340.0,104.29535233249709,0.0,0.0,0.0,0.0,0.0,104.29535233249709,1041.5012368634302,0.0,0.0,0.0,0.0,0.0,1041.5012368634302
conduction,hot_surface,3680.0,61.333333,333.0800467305951,270.0,340.0,104.04703006503837,0.0,0.0,0.0,0.0,0.0,104.04703006503837,1042.0214720137556,0.0,0.0,0.0,0.0,0.0,1042.0214720137556
conduction,hot_surface,3685.0,61.416667,333.09652280980794,270.0,340.0,103.79929904107371,0.0,0.0,0.0,0.0,0.0,103.79929904107371,1042.5404685089609,0.0,0.0,0.0,0.0,0.0,1042.5404685089609
conduction,hot_surface,3690.0,61.5,333.1129596602608,270.0,340.0,103.55215785288095,0.0,0.0,0.0,0.0,0.0,103.55215785288095,1043.0582292982253,0.0,0.0,0.0,0.0,0.0,1043.0582292982253
conduction,hot_surface,3695.0,61.583333,333.1293573753554,270.0,340.0,103.30560509608802,0.0,0.0,0.0,0.0,0.0,103.30560509608802,1043.5747573237056,0.0,0.0,0.0,0.0,0.0,1043.5747573237056
conduction,hot_surface,3700.0,61.666667,333.14571604827125,270.0,340.0,103.05963936966862,0.0,0.0,0.0,0.0,0.0,103.05963936966862,1044.090055520554,0.0,0.0,0.0,0.0,0.0,1044.090055520554
conduction,hot_surface,3705.0,61.75,333.16203577196586,270.0,340.0,102.81425927593119,0.0,0.0,0.0,0.0,0.0,102.81425927593119,1044.6041268169338,0.0,0.0,0.0,0.0,0.0,1044.6041268169338
conduction,hot_surface,3710.0,61.833333,333.1783166391755,270.0,340.0,102.56946342051208,0.0,0.0,0.0,0.0,0.0,102.56946342051208,1045.1169741340364,0.0,0.0,0.0,0.0,0.0,1045.1169741340364
conduction,hot_surface,3715.0,61.916667,333.19455874241555,270.0,340.0,102.32525041236784,0.0,0.0,0.0,0.0,0.0,102.32525041236784,1045.6286003860982,0.0,0.0,0.0,0.0,0.0,1045.6286003860982
conduction,hot_surface,3720.0,62.0,333.2107621739812,270.0,340.0,102.08161886376672,0.0,0.0,0.0,0.0,0.0,102.08161886376672,1046.139008480417,0.0,0.0,0.0,0.0,0.0,1046.139008480417
conduction,hot_surface,3725.0,62.083333,333.22692702594793,270.0,340.0,101.83856739028187,0.0,0.0,0.0,0.0,0.0,101.83856739028187,1046.6482013173684,0.0,0.0,0.0,0.0,0.0,1046.6482013173684
conduction,hot_surface,3730.0,62.166667,333.24305339017184,270.0,340.0,101.59609461078105,0.0,0.0,0.0,0.0,0.0,101.59609461078105,1047.1561817904224,0.0,0.0,0.0,0.0,0.0,1047.1561817904224
conduction,hot_surface,3735.0,62.25,333.2591413582905,270.0,340.0,101.35419914742243,0.0,0.0,0.0,0.0,0.0,101.35419914742243,1047.6629527861594,0.0,0.0,0.0,0.0,0.0,1047.6629527861594
conduction,hot_surface,3740.0,62.333333,333.2751910217231,270.0,340.0,101.11287962564262,0.0,0.0,0.0,0.0,0.0,101.11287962564262,1048.1685171842876,0.0,0.0,0.0,0.0,0.0,1048.1685171842876
conduction,hot_surface,3745.0,62.416667,333.2912024716714,270.0,340.0,100.87213467415324,0.0,0.0,0.0,0.0,0.0,100.87213467415324,1048.6728778576582,0.0,0.0,0.0,0.0,0.0,1048.6728778576582
conduction,hot_surface,3750.0,62.5,333.3071757991198,270.0,340.0,100.63196292492904,0.0,0.0,0.0,0.0,0.0,100.63196292492904,1049.176037672283,0.0,0.0,0.0,0.0,0.0,1049.176037672283
conduction,hot_surface,3755.0,62.583333,333.3231110948362,270.0,340.0,100.39236301320273,0.0,0.0,0.0,0.0,0.0,100.39236301320273,1049.6779994873489,0.0,0.0,0.0,0.0,0.0,1049.6779994873489
conduction,hot_surface,3760.0,62.666667,333.3390084493723,270.0,340.0,100.15333357745732,0.0,0.0,0.0,0.0,0.0,100.15333357745732,1050.1787661552362,0.0,0.0,0.0,0.0,0.0,1050.1787661552362
conduction,hot_surface,3765.0,62.75,333.35486795306423,270.0,340.0,99.91487325941591,0.0,0.0,0.0,0.0,0.0,99.91487325941591,1050.6783405215333,0.0,0.0,0.0,0.0,0.0,1050.6783405215333
conduction,hot_surface,3770.0,62.833333,333.37068969603314,270.0,340.0,99.67698070403657,0.0,0.0,0.0,0.0,0.0,99.67698070403657,1051.1767254250533,0.0,0.0,0.0,0.0,0.0,1051.1767254250533
conduction,hot_surface,3775.0,62.916667,333.38647376818545,270.0,340.0,99.43965455950291,0.0,0.0,0.0,0.0,0.0,99.43965455950291,1051.6739236978508,0.0,0.0,0.0,0.0,0.0,1051.6739236978508
conduction,hot_surface,3780.0,63.0,333.4022202592136,270.0,340.0,99.2028934772182,0.0,0.0,0.0,0.0,0.0,99.2028934772182,1052.169938165237,0.0,0.0,0.0,0.0,0.0,1052.169938165237
conduction,hot_surface,3785.0,63.083333,333.4179292585964,270.0,340.0,98.9666961117959,0.0,0.0,0.0,0.0,0.0,98.9666961117959,1052.664771645796,0.0,0.0,0.0,0.0,0.0,1052.664771645796
conduction,hot_surface,3790.0,63.166667,333.43360085559976,270.0,340.0,98.73106112105376,0.0,0.0,0.0,0.0,0.0,98.73106112105376,1053.1584269514015,0.0,0.0,0.0,0.0,0.0,1053.1584269514015
conduction,hot_surface,3795.0,63.25,333.4492351392769,270.0,340.0,98.49598716600354,0.0,0.0,0.0,0.0,0.0,98.49598716600354,1053.6509068872315,0.0,0.0,0.0,0.0,0.0,1053.6509068872315
conduction,hot_surface,3800.0,63.333333,333.4648321984691,270.0,340.0,98.2614729108468,0.0,0.0,0.0,0.0,0.0,98.2614729108468,1054.1422142517856,0.0,0.0,0.0,0.0,0.0,1054.1422142517856
conduction,hot_surface,3805.0,63.416667,333.48039212180606,270.0,340.0,98.02751702296376,0.0,0.0,0.0,0.0,0.0,98.02751702296376,1054.6323518369004,0.0,0.0,0.0,0.0,0.0,1054.6323518369004
conduction,hot_surface,3810.0,63.5,333.4959149977065,270.0,340.0,97.79411817290907,0.0,0.0,0.0,0.0,0.0,97.79411817290907,1055.121322427765,0.0,0.0,0.0,0.0,0.0,1055.121322427765
conduction,hot_surface,3815.0,63.583333,333.5114009143786,270.0,340.0,97.5612750344024,0.0,0.0,0.0,0.0,0.0,97.5612750344024,1055.609128802937,0.0,0.0,0.0,0.0,0.0,1055.609128802937
conduction,hot_surface,3820.0,63.666667,333.5268499598206,270.0,340.0,97.32898628432082,0.0,0.0,0.0,0.0,0.0,97.32898628432082,1056.0957737343585,0.0,0.0,0.0,0.0,0.0,1056.0957737343585
conduction,hot_surface,3825.0,63.75,333.54226222182103,270.0,340.0,97.09725060269108,0.0,0.0,0.0,0.0,0.0,97.09725060269108,1056.581259987372,0.0,0.0,0.0,0.0,0.0,1056.581259987372
conduction,hot_surface,3830.0,63.833333,333.55763778795955,270.0,340.0,96.8660666726845,0.0,0.0,0.0,0.0,0.0,96.8660666726845,1057.0655903207355,0.0,0.0,0.0,0.0,0.0,1057.0655903207355
conduction,hot_surface,3835.0,63.916667,333.57297674560726,270.0,340.0,96.63543318060675,0.0,0.0,0.0,0.0,0.0,96.63543318060675,1057.5487674866383,0.0,0.0,0.0,0.0,0.0,1057.5487674866383
conduction,hot_surface,3840.0,64.0,333.58827918192725,270.0,340.0,96.40534881589105,0.0,0.0,0.0,0.0,0.0,96.40534881589105,1058.030794230718,0.0,0.0,0.0,0.0,0.0,1058.030794230718
conduction,hot_surface,3845.0,64.083333,333.60354518387504,270.0,340.0,96.17581227109127,0.0,0.0,0.0,0.0,0.0,96.17581227109127,1058.5116732920735,0.0,0.0,0.0,0.0,0.0,1058.5116732920735
conduction,hot_surface,3850.0,64.166667,333.61877483819916,270.0,340.0,95.94682224187437,0.0,0.0,0.0,0.0,0.0,95.94682224187437,1058.991407403283,0.0,0.0,0.0,0.0,0.0,1058.991407403283
conduction,hot_surface,3855.0,64.25,333.63396823144154,270.0,340.0,95.71837742701263,0.0,0.0,0.0,0.0,0.0,95.71837742701263,1059.469999290418,0.0,0.0,0.0,0.0,0.0,1059.469999290418
conduction,hot_surface,3860.0,64.333333,333.6491254499381,270.0,340.0,95.49047652837686,0.0,0.0,0.0,0.0,0.0,95.49047652837686,1059.9474516730597,0.0,0.0,0.0,0.0,0.0,1059.9474516730597
conduction,hot_surface,3865.0,64.416667,333.6642465798192,270.0,340.0,95.26311825092876,0.0,0.0,0.0,0.0,0.0,95.26311825092876,1060.4237672643144,0.0,0.0,0.0,0.0,0.0,1060.4237672643144
conduction,hot_surface,3870.0,64.5,333.6793317070101,270.0,340.0,95.03630130271233,0.0,0.0,0.0,0.0,0.0,95.03630130271233,1060.8989487708282,0.0,0.0,0.0,0.0,0.0,1060.8989487708282
conduction,hot_surface,3875.0,64.583333,333.69438091723146,270.0,340.0,94.81002439484882,0.0,0.0,0.0,0.0,0.0,94.81002439484882,1061.3729988928023,0.0,0.0,0.0,0.0,0.0,1061.3729988928023
conduction,hot_surface,3880.0,64.666667,333.70939429599997,270.0,340.0,94.58428624152816,0.0,0.0,0.0,0.0,0.0,94.58428624152816,1061.8459203240097,0.0,0.0,0.0,0.0,0.0,1061.8459203240097
conduction,hot_surface,3885.0,64.75,333.72437192862856,270.0,340.0,94.35908556000044,0.0,0.0,0.0,0.0,0.0,94.35908556000044,1062.3177157518098,0.0,0.0,0.0,0.0,0.0,1062.3177157518098
conduction,hot_surface,3890.0,64.833333,333.73931390022705,270.0,340.0,94.13442107057165,0.0,0.0,0.0,0.0,0.0,94.13442107057165,1062.7883878571627,0.0,0.0,0.0,0.0,0.0,1062.7883878571627
conduction,hot_surface,3895.0,64.916667,333.7542202957027,270.0,340.0,93.91029149659431,0.0,0.0,0.0,0.0,0.0,93.91029149659431,1063.2579393146455,0.0,0.0,0.0,0.0,0.0,1063.2579393146455
conduction,hot_surface,3900.0,65.0,333.7690911997605,270.0,340.0,93.6866955644598,0.0,0.0,0.0,0.0,0.0,93.6866955644598,1063.7263727924676,0.0,0.0,0.0,0.0,0.0,1063.7263727924676
conduction,hot_surface,3905.0,65.083333,333.78392669690396,270.0,340.0,93.46363200359235,0.0,0.0,0.0,0.0,0.0,93.46363200359235,1064.1936909524857,0.0,0.0,0.0,0.0,0.0,1064.1936909524857
conduction,hot_surface,3910.0,65.166667,333.7987268714351,270.0,340.0,93.24109954644058,0.0,0.0,0.0,0.0,0.0,93.24109954644058,1064.6598964502177,0.0,0.0,0.0,0.0,0.0,1064.6598964502177
conduction,hot_surface,3915.0,65.25,333.81349180745553,270.0,340.0,93.01909692847318,0.0,0.0,0.0,0.0,0.0,93.01909692847318,1065.1249919348602,0.0,0.0,0.0,0.0,0.0,1065.1249919348602
conduction,hot_surface,3920.0,65.333333,333.82822158886637,270.0,340.0,92.79762288816698,0.0,0.0,0.0,0.0,0.0,92.79762288816698,1065.588980049301,0.0,0.0,0.0,0.0,0.0,1065.588980049301
conduction,hot_surface,3925.0,65.416667,333.84291629936905,270.0,340.0,92.57667616700445,0.0,0.0,0.0,0.0,0.0,92.57667616700445,1066.0518634301359,0.0,0.0,0.0,0.0,0.0,1066.0518634301359
conduction,hot_surface,3930.0,65.5,333.85757602246576,270.0,340.0,92.35625550946423,0.0,0.0,0.0,0.0,0.0,92.35625550946423,1066.5136447076832,0.0,0.0,0.0,0.0,0.0,1066.5136447076832
conduction,hot_surface,3935.0,65.583333,333.8722008414599,270.0,340.0,92.13635966301354,0.0,0.0,0.0,0.0,0.0,92.13635966301354,1066.9743265059983,0.0,0.0,0.0,0.0,0.0,1066.9743265059983
conduction,hot_surface,3940.0,65.666667,333.88679083945647,270.0,340.0,91.91698737810128,0.0,0.0,0.0,0.0,0.0,91.91698737810128,1067.433911442889,0.0,0.0,0.0,0.0,0.0,1067.433911442889
conduction,hot_surface,3945.0,65.75,333.9013460993625,270.0,340.0,91.698137408153,0.0,0.0,0.0,0.0,0.0,91.698137408153,1067.8924021299297,0.0,0.0,0.0,0.0,0.0,1067.8924021299297
conduction,hot_surface,3950.0,65.833333,333.91586670388784,270.0,340.0,91.4798085095623,0.0,0.0,0.0,0.0,0.0,91.4798085095623,1068.3498011724776,0.0,0.0,0.0,0.0,0.0,1068.3498011724776
conduction,hot_surface,3955.0,65.916667,333.9303527355452,270.0,340.0,91.26199944168235,0.0,0.0,0.0,0.0,0.0,91.26199944168235,1068.8061111696861,0.0,0.0,0.0,0.0,0.0,1068.8061111696861
conduction,hot_surface,3960.0,66.0,333.9448042766511,270.0,340.0,91.04470896682159,0.0,0.0,0.0,0.0,0.0,91.04470896682159,1069.2613347145202,0.0,0.0,0.0,0.0,0.0,1069.2613347145202
conduction,hot_surface,3965.0,66.083333,333.9592214093257,270.0,340.0,90.82793585023353,0.0,0.0,0.0,0.0,0.0,90.82793585023353,1069.7154743937715,0.0,0.0,0.0,0.0,0.0,1069.7154743937715
conduction,hot_surface,3970.0,66.166667,333.973604215494,270.0,340.0,90.61167886011418,0.0,0.0,0.0,0.0,0.0,90.61167886011418,1070.168532788072,0.0,0.0,0.0,0.0,0.0,1070.168532788072
conduction,hot_surface,3975.0,66.25,333.98795277688566,270.0,340.0,90.39593676759011,0.0,0.0,0.0,0.0,0.0,90.39593676759011,1070.62051247191,0.0,0.0,0.0,0.0,0.0,1070.62051247191
conduction,hot_surface,3980.0,66.333333,334.0022671750359,270.0,340.0,90.18070834671505,0.0,0.0,0.0,0.0,0.0,90.18070834671505,1071.0714160136433,0.0,0.0,0.0,0.0,0.0,1071.0714160136433
conduction,hot_surface,3985.0,66.416667,334.01654749128585,270.0,340.0,89.96599237446134,0.0,0.0,0.0,0.0,0.0,89.96599237446134,1071.5212459755155,0.0,0.0,0.0,0.0,0.0,1071.5212459755155
conduction,hot_surface,3990.0,66.5,334.0307938067828,270.0,340.0,89.75178763071227,0.0,0.0,0.0,0.0,0.0,89.75178763071227,1071.970004913669,0.0,0.0,0.0,0.0,0.0,1071.970004913669
conduction,hot_surface,3995.0,66.583333,334.0450062024809,270.0,340.0,89.53809289825784,0.0,0.0,0.0,0.0,0.0,89.53809289825784,1072.4176953781603,0.0,0.0,0.0,0.0,0.0,1072.4176953781603
conduction,hot_surface,4000.0,66.666667,334.05918475914166,270.0,340.0,89.3249069627862,0.0,0.0,0.0,0.0,0.0,89.3249069627862,1072.8643199129742,0.0,0.0,0.0,0.0,0.0,1072.8643199129742
conduction,hot_surface,4005.0,66.75,334.0733295573342,270.0,340.0,89.11222861287513,0.0,0.0,0.0,0.0,0.0,89.11222861287513,1073.3098810560386,0.0,0.0,0.0,0.0,0.0,1073.3098810560386
conduction,hot_surface,4010.0,66.833333,334.0874406774358,270.0,340.0,88.90005663998693,0.0,0.0,0.0,0.0,0.0,88.90005663998693,1073.7543813392385,0.0,0.0,0.0,0.0,0.0,1073.7543813392385
conduction,hot_surface,4015.0,66.916667,334.1015181996324,270.0,340.0,88.68838983846331,0.0,0.0,0.0,0.0,0.0,88.68838983846331,1074.1978232884308,0.0,0.0,0.0,0.0,0.0,1074.1978232884308
conduction,hot_surface,4020.0,67.0,334.11556220391896,270.0,340.0,88.4772270055143,0.0,0.0,0.0,0.0,0.0,88.4772270055143,1074.6402094234581,0.0,0.0,0.0,0.0,0.0,1074.6402094234581
conduction,hot_surface,4025.0,67.083333,334.1295727701001,270.0,340.0,88.26656694121567,0.0,0.0,0.0,0.0,0.0,88.26656694121567,1075.0815422581643,0.0,0.0,0.0,0.0,0.0,1075.0815422581643
conduction,hot_surface,4030.0,67.166667,334.1435499777903,270.0,340.0,88.05640844849876,0.0,0.0,0.0,0.0,0.0,88.05640844849876,1075.521824300407,0.0,0.0,0.0,0.0,0.0,1075.521824300407
conduction,hot_surface,4035.0,67.25,334.15749390641463,270.0,340.0,87.84675033314528,0.0,0.0,0.0,0.0,0.0,87.84675033314528,1075.9610580520728,0.0,0.0,0.0,0.0,0.0,1075.9610580520728
conduction,hot_surface,4040.0,67.333333,334.1714046352089,270.0,340.0,87.63759140378056,0.0,0.0,0.0,0.0,0.0,87.63759140378056,1076.3992460090917,0.0,0.0,0.0,0.0,0.0,1076.3992460090917
conduction,hot_surface,4045.0,67.416667,334.1852822432203,270.0,340.0,87.42893047186669,0.0,0.0,0.0,0.0,0.0,87.42893047186669,1076.836390661451,0.0,0.0,0.0,0.0,0.0,1076.836390661451
conduction,hot_surface,4050.0,67.5,334.19912680930787,270.0,340.0,87.22076635169572,0.0,0.0,0.0,0.0,0.0,87.22076635169572,1077.2724944932095,0.0,0.0,0.0,0.0,0.0,1077.2724944932095
conduction,hot_surface,4055.0,67.583333,334.2129384121429,270.0,340.0,87.01309786038195,0.0,0.0,0.0,0.0,0.0,87.01309786038195,1077.7075599825114,0.0,0.0,0.0,0.0,0.0,1077.7075599825114
conduction,hot_surface,4060.0,67.666667,334.2267171302092,270.0,340.0,86.80592381785686,0.0,0.0,0.0,0.0,0.0,86.80592381785686,1078.1415896016008,0.0,0.0,0.0,0.0,0.0,1078.1415896016008
conduction,hot_surface,4065.0,67.75,334.24046304180393,270.0,340.0,86.59924304686228,0.0,0.0,0.0,0.0,0.0,86.59924304686228,1078.574585816835,0.0,0.0,0.0,0.0,0.0,1078.574585816835
conduction,hot_surface,4070.0,67.833333,334.2541762250377,270.0,340.0,86.39305437294098,0.0,0.0,0.0,0.0,0.0,86.39305437294098,1079.0065510886998,0.0,0.0,0.0,0.0,0.0,1079.0065510886998
conduction,hot_surface,4075.0,67.916667,334.26785675783526,270.0,340.0,86.18735662443413,0.0,0.0,0.0,0.0,0.0,86.18735662443413,1079.437487871822,0.0,0.0,0.0,0.0,0.0,1079.437487871822
conduction,hot_surface,4080.0,68.0,334.28150471793566,270.0,340.0,85.98214863247108,0.0,0.0,0.0,0.0,0.0,85.98214863247108,1079.8673986149843,0.0,0.0,0.0,0.0,0.0,1079.8673986149843
conduction,hot_surface,4085.0,68.083333,334.29512018289296,270.0,340.0,85.77742923096508,0.0,0.0,0.0,0.0,0.0,85.77742923096508,1080.2962857611392,0.0,0.0,0.0,0.0,0.0,1080.2962857611392
conduction,hot_surface,4090.0,68.166667,334.30870323007656,270.0,340.0,85.57319725660562,0.0,0.0,0.0,0.0,0.0,85.57319725660562,1080.724151747422,0.0,0.0,0.0,0.0,0.0,1080.724151747422
conduction,hot_surface,4095.0,68.25,334.32225393667164,270.0,340.0,85.3694515488516,0.0,0.0,0.0,0.0,0.0,85.3694515488516,1081.1509990051663,0.0,0.0,0.0,0.0,0.0,1081.1509990051663
conduction,hot_surface,4100.0,68.333333,334.33577237967955,270.0,340.0,85.16619094992535,0.0,0.0,0.0,0.0,0.0,85.16619094992535,1081.576829959916,0.0,0.0,0.0,0.0,0.0,1081.576829959916
conduction,hot_surface,4105.0,68.416667,334.34925863591843,270.0,340.0,84.96341430480669,0.0,0.0,0.0,0.0,0.0,84.96341430480669,1082.00164703144,0.0,0.0,0.0,0.0,0.0,1082.00164703144
conduction,hot_surface,4110.0,68.5,334.3627127820234,270.0,340.0,84.76112046122353,0.0,0.0,0.0,0.0,0.0,84.76112046122353,1082.4254526337459,0.0,0.0,0.0,0.0,0.0,1082.4254526337459
conduction,hot_surface,4115.0,68.583333,334.37613489444715,270.0,340.0,84.5593082696493,0.0,0.0,0.0,0.0,0.0,84.5593082696493,1082.8482491750942,0.0,0.0,0.0,0.0,0.0,1082.8482491750942
conduction,hot_surface,4120.0,68.666667,334.38952504946036,270.0,340.0,84.35797658329278,0.0,0.0,0.0,0.0,0.0,84.35797658329278,1083.2700390580108,0.0,0.0,0.0,0.0,0.0,1083.2700390580108
conduction,hot_surface,4125.0,68.75,334.40288332315214,270.0,340.0,84.1571242580946,0.0,0.0,0.0,0.0,0.0,84.1571242580946,1083.6908246793014,0.0,0.0,0.0,0.0,0.0,1083.6908246793014
conduction,hot_surface,4130.0,68.833333,334.41620979143033,270.0,340.0,83.95675015271792,0.0,0.0,0.0,0.0,0.0,83.95675015271792,1084.110608430065,0.0,0.0,0.0,0.0,0.0,1084.110608430065
conduction,hot_surface,4135.0,68.916667,334.42950453002214,270.0,340.0,83.756853128545,0.0,0.0,0.0,0.0,0.0,83.756853128545,1084.5293926957077,0.0,0.0,0.0,0.0,0.0,1084.5293926957077
conduction,hot_surface,4140.0,69.0,334.44276761447446,270.0,340.0,83.55743204966785,0.0,0.0,0.0,0.0,0.0,83.55743204966785,1084.947179855956,0.0,0.0,0.0,0.0,0.0,1084.947179855956
conduction,hot_surface,4145.0,69.083333,334.4559991201543,270.0,340.0,83.35848578288306,0.0,0.0,0.0,0.0,0.0,83.35848578288306,1085.3639722848704,0.0,0.0,0.0,0.0,0.0,1085.3639722848704
conduction,hot_surface,4150.0,69.166667,334.46919912224917,270.0,340.0,83.16001319768588,0.0,0.0,0.0,0.0,0.0,83.16001319768588,1085.7797723508588,0.0,0.0,0.0,0.0,0.0,1085.7797723508588
conduction,hot_surface,4155.0,69.25,334.4823676957676,270.0,340.0,82.96201316626252,0.0,0.0,0.0,0.0,0.0,82.96201316626252,1086.19458241669,0.0,0.0,0.0,0.0,0.0,1086.19458241669
conduction,hot_surface,4160.0,69.333333,334.4955049155396,270.0,340.0,82.7644845634859,0.0,0.0,0.0,0.0,0.0,82.7644845634859,1086.6084048395076,0.0,0.0,0.0,0.0,0.0,1086.6084048395076
conduction,hot_surface,4165.0,69.416667,334.5086108562169,270.0,340.0,82.56742626690624,0.0,0.0,0.0,0.0,0.0,82.56742626690624,1087.021241970842,0.0,0.0,0.0,0.0,0.0,1087.021241970842
conduction,hot_surface,4170.0,69.5,334.5216855922735,270.0,340.0,82.37083715674686,0.0,0.0,0.0,0.0,0.0,82.37083715674686,1087.4330961566259,0.0,0.0,0.0,0.0,0.0,1087.4330961566259
conduction,hot_surface,4175.0,69.583333,334.5347291980062,270.0,340.0,82.1747161158973,0.0,0.0,0.0,0.0,0.0,82.1747161158973,1087.8439697372053,0.0,0.0,0.0,0.0,0.0,1087.8439697372053
conduction,hot_surface,4180.0,69.666667,334.54774174753476,270.0,340.0,81.97906202990737,0.0,0.0,0.0,0.0,0.0,81.97906202990737,1088.2538650473548,0.0,0.0,0.0,0.0,0.0,1088.2538650473548
conduction,hot_surface,4185.0,69.75,334.56072331480254,270.0,340.0,81.78387378697863,0.0,0.0,0.0,0.0,0.0,81.78387378697863,1088.6627844162895,0.0,0.0,0.0,0.0,0.0,1088.6627844162895
conduction,hot_surface,4190.0,69.833333,334.57367397357683,270.0,340.0,81.58915027796183,0.0,0.0,0.0,0.0,0.0,81.58915027796183,1089.0707301676794,0.0,0.0,0.0,0.0,0.0,1089.0707301676794
conduction,hot_surface,4195.0,69.916667,334.58659379744927,270.0,340.0,81.39489039634753,0.0,0.0,0.0,0.0,0.0,81.39489039634753,1089.477704619661,0.0,0.0,0.0,0.0,0.0,1089.477704619661
conduction,hot_surface,4200.0,70.0,334.5994828598363,270.0,340.0,81.20109303826098,0.0,0.0,0.0,0.0,0.0,81.20109303826098,1089.8837100848523,0.0,0.0,0.0,0.0,0.0,1089.8837100848523
conduction,hot_surface,4205.0,70.083333,334.6123412339796,270.0,340.0,81.00775710245529,0.0,0.0,0.0,0.0,0.0,81.00775710245529,1090.2887488703645,0.0,0.0,0.0,0.0,0.0,1090.2887488703645
conduction,hot_surface,4210.0,70.166667,334.62516899294627,270.0,340.0,80.81488149030633,0.0,0.0,0.0,0.0,0.0,80.81488149030633,1090.6928232778162,0.0,0.0,0.0,0.0,0.0,1090.6928232778162
conduction,hot_surface,4215.0,70.25,334.6379662096297,270.0,340.0,80.62246510580593,0.0,0.0,0.0,0.0,0.0,80.62246510580593,1091.0959356033452,0.0,0.0,0.0,0.0,0.0,1091.0959356033452
conduction,hot_surface,4220.0,70.333333,334.65073295674966,270.0,340.0,80.43050685555414,0.0,0.0,0.0,0.0,0.0,80.43050685555414,1091.4980881376232,0.0,0.0,0.0,0.0,0.0,1091.4980881376232
conduction,hot_surface,4225.0,70.416667,334.6634693068526,270.0,340.0,80.23900564875504,0.0,0.0,0.0,0.0,0.0,80.23900564875504,1091.899283165867,0.0,0.0,0.0,0.0,0.0,1091.899283165867
conduction,hot_surface,4230.0,70.5,334.6761753323125,270.0,340.0,80.04796039721072,0.0,0.0,0.0,0.0,0.0,80.04796039721072,1092.2995229678531,0.0,0.0,0.0,0.0,0.0,1092.2995229678531
conduction,hot_surface,4235.0,70.583333,334.6888511053308,270.0,340.0,79.85737001531277,0.0,0.0,0.0,0.0,0.0,79.85737001531277,1092.6988098179297,0.0,0.0,0.0,0.0,0.0,1092.6988098179297
conduction,hot_surface,4240.0,70.666667,334.70149669793716,270.0,340.0,79.66723342003803,0.0,0.0,0.0,0.0,0.0,79.66723342003803,1093.0971459850298,0.0,0.0,0.0,0.0,0.0,1093.0971459850298
conduction,hot_surface,4245.0,70.75,334.71411218198966,270.0,340.0,79.47754953094261,0.0,0.0,0.0,0.0,0.0,79.47754953094261,1093.4945337326847,0.0,0.0,0.0,0.0,0.0,1093.4945337326847
conduction,hot_surface,4250.0,70.833333,334.7266976291754,270.0,340.0,79.28831727015506,0.0,0.0,0.0,0.0,0.0,79.28831727015506,1093.8909753190353,0.0,0.0,0.0,0.0,0.0,1093.8909753190353
conduction,hot_surface,4255.0,70.916667,334.7392531110107,270.0,340.0,79.09953556236871,0.0,0.0,0.0,0.0,0.0,79.09953556236871,1094.2864729968474,0.0,0.0,0.0,0.0,0.0,1094.2864729968474
conduction,hot_surface,4260.0,71.0,334.75177869884163,270.0,340.0,78.91120333483912,0.0,0.0,0.0,0.0,0.0,78.91120333483912,1094.6810290135215,0.0,0.0,0.0,0.0,0.0,1094.6810290135215
conduction,hot_surface,4265.0,71.083333,334.7642744638444,270.0,340.0,78.7233195173755,0.0,0.0,0.0,0.0,0.0,78.7233195173755,1095.0746456111083,0.0,0.0,0.0,0.0,0.0,1095.0746456111083
conduction,hot_surface,4270.0,71.166667,334.7767404770257,270.0,340.0,78.53588304233398,0.0,0.0,0.0,0.0,0.0,78.53588304233398,1095.4673250263202,0.0,0.0,0.0,0.0,0.0,1095.4673250263202
conduction,hot_surface,4275.0,71.25,334.7891768092233,270.0,340.0,78.34889284461411,0.0,0.0,0.0,0.0,0.0,78.34889284461411,1095.859069490543,0.0,0.0,0.0,0.0,0.0,1095.859069490543
conduction,hot_surface,4280.0,71.333333,334.80158353110613,270.0,340.0,78.1623478616504,0.0,0.0,0.0,0.0,0.0,78.1623478616504,1096.2498812298513,0.0,0.0,0.0,0.0,0.0,1096.2498812298513
conduction,hot_surface,4285.0,71.416667,334.81396071317494,270.0,340.0,77.97624703340801,0.0,0.0,0.0,0.0,0.0,77.97624703340801,1096.6397624650185,0.0,0.0,0.0,0.0,0.0,1096.6397624650185
conduction,hot_surface,4290.0,71.5,334.8263084257626,270.0,340.0,77.79058930237596,0.0,0.0,0.0,0.0,0.0,77.79058930237596,1097.0287154115304,0.0,0.0,0.0,0.0,0.0,1097.0287154115304
conduction,hot_surface,4295.0,71.583333,334.83862673903457,270.0,340.0,77.60537361356114,0.0,0.0,0.0,0.0,0.0,77.60537361356114,1097.4167422795983,0.0,0.0,0.0,0.0,0.0,1097.4167422795983
conduction,hot_surface,4300.0,71.666667,334.85091572298927,270.0,340.0,77.4205989144815,0.0,0.0,0.0,0.0,0.0,77.4205989144815,1097.8038452741707,0.0,0.0,0.0,0.0,0.0,1097.8038452741707
conduction,hot_surface,4305.0,71.75,334.86317544745833,270.0,340.0,77.23626415516094,0.0,0.0,0.0,0.0,0.0,77.23626415516094,1098.1900265949464,0.0,0.0,0.0,0.0,0.0,1098.1900265949464
conduction,hot_surface,4310.0,71.833333,334.8754059821072,270.0,340.0,77.05236828812502,0.0,0.0,0.0,0.0,0.0,77.05236828812502,1098.575288436387,0.0,0.0,0.0,0.0,0.0,1098.575288436387
conduction,hot_surface,4315.0,71.916667,334.88760739643556,270.0,340.0,76.86891026839163,0.0,0.0,0.0,0.0,0.0,76.86891026839163,1098.959632987729,0.0,0.0,0.0,0.0,0.0,1098.959632987729
conduction,hot_surface,4320.0,72.0,334.8997797597774,270.0,340.0,76.68588905346667,0.0,0.0,0.0,0.0,0.0,76.68588905346667,1099.3430624329965,0.0,0.0,0.0,0.0,0.0,1099.3430624329965
conduction,hot_surface,4325.0,72.083333,334.91192314130177,270.0,340.0,76.50330360333896,0.0,0.0,0.0,0.0,0.0,76.50330360333896,1099.725578951013,0.0,0.0,0.0,0.0,0.0,1099.725578951013
conduction,hot_surface,4330.0,72.166667,334.92403761001293,270.0,340.0,76.32115288047345,0.0,0.0,0.0,0.0,0.0,76.32115288047345,1100.1071847154153,0.0,0.0,0.0,0.0,0.0,1100.1071847154153
conduction,hot_surface,4335.0,72.25,334.936123234751,270.0,340.0,76.13943584980603,0.0,0.0,0.0,0.0,0.0,76.13943584980603,1100.4878818946643,0.0,0.0,0.0,0.0,0.0,1100.4878818946643
conduction,hot_surface,4340.0,72.333333,334.9481800841921,270.0,340.0,75.95815147873509,0.0,0.0,0.0,0.0,0.0,75.95815147873509,1100.867672652058,0.0,0.0,0.0,0.0,0.0,1100.867672652058
conduction,hot_surface,4345.0,72.416667,334.96020822684875,270.0,340.0,75.77729873711888,0.0,0.0,0.0,0.0,0.0,75.77729873711888,1101.2465591457437,0.0,0.0,0.0,0.0,0.0,1101.2465591457437
conduction,hot_surface,4350.0,72.5,334.9722077310705,270.0,340.0,75.59687659726876,0.0,0.0,0.0,0.0,0.0,75.59687659726876,1101.62454352873,0.0,0.0,0.0,0.0,0.0,1101.62454352873
conduction,hot_surface,4355.0,72.583333,334.98417866504417,270.0,340.0,75.41688403394232,0.0,0.0,0.0,0.0,0.0,75.41688403394232,1102.0016279488998,0.0,0.0,0.0,0.0,0.0,1102.0016279488998
conduction,hot_surface,4360.0,72.666667,334.99612109679407,270.0,340.0,75.23732002433746,0.0,0.0,0.0,0.0,0.0,75.23732002433746,1102.3778145490214,0.0,0.0,0.0,0.0,0.0,1102.3778145490214
conduction,hot_surface,4365.0,72.75,335.0080350941827,270.0,340.0,75.05818354808895,0.0,0.0,0.0,0.0,0.0,75.05818354808895,1102.7531054667618,0.0,0.0,0.0,0.0,0.0,1102.7531054667618
conduction,hot_surface,4370.0,72.833333,335.01992072491083,270.0,340.0,74.8794735872599,0.0,0.0,0.0,0.0,0.0,74.8794735872599,1103.1275028346981,0.0,0.0,0.0,0.0,0.0,1103.1275028346981
conduction,hot_surface,4375.0,72.916667,335.0317780565182,270.0,340.0,74.70118912633751,0.0,0.0,0.0,0.0,0.0,74.70118912633751,1103.50100878033,0.0,0.0,0.0,0.0,0.0,1103.50100878033
conduction,hot_surface,4380.0,73.0,335.04360715638364,270.0,340.0,74.52332915222712,0.0,0.0,0.0,0.0,0.0,74.52332915222712,1103.873625426091,0.0,0.0,0.0,0.0,0.0,1103.873625426091
conduction,hot_surface,4385.0,73.083333,335.0554080917256,270.0,340.0,74.34589265424535,0.0,0.0,0.0,0.0,0.0,74.34589265424535,1104.2453548893623,0.0,0.0,0.0,0.0,0.0,1104.2453548893623
conduction,hot_surface,4390.0,73.166667,335.06718092960244,270.0,340.0,74.16887862411585,0.0,0.0,0.0,0.0,0.0,74.16887862411585,1104.616199282483,0.0,0.0,0.0,0.0,0.0,1104.616199282483
conduction,hot_surface,4395.0,73.25,335.07892573691294,270.0,340.0,73.99228605596335,0.0,0.0,0.0,0.0,0.0,73.99228605596335,1104.9861607127627,0.0,0.0,0.0,0.0,0.0,1104.9861607127627
conduction,hot_surface,4400.0,73.333333,335.0906425803965,270.0,340.0,73.81611394630596,0.0,0.0,0.0,0.0,0.0,73.81611394630596,1105.3552412824943,0.0,0.0,0.0,0.0,0.0,1105.3552412824943
conduction,hot_surface,4405.0,73.416667,335.10233152663363,270.0,340.0,73.64036129405264,0.0,0.0,0.0,0.0,0.0,73.64036129405264,1105.7234430889646,0.0,0.0,0.0,0.0,0.0,1105.7234430889646
conduction,hot_surface,4410.0,73.5,335.1139926420464,270.0,340.0,73.46502710049549,0.0,0.0,0.0,0.0,0.0,73.46502710049549,1106.090768224467,0.0,0.0,0.0,0.0,0.0,1106.090768224467
conduction,hot_surface,4415.0,73.583333,335.1256259928987,270.0,340.0,73.29011036930382,0.0,0.0,0.0,0.0,0.0,73.29011036930382,1106.4572187763135,0.0,0.0,0.0,0.0,0.0,1106.4572187763135
conduction,hot_surface,4420.0,73.666667,335.13723164529654,270.0,340.0,73.11561010651985,0.0,0.0,0.0,0.0,0.0,73.11561010651985,1106.8227968268461,0.0,0.0,0.0,0.0,0.0,1106.8227968268461
conduction,hot_surface,4425.0,73.75,335.1488096651887,270.0,340.0,72.94152532055193,0.0,0.0,0.0,0.0,0.0,72.94152532055193,1107.187504453449,0.0,0.0,0.0,0.0,0.0,1107.187504453449
conduction,hot_surface,4430.0,73.833333,335.16036011836684,270.0,340.0,72.76785502216939,0.0,0.0,0.0,0.0,0.0,72.76785502216939,1107.5513437285597,0.0,0.0,0.0,0.0,0.0,1107.5513437285597
conduction,hot_surface,4435.0,73.916667,335.171883070466,270.0,340.0,72.59459822449742,0.0,0.0,0.0,0.0,0.0,72.59459822449742,1107.9143167196821,0.0,0.0,0.0,0.0,0.0,1107.9143167196821
conduction,hot_surface,4440.0,74.0,335.18337858696486,270.0,340.0,72.42175394301029,0.0,0.0,0.0,0.0,0.0,72.42175394301029,1108.2764254893973,0.0,0.0,0.0,0.0,0.0,1108.2764254893973
conduction,hot_surface,4445.0,74.083333,335.19484673318635,270.0,340.0,72.24932119552705,0.0,0.0,0.0,0.0,0.0,72.24932119552705,1108.637672095375,0.0,0.0,0.0,0.0,0.0,1108.637672095375
conduction,hot_surface,4450.0,74.166667,335.2062875742978,270.0,340.0,72.07729900220471,0.0,0.0,0.0,0.0,0.0,72.07729900220471,1108.9980585903859,0.0,0.0,0.0,0.0,0.0,1108.9980585903859
conduction,hot_surface,4455.0,74.25,335.2177011753114,270.0,340.0,71.90568638553316,0.0,0.0,0.0,0.0,0.0,71.90568638553316,1109.3575870223133,0.0,0.0,0.0,0.0,0.0,1109.3575870223133
conduction,hot_surface,4460.0,74.333333,335.2290876010845,270.0,340.0,71.73448237032915,0.0,0.0,0.0,0.0,0.0,71.73448237032915,1109.716259434165,0.0,0.0,0.0,0.0,0.0,1109.716259434165
conduction,hot_surface,4465.0,74.416667,335.24044691631997,270.0,340.0,71.56368598373291,0.0,0.0,0.0,0.0,0.0,71.56368598373291,1110.0740778640836,0.0,0.0,0.0,0.0,0.0,1110.0740778640836
conduction,hot_surface,4470.0,74.5,335.2517791855668,270.0,340.0,71.39329625520048,0.0,0.0,0.0,0.0,0.0,71.39329625520048,1110.4310443453599,0.0,0.0,0.0,0.0,0.0,1110.4310443453599
conduction,hot_surface,4475.0,74.583333,335.2630844732202,270.0,340.0,71.22331221649773,0.0,0.0,0.0,0.0,0.0,71.22331221649773,1110.7871609064423,0.0,0.0,0.0,0.0,0.0,1110.7871609064423
conduction,hot_surface,4480.0,74.666667,335.27436284352206,270.0,340.0,71.05373290169695,0.0,0.0,0.0,0.0,0.0,71.05373290169695,1111.1424295709508,0.0,0.0,0.0,0.0,0.0,1111.1424295709508
conduction,hot_surface,4485.0,74.75,335.2856143605613,270.0,340.0,70.88455734716916,0.0,0.0,0.0,0.0,0.0,70.88455734716916,1111.4968523576867,0.0,0.0,0.0,0.0,0.0,1111.4968523576867
conduction,hot_surface,4490.0,74.833333,335.2968390882742,270.0,340.0,70.71578459158076,0.0,0.0,0.0,0.0,0.0,70.71578459158076,1111.8504312806447,0.0,0.0,0.0,0.0,0.0,1111.8504312806447
conduction,hot_surface,4495.0,74.916667,335.308037090445,270.0,340.0,70.54741367588662,0.0,0.0,0.0,0.0,0.0,70.54741367588662,1112.203168349024,0.0,0.0,0.0,0.0,0.0,1112.203168349024
conduction,hot_surface,4500.0,75.0,335.3192084307058,270.0,340.0,70.37944364332503,0.0,0.0,0.0,0.0,0.0,70.37944364332503,1112.5550655672407,0.0,0.0,0.0,0.0,0.0,1112.5550655672407
conduction,hot_surface,4505.0,75.083333,335.33035317253746,270.0,340.0,70.21187353941258,0.0,0.0,0.0,0.0,0.0,70.21187353941258,1112.906124934938,0.0,0.0,0.0,0.0,0.0,1112.906124934938
conduction,hot_surface,4510.0,75.166667,335.34147137926954,270.0,340.0,70.04470241193815,0.0,0.0,0.0,0.0,0.0,70.04470241193815,1113.2563484469977,0.0,0.0,0.0,0.0,0.0,1113.2563484469977
conduction,hot_surface,4515.0,75.25,335.3525631140808,270.0,340.0,69.87792931095697,0.0,0.0,0.0,0.0,0.0,69.87792931095697,1113.6057380935524,0.0,0.0,0.0,0.0,0.0,1113.6057380935524
conduction,hot_surface,4520.0,75.333333,335.3636284399997,270.0,340.0,69.71155328878808,0.0,0.0,0.0,0.0,0.0,69.71155328878808,1113.9542958599964,0.0,0.0,0.0,0.0,0.0,1113.9542958599964
conduction,hot_surface,4525.0,75.416667,335.3746674199044,270.0,340.0,69.54557340000491,0.0,0.0,0.0,0.0,0.0,69.54557340000491,1114.3020237269966,0.0,0.0,0.0,0.0,0.0,1114.3020237269966
conduction,hot_surface,4530.0,75.5,335.3856801165237,270.0,340.0,69.3799887014336,0.0,0.0,0.0,0.0,0.0,69.3799887014336,1114.6489236705038,0.0,0.0,0.0,0.0,0.0,1114.6489236705038
conduction,hot_surface,4535.0,75.583333,335.39666659243676,270.0,340.0,69.21479825214448,0.0,0.0,0.0,0.0,0.0,69.21479825214448,1114.9949976617645,0.0,0.0,0.0,0.0,0.0,1114.9949976617645
conduction,hot_surface,4540.0,75.666667,335.4076269100738,270.0,340.0,69.05000111344862,0.0,0.0,0.0,0.0,0.0,69.05000111344862,1115.3402476673318,0.0,0.0,0.0,0.0,0.0,1115.3402476673318
conduction,hot_surface,4545.0,75.75,335.4185611317165,270.0,340.0,68.88559634889276,0.0,0.0,0.0,0.0,0.0,68.88559634889276,1115.6846756490763,0.0,0.0,0.0,0.0,0.0,1115.6846756490763
conduction,hot_surface,4550.0,75.833333,335.42946931949814,270.0,340.0,68.72158302425248,0.0,0.0,0.0,0.0,0.0,68.72158302425248,1116.0282835641976,0.0,0.0,0.0,0.0,0.0,1116.0282835641976
conduction,hot_surface,4555.0,75.916667,335.4403515354041,270.0,340.0,68.55796020752791,0.0,0.0,0.0,0.0,0.0,68.55796020752791,1116.3710733652351,0.0,0.0,0.0,0.0,0.0,1116.3710733652351
conduction,hot_surface,4560.0,76.0,335.45120784127215,270.0,340.0,68.39472696893864,0.0,0.0,0.0,0.0,0.0,68.39472696893864,1116.7130470000798,0.0,0.0,0.0,0.0,0.0,1116.7130470000798
conduction,hot_surface,4565.0,76.083333,335.46203829879295,270.0,340.0,68.23188238091774,0.0,0.0,0.0,0.0,0.0,68.23188238091774,1117.0542064119845,0.0,0.0,0.0,0.0,0.0,1117.0542064119845
conduction,hot_surface,4570.0,76.166667,335.4728429695101,270.0,340.0,68.06942551810579,0.0,0.0,0.0,0.0,0.0,68.06942551810579,1117.394553539575,0.0,0.0,0.0,0.0,0.0,1117.394553539575
conduction,hot_surface,4575.0,76.25,335.4836219148208,270.0,340.0,67.90735545734833,0.0,0.0,0.0,0.0,0.0,67.90735545734833,1117.734090316862,0.0,0.0,0.0,0.0,0.0,1117.734090316862
conduction,hot_surface,4580.0,76.333333,335.494375195976,270.0,340.0,67.74567127768819,0.0,0.0,0.0,0.0,0.0,67.74567127768819,1118.0728186732504,0.0,0.0,0.0,0.0,0.0,1118.0728186732504
conduction,hot_surface,4585.0,76.416667,335.5051028740808,270.0,340.0,67.58437206036035,0.0,0.0,0.0,0.0,0.0,67.58437206036035,1118.4107405335521,0.0,0.0,0.0,0.0,0.0,1118.4107405335521
conduction,hot_surface,4590.0,76.5,335.51580501009494,270.0,340.0,67.42345688878771,0.0,0.0,0.0,0.0,0.0,67.42345688878771,1118.747857817996,0.0,0.0,0.0,0.0,0.0,1118.747857817996
conduction,hot_surface,4595.0,76.583333,335.52648166483283,270.0,340.0,67.26292484857595,0.0,0.0,0.0,0.0,0.0,67.26292484857595,1119.084172442239,0.0,0.0,0.0,0.0,0.0,1119.084172442239
conduction,hot_surface,4600.0,76.666667,335.53713289896416,270.0,340.0,67.10277502750756,0.0,0.0,0.0,0.0,0.0,67.10277502750756,1119.4196863173765,0.0,0.0,0.0,0.0,0.0,1119.4196863173765
conduction,hot_surface,4605.0,76.75,335.54775877301427,270.0,340.0,66.9430065155376,0.0,0.0,0.0,0.0,0.0,66.9430065155376,1119.7544013499544,0.0,0.0,0.0,0.0,0.0,1119.7544013499544
conduction,hot_surface,4610.0,76.833333,335.5583593473642,270.0,340.0,66.78361840478601,0.0,0.0,0.0,0.0,0.0,66.78361840478601,1120.0883194419782,0.0,0.0,0.0,0.0,0.0,1120.0883194419782
conduction,hot_surface,4615.0,76.916667,335.56893468225144,270.0,340.0,66.62460978953675,0.0,0.0,0.0,0.0,0.0,66.62460978953675,1120.4214424909258,0.0,0.0,0.0,0.0,0.0,1120.4214424909258
conduction,hot_surface,4620.0,77.0,335.5794848377699,270.0,340.0,66.46597976622843,0.0,0.0,0.0,0.0,0.0,66.46597976622843,1120.753772389757,0.0,0.0,0.0,0.0,0.0,1120.753772389757
conduction,hot_surface,4625.0,77.083333,335.59000987387043,270.0,340.0,66.30772743345176,0.0,0.0,0.0,0.0,0.0,66.30772743345176,1121.0853110269243,0.0,0.0,0.0,0.0,0.0,1121.0853110269243
conduction,hot_surface,4630.0,77.166667,335.6005098503612,270.0,340.0,66.14985189194357,0.0,0.0,0.0,0.0,0.0,66.14985189194357,1121.416060286384,0.0,0.0,0.0,0.0,0.0,1121.416060286384
conduction,hot_surface,4635.0,77.25,335.61098482690795,270.0,340.0,65.9923522445817,0.0,0.0,0.0,0.0,0.0,65.9923522445817,1121.746022047607,0.0,0.0,0.0,0.0,0.0,1121.746022047607
conduction,hot_surface,4640.0,77.333333,335.6214348630344,270.0,340.0,65.83522759638072,0.0,0.0,0.0,0.0,0.0,65.83522759638072,1122.075198185589,0.0,0.0,0.0,0.0,0.0,1122.075198185589
conduction,hot_surface,4645.0,77.416667,335.6318600181224,270.0,340.0,65.67847705448429,0.0,0.0,0.0,0.0,0.0,65.67847705448429,1122.4035905708613,0.0,0.0,0.0,0.0,0.0,1122.4035905708613
conduction,hot_surface,4650.0,77.5,335.6422603514126,270.0,340.0,65.52209972816428,0.0,0.0,0.0,0.0,0.0,65.52209972816428,1122.731201069502,0.0,0.0,0.0,0.0,0.0,1122.731201069502
conduction,hot_surface,4655.0,77.583333,335.65263592200444,270.0,340.0,65.36609472881139,0.0,0.0,0.0,0.0,0.0,65.36609472881139,1123.0580315431462,0.0,0.0,0.0,0.0,0.0,1123.0580315431462
conduction,hot_surface,4660.0,77.666667,335.6629867888568,270.0,340.0,65.21046116993347,0.0,0.0,0.0,0.0,0.0,65.21046116993347,1123.384083848996,0.0,0.0,0.0,0.0,0.0,1123.384083848996
conduction,hot_surface,4665.0,77.75,335.6733130107881,270.0,340.0,65.05519816714781,0.0,0.0,0.0,0.0,0.0,65.05519816714781,1123.7093598398314,0.0,0.0,0.0,0.0,0.0,1123.7093598398314
conduction,hot_surface,4670.0,77.833333,335.6836146464767,270.0,340.0,64.90030483817861,0.0,0.0,0.0,0.0,0.0,64.90030483817861,1124.0338613640224,0.0,0.0,0.0,0.0,0.0,1124.0338613640224
conduction,hot_surface,4675.0,77.916667,335.6938917544613,270.0,340.0,64.74578030284931,0.0,0.0,0.0,0.0,0.0,64.74578030284931,1124.3575902655366,0.0,0.0,0.0,0.0,0.0,1124.3575902655366
conduction,hot_surface,4680.0,78.0,335.7041443931411,270.0,340.0,64.59162368308085,0.0,0.0,0.0,0.0,0.0,64.59162368308085,1124.680548383952,0.0,0.0,0.0,0.0,0.0,1124.680548383952
conduction,hot_surface,4685.0,78.083333,335.7143726207765,270.0,340.0,64.43783410288319,0.0,0.0,0.0,0.0,0.0,64.43783410288319,1125.0027375544666,0.0,0.0,0.0,0.0,0.0,1125.0027375544666
conduction,hot_surface,4690.0,78.166667,335.7245764954889,270.0,340.0,64.2844106883527,0.0,0.0,0.0,0.0,0.0,64.2844106883527,1125.3241596079085,0.0,0.0,0.0,0.0,0.0,1125.3241596079085
conduction,hot_surface,4695.0,78.25,335.73475607526154,270.0,340.0,64.13135256766623,0.0,0.0,0.0,0.0,0.0,64.13135256766623,1125.6448163707469,0.0,0.0,0.0,0.0,0.0,1125.6448163707469
conduction,hot_surface,4700.0,78.333333,335.7449114179395,270.0,340.0,63.978658871076846,0.0,0.0,0.0,0.0,0.0,63.978658871076846,1125.9647096651022,0.0,0.0,0.0,0.0,0.0,1125.9647096651022
conduction,hot_surface,4705.0,78.416667,335.7550425812301,270.0,340.0,63.826328730907846,0.0,0.0,0.0,0.0,0.0,63.826328730907846,1126.2838413087568,0.0,0.0,0.0,0.0,0.0,1126.2838413087568
conduction,hot_surface,4710.0,78.5,335.76514962270335,270.0,340.0,63.6743612815485,0.0,0.0,0.0,0.0,0.0,63.6743612815485,1126.6022131151644,0.0,0.0,0.0,0.0,0.0,1126.6022131151644
conduction,hot_surface,4715.0,78.583333,335.77523259979216,270.0,340.0,63.522755659449786,0.0,0.0,0.0,0.0,0.0,63.522755659449786,1126.919826893462,0.0,0.0,0.0,0.0,0.0,1126.919826893462
conduction,hot_surface,4720.0,78.666667,335.78529156979266,270.0,340.0,63.371511003117575,0.0,0.0,0.0,0.0,0.0,63.371511003117575,1127.2366844484773,0.0,0.0,0.0,0.0,0.0,1127.2366844484773
conduction,hot_surface,4725.0,78.75,335.7953265898646,270.0,340.0,63.22062645311007,0.0,0.0,0.0,0.0,0.0,63.22062645311007,1127.552787580743,0.0,0.0,0.0,0.0,0.0,1127.552787580743
conduction,hot_surface,4730.0,78.833333,335.8053377170316,270.0,340.0,63.070101152030986,0.0,0.0,0.0,0.0,0.0,63.070101152030986,1127.8681380865032,0.0,0.0,0.0,0.0,0.0,1127.8681380865032
conduction,hot_surface,4735.0,78.916667,335.8153250081815,270.0,340.0,62.91993424452613,0.0,0.0,0.0,0.0,0.0,62.91993424452613,1128.1827377577258,0.0,0.0,0.0,0.0,0.0,1128.1827377577258
conduction,hot_surface,4740.0,79.0,335.8252885200668,270.0,340.0,62.77012487727745,0.0,0.0,0.0,0.0,0.0,62.77012487727745,1128.4965883821123,0.0,0.0,0.0,0.0,0.0,1128.4965883821123
conduction,hot_surface,4745.0,79.083333,335.83522830930474,270.0,340.0,62.62067219899791,0.0,0.0,0.0,0.0,0.0,62.62067219899791,1128.8096917431074,0.0,0.0,0.0,0.0,0.0,1128.8096917431074
conduction,hot_surface,4750.0,79.166667,335.8451444323778,270.0,340.0,62.471575360428915,0.0,0.0,0.0,0.0,0.0,62.471575360428915,1129.1220496199094,0.0,0.0,0.0,0.0,0.0,1129.1220496199094
conduction,hot_surface,4755.0,79.25,335.8550369456341,270.0,340.0,62.32283351433267,0.0,0.0,0.0,0.0,0.0,62.32283351433267,1129.4336637874812,0.0,0.0,0.0,0.0,0.0,1129.4336637874812
conduction,hot_surface,4760.0,79.333333,335.86490590528734,270.0,340.0,62.17444581548875,0.0,0.0,0.0,0.0,0.0,62.17444581548875,1129.7445360165586,0.0,0.0,0.0,0.0,0.0,1129.7445360165586
conduction,hot_surface,4765.0,79.416667,335.8747513674176,270.0,340.0,62.02641142068984,0.0,0.0,0.0,0.0,0.0,62.02641142068984,1130.054668073662,0.0,0.0,0.0,0.0,0.0,1130.054668073662
conduction,hot_surface,4770.0,79.5,335.8845733879714,270.0,340.0,61.87872948873576,0.0,0.0,0.0,0.0,0.0,61.87872948873576,1130.3640617211058,0.0,0.0,0.0,0.0,0.0,1130.3640617211058
conduction,hot_surface,4775.0,79.583333,335.89437202276196,270.0,340.0,61.73139918042921,0.0,0.0,0.0,0.0,0.0,61.73139918042921,1130.672718717008,0.0,0.0,0.0,0.0,0.0,1130.672718717008
conduction,hot_surface,4780.0,79.666667,335.9041473274697,270.0,340.0,61.58441965857065,0.0,0.0,0.0,0.0,0.0,61.58441965857065,1130.9806408153008,0.0,0.0,0.0,0.0,0.0,1130.9806408153008
conduction,hot_surface,4785.0,79.75,335.9138993576424,270.0,340.0,61.43779008795491,0.0,0.0,0.0,0.0,0.0,61.43779008795491,1131.2878297657405,0.0,0.0,0.0,0.0,0.0,1131.2878297657405
conduction,hot_surface,4790.0,79.833333,335.9236281686956,270.0,340.0,61.29150963536432,0.0,0.0,0.0,0.0,0.0,61.29150963536432,1131.5942873139174,0.0,0.0,0.0,0.0,0.0,1131.5942873139174
conduction,hot_surface,4795.0,79.916667,335.933333815913,270.0,340.0,61.145577469566206,0.0,0.0,0.0,0.0,0.0,61.145577469566206,1131.9000152012652,0.0,0.0,0.0,0.0,0.0,1131.9000152012652
conduction,hot_surface,4800.0,80.0,335.9430163544465,270.0,340.0,60.99999276130518,0.0,0.0,0.0,0.0,0.0,60.99999276130518,1132.2050151650717,0.0,0.0,0.0,0.0,0.0,1132.2050151650717
conduction,hot_surface,4805.0,80.083333,335.9526758393169,270.0,340.0,60.8547546833023,0.0,0.0,0.0,0.0,0.0,60.8547546833023,1132.5092889384882,0.0,0.0,0.0,0.0,0.0,1132.5092889384882
conduction,hot_surface,4810.0,80.166667,335.96231232541373,270.0,340.0,60.70986241024656,0.0,0.0,0.0,0.0,0.0,60.70986241024656,1132.8128382505392,0.0,0.0,0.0,0.0,0.0,1132.8128382505392
conduction,hot_surface,4815.0,80.25,335.97192586749605,270.0,340.0,60.56531511879399,0.0,0.0,0.0,0.0,0.0,60.56531511879399,1133.1156648261333,0.0,0.0,0.0,0.0,0.0,1133.1156648261333
conduction,hot_surface,4820.0,80.333333,335.9815165201925,270.0,340.0,60.421111987559186,0.0,0.0,0.0,0.0,0.0,60.421111987559186,1133.4177703860712,0.0,0.0,0.0,0.0,0.0,1133.4177703860712
conduction,hot_surface,4825.0,80.416667,335.99108433800154,270.0,340.0,60.277252197112716,0.0,0.0,0.0,0.0,0.0,60.277252197112716,1133.7191566470567,0.0,0.0,0.0,0.0,0.0,1133.7191566470567
conduction,hot_surface,4830.0,80.5,336.000629375292,270.0,340.0,60.13373492997687,0.0,0.0,0.0,0.0,0.0,60.13373492997687,1134.0198253217068,0.0,0.0,0.0,0.0,0.0,1134.0198253217068
conduction,hot_surface,4835.0,80.583333,336.01015168630323,270.0,340.0,59.99055937061968,0.0,0.0,0.0,0.0,0.0,59.99055937061968,1134.31977811856,0.0,0.0,0.0,0.0,0.0,1134.31977811856
conduction,hot_surface,4840.0,80.666667,336.0196513251454,270.0,340.0,59.847724705451526,0.0,0.0,0.0,0.0,0.0,59.847724705451526,1134.6190167420873,0.0,0.0,0.0,0.0,0.0,1134.6190167420873
conduction,hot_surface,4845.0,80.75,336.0291283457998,270.0,340.0,59.70523012281916,0.0,0.0,0.0,0.0,0.0,59.70523012281916,1134.9175428927012,0.0,0.0,0.0,0.0,0.0,1134.9175428927012
conduction,hot_surface,4850.0,80.833333,336.0385828021193,270.0,340.0,59.56307481300314,0.0,0.0,0.0,0.0,0.0,59.56307481300314,1135.215358266766,0.0,0.0,0.0,0.0,0.0,1135.215358266766
conduction,hot_surface,4855.0,80.916667,336.0480147478286,270.0,340.0,59.42125796821017,0.0,0.0,0.0,0.0,0.0,59.42125796821017,1135.5124645566073,0.0,0.0,0.0,0.0,0.0,1135.5124645566073
conduction,hot_surface,4860.0,81.0,336.05742423652424,270.0,340.0,59.279778782571384,0.0,0.0,0.0,0.0,0.0,59.279778782571384,1135.80886345052,0.0,0.0,0.0,0.0,0.0,1135.80886345052
conduction,hot_surface,4865.0,81.083333,336.0668113216754,270.0,340.0,59.13863645213638,0.0,0.0,0.0,0.0,0.0,59.13863645213638,1136.1045566327807,0.0,0.0,0.0,0.0,0.0,1136.1045566327807
conduction,hot_surface,4870.0,81.166667,336.0761760566238,270.0,340.0,58.997830174868966,0.0,0.0,0.0,0.0,0.0,58.997830174868966,1136.399545783655,0.0,0.0,0.0,0.0,0.0,1136.399545783655
conduction,hot_surface,4875.0,81.25,336.0855184945842,270.0,340.0,58.85735915064288,0.0,0.0,0.0,0.0,0.0,58.85735915064288,1136.6938325794083,0.0,0.0,0.0,0.0,0.0,1136.6938325794083
conduction,hot_surface,4880.0,81.333333,336.09483868864476,270.0,340.0,58.71722258123668,0.0,0.0,0.0,0.0,0.0,58.71722258123668,1136.9874186923146,0.0,0.0,0.0,0.0,0.0,1136.9874186923146
conduction,hot_surface,4885.0,81.416667,336.10413669176705,270.0,340.0,58.57741967032865,0.0,0.0,0.0,0.0,0.0,58.57741967032865,1137.2803057906663,0.0,0.0,0.0,0.0,0.0,1137.2803057906663
conduction,hot_surface,4890.0,81.5,336.11341255678667,270.0,340.0,58.437949623494205,0.0,0.0,0.0,0.0,0.0,58.437949623494205,1137.5724955387836,0.0,0.0,0.0,0.0,0.0,1137.5724955387836
conduction,hot_surface,4895.0,81.583333,336.1226663364134,270.0,340.0,58.298811648199944,0.0,0.0,0.0,0.0,0.0,58.298811648199944,1137.8639895970246,0.0,0.0,0.0,0.0,0.0,1137.8639895970246
conduction,hot_surface,4900.0,81.666667,336.1318980832314,270.0,340.0,58.16000495379939,0.0,0.0,0.0,0.0,0.0,58.16000495379939,1138.1547896217937,0.0,0.0,0.0,0.0,0.0,1138.1547896217937
conduction,hot_surface,4905.0,81.75,336.1411078496999,270.0,340.0,58.021528751528706,0.0,0.0,0.0,0.0,0.0,58.021528751528706,1138.4448972655514,0.0,0.0,0.0,0.0,0.0,1138.4448972655514
conduction,hot_surface,4910.0,81.833333,336.150295688153,270.0,340.0,57.88338225450161,0.0,0.0,0.0,0.0,0.0,57.88338225450161,1138.734314176824,0.0,0.0,0.0,0.0,0.0,1138.734314176824
conduction,hot_surface,4915.0,81.916667,336.15946165080027,270.0,340.0,57.74556467770509,0.0,0.0,0.0,0.0,0.0,57.74556467770509,1139.0230420002124,0.0,0.0,0.0,0.0,0.0,1139.0230420002124
conduction,hot_surface,4920.0,82.0,336.16860578972694,270.0,340.0,57.60807523799599,0.0,0.0,0.0,0.0,0.0,57.60807523799599,1139.3110823764025,0.0,0.0,0.0,0.0,0.0,1139.3110823764025
conduction,hot_surface,4925.0,82.083333,336.17772815689426,270.0,340.0,57.47091315409591,0.0,0.0,0.0,0.0,0.0,57.47091315409591,1139.5984369421728,0.0,0.0,0.0,0.0,0.0,1139.5984369421728
conduction,hot_surface,4930.0,82.166667,336.18682880413974,270.0,340.0,57.33407764658608,0.0,0.0,0.0,0.0,0.0,57.33407764658608,1139.8851073304058,0.0,0.0,0.0,0.0,0.0,1139.8851073304058
conduction,hot_surface,4935.0,82.25,336.1959077831775,270.0,340.0,57.197567937903955,0.0,0.0,0.0,0.0,0.0,57.197567937903955,1140.1710951700954,0.0,0.0,0.0,0.0,0.0,1140.1710951700954
conduction,hot_surface,4940.0,82.333333,336.2049651455985,270.0,340.0,57.06138325233724,0.0,0.0,0.0,0.0,0.0,57.06138325233724,1140.4564020863572,0.0,0.0,0.0,0.0,0.0,1140.4564020863572
conduction,hot_surface,4945.0,82.416667,336.2140009428709,270.0,340.0,56.92552281602218,0.0,0.0,0.0,0.0,0.0,56.92552281602218,1140.7410297004374,0.0,0.0,0.0,0.0,0.0,1140.7410297004374
conduction,hot_surface,4950.0,82.5,336.22301522634024,270.0,340.0,56.78998585693677,0.0,0.0,0.0,0.0,0.0,56.78998585693677,1141.0249796297219,0.0,0.0,0.0,0.0,0.0,1141.0249796297219
conduction,hot_surface,4955.0,82.583333,336.2320080472299,270.0,340.0,56.65477160489644,0.0,0.0,0.0,0.0,0.0,56.65477160489644,1141.3082534877465,0.0,0.0,0.0,0.0,0.0,1141.3082534877465
conduction,hot_surface,4960.0,82.666667,336.24097945664124,270.0,340.0,56.51987929155155,0.0,0.0,0.0,0.0,0.0,56.51987929155155,1141.5908528842042,0.0,0.0,0.0,0.0,0.0,1141.5908528842042
conduction,hot_surface,4965.0,82.75,336.249929505554,270.0,340.0,56.38530815038138,0.0,0.0,0.0,0.0,0.0,56.38530815038138,1141.872779424956,0.0,0.0,0.0,0.0,0.0,1141.872779424956
conduction,hot_surface,4970.0,82.833333,336.2588582448265,270.0,340.0,56.25105741668989,0.0,0.0,0.0,0.0,0.0,56.25105741668989,1142.1540347120397,0.0,0.0,0.0,0.0,0.0,1142.1540347120397
conduction,hot_surface,4975.0,82.916667,336.267765725196,270.0,340.0,56.11712632760231,0.0,0.0,0.0,0.0,0.0,56.11712632760231,1142.4346203436778,0.0,0.0,0.0,0.0,0.0,1142.4346203436778
conduction,hot_surface,4980.0,83.0,336.27665199727886,270.0,340.0,55.98351412206,0.0,0.0,0.0,0.0,0.0,55.98351412206,1142.714537914288,0.0,0.0,0.0,0.0,0.0,1142.714537914288
conduction,hot_surface,4985.0,83.083333,336.28551711157104,270.0,340.0,55.85022004081708,0.0,0.0,0.0,0.0,0.0,55.85022004081708,1142.9937890144922,0.0,0.0,0.0,0.0,0.0,1142.9937890144922
conduction,hot_surface,4990.0,83.166667,336.29436111844825,270.0,340.0,55.717243326434414,0.0,0.0,0.0,0.0,0.0,55.717243326434414,1143.2723752311244,0.0,0.0,0.0,0.0,0.0,1143.2723752311244
conduction,hot_surface,4995.0,83.25,336.3031840681662,270.0,340.0,55.58458322327624,0.0,0.0,0.0,0.0,0.0,55.58458322327624,1143.550298147241,0.0,0.0,0.0,0.0,0.0,1143.550298147241
conduction,hot_surface,5000.0,83.333333,336.31198601086106,270.0,340.0,55.45223897750674,0.0,0.0,0.0,0.0,0.0,55.45223897750674,1143.8275593421286,0.0,0.0,0.0,0.0,0.0,1143.8275593421286
conduction,hot_surface,5005.0,83.416667,336.3207669965495,270.0,340.0,55.320209837084064,0.0,0.0,0.0,0.0,0.0,55.320209837084064,1144.104160391314,0.0,0.0,0.0,0.0,0.0,1144.104160391314
conduction,hot_surface,5010.0,83.5,336.32952707512914,270.0,340.0,55.1884950517578,0.0,0.0,0.0,0.0,0.0,55.1884950517578,1144.3801028665728,0.0,0.0,0.0,0.0,0.0,1144.3801028665728
conduction,hot_surface,5015.0,83.583333,336.33826629637883,270.0,340.0,55.05709387306297,0.0,0.0,0.0,0.0,0.0,55.05709387306297,1144.6553883359381,0.0,0.0,0.0,0.0,0.0,1144.6553883359381
conduction,hot_surface,5020.0,83.666667,336.34698470995886,270.0,340.0,54.9260055543175,0.0,0.0,0.0,0.0,0.0,54.9260055543175,1144.93001836371,0.0,0.0,0.0,0.0,0.0,1144.93001836371
conduction,hot_surface,5025.0,83.75,336.3556823654113,270.0,340.0,54.79522935061709,0.0,0.0,0.0,0.0,0.0,54.79522935061709,1145.203994510463,0.0,0.0,0.0,0.0,0.0,1145.203994510463
conduction,hot_surface,5030.0,83.833333,336.36435931216033,270.0,340.0,54.66476451883011,0.0,0.0,0.0,0.0,0.0,54.66476451883011,1145.4773183330572,0.0,0.0,0.0,0.0,0.0,1145.4773183330572
conduction,hot_surface,5035.0,83.916667,336.3730155995123,270.0,340.0,54.534610317595025,0.0,0.0,0.0,0.0,0.0,54.534610317595025,1145.7499913846452,0.0,0.0,0.0,0.0,0.0,1145.7499913846452
conduction,hot_surface,5040.0,84.0,336.3816512766563,270.0,340.0,54.40476600731529,0.0,0.0,0.0,0.0,0.0,54.40476600731529,1146.022015214682,0.0,0.0,0.0,0.0,0.0,1146.022015214682
conduction,hot_surface,5045.0,84.083333,336.3902663926643,270.0,340.0,54.27523085015508,0.0,0.0,0.0,0.0,0.0,54.27523085015508,1146.2933913689326,0.0,0.0,0.0,0.0,0.0,1146.2933913689326
conduction,hot_surface,5050.0,84.166667,336.39886099649124,270.0,340.0,54.1460041100359,0.0,0.0,0.0,0.0,0.0,54.1460041100359,1146.5641213894826,0.0,0.0,0.0,0.0,0.0,1146.5641213894826
conduction,hot_surface,5055.0,84.25,336.4074351369758,270.0,340.0,54.017085052631444,0.0,0.0,0.0,0.0,0.0,54.017085052631444,1146.8342068147458,0.0,0.0,0.0,0.0,0.0,1146.8342068147458
conduction,hot_surface,5060.0,84.333333,336.4159888628401,270.0,340.0,53.88847294536333,0.0,0.0,0.0,0.0,0.0,53.88847294536333,1147.1036491794728,0.0,0.0,0.0,0.0,0.0,1147.1036491794728
conduction,hot_surface,5065.0,84.416667,336.4245222226905,270.0,340.0,53.760167057398576,0.0,0.0,0.0,0.0,0.0,53.760167057398576,1147.3724500147598,0.0,0.0,0.0,0.0,0.0,1147.3724500147598
conduction,hot_surface,5070.0,84.5,336.4330352650174,270.0,340.0,53.632166659642735,0.0,0.0,0.0,0.0,0.0,53.632166659642735,1147.640610848058,0.0,0.0,0.0,0.0,0.0,1147.640610848058
conduction,hot_surface,5075.0,84.583333,336.44152803819594,270.0,340.0,53.504471024739075,0.0,0.0,0.0,0.0,0.0,53.504471024739075,1147.9081332031817,0.0,0.0,0.0,0.0,0.0,1147.9081332031817
conduction,hot_surface,5080.0,84.666667,336.45000059048596,270.0,340.0,53.37707942706089,0.0,0.0,0.0,0.0,0.0,53.37707942706089,1148.175018600317,0.0,0.0,0.0,0.0,0.0,1148.175018600317
conduction,hot_surface,5085.0,84.75,336.4584529700324,270.0,340.0,53.249991142710655,0.0,0.0,0.0,0.0,0.0,53.249991142710655,1148.4412685560305,0.0,0.0,0.0,0.0,0.0,1148.4412685560305
conduction,hot_surface,5090.0,84.833333,336.4668852248657,270.0,340.0,53.123205449514046,0.0,0.0,0.0,0.0,0.0,53.123205449514046,1148.706884583278,0.0,0.0,0.0,0.0,0.0,1148.706884583278
conduction,hot_surface,5095.0,84.916667,336.47529740290173,270.0,340.0,52.996721627014836,0.0,0.0,0.0,0.0,0.0,52.996721627014836,1148.971868191413,0.0,0.0,0.0,0.0,0.0,1148.971868191413
conduction,hot_surface,5100.0,85.0,336.48368955194246,270.0,340.0,52.870538956474036,0.0,0.0,0.0,0.0,0.0,52.870538956474036,1149.2362208861955,0.0,0.0,0.0,0.0,0.0,1149.2362208861955
conduction,hot_surface,5105.0,85.083333,336.4920617196759,270.0,340.0,52.74465672086308,0.0,0.0,0.0,0.0,0.0,52.74465672086308,1149.4999441697998,0.0,0.0,0.0,0.0,0.0,1149.4999441697998
conduction,hot_surface,5110.0,85.166667,336.5004139536767,270.0,340.0,52.61907420486125,0.0,0.0,0.0,0.0,0.0,52.61907420486125,1149.763039540824,0.0,0.0,0.0,0.0,0.0,1149.763039540824
conduction,hot_surface,5115.0,85.25,336.508746301406,270.0,340.0,52.493790694849736,0.0,0.0,0.0,0.0,0.0,52.493790694849736,1150.0255084942983,0.0,0.0,0.0,0.0,0.0,1150.0255084942983
conduction,hot_surface,5120.0,85.333333,336.5170588102122,270.0,340.0,52.368805478909906,0.0,0.0,0.0,0.0,0.0,52.368805478909906,1150.2873525216928,0.0,0.0,0.0,0.0,0.0,1150.2873525216928
conduction,hot_surface,5125.0,85.416667,336.5253515273307,270.0,340.0,52.244117846817346,0.0,0.0,0.0,0.0,0.0,52.244117846817346,1150.548573110927,0.0,0.0,0.0,0.0,0.0,1150.548573110927
conduction,hot_surface,5130.0,85.5,336.5336244998847,270.0,340.0,52.119727090039305,0.0,0.0,0.0,0.0,0.0,52.119727090039305,1150.8091717463772,0.0,0.0,0.0,0.0,0.0,1150.8091717463772
conduction,hot_surface,5135.0,85.583333,336.541877774885,270.0,340.0,51.995632501729574,0.0,0.0,0.0,0.0,0.0,51.995632501729574,1151.0691499088857,0.0,0.0,0.0,0.0,0.0,1151.0691499088857
conduction,hot_surface,5140.0,85.666667,336.5501113992305,270.0,340.0,51.87183337672508,0.0,0.0,0.0,0.0,0.0,51.87183337672508,1151.3285090757695,0.0,0.0,0.0,0.0,0.0,1151.3285090757695
conduction,hot_surface,5145.0,85.75,336.5583254197085,270.0,340.0,51.74832901154247,0.0,0.0,0.0,0.0,0.0,51.74832901154247,1151.5872507208271,0.0,0.0,0.0,0.0,0.0,1151.5872507208271
conduction,hot_surface,5150.0,85.833333,336.56651988299495,270.0,340.0,51.62511870437214,0.0,0.0,0.0,0.0,0.0,51.62511870437214,1151.845376314349,0.0,0.0,0.0,0.0,0.0,1151.845376314349
conduction,hot_surface,5155.0,85.916667,336.5746948356545,270.0,340.0,51.5022017550757,0.0,0.0,0.0,0.0,0.0,51.5022017550757,1152.1028873231244,0.0,0.0,0.0,0.0,0.0,1152.1028873231244
conduction,hot_surface,5160.0,86.0,336.582850324141,270.0,340.0,51.379577465182535,0.0,0.0,0.0,0.0,0.0,51.379577465182535,1152.3597852104501,0.0,0.0,0.0,0.0,0.0,1152.3597852104501
conduction,hot_surface,5165.0,86.083333,336.5909863947978,270.0,340.0,51.257245137884695,0.0,0.0,0.0,0.0,0.0,51.257245137884695,1152.6160714361395,0.0,0.0,0.0,0.0,0.0,1152.6160714361395
conduction,hot_surface,5170.0,86.166667,336.5991030938578,270.0,340.0,51.13520407803264,0.0,0.0,0.0,0.0,0.0,51.13520407803264,1152.8717474565296,0.0,0.0,0.0,0.0,0.0,1152.8717474565296
conduction,hot_surface,5175.0,86.25,336.6072004674439,270.0,340.0,51.01345359213269,0.0,0.0,0.0,0.0,0.0,51.01345359213269,1153.1268147244903,0.0,0.0,0.0,0.0,0.0,1153.1268147244903
conduction,hot_surface,5180.0,86.333333,336.615278561569,270.0,340.0,50.89199298834188,0.0,0.0,0.0,0.0,0.0,50.89199298834188,1153.381274689432,0.0,0.0,0.0,0.0,0.0,1153.381274689432
conduction,hot_surface,5185.0,86.416667,336.62333742213673,270.0,340.0,50.770821576464584,0.0,0.0,0.0,0.0,0.0,50.770821576464584,1153.6351287973143,0.0,0.0,0.0,0.0,0.0,1153.6351287973143
conduction,hot_surface,5190.0,86.5,336.6313770949412,270.0,340.0,50.64993866794907,0.0,0.0,0.0,0.0,0.0,50.64993866794907,1153.888378490654,0.0,0.0,0.0,0.0,0.0,1153.888378490654
conduction,hot_surface,5195.0,86.583333,336.6393976256675,270.0,340.0,50.52934357588242,0.0,0.0,0.0,0.0,0.0,50.52934357588242,1154.1410252085336,0.0,0.0,0.0,0.0,0.0,1154.1410252085336
conduction,hot_surface,5200.0,86.666667,336.6473990598921,270.0,340.0,50.40903561498709,0.0,0.0,0.0,0.0,0.0,50.40903561498709,1154.3930703866083,0.0,0.0,0.0,0.0,0.0,1154.3930703866083
conduction,hot_surface,5205.0,86.75,336.65538144308283,270.0,340.0,50.28901410161836,0.0,0.0,0.0,0.0,0.0,50.28901410161836,1154.6445154571165,0.0,0.0,0.0,0.0,0.0,1154.6445154571165
conduction,hot_surface,5210.0,86.833333,336.6633448205993,270.0,340.0,50.169278353757534,0.0,0.0,0.0,0.0,0.0,50.169278353757534,1154.8953618488854,0.0,0.0,0.0,0.0,0.0,1154.8953618488854
conduction,hot_surface,5215.0,86.916667,336.67128923769314,270.0,340.0,50.049827691010194,0.0,0.0,0.0,0.0,0.0,50.049827691010194,1155.1456109873407,0.0,0.0,0.0,0.0,0.0,1155.1456109873407
conduction,hot_surface,5220.0,87.0,336.67921473950815,270.0,340.0,49.930661434602825,0.0,0.0,0.0,0.0,0.0,49.930661434602825,1155.3952642945135,0.0,0.0,0.0,0.0,0.0,1155.3952642945135
conduction,hot_surface,5225.0,87.083333,336.68712137108076,270.0,340.0,49.811778907377686,0.0,0.0,0.0,0.0,0.0,49.811778907377686,1155.6443231890505,0.0,0.0,0.0,0.0,0.0,1155.6443231890505
conduction,hot_surface,5230.0,87.166667,336.69500917734007,270.0,340.0,49.69317943378854,0.0,0.0,0.0,0.0,0.0,49.69317943378854,1155.8927890862194,0.0,0.0,0.0,0.0,0.0,1155.8927890862194
conduction,hot_surface,5235.0,87.25,336.7028782031083,270.0,340.0,49.57486233989897,0.0,0.0,0.0,0.0,0.0,49.57486233989897,1156.1406633979188,0.0,0.0,0.0,0.0,0.0,1156.1406633979188
conduction,hot_surface,5240.0,87.333333,336.7107284931009,270.0,340.0,49.456826953375526,0.0,0.0,0.0,0.0,0.0,49.456826953375526,1156.3879475326858,0.0,0.0,0.0,0.0,0.0,1156.3879475326858
conduction,hot_surface,5245.0,87.416667,336.7185600919268,270.0,340.0,49.3390726034869,0.0,0.0,0.0,0.0,0.0,49.3390726034869,1156.634642895703,0.0,0.0,0.0,0.0,0.0,1156.634642895703
conduction,hot_surface,5250.0,87.5,336.72637304408886,270.0,340.0,49.22159862109794,0.0,0.0,0.0,0.0,0.0,49.22159862109794,1156.8807508888087,0.0,0.0,0.0,0.0,0.0,1156.8807508888087
conduction,hot_surface,5255.0,87.583333,336.7341673939839,270.0,340.0,49.10440433866711,0.0,0.0,0.0,0.0,0.0,49.10440433866711,1157.126272910502,0.0,0.0,0.0,0.0,0.0,1157.126272910502
conduction,hot_surface,5260.0,87.666667,336.741943185903,270.0,340.0,48.987489090241354,0.0,0.0,0.0,0.0,0.0,48.987489090241354,1157.3712103559533,0.0,0.0,0.0,0.0,0.0,1157.3712103559533
conduction,hot_surface,5265.0,87.75,336.7497004640318,270.0,340.0,48.87085221145526,0.0,0.0,0.0,0.0,0.0,48.87085221145526,1157.6155646170105,0.0,0.0,0.0,0.0,0.0,1157.6155646170105
conduction,hot_surface,5270.0,87.833333,336.75743927245077,270.0,340.0,48.75449303952337,0.0,0.0,0.0,0.0,0.0,48.75449303952337,1157.8593370822082,0.0,0.0,0.0,0.0,0.0,1157.8593370822082
conduction,hot_surface,5275.0,87.916667,336.7651596551354,270.0,340.0,48.63841091323849,0.0,0.0,0.0,0.0,0.0,48.63841091323849,1158.1025291367744,0.0,0.0,0.0,0.0,0.0,1158.1025291367744
conduction,hot_surface,5280.0,88.0,336.7728616559565,270.0,340.0,48.52260517296912,0.0,0.0,0.0,0.0,0.0,48.52260517296912,1158.3451421626391,0.0,0.0,0.0,0.0,0.0,1158.3451421626391
conduction,hot_surface,5285.0,88.083333,336.7805453186804,270.0,340.0,48.40707516065265,0.0,0.0,0.0,0.0,0.0,48.40707516065265,1158.5871775384423,0.0,0.0,0.0,0.0,0.0,1158.5871775384423
conduction,hot_surface,5290.0,88.166667,336.7882106869693,270.0,340.0,48.291820219793635,0.0,0.0,0.0,0.0,0.0,48.291820219793635,1158.8286366395414,0.0,0.0,0.0,0.0,0.0,1158.8286366395414
conduction,hot_surface,5295.0,88.25,336.7958578043813,270.0,340.0,48.17683969546039,0.0,0.0,0.0,0.0,0.0,48.17683969546039,1159.0695208380187,0.0,0.0,0.0,0.0,0.0,1159.0695208380187
conduction,hot_surface,5300.0,88.333333,336.8034867143709,270.0,340.0,48.062132934280726,0.0,0.0,0.0,0.0,0.0,48.062132934280726,1159.3098315026903,0.0,0.0,0.0,0.0,0.0,1159.3098315026903
conduction,hot_surface,5305.0,88.416667,336.81109746028903,270.0,340.0,47.94769928443685,0.0,0.0,0.0,0.0,0.0,47.94769928443685,1159.5495699991122,0.0,0.0,0.0,0.0,0.0,1159.5495699991122
conduction,hot_surface,5310.0,88.5,336.8186900853836,270.0,340.0,47.833538095664494,0.0,0.0,0.0,0.0,0.0,47.833538095664494,1159.7887376895906,0.0,0.0,0.0,0.0,0.0,1159.7887376895906
conduction,hot_surface,5315.0,88.583333,336.82626463279934,270.0,340.0,47.719648719246095,0.0,0.0,0.0,0.0,0.0,47.719648719246095,1160.0273359331868,0.0,0.0,0.0,0.0,0.0,1160.0273359331868
conduction,hot_surface,5320.0,88.666667,336.8338211455784,270.0,340.0,47.60603050800995,0.0,0.0,0.0,0.0,0.0,47.60603050800995,1160.2653660857268,0.0,0.0,0.0,0.0,0.0,1160.2653660857268
conduction,hot_surface,5325.0,88.75,336.84135966666037,270.0,340.0,47.49268281632425,0.0,0.0,0.0,0.0,0.0,47.49268281632425,1160.5028294998083,0.0,0.0,0.0,0.0,0.0,1160.5028294998083
conduction,hot_surface,5330.0,88.833333,336.8488802388826,270.0,340.0,47.3796050000945,0.0,0.0,0.0,0.0,0.0,47.3796050000945,1160.7397275248088,0.0,0.0,0.0,0.0,0.0,1160.7397275248088
conduction,hot_surface,5335.0,88.916667,336.8563829049805,270.0,340.0,47.266796416761,0.0,0.0,0.0,0.0,0.0,47.266796416761,1160.9760615068926,0.0,0.0,0.0,0.0,0.0,1160.9760615068926
conduction,hot_surface,5340.0,89.0,336.86386770758764,270.0,340.0,47.15425642529283,0.0,0.0,0.0,0.0,0.0,47.15425642529283,1161.211832789019,0.0,0.0,0.0,0.0,0.0,1161.211832789019
conduction,hot_surface,5345.0,89.083333,336.8713346892362,270.0,340.0,47.041984386185334,0.0,0.0,0.0,0.0,0.0,47.041984386185334,1161.44704271095,0.0,0.0,0.0,0.0,0.0,1161.44704271095
conduction,hot_surface,5350.0,89.166667,336.8787838923571,270.0,340.0,46.929979661456684,0.0,0.0,0.0,0.0,0.0,46.929979661456684,1161.6816926092572,0.0,0.0,0.0,0.0,0.0,1161.6816926092572
conduction,hot_surface,5355.0,89.25,336.8862153592801,270.0,340.0,46.818241614643625,0.0,0.0,0.0,0.0,0.0,46.818241614643625,1161.9157838173305,0.0,0.0,0.0,0.0,0.0,1161.9157838173305
conduction,hot_surface,5360.0,89.333333,336.8936291322342,270.0,340.0,46.706769610798915,0.0,0.0,0.0,0.0,0.0,46.706769610798915,1162.1493176653846,0.0,0.0,0.0,0.0,0.0,1162.1493176653846
conduction,hot_surface,5365.0,89.416667,336.90102525334794,270.0,340.0,46.59556301648706,0.0,0.0,0.0,0.0,0.0,46.59556301648706,1162.382295480467,0.0,0.0,0.0,0.0,0.0,1162.382295480467
conduction,hot_surface,5370.0,89.5,336.9084037646495,270.0,340.0,46.48462119978092,0.0,0.0,0.0,0.0,0.0,46.48462119978092,1162.614718586466,0.0,0.0,0.0,0.0,0.0,1162.614718586466
conduction,hot_surface,5375.0,89.583333,336.915764708067,270.0,340.0,46.37394353025741,0.0,0.0,0.0,0.0,0.0,46.37394353025741,1162.8465883041174,0.0,0.0,0.0,0.0,0.0,1162.8465883041174
conduction,hot_surface,5380.0,89.666667,336.92310812542877,270.0,340.0,46.263529378994974,0.0,0.0,0.0,0.0,0.0,46.263529378994974,1163.0779059510123,0.0,0.0,0.0,0.0,0.0,1163.0779059510123
conduction,hot_surface,5385.0,89.75,336.93043405846345,270.0,340.0,46.15337811856847,0.0,0.0,0.0,0.0,0.0,46.15337811856847,1163.3086728416054,0.0,0.0,0.0,0.0,0.0,1163.3086728416054
conduction,hot_surface,5390.0,89.833333,336.93774254880043,270.0,340.0,46.04348912304829,0.0,0.0,0.0,0.0,0.0,46.04348912304829,1163.5388902872205,0.0,0.0,0.0,0.0,0.0,1163.5388902872205
conduction,hot_surface,5395.0,89.916667,336.94503363796997,270.0,340.0,45.93386176799356,0.0,0.0,0.0,0.0,0.0,45.93386176799356,1163.7685595960606,0.0,0.0,0.0,0.0,0.0,1163.7685595960606
conduction,hot_surface,5400.0,90.0,336.95230736740336,270.0,340.0,45.82449543045044,0.0,0.0,0.0,0.0,0.0,45.82449543045044,1163.9976820732127,0.0,0.0,0.0,0.0,0.0,1163.9976820732127
conduction,hot_surface,5405.0,90.083333,336.95956377843333,270.0,340.0,45.71538948894954,0.0,0.0,0.0,0.0,0.0,45.71538948894954,1164.2262590206576,0.0,0.0,0.0,0.0,0.0,1164.2262590206576
conduction,hot_surface,5410.0,90.166667,336.9668029122942,270.0,340.0,45.60654332349998,0.0,0.0,0.0,0.0,0.0,45.60654332349998,1164.454291737275,0.0,0.0,0.0,0.0,0.0,1164.454291737275
conduction,hot_surface,5415.0,90.25,336.9740248101221,270.0,340.0,45.497956315586805,0.0,0.0,0.0,0.0,0.0,45.497956315586805,1164.6817815188529,0.0,0.0,0.0,0.0,0.0,1164.6817815188529
conduction,hot_surface,5420.0,90.333333,336.98122951295517,270.0,340.0,45.38962784816846,0.0,0.0,0.0,0.0,0.0,45.38962784816846,1164.9087296580935,0.0,0.0,0.0,0.0,0.0,1164.9087296580935
conduction,hot_surface,5425.0,90.416667,336.98841706173386,270.0,340.0,45.28155730567249,0.0,0.0,0.0,0.0,0.0,45.28155730567249,1165.135137444622,0.0,0.0,0.0,0.0,0.0,1165.135137444622
conduction,hot_surface,5430.0,90.5,336.99558749730113,270.0,340.0,45.17374407399217,0.0,0.0,0.0,0.0,0.0,45.17374407399217,1165.3610061649917,0.0,0.0,0.0,0.0,0.0,1165.3610061649917
conduction,hot_surface,5435.0,90.583333,337.0027408604028,270.0,340.0,45.06618754048304,0.0,0.0,0.0,0.0,0.0,45.06618754048304,1165.5863371026942,0.0,0.0,0.0,0.0,0.0,1165.5863371026942
conduction,hot_surface,5440.0,90.666667,337.00987719168756,270.0,340.0,44.958887093957856,0.0,0.0,0.0,0.0,0.0,44.958887093957856,1165.811131538164,0.0,0.0,0.0,0.0,0.0,1165.811131538164
conduction,hot_surface,5445.0,90.75,337.0169965317074,270.0,340.0,44.85184212468653,0.0,0.0,0.0,0.0,0.0,44.85184212468653,1166.0353907487874,0.0,0.0,0.0,0.0,0.0,1166.0353907487874
conduction,hot_surface,5450.0,90.833333,337.0240989209176,270.0,340.0,44.74505202438934,0.0,0.0,0.0,0.0,0.0,44.74505202438934,1166.2591160089094,0.0,0.0,0.0,0.0,0.0,1166.2591160089094
conduction,hot_surface,5455.0,90.916667,337.03118439967733,270.0,340.0,44.638516186236075,0.0,0.0,0.0,0.0,0.0,44.638516186236075,1166.4823085898406,0.0,0.0,0.0,0.0,0.0,1166.4823085898406
conduction,hot_surface,5460.0,91.0,337.0382530082495,270.0,340.0,44.53223400484006,0.0,0.0,0.0,0.0,0.0,44.53223400484006,1166.7049697598648,0.0,0.0,0.0,0.0,0.0,1166.7049697598648
conduction,hot_surface,5465.0,91.083333,337.0453047868013,270.0,340.0,44.426204876257316,0.0,0.0,0.0,0.0,0.0,44.426204876257316,1166.927100784246,0.0,0.0,0.0,0.0,0.0,1166.927100784246
conduction,hot_surface,5470.0,91.166667,337.05233977540416,270.0,340.0,44.32042819798056,0.0,0.0,0.0,0.0,0.0,44.32042819798056,1167.148702925236,0.0,0.0,0.0,0.0,0.0,1167.148702925236
conduction,hot_surface,5475.0,91.25,337.05935801403416,270.0,340.0,44.21490336893754,0.0,0.0,0.0,0.0,0.0,44.21490336893754,1167.3697774420807,0.0,0.0,0.0,0.0,0.0,1167.3697774420807
conduction,hot_surface,5480.0,91.333333,337.0663595425722,270.0,340.0,44.1096297894876,0.0,0.0,0.0,0.0,0.0,44.1096297894876,1167.5903255910282,0.0,0.0,0.0,0.0,0.0,1167.5903255910282
conduction,hot_surface,5485.0,91.416667,337.07334440080416,270.0,340.0,44.004606861417415,0.0,0.0,0.0,0.0,0.0,44.004606861417415,1167.8103486253353,0.0,0.0,0.0,0.0,0.0,1167.8103486253353
conduction,hot_surface,5490.0,91.5,337.08031262842127,270.0,340.0,43.8998339879376,0.0,0.0,0.0,0.0,0.0,43.8998339879376,1168.0298477952751,0.0,0.0,0.0,0.0,0.0,1168.0298477952751
conduction,hot_surface,5495.0,91.583333,337.0872642650203,270.0,340.0,43.79531057368098,0.0,0.0,0.0,0.0,0.0,43.79531057368098,1168.2488243481434,0.0,0.0,0.0,0.0,0.0,1168.2488243481434
conduction,hot_surface,5500.0,91.666667,337.09419935010357,270.0,340.0,43.69103602469579,0.0,0.0,0.0,0.0,0.0,43.69103602469579,1168.467279528267,0.0,0.0,0.0,0.0,0.0,1168.467279528267
conduction,hot_surface,5505.0,91.75,337.1011179230795,270.0,340.0,43.58700974844652,0.0,0.0,0.0,0.0,0.0,43.58700974844652,1168.6852145770092,0.0,0.0,0.0,0.0,0.0,1168.6852145770092
conduction,hot_surface,5510.0,91.833333,337.10802002326267,270.0,340.0,43.48323115380708,0.0,0.0,0.0,0.0,0.0,43.48323115380708,1168.9026307327783,0.0,0.0,0.0,0.0,0.0,1168.9026307327783
conduction,hot_surface,5515.0,91.916667,337.1149056898739,270.0,340.0,43.37969965105998,0.0,0.0,0.0,0.0,0.0,43.37969965105998,1169.1195292310335,0.0,0.0,0.0,0.0,0.0,1169.1195292310335
conduction,hot_surface,5520.0,92.0,337.1217749620409,270.0,340.0,43.27641465189117,0.0,0.0,0.0,0.0,0.0,43.27641465189117,1169.335911304293,0.0,0.0,0.0,0.0,0.0,1169.335911304293
conduction,hot_surface,5525.0,92.083333,337.12862787879794,270.0,340.0,43.17337556938668,0.0,0.0,0.0,0.0,0.0,43.17337556938668,1169.5517781821397,0.0,0.0,0.0,0.0,0.0,1169.5517781821397
conduction,hot_surface,5530.0,92.166667,337.1354644790865,270.0,340.0,43.07058181803086,0.0,0.0,0.0,0.0,0.0,43.07058181803086,1169.76713109123,0.0,0.0,0.0,0.0,0.0,1169.76713109123
conduction,hot_surface,5535.0,92.25,337.14228480175535,270.0,340.0,42.968032813702166,0.0,0.0,0.0,0.0,0.0,42.968032813702166,1169.9819712552987,0.0,0.0,0.0,0.0,0.0,1169.9819712552987
conduction,hot_surface,5540.0,92.333333,337.1490888855607,270.0,340.0,42.86572797366972,0.0,0.0,0.0,0.0,0.0,42.86572797366972,1170.1962998951672,0.0,0.0,0.0,0.0,0.0,1170.1962998951672
conduction,hot_surface,5545.0,92.416667,337.15587676916647,270.0,340.0,42.76366671658991,0.0,0.0,0.0,0.0,0.0,42.76366671658991,1170.41011822875,0.0,0.0,0.0,0.0,0.0,1170.41011822875
conduction,hot_surface,5550.0,92.5,337.16264849114464,270.0,340.0,42.661848462502974,0.0,0.0,0.0,0.0,0.0,42.661848462502974,1170.6234274710625,0.0,0.0,0.0,0.0,0.0,1170.6234274710625
conduction,hot_surface,5555.0,92.583333,337.1694040899752,270.0,340.0,42.56027263283045,0.0,0.0,0.0,0.0,0.0,42.56027263283045,1170.8362288342266,0.0,0.0,0.0,0.0,0.0,1170.8362288342266
conduction,hot_surface,5560.0,92.666667,337.17614360404673,270.0,340.0,42.45893865037175,0.0,0.0,0.0,0.0,0.0,42.45893865037175,1171.0485235274787,0.0,0.0,0.0,0.0,0.0,1171.0485235274787
conduction,hot_surface,5565.0,92.75,337.1828670716561,270.0,340.0,42.35784593929907,0.0,0.0,0.0,0.0,0.0,42.35784593929907,1171.260312757175,0.0,0.0,0.0,0.0,0.0,1171.260312757175
conduction,hot_surface,5570.0,92.833333,337.1895745310093,270.0,340.0,42.25699392515821,0.0,0.0,0.0,0.0,0.0,42.25699392515821,1171.4715977268006,0.0,0.0,0.0,0.0,0.0,1171.4715977268006
conduction,hot_surface,5575.0,92.916667,337.19626602022123,270.0,340.0,42.15638203486009,0.0,0.0,0.0,0.0,0.0,42.15638203486009,1171.682379636975,0.0,0.0,0.0,0.0,0.0,1171.682379636975
conduction,hot_surface,5580.0,93.0,337.2029415773159,270.0,340.0,42.05600969668154,0.0,0.0,0.0,0.0,0.0,42.05600969668154,1171.8926596854585,0.0,0.0,0.0,0.0,0.0,1171.8926596854585
conduction,hot_surface,5585.0,93.083333,337.2096012402271,270.0,340.0,41.95587634026111,0.0,0.0,0.0,0.0,0.0,41.95587634026111,1172.1024390671598,0.0,0.0,0.0,0.0,0.0,1172.1024390671598
conduction,hot_surface,5590.0,93.166667,337.21624504679795,270.0,340.0,41.855981396593904,0.0,0.0,0.0,0.0,0.0,41.855981396593904,1172.3117189741429,0.0,0.0,0.0,0.0,0.0,1172.3117189741429
conduction,hot_surface,5595.0,93.25,337.22287303478174,270.0,340.0,41.756324298030734,0.0,0.0,0.0,0.0,0.0,41.756324298030734,1172.520500595633,0.0,0.0,0.0,0.0,0.0,1172.520500595633
conduction,hot_surface,5600.0,93.333333,337.22948524184176,270.0,340.0,41.65690447827387,0.0,0.0,0.0,0.0,0.0,41.65690447827387,1172.7287851180242,0.0,0.0,0.0,0.0,0.0,1172.7287851180242
conduction,hot_surface,5605.0,93.416667,337.23608170555167,270.0,340.0,41.557721372373635,0.0,0.0,0.0,0.0,0.0,41.557721372373635,1172.936573724886,0.0,0.0,0.0,0.0,0.0,1172.936573724886
conduction,hot_surface,5610.0,93.5,337.2426624633956,270.0,340.0,41.458774416724964,0.0,0.0,0.0,0.0,0.0,41.458774416724964,1173.1438675969698,0.0,0.0,0.0,0.0,0.0,1173.1438675969698
conduction,hot_surface,5615.0,93.583333,337.2492275527685,270.0,340.0,41.36006304906573,0.0,0.0,0.0,0.0,0.0,41.36006304906573,1173.350667912215,0.0,0.0,0.0,0.0,0.0,1173.350667912215
conduction,hot_surface,5620.0,93.666667,337.2557770109762,270.0,340.0,41.261586708472464,0.0,0.0,0.0,0.0,0.0,41.261586708472464,1173.5569758457575,0.0,0.0,0.0,0.0,0.0,1173.5569758457575
conduction,hot_surface,5625.0,93.75,337.2623108752358,270.0,340.0,41.16334483535695,0.0,0.0,0.0,0.0,0.0,41.16334483535695,1173.7627925699342,0.0,0.0,0.0,0.0,0.0,1173.7627925699342
conduction,hot_surface,5630.0,93.833333,337.26882918267574,270.0,340.0,41.06533687146282,0.0,0.0,0.0,0.0,0.0,41.06533687146282,1173.9681192542914,0.0,0.0,0.0,0.0,0.0,1173.9681192542914
conduction,hot_surface,5635.0,93.916667,337.275331970336,270.0,340.0,40.967562259863826,0.0,0.0,0.0,0.0,0.0,40.967562259863826,1174.172957065591,0.0,0.0,0.0,0.0,0.0,1174.172957065591
conduction,hot_surface,5640.0,94.0,337.2818192751686,270.0,340.0,40.87002044495961,0.0,0.0,0.0,0.0,0.0,40.87002044495961,1174.3773071678158,0.0,0.0,0.0,0.0,0.0,1174.3773071678158
conduction,hot_surface,5645.0,94.083333,337.2882911340372,270.0,340.0,40.77271087247141,0.0,0.0,0.0,0.0,0.0,40.77271087247141,1174.5811707221783,0.0,0.0,0.0,0.0,0.0,1174.5811707221783
conduction,hot_surface,5650.0,94.166667,337.29474758371805,270.0,340.0,40.67563298944208,0.0,0.0,0.0,0.0,0.0,40.67563298944208,1174.7845488871255,0.0,0.0,0.0,0.0,0.0,1174.7845488871255
conduction,hot_surface,5655.0,94.25,337.3011886608997,270.0,340.0,40.57878624422926,0.0,0.0,0.0,0.0,0.0,40.57878624422926,1174.9874428183466,0.0,0.0,0.0,0.0,0.0,1174.9874428183466
conduction,hot_surface,5660.0,94.333333,337.3076144021833,270.0,340.0,40.48217008650454,0.0,0.0,0.0,0.0,0.0,40.48217008650454,1175.189853668779,0.0,0.0,0.0,0.0,0.0,1175.189853668779
conduction,hot_surface,5665.0,94.416667,337.31402484408284,270.0,340.0,40.38578396725086,0.0,0.0,0.0,0.0,0.0,40.38578396725086,1175.3917825886153,0.0,0.0,0.0,0.0,0.0,1175.3917825886153
conduction,hot_surface,5670.0,94.5,337.3204200230255,270.0,340.0,40.28962733875744,0.0,0.0,0.0,0.0,0.0,40.28962733875744,1175.593230725309,0.0,0.0,0.0,0.0,0.0,1175.593230725309
conduction,hot_surface,5675.0,94.583333,337.32679997535166,270.0,340.0,40.193699654617205,0.0,0.0,0.0,0.0,0.0,40.193699654617205,1175.7941992235822,0.0,0.0,0.0,0.0,0.0,1175.7941992235822
conduction,hot_surface,5680.0,94.666667,337.3331647373151,270.0,340.0,40.09800036972507,0.0,0.0,0.0,0.0,0.0,40.09800036972507,1175.9946892254309,0.0,0.0,0.0,0.0,0.0,1175.9946892254309
conduction,hot_surface,5685.0,94.75,337.3395143450834,270.0,340.0,40.00252894027369,0.0,0.0,0.0,0.0,0.0,40.00252894027369,1176.1947018701323,0.0,0.0,0.0,0.0,0.0,1176.1947018701323
conduction,hot_surface,5690.0,94.833333,337.345848834738,270.0,340.0,39.907284823749194,0.0,0.0,0.0,0.0,0.0,39.907284823749194,1176.394238294251,0.0,0.0,0.0,0.0,0.0,1176.394238294251
conduction,hot_surface,5695.0,94.916667,337.35216824227433,270.0,340.0,39.81226747893032,0.0,0.0,0.0,0.0,0.0,39.81226747893032,1176.5932996316458,0.0,0.0,0.0,0.0,0.0,1176.5932996316458
conduction,hot_surface,5700.0,95.0,337.35847260360225,270.0,340.0,39.717476365885034,0.0,0.0,0.0,0.0,0.0,39.717476365885034,1176.7918870134752,0.0,0.0,0.0,0.0,0.0,1176.7918870134752
conduction,hot_surface,5705.0,95.083333,337.36476195454605,270.0,340.0,39.622910945966225,0.0,0.0,0.0,0.0,0.0,39.622910945966225,1176.990001568205,0.0,0.0,0.0,0.0,0.0,1176.990001568205
conduction,hot_surface,5710.0,95.166667,337.37103633084473,270.0,340.0,39.528570681809185,0.0,0.0,0.0,0.0,0.0,39.528570681809185,1177.187644421614,0.0,0.0,0.0,0.0,0.0,1177.187644421614
conduction,hot_surface,5715.0,95.25,337.37729576815224,270.0,340.0,39.43445503732903,0.0,0.0,0.0,0.0,0.0,39.43445503732903,1177.3848166968007,0.0,0.0,0.0,0.0,0.0,1177.3848166968007
conduction,hot_surface,5720.0,95.333333,337.3835403020376,270.0,340.0,39.340563477716444,0.0,0.0,0.0,0.0,0.0,39.340563477716444,1177.5815195141893,0.0,0.0,0.0,0.0,0.0,1177.5815195141893
conduction,hot_surface,5725.0,95.416667,337.38976996798516,270.0,340.0,39.24689546943597,0.0,0.0,0.0,0.0,0.0,39.24689546943597,1177.7777539915367,0.0,0.0,0.0,0.0,0.0,1177.7777539915367
conduction,hot_surface,5730.0,95.5,337.3959848013947,270.0,340.0,39.1534504802226,0.0,0.0,0.0,0.0,0.0,39.1534504802226,1177.9735212439377,0.0,0.0,0.0,0.0,0.0,1177.9735212439377
conduction,hot_surface,5735.0,95.583333,337.4021848375819,270.0,340.0,39.06022797907923,0.0,0.0,0.0,0.0,0.0,39.06022797907923,1178.1688223838332,0.0,0.0,0.0,0.0,0.0,1178.1688223838332
conduction,hot_surface,5740.0,95.666667,337.40837011177814,270.0,340.0,38.967227436271514,0.0,0.0,0.0,0.0,0.0,38.967227436271514,1178.3636585210145,0.0,0.0,0.0,0.0,0.0,1178.3636585210145
conduction,hot_surface,5745.0,95.75,337.41454065913103,270.0,340.0,38.8744483233279,0.0,0.0,0.0,0.0,0.0,38.8744483233279,1178.5580307626312,0.0,0.0,0.0,0.0,0.0,1178.5580307626312
conduction,hot_surface,5750.0,95.833333,337.42069651470456,270.0,340.0,38.78189011303448,0.0,0.0,0.0,0.0,0.0,38.78189011303448,1178.7519402131963,0.0,0.0,0.0,0.0,0.0,1178.7519402131963
conduction,hot_surface,5755.0,95.916667,337.4268377134791,270.0,340.0,38.68955227943161,0.0,0.0,0.0,0.0,0.0,38.68955227943161,1178.9453879745936,0.0,0.0,0.0,0.0,0.0,1178.9453879745936
conduction,hot_surface,5760.0,96.0,337.4329642903517,270.0,340.0,38.59743429781389,0.0,0.0,0.0,0.0,0.0,38.59743429781389,1179.1383751460826,0.0,0.0,0.0,0.0,0.0,1179.1383751460826
conduction,hot_surface,5765.0,96.083333,337.4390762801366,270.0,340.0,38.505535644724205,0.0,0.0,0.0,0.0,0.0,38.505535644724205,1179.3309028243061,0.0,0.0,0.0,0.0,0.0,1179.3309028243061
conduction,hot_surface,5770.0,96.166667,337.44517371756484,270.0,340.0,38.41385579795116,0.0,0.0,0.0,0.0,0.0,38.41385579795116,1179.5229721032958,0.0,0.0,0.0,0.0,0.0,1179.5229721032958
conduction,hot_surface,5775.0,96.25,337.4512566372849,270.0,340.0,38.32239423652737,0.0,0.0,0.0,0.0,0.0,38.32239423652737,1179.7145840744786,0.0,0.0,0.0,0.0,0.0,1179.7145840744786
conduction,hot_surface,5780.0,96.333333,337.4573250738628,270.0,340.0,38.23115044072608,0.0,0.0,0.0,0.0,0.0,38.23115044072608,1179.9057398266823,0.0,0.0,0.0,0.0,0.0,1179.9057398266823
conduction,hot_surface,5785.0,96.416667,337.4633790617822,270.0,340.0,38.140123892057716,0.0,0.0,0.0,0.0,0.0,38.140123892057716,1180.0964404461427,0.0,0.0,0.0,0.0,0.0,1180.0964404461427
conduction,hot_surface,5790.0,96.5,337.4694186354446,270.0,340.0,38.04931407326734,0.0,0.0,0.0,0.0,0.0,38.04931407326734,1180.286687016509,0.0,0.0,0.0,0.0,0.0,1180.286687016509
conduction,hot_surface,5795.0,96.583333,337.4754438291697,270.0,340.0,37.95872046833125,0.0,0.0,0.0,0.0,0.0,37.95872046833125,1180.4764806188505,0.0,0.0,0.0,0.0,0.0,1180.4764806188505
conduction,hot_surface,5800.0,96.666667,337.4814546771955,270.0,340.0,37.868342562454416,0.0,0.0,0.0,0.0,0.0,37.868342562454416,1180.6658223316629,0.0,0.0,0.0,0.0,0.0,1180.6658223316629
conduction,hot_surface,5805.0,96.75,337.48745121367836,270.0,340.0,37.778179842067914,0.0,0.0,0.0,0.0,0.0,37.778179842067914,1180.854713230873,0.0,0.0,0.0,0.0,0.0,1180.854713230873
conduction,hot_surface,5810.0,96.833333,337.4934334726934,270.0,340.0,37.688231794824674,0.0,0.0,0.0,0.0,0.0,37.688231794824674,1181.0431543898471,0.0,0.0,0.0,0.0,0.0,1181.0431543898471
conduction,hot_surface,5815.0,96.916667,337.49940148823464,270.0,340.0,37.59849790959862,0.0,0.0,0.0,0.0,0.0,37.59849790959862,1181.231146879395,0.0,0.0,0.0,0.0,0.0,1181.231146879395
conduction,hot_surface,5820.0,97.0,337.505355294215,270.0,340.0,37.50897767648041,0.0,0.0,0.0,0.0,0.0,37.50897767648041,1181.4186917677773,0.0,0.0,0.0,0.0,0.0,1181.4186917677773
conduction,hot_surface,5825.0,97.083333,337.5112949244669,270.0,340.0,37.419670586774885,0.0,0.0,0.0,0.0,0.0,37.419670586774885,1181.6057901207112,0.0,0.0,0.0,0.0,0.0,1181.6057901207112
conduction,hot_surface,5830.0,97.166667,337.51722041274195,270.0,340.0,37.33057613299678,0.0,0.0,0.0,0.0,0.0,37.33057613299678,1181.792443001376,0.0,0.0,0.0,0.0,0.0,1181.792443001376
conduction,hot_surface,5835.0,97.25,337.52313179271164,270.0,340.0,37.241693808870764,0.0,0.0,0.0,0.0,0.0,37.241693808870764,1181.9786514704203,0.0,0.0,0.0,0.0,0.0,1181.9786514704203
conduction,hot_surface,5840.0,97.333333,337.5290290979671,270.0,340.0,37.15302310932543,0.0,0.0,0.0,0.0,0.0,37.15302310932543,1182.164416585967,0.0,0.0,0.0,0.0,0.0,1182.164416585967
conduction,hot_surface,5845.0,97.416667,337.53491236201955,270.0,340.0,37.06456353049333,0.0,0.0,0.0,0.0,0.0,37.06456353049333,1182.3497394036194,0.0,0.0,0.0,0.0,0.0,1182.3497394036194
conduction,hot_surface,5850.0,97.5,337.54078161830046,270.0,340.0,36.97631456970669,0.0,0.0,0.0,0.0,0.0,36.97631456970669,1182.5346209764677,0.0,0.0,0.0,0.0,0.0,1182.5346209764677
conduction,hot_surface,5855.0,97.583333,337.5466369001617,270.0,340.0,36.888275725493145,0.0,0.0,0.0,0.0,0.0,36.888275725493145,1182.7190623550953,0.0,0.0,0.0,0.0,0.0,1182.7190623550953
conduction,hot_surface,5860.0,97.666667,337.5524782408756,270.0,340.0,36.80044649757491,0.0,0.0,0.0,0.0,0.0,36.80044649757491,1182.903064587583,0.0,0.0,0.0,0.0,0.0,1182.903064587583
conduction,hot_surface,5865.0,97.75,337.5583056736354,270.0,340.0,36.7128263868662,0.0,0.0,0.0,0.0,0.0,36.7128263868662,1183.0866287195174,0.0,0.0,0.0,0.0,0.0,1183.0866287195174
conduction,hot_surface,5870.0,97.833333,337.5641192315553,270.0,340.0,36.625414895468964,0.0,0.0,0.0,0.0,0.0,36.625414895468964,1183.2697557939948,0.0,0.0,0.0,0.0,0.0,1183.2697557939948
conduction,hot_surface,5875.0,97.916667,337.56991894767066,270.0,340.0,36.53821152667035,0.0,0.0,0.0,0.0,0.0,36.53821152667035,1183.452446851628,0.0,0.0,0.0,0.0,0.0,1183.452446851628
conduction,hot_surface,5880.0,98.0,337.5757048549381,270.0,340.0,36.45121578494013,0.0,0.0,0.0,0.0,0.0,36.45121578494013,1183.634702930553,0.0,0.0,0.0,0.0,0.0,1183.634702930553
conduction,hot_surface,5885.0,98.083333,337.5814769862359,270.0,340.0,36.36442717592814,0.0,0.0,0.0,0.0,0.0,36.36442717592814,1183.8165250664326,0.0,0.0,0.0,0.0,0.0,1183.8165250664326
conduction,hot_surface,5890.0,98.166667,337.5872353743639,270.0,340.0,36.277845206461734,0.0,0.0,0.0,0.0,0.0,36.277845206461734,1183.9979142924649,0.0,0.0,0.0,0.0,0.0,1183.9979142924649
conduction,hot_surface,5895.0,98.25,337.59298005204397,270.0,340.0,36.191469384541506,0.0,0.0,0.0,0.0,0.0,36.191469384541506,1184.1788716393876,0.0,0.0,0.0,0.0,0.0,1184.1788716393876
conduction,hot_surface,5900.0,98.333333,337.5987110519201,270.0,340.0,36.10529921934045,0.0,0.0,0.0,0.0,0.0,36.10529921934045,1184.3593981354845,0.0,0.0,0.0,0.0,0.0,1184.3593981354845
conduction,hot_surface,5905.0,98.416667,337.6044284065584,270.0,340.0,36.01933422119885,0.0,0.0,0.0,0.0,0.0,36.01933422119885,1184.5394948065905,0.0,0.0,0.0,0.0,0.0,1184.5394948065905
conduction,hot_surface,5910.0,98.5,337.6101321484475,270.0,340.0,35.93357390162424,0.0,0.0,0.0,0.0,0.0,35.93357390162424,1184.7191626760984,0.0,0.0,0.0,0.0,0.0,1184.7191626760984
conduction,hot_surface,5915.0,98.583333,337.61582230999886,270.0,340.0,35.84801777328721,0.0,0.0,0.0,0.0,0.0,35.84801777328721,1184.8984027649649,0.0,0.0,0.0,0.0,0.0,1184.8984027649649
conduction,hot_surface,5920.0,98.666667,337.6214989235465,270.0,340.0,35.76266535001707,0.0,0.0,0.0,0.0,0.0,35.76266535001707,1185.077216091715,0.0,0.0,0.0,0.0,0.0,1185.077216091715
conduction,hot_surface,5925.0,98.75,337.62716202134754,270.0,340.0,35.67751614680276,0.0,0.0,0.0,0.0,0.0,35.67751614680276,1185.255603672449,0.0,0.0,0.0,0.0,0.0,1185.255603672449
conduction,hot_surface,5930.0,98.833333,337.6328116355824,270.0,340.0,35.592569679786834,0.0,0.0,0.0,0.0,0.0,35.592569679786834,1185.4335665208478,0.0,0.0,0.0,0.0,0.0,1185.4335665208478
conduction,hot_surface,5935.0,98.916667,337.63844779835483,270.0,340.0,35.507825466263796,0.0,0.0,0.0,0.0,0.0,35.507825466263796,1185.611105648179,0.0,0.0,0.0,0.0,0.0,1185.611105648179
conduction,hot_surface,5940.0,99.0,337.6440705416921,270.0,340.0,35.42328302467752,0.0,0.0,0.0,0.0,0.0,35.42328302467752,1185.7882220633026,0.0,0.0,0.0,0.0,0.0,1185.7882220633026
conduction,hot_surface,5945.0,99.083333,337.6496798975452,270.0,340.0,35.33894187461868,0.0,0.0,0.0,0.0,0.0,35.33894187461868,1185.9649167726757,0.0,0.0,0.0,0.0,0.0,1185.9649167726757
conduction,hot_surface,5950.0,99.166667,337.6552758977891,270.0,340.0,35.25480153682224,0.0,0.0,0.0,0.0,0.0,35.25480153682224,1186.1411907803597,0.0,0.0,0.0,0.0,0.0,1186.1411907803597
conduction,hot_surface,5955.0,99.25,337.66085857422297,270.0,340.0,35.170861533163134,0.0,0.0,0.0,0.0,0.0,35.170861533163134,1186.3170450880255,0.0,0.0,0.0,0.0,0.0,1186.3170450880255
conduction,hot_surface,5960.0,99.333333,337.66642795857007,270.0,340.0,35.08712138665544,0.0,0.0,0.0,0.0,0.0,35.08712138665544,1186.4924806949587,0.0,0.0,0.0,0.0,0.0,1186.4924806949587
conduction,hot_surface,5965.0,99.416667,337.6719840824782,270.0,340.0,35.003580621448975,0.0,0.0,0.0,0.0,0.0,35.003580621448975,1186.667498598066,0.0,0.0,0.0,0.0,0.0,1186.667498598066
conduction,hot_surface,5970.0,99.5,337.67752697751996,270.0,340.0,34.92023876282673,0.0,0.0,0.0,0.0,0.0,34.92023876282673,1186.84209979188,0.0,0.0,0.0,0.0,0.0,1186.84209979188
conduction,hot_surface,5975.0,99.583333,337.6830566751925,270.0,340.0,34.837095337200594,0.0,0.0,0.0,0.0,0.0,34.837095337200594,1187.0162852685662,0.0,0.0,0.0,0.0,0.0,1187.0162852685662
conduction,hot_surface,5980.0,99.666667,337.68857320691825,270.0,340.0,34.75414987211224,0.0,0.0,0.0,0.0,0.0,34.75414987211224,1187.1900560179267,0.0,0.0,0.0,0.0,0.0,1187.1900560179267
conduction,hot_surface,5985.0,99.75,337.69407660404465,270.0,340.0,34.67140189622626,0.0,0.0,0.0,0.0,0.0,34.67140189622626,1187.363413027408,0.0,0.0,0.0,0.0,0.0,1187.363413027408
conduction,hot_surface,5990.0,99.833333,337.69956689784453,270.0,340.0,34.5888509393302,0.0,0.0,0.0,0.0,0.0,34.5888509393302,1187.5363572821045,0.0,0.0,0.0,0.0,0.0,1187.5363572821045
conduction,hot_surface,5995.0,99.916667,337.70504411951634,270.0,340.0,34.506496532331994,0.0,0.0,0.0,0.0,0.0,34.506496532331994,1187.7088897647661,0.0,0.0,0.0,0.0,0.0,1187.7088897647661
conduction,hot_surface,6000.0,100.0,337.7105083001842,270.0,340.0,34.424338207254834,0.0,0.0,0.0,0.0,0.0,34.424338207254834,1187.8810114558025,0.0,0.0,0.0,0.0,0.0,1187.8810114558025
conduction,hot_surface,6005.0,100.083333,337.71595947089804,270.0,340.0,34.342375497237185,0.0,0.0,0.0,0.0,0.0,34.342375497237185,1188.0527233332887,0.0,0.0,0.0,0.0,0.0,1188.0527233332887
conduction,hot_surface,6010.0,100.166667,337.721397662634,270.0,340.0,34.26060793652937,0.0,0.0,0.0,0.0,0.0,34.26060793652937,1188.2240263729711,0.0,0.0,0.0,0.0,0.0,1188.2240263729711
conduction,hot_surface,6015.0,100.25,337.7268229062944,270.0,340.0,34.17903506049015,0.0,0.0,0.0,0.0,0.0,34.17903506049015,1188.3949215482737,0.0,0.0,0.0,0.0,0.0,1188.3949215482737
conduction,hot_surface,6020.0,100.333333,337.732235232708,270.0,340.0,34.09765640558419,0.0,0.0,0.0,0.0,0.0,34.09765640558419,1188.5654098303016,0.0,0.0,0.0,0.0,0.0,1188.5654098303016
conduction,hot_surface,6025.0,100.416667,337.7376346726301,270.0,340.0,34.016471509380324,0.0,0.0,0.0,0.0,0.0,34.016471509380324,1188.7354921878486,0.0,0.0,0.0,0.0,0.0,1188.7354921878486
conduction,hot_surface,6030.0,100.5,337.7430212567429,270.0,340.0,33.93547991054817,0.0,0.0,0.0,0.0,0.0,33.93547991054817,1188.9051695874011,0.0,0.0,0.0,0.0,0.0,1188.9051695874011
conduction,hot_surface,6035.0,100.583333,337.74839501565543,270.0,340.0,33.8546811488564,0.0,0.0,0.0,0.0,0.0,33.8546811488564,1189.0744429931453,0.0,0.0,0.0,0.0,0.0,1189.0744429931453
conduction,hot_surface,6040.0,100.666667,337.7537559799039,270.0,340.0,33.77407476516851,0.0,0.0,0.0,0.0,0.0,33.77407476516851,1189.2433133669713,0.0,0.0,0.0,0.0,0.0,1189.2433133669713
conduction,hot_surface,6045.0,100.75,337.7591041799517,270.0,340.0,33.69366030144192,0.0,0.0,0.0,0.0,0.0,33.69366030144192,1189.4117816684784,0.0,0.0,0.0,0.0,0.0,1189.4117816684784
conduction,hot_surface,6050.0,100.833333,337.7644396461899,270.0,340.0,33.61343730072463,0.0,0.0,0.0,0.0,0.0,33.61343730072463,1189.5798488549822,0.0,0.0,0.0,0.0,0.0,1189.5798488549822
conduction,hot_surface,6055.0,100.916667,337.769762408937,270.0,340.0,33.533405307151725,0.0,0.0,0.0,0.0,0.0,33.533405307151725,1189.747515881518,0.0,0.0,0.0,0.0,0.0,1189.747515881518
conduction,hot_surface,6060.0,101.0,337.77507249843956,270.0,340.0,33.4535638659446,0.0,0.0,0.0,0.0,0.0,33.4535638659446,1189.9147837008475,0.0,0.0,0.0,0.0,0.0,1189.9147837008475
conduction,hot_surface,6065.0,101.083333,337.78036994487184,270.0,340.0,33.37391252340666,0.0,0.0,0.0,0.0,0.0,33.37391252340666,1190.0816532634647,0.0,0.0,0.0,0.0,0.0,1190.0816532634647
conduction,hot_surface,6070.0,101.166667,337.78565477833644,270.0,340.0,33.29445082692246,0.0,0.0,0.0,0.0,0.0,33.29445082692246,1190.2481255175992,0.0,0.0,0.0,0.0,0.0,1190.2481255175992
conduction,hot_surface,6075.0,101.25,337.7909270288642,270.0,340.0,33.215178324953456,0.0,0.0,0.0,0.0,0.0,33.215178324953456,1190.414201409224,0.0,0.0,0.0,0.0,0.0,1190.414201409224
conduction,hot_surface,6080.0,101.333333,337.79618672641453,270.0,340.0,33.13609456703716,0.0,0.0,0.0,0.0,0.0,33.13609456703716,1190.5798818820592,0.0,0.0,0.0,0.0,0.0,1190.5798818820592
conduction,hot_surface,6085.0,101.416667,337.80143390087545,270.0,340.0,33.05719910378201,0.0,0.0,0.0,0.0,0.0,33.05719910378201,1190.745167877578,0.0,0.0,0.0,0.0,0.0,1190.745167877578
conduction,hot_surface,6090.0,101.5,337.8066685820638,270.0,340.0,32.97849148686822,0.0,0.0,0.0,0.0,0.0,32.97849148686822,1190.9100603350125,0.0,0.0,0.0,0.0,0.0,1190.9100603350125
conduction,hot_surface,6095.0,101.583333,337.8118907997256,270.0,340.0,32.89997126904268,0.0,0.0,0.0,0.0,0.0,32.89997126904268,1191.0745601913577,0.0,0.0,0.0,0.0,0.0,1191.0745601913577
conduction,hot_surface,6100.0,101.666667,337.81710058353576,270.0,340.0,32.82163800411638,0.0,0.0,0.0,0.0,0.0,32.82163800411638,1191.2386683813784,0.0,0.0,0.0,0.0,0.0,1191.2386683813784
conduction,hot_surface,6105.0,101.75,337.8222979630988,270.0,340.0,32.74349124696357,0.0,0.0,0.0,0.0,0.0,32.74349124696357,1191.402385837613,0.0,0.0,0.0,0.0,0.0,1191.402385837613
conduction,hot_surface,6110.0,101.833333,337.8274829679485,270.0,340.0,32.66553055351835,0.0,0.0,0.0,0.0,0.0,32.66553055351835,1191.5657134903806,0.0,0.0,0.0,0.0,0.0,1191.5657134903806
conduction,hot_surface,6115.0,101.916667,337.83265562754866,270.0,340.0,32.5877554807721,0.0,0.0,0.0,0.0,0.0,32.5877554807721,1191.7286522677846,0.0,0.0,0.0,0.0,0.0,1191.7286522677846
conduction,hot_surface,6120.0,102.0,337.83781597129257,270.0,340.0,32.510165586770086,0.0,0.0,0.0,0.0,0.0,32.510165586770086,1191.8912030957185,0.0,0.0,0.0,0.0,0.0,1191.8912030957185
conduction,hot_surface,6125.0,102.083333,337.8429640285038,270.0,340.0,32.43276043061144,0.0,0.0,0.0,0.0,0.0,32.43276043061144,1192.0533668978715,0.0,0.0,0.0,0.0,0.0,1192.0533668978715
conduction,hot_surface,6130.0,102.166667,337.8480998284359,270.0,340.0,32.355539572443206,0.0,0.0,0.0,0.0,0.0,32.355539572443206,1192.2151445957336,0.0,0.0,0.0,0.0,0.0,1192.2151445957336
conduction,hot_surface,6135.0,102.25,337.85322340027295,270.0,340.0,32.278502573461196,0.0,0.0,0.0,0.0,0.0,32.278502573461196,1192.3765371086008,0.0,0.0,0.0,0.0,0.0,1192.3765371086008
conduction,hot_surface,6140.0,102.333333,337.85833477312946,270.0,340.0,32.201648995905714,0.0,0.0,0.0,0.0,0.0,32.201648995905714,1192.5375453535803,0.0,0.0,0.0,0.0,0.0,1192.5375453535803
conduction,hot_surface,6145.0,102.416667,337.8634339760506,270.0,340.0,32.12497840305815,0.0,0.0,0.0,0.0,0.0,32.12497840305815,1192.6981702455955,0.0,0.0,0.0,0.0,0.0,1192.6981702455955
conduction,hot_surface,6150.0,102.5,337.8685210380124,270.0,340.0,32.048490359240986,0.0,0.0,0.0,0.0,0.0,32.048490359240986,1192.8584126973917,0.0,0.0,0.0,0.0,0.0,1192.8584126973917
conduction,hot_surface,6155.0,102.583333,337.8735959879219,270.0,340.0,31.972184429814376,0.0,0.0,0.0,0.0,0.0,31.972184429814376,1193.0182736195409,0.0,0.0,0.0,0.0,0.0,1193.0182736195409
conduction,hot_surface,6160.0,102.666667,337.8786588546173,270.0,340.0,31.89606018117189,0.0,0.0,0.0,0.0,0.0,31.89606018117189,1193.1777539204468,0.0,0.0,0.0,0.0,0.0,1193.1777539204468
conduction,hot_surface,6165.0,102.75,337.8837096668682,270.0,340.0,31.82011718074051,0.0,0.0,0.0,0.0,0.0,31.82011718074051,1193.3368545063506,0.0,0.0,0.0,0.0,0.0,1193.3368545063506
conduction,hot_surface,6170.0,102.833333,337.8887484533756,270.0,340.0,31.744354996977222,0.0,0.0,0.0,0.0,0.0,31.744354996977222,1193.4955762813354,0.0,0.0,0.0,0.0,0.0,1193.4955762813354
conduction,hot_surface,6175.0,102.916667,337.89377524277234,270.0,340.0,31.668773199365603,0.0,0.0,0.0,0.0,0.0,31.668773199365603,1193.6539201473324,0.0,0.0,0.0,0.0,0.0,1193.6539201473324
conduction,hot_surface,6180.0,103.0,337.89879006362287,270.0,340.0,31.59337135841497,0.0,0.0,0.0,0.0,0.0,31.59337135841497,1193.8118870041244,0.0,0.0,0.0,0.0,0.0,1193.8118870041244
conduction,hot_surface,6185.0,103.083333,337.90379294442374,270.0,340.0,31.51814904565697,0.0,0.0,0.0,0.0,0.0,31.51814904565697,1193.9694777493528,0.0,0.0,0.0,0.0,0.0,1193.9694777493528
conduction,hot_surface,6190.0,103.166667,337.9087839136037,270.0,340.0,31.44310583364387,0.0,0.0,0.0,0.0,0.0,31.44310583364387,1194.126693278521,0.0,0.0,0.0,0.0,0.0,1194.126693278521
conduction,hot_surface,6195.0,103.25,337.9137629995237,270.0,340.0,31.3682412959443,0.0,0.0,0.0,0.0,0.0,31.3682412959443,1194.283534485001,0.0,0.0,0.0,0.0,0.0,1194.283534485001
conduction,hot_surface,6200.0,103.333333,337.91873023047725,270.0,340.0,31.293555007144107,0.0,0.0,0.0,0.0,0.0,31.293555007144107,1194.4400022600366,0.0,0.0,0.0,0.0,0.0,1194.4400022600366
conduction,hot_surface,6205.0,103.416667,337.9236856346904,270.0,340.0,31.219046542841227,0.0,0.0,0.0,0.0,0.0,31.219046542841227,1194.5960974927507,0.0,0.0,0.0,0.0,0.0,1194.5960974927507
conduction,hot_surface,6210.0,103.5,337.9286292403221,270.0,340.0,31.144715479643992,0.0,0.0,0.0,0.0,0.0,31.144715479643992,1194.751821070149,0.0,0.0,0.0,0.0,0.0,1194.751821070149
conduction,hot_surface,6215.0,103.583333,337.9335610754642,270.0,340.0,31.070561395168568,0.0,0.0,0.0,0.0,0.0,31.070561395168568,1194.9071738771247,0.0,0.0,0.0,0.0,0.0,1194.9071738771247
conduction,hot_surface,6220.0,103.666667,337.93848116814166,270.0,340.0,30.99658386803725,0.0,0.0,0.0,0.0,0.0,30.99658386803725,1195.062156796465,0.0,0.0,0.0,0.0,0.0,1195.062156796465
conduction,hot_surface,6225.0,103.75,337.94338954631274,270.0,340.0,30.922782477875046,0.0,0.0,0.0,0.0,0.0,30.922782477875046,1195.2167707088543,0.0,0.0,0.0,0.0,0.0,1195.2167707088543
conduction,hot_surface,6230.0,103.833333,337.9482862378691,270.0,340.0,30.849156805308837,0.0,0.0,0.0,0.0,0.0,30.849156805308837,1195.371016492881,0.0,0.0,0.0,0.0,0.0,1195.371016492881
conduction,hot_surface,6235.0,103.916667,337.9531712706361,270.0,340.0,30.7757064319631,0.0,0.0,0.0,0.0,0.0,30.7757064319631,1195.5248950250407,0.0,0.0,0.0,0.0,0.0,1195.5248950250407
conduction,hot_surface,6240.0,104.0,337.9580446723727,270.0,340.0,30.702430940458214,0.0,0.0,0.0,0.0,0.0,30.702430940458214,1195.678407179743,0.0,0.0,0.0,0.0,0.0,1195.678407179743
conduction,hot_surface,6245.0,104.083333,337.9629064707718,270.0,340.0,30.629329914409595,0.0,0.0,0.0,0.0,0.0,30.629329914409595,1195.8315538293152,0.0,0.0,0.0,0.0,0.0,1195.8315538293152
conduction,hot_surface,6250.0,104.166667,337.96775669346044,270.0,340.0,30.556402938422593,0.0,0.0,0.0,0.0,0.0,30.556402938422593,1195.9843358440073,0.0,0.0,0.0,0.0,0.0,1195.9843358440073
conduction,hot_surface,6255.0,104.25,337.9725953679998,270.0,340.0,30.483649598093336,0.0,0.0,0.0,0.0,0.0,30.483649598093336,1196.1367540919978,0.0,0.0,0.0,0.0,0.0,1196.1367540919978
conduction,hot_surface,6260.0,104.333333,337.97742252188556,270.0,340.0,30.411069480002766,0.0,0.0,0.0,0.0,0.0,30.411069480002766,1196.288809439398,0.0,0.0,0.0,0.0,0.0,1196.288809439398
conduction,hot_surface,6265.0,104.416667,337.98223818254775,270.0,340.0,30.338662171716635,0.0,0.0,0.0,0.0,0.0,30.338662171716635,1196.4405027502567,0.0,0.0,0.0,0.0,0.0,1196.4405027502567
conduction,hot_surface,6270.0,104.5,337.9870423773512,270.0,340.0,30.266427261783804,0.0,0.0,0.0,0.0,0.0,30.266427261783804,1196.5918348865655,0.0,0.0,0.0,0.0,0.0,1196.5918348865655
conduction,hot_surface,6275.0,104.583333,337.9918351335956,270.0,340.0,30.194364339731976,0.0,0.0,0.0,0.0,0.0,30.194364339731976,1196.7428067082642,0.0,0.0,0.0,0.0,0.0,1196.7428067082642
conduction,hot_surface,6280.0,104.666667,337.9966164785156,270.0,340.0,30.122472996065994,0.0,0.0,0.0,0.0,0.0,30.122472996065994,1196.8934190732446,0.0,0.0,0.0,0.0,0.0,1196.8934190732446
conduction,hot_surface,6285.0,104.75,338.001386439281,270.0,340.0,30.050752822266134,0.0,0.0,0.0,0.0,0.0,30.050752822266134,1197.0436728373559,0.0,0.0,0.0,0.0,0.0,1197.0436728373559
conduction,hot_surface,6290.0,104.833333,338.006145042997,270.0,340.0,29.97920341078469,0.0,0.0,0.0,0.0,0.0,29.97920341078469,1197.1935688544097,0.0,0.0,0.0,0.0,0.0,1197.1935688544097
conduction,hot_surface,6295.0,104.916667,338.01089231670414,270.0,340.0,29.907824355045136,0.0,0.0,0.0,0.0,0.0,29.907824355045136,1197.343107976185,0.0,0.0,0.0,0.0,0.0,1197.343107976185
conduction,hot_surface,6300.0,105.0,338.01562828737866,270.0,340.0,29.83661524943784,0.0,0.0,0.0,0.0,0.0,29.83661524943784,1197.492291052432,0.0,0.0,0.0,0.0,0.0,1197.492291052432
conduction,hot_surface,6305.0,105.083333,338.02035298193255,270.0,340.0,29.765575689320087,0.0,0.0,0.0,0.0,0.0,29.765575689320087,1197.6411189308785,0.0,0.0,0.0,0.0,0.0,1197.6411189308785
conduction,hot_surface,6310.0,105.166667,338.0250664272137,270.0,340.0,29.6947052710118,0.0,0.0,0.0,0.0,0.0,29.6947052710118,1197.7895924572338,0.0,0.0,0.0,0.0,0.0,1197.7895924572338
conduction,hot_surface,6315.0,105.25,338.029768650006,270.0,340.0,29.62400359179469,0.0,0.0,0.0,0.0,0.0,29.62400359179469,1197.9377124751927,0.0,0.0,0.0,0.0,0.0,1197.9377124751927
conduction,hot_surface,6320.0,105.333333,338.0344596770298,270.0,340.0,29.553470249909708,0.0,0.0,0.0,0.0,0.0,29.553470249909708,1198.0854798264422,0.0,0.0,0.0,0.0,0.0,1198.0854798264422
conduction,hot_surface,6325.0,105.416667,338.0391395349416,270.0,340.0,29.48310484455277,0.0,0.0,0.0,0.0,0.0,29.48310484455277,1198.2328953506649,0.0,0.0,0.0,0.0,0.0,1198.2328953506649
conduction,hot_surface,6330.0,105.5,338.0438082503346,270.0,340.0,29.412906975875615,0.0,0.0,0.0,0.0,0.0,29.412906975875615,1198.3799598855442,0.0,0.0,0.0,0.0,0.0,1198.3799598855442
conduction,hot_surface,6335.0,105.583333,338.0484658497386,270.0,340.0,29.342876244980687,0.0,0.0,0.0,0.0,0.0,29.342876244980687,1198.526674266769,0.0,0.0,0.0,0.0,0.0,1198.526674266769
conduction,hot_surface,6340.0,105.666667,338.0531123596202,270.0,340.0,29.273012253921138,0.0,0.0,0.0,0.0,0.0,29.273012253921138,1198.6730393280386,0.0,0.0,0.0,0.0,0.0,1198.6730393280386
conduction,hot_surface,6345.0,105.75,338.05774780638296,270.0,340.0,29.203314605697415,0.0,0.0,0.0,0.0,0.0,29.203314605697415,1198.819055901067,0.0,0.0,0.0,0.0,0.0,1198.819055901067
conduction,hot_surface,6350.0,105.833333,338.06237221636775,270.0,340.0,29.133782904255554,0.0,0.0,0.0,0.0,0.0,29.133782904255554,1198.9647248155884,0.0,0.0,0.0,0.0,0.0,1198.9647248155884
conduction,hot_surface,6355.0,105.916667,338.06698561585256,270.0,340.0,29.064416754483773,0.0,0.0,0.0,0.0,0.0,29.064416754483773,1199.110046899361,0.0,0.0,0.0,0.0,0.0,1199.110046899361
conduction,hot_surface,6360.0,106.0,338.0715880310529,270.0,340.0,28.995215762211615,0.0,0.0,0.0,0.0,0.0,28.995215762211615,1199.2550229781718,0.0,0.0,0.0,0.0,0.0,1199.2550229781718
conduction,hot_surface,6365.0,106.083333,338.0761794881218,270.0,340.0,28.92617953420654,0.0,0.0,0.0,0.0,0.0,28.92617953420654,1199.399653875843,0.0,0.0,0.0,0.0,0.0,1199.399653875843
conduction,hot_surface,6370.0,106.166667,338.0807600131501,270.0,340.0,28.857307678173072,0.0,0.0,0.0,0.0,0.0,28.857307678173072,1199.543940414234,0.0,0.0,0.0,0.0,0.0,1199.543940414234
conduction,hot_surface,6375.0,106.25,338.0853296321664,270.0,340.0,28.788599802748536,0.0,0.0,0.0,0.0,0.0,28.788599802748536,1199.6878834132476,0.0,0.0,0.0,0.0,0.0,1199.6878834132476
conduction,hot_surface,6380.0,106.333333,338.0898883711374,270.0,340.0,28.72005551750391,0.0,0.0,0.0,0.0,0.0,28.72005551750391,1199.831483690835,0.0,0.0,0.0,0.0,0.0,1199.831483690835
conduction,hot_surface,6385.0,106.416667,338.09443625596805,270.0,340.0,28.651674432938705,0.0,0.0,0.0,0.0,0.0,28.651674432938705,1199.974742063,0.0,0.0,0.0,0.0,0.0,1199.974742063
conduction,hot_surface,6390.0,106.5,338.09897331250147,270.0,340.0,28.583456160479273,0.0,0.0,0.0,0.0,0.0,28.583456160479273,1200.1176593438024,0.0,0.0,0.0,0.0,0.0,1200.1176593438024
conduction,hot_surface,6395.0,106.583333,338.1034995665193,270.0,340.0,28.515400312477936,0.0,0.0,0.0,0.0,0.0,28.515400312477936,1200.2602363453648,0.0,0.0,0.0,0.0,0.0,1200.2602363453648
conduction,hot_surface,6400.0,106.666667,338.1080150437419,270.0,340.0,28.447506502210445,0.0,0.0,0.0,0.0,0.0,28.447506502210445,1200.4024738778758,0.0,0.0,0.0,0.0,0.0,1200.4024738778758
conduction,hot_surface,6405.0,106.75,338.1125197698282,270.0,340.0,28.379774343871702,0.0,0.0,0.0,0.0,0.0,28.379774343871702,1200.5443727495951,0.0,0.0,0.0,0.0,0.0,1200.5443727495951
conduction,hot_surface,6410.0,106.833333,338.1170137703763,270.0,340.0,28.312203452576625,0.0,0.0,0.0,0.0,0.0,28.312203452576625,1200.6859337668582,0.0,0.0,0.0,0.0,0.0,1200.6859337668582
conduction,hot_surface,6415.0,106.916667,338.121497070923,270.0,340.0,28.244793444355878,0.0,0.0,0.0,0.0,0.0,28.244793444355878,1200.82715773408,0.0,0.0,0.0,0.0,0.0,1200.82715773408
conduction,hot_surface,6420.0,107.0,338.1259696969446,270.0,340.0,28.17754393615502,0.0,0.0,0.0,0.0,0.0,28.17754393615502,1200.9680454537609,0.0,0.0,0.0,0.0,0.0,1200.9680454537609
conduction,hot_surface,6425.0,107.083333,338.1304316738566,270.0,340.0,28.11045454583109,0.0,0.0,0.0,0.0,0.0,28.11045454583109,1201.10859772649,0.0,0.0,0.0,0.0,0.0,1201.10859772649
conduction,hot_surface,6430.0,107.166667,338.1348830270141,270.0,340.0,28.043524892150913,0.0,0.0,0.0,0.0,0.0,28.043524892150913,1201.2488153509507,0.0,0.0,0.0,0.0,0.0,1201.2488153509507
conduction,hot_surface,6435.0,107.25,338.1393237817117,270.0,340.0,27.97675459478853,0.0,0.0,0.0,0.0,0.0,27.97675459478853,1201.3886991239247,0.0,0.0,0.0,0.0,0.0,1201.3886991239247
conduction,hot_surface,6440.0,107.333333,338.1437539631838,270.0,340.0,27.910143274324355,0.0,0.0,0.0,0.0,0.0,27.910143274324355,1201.5282498402962,0.0,0.0,0.0,0.0,0.0,1201.5282498402962
conduction,hot_surface,6445.0,107.416667,338.1481735966048,270.0,340.0,27.843690552242606,0.0,0.0,0.0,0.0,0.0,27.843690552242606,1201.6674682930573,0.0,0.0,0.0,0.0,0.0,1201.6674682930573
conduction,hot_surface,6450.0,107.5,338.1525827070891,270.0,340.0,27.777396050927905,0.0,0.0,0.0,0.0,0.0,27.777396050927905,1201.806355273312,0.0,0.0,0.0,0.0,0.0,1201.806355273312
conduction,hot_surface,6455.0,107.583333,338.1569813196913,270.0,340.0,27.711259393663568,0.0,0.0,0.0,0.0,0.0,27.711259393663568,1201.9449115702803,0.0,0.0,0.0,0.0,0.0,1201.9449115702803
conduction,hot_surface,6460.0,107.666667,338.16136945940633,270.0,340.0,27.64528020463075,0.0,0.0,0.0,0.0,0.0,27.64528020463075,1202.0831379713034,0.0,0.0,0.0,0.0,0.0,1202.0831379713034
conduction,hot_surface,6465.0,107.75,338.1657471511696,270.0,340.0,27.579458108905044,0.0,0.0,0.0,0.0,0.0,27.579458108905044,1202.221035261848,0.0,0.0,0.0,0.0,0.0,1202.221035261848
conduction,hot_surface,6470.0,107.833333,338.1701144198573,270.0,340.0,27.513792732455613,0.0,0.0,0.0,0.0,0.0,27.513792732455613,1202.3586042255104,0.0,0.0,0.0,0.0,0.0,1202.3586042255104
conduction,hot_surface,6475.0,107.916667,338.17447129028625,270.0,340.0,27.44828370214009,0.0,0.0,0.0,0.0,0.0,27.44828370214009,1202.4958456440208,0.0,0.0,0.0,0.0,0.0,1202.4958456440208
conduction,hot_surface,6480.0,108.0,338.17881778721414,270.0,340.0,27.382930645706267,0.0,0.0,0.0,0.0,0.0,27.382930645706267,1202.6327602972494,0.0,0.0,0.0,0.0,0.0,1202.6327602972494
conduction,hot_surface,6485.0,108.083333,338.1831539353398,270.0,340.0,27.317733191787852,0.0,0.0,0.0,0.0,0.0,27.317733191787852,1202.7693489632086,0.0,0.0,0.0,0.0,0.0,1202.7693489632086
conduction,hot_surface,6490.0,108.166667,338.1874797593033,270.0,340.0,27.252690969902744,0.0,0.0,0.0,0.0,0.0,27.252690969902744,1202.9056124180581,0.0,0.0,0.0,0.0,0.0,1202.9056124180581
conduction,hot_surface,6495.0,108.25,338.1917952836859,270.0,340.0,27.187803610450487,0.0,0.0,0.0,0.0,0.0,27.187803610450487,1203.0415514361105,0.0,0.0,0.0,0.0,0.0,1203.0415514361105
conduction,hot_surface,6500.0,108.333333,338.19610053301045,270.0,340.0,27.123070744711413,0.0,0.0,0.0,0.0,0.0,27.123070744711413,1203.177166789834,0.0,0.0,0.0,0.0,0.0,1203.177166789834
conduction,hot_surface,6505.0,108.416667,338.2003955317414,270.0,340.0,27.05849200484323,0.0,0.0,0.0,0.0,0.0,27.05849200484323,1203.312459249858,0.0,0.0,0.0,0.0,0.0,1203.312459249858
conduction,hot_surface,6510.0,108.5,338.20468030428486,270.0,340.0,26.994067023879325,0.0,0.0,0.0,0.0,0.0,26.994067023879325,1203.4474295849775,0.0,0.0,0.0,0.0,0.0,1203.4474295849775
conduction,hot_surface,6515.0,108.583333,338.20895487498893,270.0,340.0,26.929795435727044,0.0,0.0,0.0,0.0,0.0,26.929795435727044,1203.582078562156,0.0,0.0,0.0,0.0,0.0,1203.582078562156
conduction,hot_surface,6520.0,108.666667,338.21321926814375,270.0,340.0,26.865676875166002,0.0,0.0,0.0,0.0,0.0,26.865676875166002,1203.716406946532,0.0,0.0,0.0,0.0,0.0,1203.716406946532
conduction,hot_surface,6525.0,108.75,338.2174735079815,270.0,340.0,26.80171097784381,0.0,0.0,0.0,0.0,0.0,26.80171097784381,1203.8504155014211,0.0,0.0,0.0,0.0,0.0,1203.8504155014211
conduction,hot_surface,6530.0,108.833333,338.22171761867673,270.0,340.0,26.737897380277786,0.0,0.0,0.0,0.0,0.0,26.737897380277786,1203.9841049883223,0.0,0.0,0.0,0.0,0.0,1203.9841049883223
conduction,hot_surface,6535.0,108.916667,338.2259516243466,270.0,340.0,26.67423571984898,0.0,0.0,0.0,0.0,0.0,26.67423571984898,1204.1174761669217,0.0,0.0,0.0,0.0,0.0,1204.1174761669217
conduction,hot_surface,6540.0,109.0,338.2301755490505,270.0,340.0,26.610725634801327,0.0,0.0,0.0,0.0,0.0,26.610725634801327,1204.2505297950959,0.0,0.0,0.0,0.0,0.0,1204.2505297950959
conduction,hot_surface,6545.0,109.083333,338.23438941679086,270.0,340.0,26.547366764242497,0.0,0.0,0.0,0.0,0.0,26.547366764242497,1204.383266628917,0.0,0.0,0.0,0.0,0.0,1204.383266628917
conduction,hot_surface,6550.0,109.166667,338.2385932515128,270.0,340.0,26.484158748137077,0.0,0.0,0.0,0.0,0.0,26.484158748137077,1204.515687422658,0.0,0.0,0.0,0.0,0.0,1204.515687422658
conduction,hot_surface,6555.0,109.25,338.2427870771044,270.0,340.0,26.42110122730827,0.0,0.0,0.0,0.0,0.0,26.42110122730827,1204.6477929287944,0.0,0.0,0.0,0.0,0.0,1204.6477929287944
conduction,hot_surface,6560.0,109.333333,338.24697091739705,270.0,340.0,26.35819384343364,0.0,0.0,0.0,0.0,0.0,26.35819384343364,1204.7795838980117,0.0,0.0,0.0,0.0,0.0,1204.7795838980117
conduction,hot_surface,6565.0,109.416667,338.25114479616514,270.0,340.0,26.29543623904425,0.0,0.0,0.0,0.0,0.0,26.29543623904425,1204.9110610792068,0.0,0.0,0.0,0.0,0.0,1204.9110610792068
conduction,hot_surface,6570.0,109.5,338.25530873712665,270.0,340.0,26.232828057522966,0.0,0.0,0.0,0.0,0.0,26.232828057522966,1205.0422252194944,0.0,0.0,0.0,0.0,0.0,1205.0422252194944
conduction,hot_surface,6575.0,109.583333,338.259462763943,270.0,340.0,26.170368943100186,0.0,0.0,0.0,0.0,0.0,26.170368943100186,1205.1730770642098,0.0,0.0,0.0,0.0,0.0,1205.1730770642098
conduction,hot_surface,6580.0,109.666667,338.2636069002194,270.0,340.0,26.1080585408547,0.0,0.0,0.0,0.0,0.0,26.1080585408547,1205.3036173569142,0.0,0.0,0.0,0.0,0.0,1205.3036173569142
conduction,hot_surface,6585.0,109.75,338.2677411695046,270.0,340.0,26.045896496709418,0.0,0.0,0.0,0.0,0.0,26.045896496709418,1205.4338468393976,0.0,0.0,0.0,0.0,0.0,1205.4338468393976
conduction,hot_surface,6590.0,109.833333,338.27186559529144,270.0,340.0,25.983882457431378,0.0,0.0,0.0,0.0,0.0,25.983882457431378,1205.563766251685,0.0,0.0,0.0,0.0,0.0,1205.563766251685
conduction,hot_surface,6595.0,109.916667,338.2759802010169,270.0,340.0,25.92201607062833,0.0,0.0,0.0,0.0,0.0,25.92201607062833,1205.693376332038,0.0,0.0,0.0,0.0,0.0,1205.693376332038
conduction,hot_surface,6600.0,110.0,338.2800850100621,270.0,340.0,25.860296984746185,0.0,0.0,0.0,0.0,0.0,25.860296984746185,1205.822677816962,0.0,0.0,0.0,0.0,0.0,1205.822677816962
conduction,hot_surface,6605.0,110.083333,338.28418004575246,270.0,340.0,25.79872484906815,0.0,0.0,0.0,0.0,0.0,25.79872484906815,1205.9516714412073,0.0,0.0,0.0,0.0,0.0,1205.9516714412073
conduction,hot_surface,6610.0,110.166667,338.2882653313578,270.0,340.0,25.737299313713038,0.0,0.0,0.0,0.0,0.0,25.737299313713038,1206.0803579377757,0.0,0.0,0.0,0.0,0.0,1206.0803579377757
conduction,hot_surface,6615.0,110.25,338.2923408900927,270.0,340.0,25.676020029632696,0.0,0.0,0.0,0.0,0.0,25.676020029632696,1206.2087380379241,0.0,0.0,0.0,0.0,0.0,1206.2087380379241
conduction,hot_surface,6620.0,110.333333,338.2964067451163,270.0,340.0,25.614886648609456,0.0,0.0,0.0,0.0,0.0,25.614886648609456,1206.3368124711671,0.0,0.0,0.0,0.0,0.0,1206.3368124711671
conduction,hot_surface,6625.0,110.416667,338.3004629195327,270.0,340.0,25.55389882325528,0.0,0.0,0.0,0.0,0.0,25.55389882325528,1206.4645819652835,0.0,0.0,0.0,0.0,0.0,1206.4645819652835
conduction,hot_surface,6630.0,110.5,338.30450943639096,270.0,340.0,25.493056207009204,0.0,0.0,0.0,0.0,0.0,25.493056207009204,1206.5920472463185,0.0,0.0,0.0,0.0,0.0,1206.5920472463185
conduction,hot_surface,6635.0,110.583333,338.3085463186853,270.0,340.0,25.432358454135624,0.0,0.0,0.0,0.0,0.0,25.432358454135624,1206.719209038589,0.0,0.0,0.0,0.0,0.0,1206.719209038589
conduction,hot_surface,6640.0,110.666667,338.31257358935505,270.0,340.0,25.371805219720898,0.0,0.0,0.0,0.0,0.0,25.371805219720898,1206.8460680646879,0.0,0.0,0.0,0.0,0.0,1206.8460680646879
conduction,hot_surface,6645.0,110.75,338.3165912712852,270.0,340.0,25.31139615967419,0.0,0.0,0.0,0.0,0.0,25.31139615967419,1206.9726250454862,0.0,0.0,0.0,0.0,0.0,1206.9726250454862
conduction,hot_surface,6650.0,110.833333,338.32059938730595,270.0,340.0,25.251130930722354,0.0,0.0,0.0,0.0,0.0,25.251130930722354,1207.0988807001397,0.0,0.0,0.0,0.0,0.0,1207.0988807001397
conduction,hot_surface,6655.0,110.916667,338.32459796019333,270.0,340.0,25.191009190410796,0.0,0.0,0.0,0.0,0.0,25.191009190410796,1207.2248357460917,0.0,0.0,0.0,0.0,0.0,1207.2248357460917
conduction,hot_surface,6660.0,111.0,338.32858701266906,270.0,340.0,25.13103059710005,0.0,0.0,0.0,0.0,0.0,25.13103059710005,1207.3504908990774,0.0,0.0,0.0,0.0,0.0,1207.3504908990774
conduction,hot_surface,6665.0,111.083333,338.3325665674008,270.0,340.0,25.071194809964084,0.0,0.0,0.0,0.0,0.0,25.071194809964084,1207.4758468731272,0.0,0.0,0.0,0.0,0.0,1207.4758468731272
conduction,hot_surface,6670.0,111.166667,338.3365366470022,270.0,340.0,25.011501488987733,0.0,0.0,0.0,0.0,0.0,25.011501488987733,1207.600904380572,0.0,0.0,0.0,0.0,0.0,1207.600904380572
conduction,hot_surface,6675.0,111.25,338.34049727403317,270.0,340.0,24.951950294966707,0.0,0.0,0.0,0.0,0.0,24.951950294966707,1207.7256641320469,0.0,0.0,0.0,0.0,0.0,1207.7256641320469
conduction,hot_surface,6680.0,111.333333,338.34444847099974,270.0,340.0,24.89254088950247,0.0,0.0,0.0,0.0,0.0,24.89254088950247,1207.8501268364944,0.0,0.0,0.0,0.0,0.0,1207.8501268364944
conduction,hot_surface,6685.0,111.416667,338.3483902603545,270.0,340.0,24.833272935003947,0.0,0.0,0.0,0.0,0.0,24.833272935003947,1207.9742932011693,0.0,0.0,0.0,0.0,0.0,1207.9742932011693
conduction,hot_surface,6690.0,111.5,338.3523226644965,270.0,340.0,24.774146094682408,0.0,0.0,0.0,0.0,0.0,24.774146094682408,1208.0981639316426,0.0,0.0,0.0,0.0,0.0,1208.0981639316426
conduction,hot_surface,6695.0,111.583333,338.3562457057715,270.0,340.0,24.71516003255232,0.0,0.0,0.0,0.0,0.0,24.71516003255232,1208.2217397318054,0.0,0.0,0.0,0.0,0.0,1208.2217397318054
conduction,hot_surface,6700.0,111.666667,338.36015940647206,270.0,340.0,24.656314413427083,0.0,0.0,0.0,0.0,0.0,24.656314413427083,1208.3450213038725,0.0,0.0,0.0,0.0,0.0,1208.3450213038725
conduction,hot_surface,6705.0,111.75,338.3640637888376,270.0,340.0,24.597608902919035,0.0,0.0,0.0,0.0,0.0,24.597608902919035,1208.468009348387,0.0,0.0,0.0,0.0,0.0,1208.468009348387
conduction,hot_surface,6710.0,111.833333,338.3679588750546,270.0,340.0,24.539043167436034,0.0,0.0,0.0,0.0,0.0,24.539043167436034,1208.5907045642243,0.0,0.0,0.0,0.0,0.0,1208.5907045642243
conduction,hot_surface,6715.0,111.916667,338.3718446872569,270.0,340.0,24.480616874180612,0.0,0.0,0.0,0.0,0.0,24.480616874180612,1208.7131076485953,0.0,0.0,0.0,0.0,0.0,1208.7131076485953
conduction,hot_surface,6720.0,112.0,338.37572124752535,270.0,340.0,24.422329691146558,0.0,0.0,0.0,0.0,0.0,24.422329691146558,1208.835219297051,0.0,0.0,0.0,0.0,0.0,1208.835219297051
conduction,hot_surface,6725.0,112.083333,338.3795885778884,270.0,340.0,24.364181287119777,0.0,0.0,0.0,0.0,0.0,24.364181287119777,1208.9570402034865,0.0,0.0,0.0,0.0,0.0,1208.9570402034865
conduction,hot_surface,6730.0,112.166667,338.383446700322,270.0,340.0,24.306171331674022,0.0,0.0,0.0,0.0,0.0,24.306171331674022,1209.0785710601451,0.0,0.0,0.0,0.0,0.0,1209.0785710601451
conduction,hot_surface,6735.0,112.25,338.3872956367498,270.0,340.0,24.248299495170045,0.0,0.0,0.0,0.0,0.0,24.248299495170045,1209.1998125576208,0.0,0.0,0.0,0.0,0.0,1209.1998125576208
conduction,hot_surface,6740.0,112.333333,338.3911354090433,270.0,340.0,24.190565448753034,0.0,0.0,0.0,0.0,0.0,24.190565448753034,1209.3207653848647,0.0,0.0,0.0,0.0,0.0,1209.3207653848647
conduction,hot_surface,6745.0,112.416667,338.39496603902177,270.0,340.0,24.132968864350914,0.0,0.0,0.0,0.0,0.0,24.132968864350914,1209.4414302291866,0.0,0.0,0.0,0.0,0.0,1209.4414302291866
conduction,hot_surface,6750.0,112.5,338.3987875484527,270.0,340.0,24.07550941467349,0.0,0.0,0.0,0.0,0.0,24.07550941467349,1209.56180777626,0.0,0.0,0.0,0.0,0.0,1209.56180777626
conduction,hot_surface,6755.0,112.583333,338.4025999590516,270.0,340.0,24.01818677320989,0.0,0.0,0.0,0.0,0.0,24.01818677320989,1209.681898710126,0.0,0.0,0.0,0.0,0.0,1209.681898710126
conduction,hot_surface,6760.0,112.666667,338.4064032924824,270.0,340.0,23.96100061422601,0.0,0.0,0.0,0.0,0.0,23.96100061422601,1209.8017037131972,0.0,0.0,0.0,0.0,0.0,1209.8017037131972
conduction,hot_surface,6765.0,112.75,338.41019757035747,270.0,340.0,23.90395061276365,0.0,0.0,0.0,0.0,0.0,23.90395061276365,1209.9212234662612,0.0,0.0,0.0,0.0,0.0,1209.9212234662612
conduction,hot_surface,6770.0,112.833333,338.41398281423756,270.0,340.0,23.84703644463798,0.0,0.0,0.0,0.0,0.0,23.84703644463798,1210.0404586484842,0.0,0.0,0.0,0.0,0.0,1210.0404586484842
conduction,hot_surface,6775.0,112.916667,338.41775904563224,270.0,340.0,23.790257786436655,0.0,0.0,0.0,0.0,0.0,23.790257786436655,1210.1594099374165,0.0,0.0,0.0,0.0,0.0,1210.1594099374165
conduction,hot_surface,6780.0,113.0,338.4215262859998,270.0,340.0,23.733614315516434,0.0,0.0,0.0,0.0,0.0,23.733614315516434,1210.278078008994,0.0,0.0,0.0,0.0,0.0,1210.278078008994
conduction,hot_surface,6785.0,113.083333,338.4252845567474,270.0,340.0,23.67710571000316,0.0,0.0,0.0,0.0,0.0,23.67710571000316,1210.396463537544,0.0,0.0,0.0,0.0,0.0,1210.396463537544
conduction,hot_surface,6790.0,113.166667,338.4290338792313,270.0,340.0,23.620731648789217,0.0,0.0,0.0,0.0,0.0,23.620731648789217,1210.514567195788,0.0,0.0,0.0,0.0,0.0,1210.514567195788
conduction,hot_surface,6795.0,113.25,338.432774274757,270.0,340.0,23.564491811530104,0.0,0.0,0.0,0.0,0.0,23.564491811530104,1210.6323896548456,0.0,0.0,0.0,0.0,0.0,1210.6323896548456
conduction,hot_surface,6800.0,113.333333,338.436505764579,270.0,340.0,23.5083858786453,0.0,0.0,0.0,0.0,0.0,23.5083858786453,1210.749931584239,0.0,0.0,0.0,0.0,0.0,1210.749931584239
conduction,hot_surface,6805.0,113.416667,338.44022836990143,270.0,340.0,23.452413531314846,0.0,0.0,0.0,0.0,0.0,23.452413531314846,1210.8671936518956,0.0,0.0,0.0,0.0,0.0,1210.8671936518956
conduction,hot_surface,6810.0,113.5,338.44394211187785,270.0,340.0,23.3965744514785,0.0,0.0,0.0,0.0,0.0,23.3965744514785,1210.9841765241529,0.0,0.0,0.0,0.0,0.0,1210.9841765241529
conduction,hot_surface,6815.0,113.583333,338.4476470116115,270.0,340.0,23.340868321832318,0.0,0.0,0.0,0.0,0.0,23.340868321832318,1211.1008808657623,0.0,0.0,0.0,0.0,0.0,1211.1008808657623
conduction,hot_surface,6820.0,113.666667,338.45134309015526,270.0,340.0,23.285294825827805,0.0,0.0,0.0,0.0,0.0,23.285294825827805,1211.2173073398912,0.0,0.0,0.0,0.0,0.0,1211.2173073398912
conduction,hot_surface,6825.0,113.75,338.45503036851204,270.0,340.0,23.229853647671064,0.0,0.0,0.0,0.0,0.0,23.229853647671064,1211.3334566081296,0.0,0.0,0.0,0.0,0.0,1211.3334566081296
conduction,hot_surface,6830.0,113.833333,338.45870886763464,270.0,340.0,23.174544472319383,0.0,0.0,0.0,0.0,0.0,23.174544472319383,1211.4493293304913,0.0,0.0,0.0,0.0,0.0,1211.4493293304913
conduction,hot_surface,6835.0,113.916667,338.462378608426,270.0,340.0,23.119366985480383,0.0,0.0,0.0,0.0,0.0,23.119366985480383,1211.5649261654187,0.0,0.0,0.0,0.0,0.0,1211.5649261654187
conduction,hot_surface,6840.0,114.0,338.46603961173923,270.0,340.0,23.064320873610313,0.0,0.0,0.0,0.0,0.0,23.064320873610313,1211.6802477697868,0.0,0.0,0.0,0.0,0.0,1211.6802477697868
conduction,hot_surface,6845.0,114.083333,338.46969189837796,270.0,340.0,23.009405823911493,0.0,0.0,0.0,0.0,0.0,23.009405823911493,1211.7952947989063,0.0,0.0,0.0,0.0,0.0,1211.7952947989063
conduction,hot_surface,6850.0,114.166667,338.4733354890961,270.0,340.0,22.954621524330605,0.0,0.0,0.0,0.0,0.0,22.954621524330605,1211.9100679065277,0.0,0.0,0.0,0.0,0.0,1211.9100679065277
conduction,hot_surface,6855.0,114.25,338.47697040459826,270.0,340.0,22.899967663558698,0.0,0.0,0.0,0.0,0.0,22.899967663558698,1212.0245677448456,0.0,0.0,0.0,0.0,0.0,1212.0245677448456
conduction,hot_surface,6860.0,114.333333,338.4805966655397,270.0,340.0,22.845443931026068,0.0,0.0,0.0,0.0,0.0,22.845443931026068,1212.1387949645007,0.0,0.0,0.0,0.0,0.0,1212.1387949645007
conduction,hot_surface,6865.0,114.416667,338.4842142925265,270.0,340.0,22.79105001690482,0.0,0.0,0.0,0.0,0.0,22.79105001690482,1212.2527502145854,0.0,0.0,0.0,0.0,0.0,1212.2527502145854
conduction,hot_surface,6870.0,114.5,338.4878233061157,270.0,340.0,22.736785612102892,0.0,0.0,0.0,0.0,0.0,22.736785612102892,1212.3664341426459,0.0,0.0,0.0,0.0,0.0,1212.3664341426459
conduction,hot_surface,6875.0,114.583333,338.4914237268154,270.0,340.0,22.68265040826492,0.0,0.0,0.0,0.0,0.0,22.68265040826492,1212.479847394687,0.0,0.0,0.0,0.0,0.0,1212.479847394687
conduction,hot_surface,6880.0,114.666667,338.4950155750849,270.0,340.0,22.628644097768813,0.0,0.0,0.0,0.0,0.0,22.628644097768813,1212.592990615176,0.0,0.0,0.0,0.0,0.0,1212.592990615176
conduction,hot_surface,6885.0,114.75,338.4985988713347,270.0,340.0,22.574766373726618,0.0,0.0,0.0,0.0,0.0,22.574766373726618,1212.7058644470446,0.0,0.0,0.0,0.0,0.0,1212.7058644470446
conduction,hot_surface,6890.0,114.833333,338.5021736359268,270.0,340.0,22.521016929979396,0.0,0.0,0.0,0.0,0.0,22.521016929979396,1212.8184695316947,0.0,0.0,0.0,0.0,0.0,1212.8184695316947
conduction,hot_surface,6895.0,114.916667,338.5057398891746,270.0,340.0,22.46739546109808,0.0,0.0,0.0,0.0,0.0,22.46739546109808,1212.9308065090001,0.0,0.0,0.0,0.0,0.0,1212.9308065090001
conduction,hot_surface,6900.0,115.0,338.5092976513432,270.0,340.0,22.41390166238091,0.0,0.0,0.0,0.0,0.0,22.41390166238091,1213.042876017312,0.0,0.0,0.0,0.0,0.0,1213.042876017312
conduction,hot_surface,6905.0,115.083333,338.51284694264956,270.0,340.0,22.360535229851735,0.0,0.0,0.0,0.0,0.0,22.360535229851735,1213.1546786934612,0.0,0.0,0.0,0.0,0.0,1213.1546786934612
conduction,hot_surface,6910.0,115.166667,338.5163877832623,270.0,340.0,22.307295860256602,0.0,0.0,0.0,0.0,0.0,22.307295860256602,1213.2662151727625,0.0,0.0,0.0,0.0,0.0,1213.2662151727625
conduction,hot_surface,6915.0,115.25,338.51992019330214,270.0,340.0,22.254183251065456,0.0,0.0,0.0,0.0,0.0,22.254183251065456,1213.377486089018,0.0,0.0,0.0,0.0,0.0,1213.377486089018
conduction,hot_surface,6920.0,115.333333,338.5234441928419,270.0,340.0,22.20119710046788,0.0,0.0,0.0,0.0,0.0,22.20119710046788,1213.4884920745203,0.0,0.0,0.0,0.0,0.0,1213.4884920745203
conduction,hot_surface,6925.0,115.416667,338.52695980190657,270.0,340.0,22.14833710737139,0.0,0.0,0.0,0.0,0.0,22.14833710737139,1213.5992337600574,0.0,0.0,0.0,0.0,0.0,1213.5992337600574
conduction,hot_surface,6930.0,115.5,338.53046704047347,270.0,340.0,22.095602971401433,0.0,0.0,0.0,0.0,0.0,22.095602971401433,1213.7097117749142,0.0,0.0,0.0,0.0,0.0,1213.7097117749142
conduction,hot_surface,6935.0,115.583333,338.53396592847236,270.0,340.0,22.04299439289798,0.0,0.0,0.0,0.0,0.0,22.04299439289798,1213.8199267468788,0.0,0.0,0.0,0.0,0.0,1213.8199267468788
conduction,hot_surface,6940.0,115.666667,338.5374564857855,270.0,340.0,21.99051107291467,0.0,0.0,0.0,0.0,0.0,21.99051107291467,1213.9298793022433,0.0,0.0,0.0,0.0,0.0,1213.9298793022433
conduction,hot_surface,6945.0,115.75,338.5409387322479,270.0,340.0,21.938152713217107,0.0,0.0,0.0,0.0,0.0,21.938152713217107,1214.0395700658094,0.0,0.0,0.0,0.0,0.0,1214.0395700658094
conduction,hot_surface,6950.0,115.833333,338.5444126876473,270.0,340.0,21.88591901628115,0.0,0.0,0.0,0.0,0.0,21.88591901628115,1214.1489996608907,0.0,0.0,0.0,0.0,0.0,1214.1489996608907
conduction,hot_surface,6955.0,115.916667,338.5478783717243,270.0,340.0,21.833809685290362,0.0,0.0,0.0,0.0,0.0,21.833809685290362,1214.2581687093173,0.0,0.0,0.0,0.0,0.0,1214.2581687093173
conduction,hot_surface,6960.0,116.0,338.5513358041726,270.0,340.0,21.781824424135152,0.0,0.0,0.0,0.0,0.0,21.781824424135152,1214.3670778314379,0.0,0.0,0.0,0.0,0.0,1214.3670778314379
conduction,hot_surface,6965.0,116.083333,338.55478500463886,270.0,340.0,21.729962937411074,0.0,0.0,0.0,0.0,0.0,21.729962937411074,1214.4757276461248,0.0,0.0,0.0,0.0,0.0,1214.4757276461248
conduction,hot_surface,6970.0,116.166667,338.55822599272307,270.0,340.0,21.678224930417116,0.0,0.0,0.0,0.0,0.0,21.678224930417116,1214.5841187707767,0.0,0.0,0.0,0.0,0.0,1214.5841187707767
conduction,hot_surface,6975.0,116.25,338.5616587879785,270.0,340.0,21.626610109154,0.0,0.0,0.0,0.0,0.0,21.626610109154,1214.6922518213225,0.0,0.0,0.0,0.0,0.0,1214.6922518213225
conduction,hot_surface,6980.0,116.333333,338.5650834099119,270.0,340.0,21.575118180322477,0.0,0.0,0.0,0.0,0.0,21.575118180322477,1214.8001274122241,0.0,0.0,0.0,0.0,0.0,1214.8001274122241
conduction,hot_surface,6985.0,116.416667,338.5684998779835,270.0,340.0,21.523748851321614,0.0,0.0,0.0,0.0,0.0,21.523748851321614,1214.907746156481,0.0,0.0,0.0,0.0,0.0,1214.907746156481
conduction,hot_surface,6990.0,116.5,338.57190821160737,270.0,340.0,21.472501830247097,0.0,0.0,0.0,0.0,0.0,21.472501830247097,1215.0151086656322,0.0,0.0,0.0,0.0,0.0,1215.0151086656322
conduction,hot_surface,6995.0,116.583333,338.57530843015115,270.0,340.0,21.421376825889524,0.0,0.0,0.0,0.0,0.0,21.421376825889524,1215.1222155497614,0.0,0.0,0.0,0.0,0.0,1215.1222155497614
conduction,hot_surface,7000.0,116.666667,338.5787005529365,270.0,340.0,21.370373547732697,0.0,0.0,0.0,0.0,0.0,21.370373547732697,1215.2290674175001,0.0,0.0,0.0,0.0,0.0,1215.2290674175001
conduction,hot_surface,7005.0,116.75,338.582084599239,270.0,340.0,21.31949170595277,0.0,0.0,0.0,0.0,0.0,21.31949170595277,1215.3356648760298,0.0,0.0,0.0,0.0,0.0,1215.3356648760298
conduction,hot_surface,7010.0,116.833333,338.58546058828847,270.0,340.0,21.268731011414843,0.0,0.0,0.0,0.0,0.0,21.268731011414843,1215.442008531087,0.0,0.0,0.0,0.0,0.0,1215.442008531087
conduction,hot_surface,7015.0,116.916667,338.5888285392687,270.0,340.0,21.218091175672953,0.0,0.0,0.0,0.0,0.0,21.218091175672953,1215.5480989869652,0.0,0.0,0.0,0.0,0.0,1215.5480989869652
conduction,hot_surface,7020.0,117.0,338.5921884713181,270.0,340.0,21.16757191096923,0.0,0.0,0.0,0.0,0.0,21.16757191096923,1215.65393684652,0.0,0.0,0.0,0.0,0.0,1215.65393684652
conduction,hot_surface,7025.0,117.083333,338.59554040352924,270.0,340.0,21.117172930228776,0.0,0.0,0.0,0.0,0.0,21.117172930228776,1215.7595227111713,0.0,0.0,0.0,0.0,0.0,1215.7595227111713
conduction,hot_surface,7030.0,117.166667,338.5988843549494,270.0,340.0,21.066893947061374,0.0,0.0,0.0,0.0,0.0,21.066893947061374,1215.8648571809067,0.0,0.0,0.0,0.0,0.0,1215.8648571809067
conduction,hot_surface,7035.0,117.25,338.6022203445805,270.0,340.0,21.016734675758926,0.0,0.0,0.0,0.0,0.0,21.016734675758926,1215.9699408542854,0.0,0.0,0.0,0.0,0.0,1215.9699408542854
conduction,hot_surface,7040.0,117.333333,338.6055483913791,270.0,340.0,20.966694831292898,0.0,0.0,0.0,0.0,0.0,20.966694831292898,1216.074774328442,0.0,0.0,0.0,0.0,0.0,1216.074774328442
conduction,hot_surface,7045.0,117.416667,338.60886851425676,270.0,340.0,20.916774129313467,0.0,0.0,0.0,0.0,0.0,20.916774129313467,1216.1793581990883,0.0,0.0,0.0,0.0,0.0,1216.1793581990883
conduction,hot_surface,7050.0,117.5,338.61218073207993,270.0,340.0,20.866972286148666,0.0,0.0,0.0,0.0,0.0,20.866972286148666,1216.2836930605192,0.0,0.0,0.0,0.0,0.0,1216.2836930605192
conduction,hot_surface,7055.0,117.583333,338.61548506367023,270.0,340.0,20.817289018800977,0.0,0.0,0.0,0.0,0.0,20.817289018800977,1216.3877795056133,0.0,0.0,0.0,0.0,0.0,1216.3877795056133
conduction,hot_surface,7060.0,117.666667,338.61878152780434,270.0,340.0,20.767724044946476,0.0,0.0,0.0,0.0,0.0,20.767724044946476,1216.491618125838,0.0,0.0,0.0,0.0,0.0,1216.491618125838
conduction,hot_surface,7065.0,117.75,338.62207014321433,270.0,340.0,20.718277082934833,0.0,0.0,0.0,0.0,0.0,20.718277082934833,1216.5952095112525,0.0,0.0,0.0,0.0,0.0,1216.5952095112525
conduction,hot_surface,7070.0,117.833333,338.62535092858764,270.0,340.0,20.66894785178505,0.0,0.0,0.0,0.0,0.0,20.66894785178505,1216.6985542505115,0.0,0.0,0.0,0.0,0.0,1216.6985542505115
conduction,hot_surface,7075.0,117.916667,338.6286239025672,270.0,340.0,20.619736071185457,0.0,0.0,0.0,0.0,0.0,20.619736071185457,1216.8016529308675,0.0,0.0,0.0,0.0,0.0,1216.8016529308675
conduction,hot_surface,7080.0,118.0,338.63188908375156,270.0,340.0,20.570641461492016,0.0,0.0,0.0,0.0,0.0,20.570641461492016,1216.9045061381748,0.0,0.0,0.0,0.0,0.0,1216.9045061381748
conduction,hot_surface,7085.0,118.083333,338.63514649069504,270.0,340.0,20.521663743726606,0.0,0.0,0.0,0.0,0.0,20.521663743726606,1217.0071144568933,0.0,0.0,0.0,0.0,0.0,1217.0071144568933
conduction,hot_surface,7090.0,118.166667,338.63839614190766,270.0,340.0,20.472802639574468,0.0,0.0,0.0,0.0,0.0,20.472802639574468,1217.1094784700913,0.0,0.0,0.0,0.0,0.0,1217.1094784700913
conduction,hot_surface,7095.0,118.25,338.6416380558555,270.0,340.0,20.42405787138506,0.0,0.0,0.0,0.0,0.0,20.42405787138506,1217.2115987594482,0.0,0.0,0.0,0.0,0.0,1217.2115987594482
conduction,hot_surface,7100.0,118.333333,338.6448722509606,270.0,340.0,20.37542916216779,0.0,0.0,0.0,0.0,0.0,20.37542916216779,1217.3134759052589,0.0,0.0,0.0,0.0,0.0,1217.3134759052589
conduction,hot_surface,7105.0,118.416667,338.64809874560115,270.0,340.0,20.32691623559117,0.0,0.0,0.0,0.0,0.0,20.32691623559117,1217.4151104864368,0.0,0.0,0.0,0.0,0.0,1217.4151104864368
conduction,hot_surface,7110.0,118.5,338.6513175581116,270.0,340.0,20.278518815982807,0.0,0.0,0.0,0.0,0.0,20.278518815982807,1217.5165030805167,0.0,0.0,0.0,0.0,0.0,1217.5165030805167
conduction,hot_surface,7115.0,118.583333,338.65452870678274,270.0,340.0,20.230236628325997,0.0,0.0,0.0,0.0,0.0,20.230236628325997,1217.6176542636586,0.0,0.0,0.0,0.0,0.0,1217.6176542636586
conduction,hot_surface,7120.0,118.666667,338.6577322098618,270.0,340.0,20.182069398258875,0.0,0.0,0.0,0.0,0.0,20.182069398258875,1217.7185646106498,0.0,0.0,0.0,0.0,0.0,1217.7185646106498
conduction,hot_surface,7125.0,118.75,338.6609280855526,270.0,340.0,20.134016852072705,0.0,0.0,0.0,0.0,0.0,20.134016852072705,1217.8192346949102,0.0,0.0,0.0,0.0,0.0,1217.8192346949102
conduction,hot_surface,7130.0,118.833333,338.6641163520156,270.0,340.0,20.08607871671103,0.0,0.0,0.0,0.0,0.0,20.08607871671103,1217.9196650884937,0.0,0.0,0.0,0.0,0.0,1217.9196650884937
conduction,hot_surface,7135.0,118.916667,338.6672970273679,270.0,340.0,20.038254719766257,0.0,0.0,0.0,0.0,0.0,20.038254719766257,1218.0198563620927,0.0,0.0,0.0,0.0,0.0,1218.0198563620927
conduction,hot_surface,7140.0,119.0,338.6704701296837,270.0,340.0,19.990544589481374,0.0,0.0,0.0,0.0,0.0,19.990544589481374,1218.11980908504,0.0,0.0,0.0,0.0,0.0,1218.11980908504
conduction,hot_surface,7145.0,119.083333,338.67363567699397,270.0,340.0,19.942948054744818,0.0,0.0,0.0,0.0,0.0,19.942948054744818,1218.219523825314,0.0,0.0,0.0,0.0,0.0,1218.219523825314
conduction,hot_surface,7150.0,119.166667,338.6767936872868,270.0,340.0,19.895464845090487,0.0,0.0,0.0,0.0,0.0,19.895464845090487,1218.3190011495394,0.0,0.0,0.0,0.0,0.0,1218.3190011495394
conduction,hot_surface,7155.0,119.25,338.6799441785076,270.0,340.0,19.848094690697735,0.0,0.0,0.0,0.0,0.0,19.848094690697735,1218.4182416229928,0.0,0.0,0.0,0.0,0.0,1218.4182416229928
conduction,hot_surface,7160.0,119.333333,338.68308716855876,270.0,340.0,19.800837322386258,0.0,0.0,0.0,0.0,0.0,19.800837322386258,1218.5172458096047,0.0,0.0,0.0,0.0,0.0,1218.5172458096047
conduction,hot_surface,7165.0,119.416667,338.68622267530026,270.0,340.0,19.75369247161865,0.0,0.0,0.0,0.0,0.0,19.75369247161865,1218.6160142719627,0.0,0.0,0.0,0.0,0.0,1218.6160142719627
conduction,hot_surface,7170.0,119.5,338.68935071654954,270.0,340.0,19.70665987049614,0.0,0.0,0.0,0.0,0.0,19.70665987049614,1218.7145475713153,0.0,0.0,0.0,0.0,0.0,1218.7145475713153
conduction,hot_surface,7175.0,119.583333,338.69247131008154,270.0,340.0,19.65973925175689,0.0,0.0,0.0,0.0,0.0,19.65973925175689,1218.812846267574,0.0,0.0,0.0,0.0,0.0,1218.812846267574
conduction,hot_surface,7180.0,119.666667,338.69558447362897,270.0,340.0,19.612930348776842,0.0,0.0,0.0,0.0,0.0,19.612930348776842,1218.910910919318,0.0,0.0,0.0,0.0,0.0,1218.910910919318
conduction,hot_surface,7185.0,119.75,338.6986902248822,270.0,340.0,19.566232895565463,0.0,0.0,0.0,0.0,0.0,19.566232895565463,1219.0087420837958,0.0,0.0,0.0,0.0,0.0,1219.0087420837958
conduction,hot_surface,7190.0,119.833333,338.70178858148967,270.0,340.0,19.519646626766587,0.0,0.0,0.0,0.0,0.0,19.519646626766587,1219.1063403169296,0.0,0.0,0.0,0.0,0.0,1219.1063403169296
conduction,hot_surface,7195.0,119.916667,338.70487956105757,270.0,340.0,19.473171277655013,0.0,0.0,0.0,0.0,0.0,19.473171277655013,1219.2037061733179,0.0,0.0,0.0,0.0,0.0,1219.2037061733179
conduction,hot_surface,7200.0,120.0,338.70796318115026,270.0,340.0,19.4268065841365,0.0,0.0,0.0,0.0,0.0,19.4268065841365,1219.3008402062387,0.0,0.0,0.0,0.0,0.0,1219.3008402062387
conduction,cold_surface,0.0,0.0,300.0,270.0,240.0,0.0,0.0,0.0,0.0,0.0,0.0,0.0,0.0,0.0,0.0,0.0,0.0,0.0,0.0
conduction,cold_surface,5.0,0.083333,299.85714285714283,270.0,240.0,-900.0,0.0,0.0,0.0,0.0,0.0,-900.0,-4.5,0.0,0.0,0.0,0.0,0.0,-4.5
conduction,cold_surface,10.0,0.166667,299.7146258503401,270.0,240.0,-897.8571428571424,0.0,0.0,0.0,0.0,0.0,-897.8571428571424,-8.989285714285712,0.0,0.0,0.0,0.0,0.0,-8.989285714285712
conduction,cold_surface,15.0,0.25,299.57244816974406,270.0,240.0,-895.7193877551015,0.0,0.0,0.0,0.0,0.0,-895.7193877551015,-13.46788265306122,0.0,0.0,0.0,0.0,0.0,-13.46788265306122
conduction,cold_surface,20.0,0.333333,299.4306090074351,270.0,240.0,-893.5867225461609,0.0,0.0,0.0,0.0,0.0,-893.5867225461609,-17.935816265792024,0.0,0.0,0.0,0.0,0.0,-17.935816265792024
conduction,cold_surface,25.0,0.416667,299.2891075574174,270.0,240.0,-891.4591351115268,0.0,0.0,0.0,0.0,0.0,-891.4591351115268,-22.39311194134966,0.0,0.0,0.0,0.0,0.0,-22.39311194134966
conduction,cold_surface,30.0,0.5,299.14794301561403,270.0,240.0,-889.3366133612614,0.0,0.0,0.0,0.0,0.0,-889.3366133612614,-26.839795008155967,0.0,0.0,0.0,0.0,0.0,-26.839795008155967
conduction,cold_surface,35.0,0.583333,299.00711457986256,270.0,240.0,-887.2191452342105,0.0,0.0,0.0,0.0,0.0,-887.2191452342105,-31.27589073432702,0.0,0.0,0.0,0.0,0.0,-31.27589073432702
conduction,cold_surface,40.0,0.666667,298.8666214499105,270.0,240.0,-885.1067186979384,0.0,0.0,0.0,0.0,0.0,-885.1067186979384,-35.70142432781671,0.0,0.0,0.0,0.0,0.0,-35.70142432781671
conduction,cold_surface,45.0,0.75,298.7264628274107,270.0,240.0,-882.9993217486574,0.0,0.0,0.0,0.0,0.0,-882.9993217486574,-40.11642093656,0.0,0.0,0.0,0.0,0.0,-40.11642093656
conduction,cold_surface,50.0,0.833333,298.58663791591687,270.0,240.0,-880.8969424111609,0.0,0.0,0.0,0.0,0.0,-880.8969424111609,-44.5209056486158,0.0,0.0,0.0,0.0,0.0,-44.5209056486158
conduction,cold_surface,55.0,0.916667,298.447145920879,270.0,240.0,-878.799568738753,0.0,0.0,0.0,0.0,0.0,-878.799568738753,-48.91490349230957,0.0,0.0,0.0,0.0,0.0,-48.91490349230957
conduction,cold_surface,60.0,1.0,298.3079860496388,270.0,240.0,-876.707188813185,0.0,0.0,0.0,0.0,0.0,-876.707188813185,-53.29843943637549,0.0,0.0,0.0,0.0,0.0,-53.29843943637549
conduction,cold_surface,65.0,1.083333,298.1691575114254,270.0,240.0,-874.6197907445824,0.0,0.0,0.0,0.0,0.0,-874.6197907445824,-57.671538390098405,0.0,0.0,0.0,0.0,0.0,-57.671538390098405
conduction,cold_surface,70.0,1.166667,298.03065951735056,270.0,240.0,-872.537362671381,0.0,0.0,0.0,0.0,0.0,-872.537362671381,-62.03422520345531,0.0,0.0,0.0,0.0,0.0,-62.03422520345531
conduction,cold_surface,75.0,1.25,297.8924912804045,270.0,240.0,-870.4598927602583,0.0,0.0,0.0,0.0,0.0,-870.4598927602583,-66.3865246672566,0.0,0.0,0.0,0.0,0.0,-66.3865246672566
conduction,cold_surface,80.0,1.333333,297.75465201545114,270.0,240.0,-868.3873692060674,0.0,0.0,0.0,0.0,0.0,-868.3873692060674,-70.72846151328693,0.0,0.0,0.0,0.0,0.0,-70.72846151328693
conduction,cold_surface,85.0,1.416667,297.6171409392239,270.0,240.0,-866.3197802317671,0.0,0.0,0.0,0.0,0.0,-866.3197802317671,-75.06006041444577,0.0,0.0,0.0,0.0,0.0,-75.06006041444577
conduction,cold_surface,90.0,1.5,297.47995727032094,270.0,240.0,-864.2571140883581,0.0,0.0,0.0,0.0,0.0,-864.2571140883581,-79.38134598488756,0.0,0.0,0.0,0.0,0.0,-79.38134598488756
conduction,cold_surface,95.0,1.583333,297.3431002292011,270.0,240.0,-862.1993590548141,0.0,0.0,0.0,0.0,0.0,-862.1993590548141,-83.69234278016164,0.0,0.0,0.0,0.0,0.0,-83.69234278016164
conduction,cold_surface,100.0,1.666667,297.2065690381792,270.0,240.0,-860.1465034380169,0.0,0.0,0.0,0.0,0.0,-860.1465034380169,-87.99307529735172,0.0,0.0,0.0,0.0,0.0,-87.99307529735172
conduction,cold_surface,105.0,1.75,297.07036292142163,270.0,240.0,-858.0985355726884,0.0,0.0,0.0,0.0,0.0,-858.0985355726884,-92.28356797521516,0.0,0.0,0.0,0.0,0.0,-92.28356797521516
conduction,cold_surface,110.0,1.833333,296.93448110494205,270.0,240.0,-856.0554438213245,0.0,0.0,0.0,0.0,0.0,-856.0554438213245,-96.56384519432179,0.0,0.0,0.0,0.0,0.0,-96.56384519432179
conduction,cold_surface,115.0,1.916667,296.7989228165969,270.0,240.0,-854.0172165741308,0.0,0.0,0.0,0.0,0.0,-854.0172165741308,-100.83393127719243,0.0,0.0,0.0,0.0,0.0,-100.83393127719243
conduction,cold_surface,120.0,2.0,296.6636872860812,270.0,240.0,-851.9838422489539,0.0,0.0,0.0,0.0,0.0,-851.9838422489539,-105.0938504884372,0.0,0.0,0.0,0.0,0.0,-105.0938504884372
conduction,cold_surface,125.0,2.083333,296.52877374492385,270.0,240.0,-849.955309291218,0.0,0.0,0.0,0.0,0.0,-849.955309291218,-109.34362703489329,0.0,0.0,0.0,0.0,0.0,-109.34362703489329
conduction,cold_surface,130.0,2.166667,296.39418142648356,270.0,240.0,-847.9316061738577,0.0,0.0,0.0,0.0,0.0,-847.9316061738577,-113.58328506576258,0.0,0.0,0.0,0.0,0.0,-113.58328506576258
conduction,cold_surface,135.0,2.25,296.2599095659443,270.0,240.0,-845.9127213972533,0.0,0.0,0.0,0.0,0.0,-845.9127213972533,-117.81284867274884,0.0,0.0,0.0,0.0,0.0,-117.81284867274884
conduction,cold_surface,140.0,2.333333,296.1259574003111,270.0,240.0,-843.8986434891649,0.0,0.0,0.0,0.0,0.0,-843.8986434891649,-122.03234189019467,0.0,0.0,0.0,0.0,0.0,-122.03234189019467
conduction,cold_surface,145.0,2.416667,295.9923241684056,270.0,240.0,-841.8893610046666,0.0,0.0,0.0,0.0,0.0,-841.8893610046666,-126.241788695218,0.0,0.0,0.0,0.0,0.0,-126.241788695218
conduction,cold_surface,150.0,2.5,295.8590091108618,270.0,240.0,-839.8848625260842,0.0,0.0,0.0,0.0,0.0,-839.8848625260842,-130.44121300784843,0.0,0.0,0.0,0.0,0.0,-130.44121300784843
conduction,cold_surface,155.0,2.583333,295.72601147012165,270.0,240.0,-837.8851366629269,0.0,0.0,0.0,0.0,0.0,-837.8851366629269,-134.63063869116306,0.0,0.0,0.0,0.0,0.0,-134.63063869116306
conduction,cold_surface,160.0,2.666667,295.5933304904309,270.0,240.0,-835.8901720518247,0.0,0.0,0.0,0.0,0.0,-835.8901720518247,-138.81008955142218,0.0,0.0,0.0,0.0,0.0,-138.81008955142218
conduction,cold_surface,165.0,2.75,295.46096541783464,270.0,240.0,-833.8999573564636,0.0,0.0,0.0,0.0,0.0,-833.8999573564636,-142.9795893382045,0.0,0.0,0.0,0.0,0.0,-142.9795893382045
conduction,cold_surface,170.0,2.833333,295.32891550017314,270.0,240.0,-831.9144812675197,0.0,0.0,0.0,0.0,0.0,-831.9144812675197,-147.1391617445421,0.0,0.0,0.0,0.0,0.0,-147.1391617445421
conduction,cold_surface,175.0,2.916667,295.1971799870775,270.0,240.0,-829.9337325025971,0.0,0.0,0.0,0.0,0.0,-829.9337325025971,-151.2888304070551,0.0,0.0,0.0,0.0,0.0,-151.2888304070551
conduction,cold_surface,180.0,3.0,295.0657581299654,270.0,240.0,-827.9576998061625,0.0,0.0,0.0,0.0,0.0,-827.9576998061625,-155.42861890608592,0.0,0.0,0.0,0.0,0.0,-155.42861890608592
conduction,cold_surface,185.0,3.083333,294.9346491820369,270.0,240.0,-825.9863719494808,0.0,0.0,0.0,0.0,0.0,-825.9863719494808,-159.5585507658333,0.0,0.0,0.0,0.0,0.0,-159.5585507658333
conduction,cold_surface,190.0,3.166667,294.8038523982701,270.0,240.0,-824.0197377305532,0.0,0.0,0.0,0.0,0.0,-824.0197377305532,-163.67864945448605,0.0,0.0,0.0,0.0,0.0,-163.67864945448605
conduction,cold_surface,195.0,3.25,294.6733670354171,270.0,240.0,-822.0577859740519,0.0,0.0,0.0,0.0,0.0,-822.0577859740519,-167.78893838435633,0.0,0.0,0.0,0.0,0.0,-167.78893838435633
conduction,cold_surface,200.0,3.333333,294.54319235199944,270.0,240.0,-820.1005055312561,0.0,0.0,0.0,0.0,0.0,-820.1005055312561,-171.8894409120126,0.0,0.0,0.0,0.0,0.0,-171.8894409120126
conduction,cold_surface,205.0,3.416667,294.4133276083042,270.0,240.0,-818.1478852799916,0.0,0.0,0.0,0.0,0.0,-818.1478852799916,-175.98018033841257,0.0,0.0,0.0,0.0,0.0,-175.98018033841257
conduction,cold_surface,210.0,3.5,294.28377206637964,270.0,240.0,-816.1999141245631,0.0,0.0,0.0,0.0,0.0,-816.1999141245631,-180.06117990903536,0.0,0.0,0.0,0.0,0.0,-180.06117990903536
conduction,cold_surface,215.0,3.583333,294.1545249900311,270.0,240.0,-814.2565809956945,0.0,0.0,0.0,0.0,0.0,-814.2565809956945,-184.13246281401382,0.0,0.0,0.0,0.0,0.0,-184.13246281401382
conduction,cold_surface,220.0,3.666667,294.0255856448168,270.0,240.0,-812.3178748504668,0.0,0.0,0.0,0.0,0.0,-812.3178748504668,-188.19405218826617,0.0,0.0,0.0,0.0,0.0,-188.19405218826617
conduction,cold_surface,225.0,3.75,293.8969532980434,270.0,240.0,-810.3837846722515,0.0,0.0,0.0,0.0,0.0,-810.3837846722515,-192.2459711116274,0.0,0.0,0.0,0.0,0.0,-192.2459711116274
conduction,cold_surface,230.0,3.833333,293.76862721876233,270.0,240.0,-808.454299470651,0.0,0.0,0.0,0.0,0.0,-808.454299470651,-196.28824260898065,0.0,0.0,0.0,0.0,0.0,-196.28824260898065
conduction,cold_surface,235.0,3.916667,293.6406066777653,270.0,240.0,-806.529408281435,0.0,0.0,0.0,0.0,0.0,-806.529408281435,-200.32088965038784,0.0,0.0,0.0,0.0,0.0,-200.32088965038784
conduction,cold_surface,240.0,4.0,293.5128909475801,270.0,240.0,-804.6091001664792,0.0,0.0,0.0,0.0,0.0,-804.6091001664792,-204.34393515122025,0.0,0.0,0.0,0.0,0.0,-204.34393515122025
conduction,cold_surface,245.0,4.083333,293.3854793024668,270.0,240.0,-802.6933642137016,0.0,0.0,0.0,0.0,0.0,-802.6933642137016,-208.35740197228876,0.0,0.0,0.0,0.0,0.0,-208.35740197228876
conduction,cold_surface,250.0,4.166667,293.2583710184133,270.0,240.0,-800.7821895370023,0.0,0.0,0.0,0.0,0.0,-800.7821895370023,-212.36131291997378,0.0,0.0,0.0,0.0,0.0,-212.36131291997378
conduction,cold_surface,255.0,4.25,293.13156537313137,270.0,240.0,-798.8755652761995,0.0,0.0,0.0,0.0,0.0,-798.8755652761995,-216.35569074635478,0.0,0.0,0.0,0.0,0.0,-216.35569074635478
conduction,cold_surface,260.0,4.333333,293.00506164605247,270.0,240.0,-796.9734805969705,0.0,0.0,0.0,0.0,0.0,-796.9734805969705,-220.34055814933964,0.0,0.0,0.0,0.0,0.0,-220.34055814933964
conduction,cold_surface,265.0,4.416667,292.87885911832376,270.0,240.0,-795.075924690787,0.0,0.0,0.0,0.0,0.0,-795.075924690787,-224.31593777279357,0.0,0.0,0.0,0.0,0.0,-224.31593777279357
conduction,cold_surface,270.0,4.5,292.75295707280395,270.0,240.0,-793.1828867748563,0.0,0.0,0.0,0.0,0.0,-793.1828867748563,-228.28185220666785,0.0,0.0,0.0,0.0,0.0,-228.28185220666785
conduction,cold_surface,275.0,4.583333,292.62735479405916,270.0,240.0,-791.2943560920593,0.0,0.0,0.0,0.0,0.0,-791.2943560920593,-232.23832398712815,0.0,0.0,0.0,0.0,0.0,-232.23832398712815
conduction,cold_surface,280.0,4.666667,292.50205156835904,270.0,240.0,-789.4103219108874,0.0,0.0,0.0,0.0,0.0,-789.4103219108874,-236.1853755966826,0.0,0.0,0.0,0.0,0.0,-236.1853755966826
conduction,cold_surface,285.0,4.75,292.37704668367246,270.0,240.0,-787.5307735253855,0.0,0.0,0.0,0.0,0.0,-787.5307735253855,-240.12302946430955,0.0,0.0,0.0,0.0,0.0,-240.12302946430955
conduction,cold_surface,290.0,4.833333,292.2523394296637,270.0,240.0,-785.6557002550869,0.0,0.0,0.0,0.0,0.0,-785.6557002550869,-244.05130796558498,0.0,0.0,0.0,0.0,0.0,-244.05130796558498
conduction,cold_surface,295.0,4.916667,292.1279290976883,270.0,240.0,-783.7850914449558,0.0,0.0,0.0,0.0,0.0,-783.7850914449558,-247.97023342280974,0.0,0.0,0.0,0.0,0.0,-247.97023342280974
conduction,cold_surface,300.0,5.0,292.00381498078906,270.0,240.0,-781.9189364653246,0.0,0.0,0.0,0.0,0.0,-781.9189364653246,-251.87982810513637,0.0,0.0,0.0,0.0,0.0,-251.87982810513637
conduction,cold_surface,305.0,5.083333,291.87999637369194,270.0,240.0,-780.0572247118359,0.0,0.0,0.0,0.0,0.0,-780.0572247118359,-255.78011422869554,0.0,0.0,0.0,0.0,0.0,-255.78011422869554
conduction,cold_surface,310.0,5.166667,291.7564725728022,270.0,240.0,-778.1999456053791,0.0,0.0,0.0,0.0,0.0,-778.1999456053791,-259.6711139567224,0.0,0.0,0.0,0.0,0.0,-259.6711139567224
conduction,cold_surface,315.0,5.25,291.63324287620026,270.0,240.0,-776.3470885920327,0.0,0.0,0.0,0.0,0.0,-776.3470885920327,-263.5528493996826,0.0,0.0,0.0,0.0,0.0,-263.5528493996826
conduction,cold_surface,320.0,5.333333,291.5103065836379,270.0,240.0,-774.4986431430038,0.0,0.0,0.0,0.0,0.0,-774.4986431430038,-267.42534261539765,0.0,0.0,0.0,0.0,0.0,-267.42534261539765
conduction,cold_surface,325.0,5.416667,291.387662996534,270.0,240.0,-772.6545987545683,0.0,0.0,0.0,0.0,0.0,-772.6545987545683,-271.28861560917045,0.0,0.0,0.0,0.0,0.0,-271.28861560917045
conduction,cold_surface,330.0,5.5,291.26531141797085,270.0,240.0,-770.8149449480101,0.0,0.0,0.0,0.0,0.0,-770.8149449480101,-275.14269033391054,0.0,0.0,0.0,0.0,0.0,-275.14269033391054
conduction,cold_surface,335.0,5.583333,291.14325115268997,270.0,240.0,-768.9796712695627,0.0,0.0,0.0,0.0,0.0,-768.9796712695627,-278.98758869025835,0.0,0.0,0.0,0.0,0.0,-278.98758869025835
conduction,cold_surface,340.0,5.666667,291.0214815070883,270.0,240.0,-767.1487672903495,0.0,0.0,0.0,0.0,0.0,-767.1487672903495,-282.82333252671003,0.0,0.0,0.0,0.0,0.0,-282.82333252671003
conduction,cold_surface,345.0,5.75,290.9000017892143,270.0,240.0,-765.3222226063247,0.0,0.0,0.0,0.0,0.0,-765.3222226063247,-286.6499436397417,0.0,0.0,0.0,0.0,0.0,-286.6499436397417
conduction,cold_surface,350.0,5.833333,290.77881130876375,270.0,240.0,-763.5000268382144,0.0,0.0,0.0,0.0,0.0,-763.5000268382144,-290.46744377393276,0.0,0.0,0.0,0.0,0.0,-290.46744377393276
conduction,cold_surface,355.0,5.916667,290.65790937707624,270.0,240.0,-761.6821696314562,0.0,0.0,0.0,0.0,0.0,-761.6821696314562,-294.27585462209004,0.0,0.0,0.0,0.0,0.0,-294.27585462209004
conduction,cold_surface,360.0,6.0,290.5372953071308,270.0,240.0,-759.8686406561435,0.0,0.0,0.0,0.0,0.0,-759.8686406561435,-298.07519782537076,0.0,0.0,0.0,0.0,0.0,-298.07519782537076
conduction,cold_surface,365.0,6.083333,290.4169684135424,270.0,240.0,-758.0594296069623,0.0,0.0,0.0,0.0,0.0,-758.0594296069623,-301.86549497340553,0.0,0.0,0.0,0.0,0.0,-301.86549497340553
conduction,cold_surface,370.0,6.166667,290.29692801255777,270.0,240.0,-756.254526203136,0.0,0.0,0.0,0.0,0.0,-756.254526203136,-305.64676760442126,0.0,0.0,0.0,0.0,0.0,-305.64676760442126
conduction,cold_surface,375.0,6.25,290.1771734220517,270.0,240.0,-754.4539201883665,0.0,0.0,0.0,0.0,0.0,-754.4539201883665,-309.4190372053631,0.0,0.0,0.0,0.0,0.0,-309.4190372053631
conduction,cold_surface,380.0,6.333333,290.057703961523,270.0,240.0,-752.6576013307752,0.0,0.0,0.0,0.0,0.0,-752.6576013307752,-313.182325212017,0.0,0.0,0.0,0.0,0.0,-313.182325212017
conduction,cold_surface,385.0,6.416667,289.93851895209076,270.0,240.0,-750.8655594228446,0.0,0.0,0.0,0.0,0.0,-750.8655594228446,-316.9366530091312,0.0,0.0,0.0,0.0,0.0,-316.9366530091312
conduction,cold_surface,390.0,6.5,289.81961771649054,270.0,240.0,-749.0777842813613,0.0,0.0,0.0,0.0,0.0,-749.0777842813613,-320.68204193053805,0.0,0.0,0.0,0.0,0.0,-320.68204193053805
conduction,cold_surface,395.0,6.583333,289.7009995790703,270.0,240.0,-747.2942657473582,0.0,0.0,0.0,0.0,0.0,-747.2942657473582,-324.41851325927485,0.0,0.0,0.0,0.0,0.0,-324.41851325927485
conduction,cold_surface,400.0,6.666667,289.5826638657868,270.0,240.0,-745.5149936860545,0.0,0.0,0.0,0.0,0.0,-745.5149936860545,-328.1460882277051,0.0,0.0,0.0,0.0,0.0,-328.1460882277051
conduction,cold_surface,405.0,6.75,289.4646099042016,270.0,240.0,-743.739957986802,0.0,0.0,0.0,0.0,0.0,-743.739957986802,-331.8647880176391,0.0,0.0,0.0,0.0,0.0,-331.8647880176391
conduction,cold_surface,410.0,6.833333,289.3468370234773,270.0,240.0,-741.9691485630242,0.0,0.0,0.0,0.0,0.0,-741.9691485630242,-335.5746337604543,0.0,0.0,0.0,0.0,0.0,-335.5746337604543
conduction,cold_surface,415.0,6.916667,289.22934455437377,270.0,240.0,-740.2025553521594,0.0,0.0,0.0,0.0,0.0,-740.2025553521594,-339.27564653721504,0.0,0.0,0.0,0.0,0.0,-339.27564653721504
conduction,cold_surface,420.0,7.0,289.11213182924433,270.0,240.0,-738.4401683156066,0.0,0.0,0.0,0.0,0.0,-738.4401683156066,-342.96784737879307,0.0,0.0,0.0,0.0,0.0,-342.96784737879307
conduction,cold_surface,425.0,7.083333,288.99519818203186,270.0,240.0,-736.681977438665,0.0,0.0,0.0,0.0,0.0,-736.681977438665,-346.65125726598643,0.0,0.0,0.0,0.0,0.0,-346.65125726598643
conduction,cold_surface,430.0,7.166667,288.87854294826514,270.0,240.0,-734.9279727304779,0.0,0.0,0.0,0.0,0.0,-734.9279727304779,-350.3258971296388,0.0,0.0,0.0,0.0,0.0,-350.3258971296388
conduction,cold_surface,435.0,7.25,288.762165465055,270.0,240.0,-733.178144223977,0.0,0.0,0.0,0.0,0.0,-733.178144223977,-353.9917878507587,0.0,0.0,0.0,0.0,0.0,-353.9917878507587
conduction,cold_surface,440.0,7.333333,288.64606507109056,270.0,240.0,-731.4324819758247,0.0,0.0,0.0,0.0,0.0,-731.4324819758247,-357.64895026063783,0.0,0.0,0.0,0.0,0.0,-357.64895026063783
conduction,cold_surface,445.0,7.416667,288.5302411066356,270.0,240.0,-729.6909760663584,0.0,0.0,0.0,0.0,0.0,-729.6909760663584,-361.29740514096966,0.0,0.0,0.0,0.0,0.0,-361.29740514096966
conduction,cold_surface,450.0,7.5,288.41469291352456,270.0,240.0,-727.9536165995336,0.0,0.0,0.0,0.0,0.0,-727.9536165995336,-364.9371732239673,0.0,0.0,0.0,0.0,0.0,-364.9371732239673
conduction,cold_surface,455.0,7.583333,288.29941983515903,270.0,240.0,-726.2203937028685,0.0,0.0,0.0,0.0,0.0,-726.2203937028685,-368.5682751924816,0.0,0.0,0.0,0.0,0.0,-368.5682751924816
conduction,cold_surface,460.0,7.666667,288.1844212165039,270.0,240.0,-724.4912975273854,0.0,0.0,0.0,0.0,0.0,-724.4912975273854,-372.1907316801186,0.0,0.0,0.0,0.0,0.0,-372.1907316801186
conduction,cold_surface,465.0,7.75,288.06969640408363,270.0,240.0,-722.7663182475584,0.0,0.0,0.0,0.0,0.0,-722.7663182475584,-375.8045632713564,0.0,0.0,0.0,0.0,0.0,-375.8045632713564
conduction,cold_surface,470.0,7.833333,287.9552447459787,270.0,240.0,-721.0454460612544,0.0,0.0,0.0,0.0,0.0,-721.0454460612544,-379.40979050166266,0.0,0.0,0.0,0.0,0.0,-379.40979050166266
conduction,cold_surface,475.0,7.916667,287.8410655918216,270.0,240.0,-719.3286711896803,0.0,0.0,0.0,0.0,0.0,-719.3286711896803,-383.00643385761106,0.0,0.0,0.0,0.0,0.0,-383.00643385761106
conduction,cold_surface,480.0,8.0,287.72715829279343,270.0,240.0,-717.6159838773236,0.0,0.0,0.0,0.0,0.0,-717.6159838773236,-386.59451377699764,0.0,0.0,0.0,0.0,0.0,-386.59451377699764
conduction,cold_surface,485.0,8.083333,287.6135222016201,270.0,240.0,-715.9073743919015,0.0,0.0,0.0,0.0,0.0,-715.9073743919015,-390.1740506489571,0.0,0.0,0.0,0.0,0.0,-390.1740506489571
conduction,cold_surface,490.0,8.166667,287.50015667256866,270.0,240.0,-714.202833024302,0.0,0.0,0.0,0.0,0.0,-714.202833024302,-393.74506481407866,0.0,0.0,0.0,0.0,0.0,-393.74506481407866
conduction,cold_surface,495.0,8.25,287.3870610614435,270.0,240.0,-712.50235008853,0.0,0.0,0.0,0.0,0.0,-712.50235008853,-397.30757656452136,0.0,0.0,0.0,0.0,0.0,-397.30757656452136
conduction,cold_surface,500.0,8.333333,287.2742347255829,270.0,240.0,-710.8059159216523,0.0,0.0,0.0,0.0,0.0,-710.8059159216523,-400.8616061441296,0.0,0.0,0.0,0.0,0.0,-400.8616061441296
conduction,cold_surface,505.0,8.416667,287.16167702385536,270.0,240.0,-709.1135208837437,0.0,0.0,0.0,0.0,0.0,-709.1135208837437,-404.4071737485483,0.0,0.0,0.0,0.0,0.0,-404.4071737485483
conduction,cold_surface,510.0,8.5,287.0493873166557,270.0,240.0,-707.4251553578304,0.0,0.0,0.0,0.0,0.0,-707.4251553578304,-407.94429952533744,0.0,0.0,0.0,0.0,0.0,-407.94429952533744
conduction,cold_surface,515.0,8.583333,286.9373649659018,270.0,240.0,-705.7408097498359,0.0,0.0,0.0,0.0,0.0,-705.7408097498359,-411.47300357408665,0.0,0.0,0.0,0.0,0.0,-411.47300357408665
conduction,cold_surface,520.0,8.666667,286.8256093350306,270.0,240.0,-704.0604744885269,0.0,0.0,0.0,0.0,0.0,-704.0604744885269,-414.99330594652923,0.0,0.0,0.0,0.0,0.0,-414.99330594652923
conduction,cold_surface,525.0,8.75,286.7141197889948,270.0,240.0,-702.3841400254591,0.0,0.0,0.0,0.0,0.0,-702.3841400254591,-418.5052266466566,0.0,0.0,0.0,0.0,0.0,-418.5052266466566
conduction,cold_surface,530.0,8.833333,286.60289569425913,270.0,240.0,-700.7117968349223,0.0,0.0,0.0,0.0,0.0,-700.7117968349223,-422.0087856308312,0.0,0.0,0.0,0.0,0.0,-422.0087856308312
conduction,cold_surface,535.0,8.916667,286.4919364187966,270.0,240.0,-699.043435413887,0.0,0.0,0.0,0.0,0.0,-699.043435413887,-425.50400280790063,0.0,0.0,0.0,0.0,0.0,-425.50400280790063
conduction,cold_surface,540.0,9.0,286.3812413320852,270.0,240.0,-697.3790462819494,0.0,0.0,0.0,0.0,0.0,-697.3790462819494,-428.9908980393104,0.0,0.0,0.0,0.0,0.0,-428.9908980393104
conduction,cold_surface,545.0,9.083333,286.2708098051041,270.0,240.0,-695.7186199812782,0.0,0.0,0.0,0.0,0.0,-695.7186199812782,-432.4694911392168,0.0,0.0,0.0,0.0,0.0,-432.4694911392168
conduction,cold_surface,550.0,9.166667,286.16064121033,270.0,240.0,-694.0621470765611,0.0,0.0,0.0,0.0,0.0,-694.0621470765611,-435.9398018745996,0.0,0.0,0.0,0.0,0.0,-435.9398018745996
conduction,cold_surface,555.0,9.25,286.050734921734,270.0,240.0,-692.4096181549504,0.0,0.0,0.0,0.0,0.0,-692.4096181549504,-439.4018499653743,0.0,0.0,0.0,0.0,0.0,-439.4018499653743
conduction,cold_surface,560.0,9.333333,285.94109031477745,270.0,240.0,-690.7610238260097,0.0,0.0,0.0,0.0,0.0,-690.7610238260097,-442.8556550845044,0.0,0.0,0.0,0.0,0.0,-442.8556550845044
conduction,cold_surface,565.0,9.416667,285.83170676640896,270.0,240.0,-689.1163547216618,0.0,0.0,0.0,0.0,0.0,-689.1163547216618,-446.3012368581127,0.0,0.0,0.0,0.0,0.0,-446.3012368581127
conduction,cold_surface,570.0,9.5,285.72258365506036,270.0,240.0,-687.4756014961343,0.0,0.0,0.0,0.0,0.0,-687.4756014961343,-449.7386148655934,0.0,0.0,0.0,0.0,0.0,-449.7386148655934
conduction,cold_surface,575.0,9.583333,285.6137203606435,270.0,240.0,-685.8387548259054,0.0,0.0,0.0,0.0,0.0,-685.8387548259054,-453.1678086397229,0.0,0.0,0.0,0.0,0.0,-453.1678086397229
conduction,cold_surface,580.0,9.666667,285.50511626454676,270.0,240.0,-684.2058054096528,0.0,0.0,0.0,0.0,0.0,-684.2058054096528,-456.5888376667712,0.0,0.0,0.0,0.0,0.0,-456.5888376667712
conduction,cold_surface,585.0,9.75,285.3967707496312,270.0,240.0,-682.5767439682013,0.0,0.0,0.0,0.0,0.0,-682.5767439682013,-460.00172138661225,0.0,0.0,0.0,0.0,0.0,-460.00172138661225
conduction,cold_surface,590.0,9.833333,285.2886832002273,270.0,240.0,-680.9515612444676,0.0,0.0,0.0,0.0,0.0,-680.9515612444676,-463.4064791928346,0.0,0.0,0.0,0.0,0.0,-463.4064791928346
conduction,cold_surface,595.0,9.916667,285.1808530021315,270.0,240.0,-679.3302480034095,0.0,0.0,0.0,0.0,0.0,-679.3302480034095,-466.8031304328516,0.0,0.0,0.0,0.0,0.0,-466.8031304328516
conduction,cold_surface,600.0,10.0,285.0732795426026,270.0,240.0,-677.712795031973,0.0,0.0,0.0,0.0,0.0,-677.712795031973,-470.19169440801153,0.0,0.0,0.0,0.0,0.0,-470.19169440801153
conduction,cold_surface,605.0,10.083333,284.9659622103583,270.0,240.0,-676.0991931390392,0.0,0.0,0.0,0.0,0.0,-676.0991931390392,-473.5721903737067,0.0,0.0,0.0,0.0,0.0,-473.5721903737067
conduction,cold_surface,610.0,10.166667,284.85890039557177,270.0,240.0,-674.4894331553749,0.0,0.0,0.0,0.0,0.0,-674.4894331553749,-476.94463753948355,0.0,0.0,0.0,0.0,0.0,-476.94463753948355
conduction,cold_surface,615.0,10.25,284.752093489868,270.0,240.0,-672.8835059335765,0.0,0.0,0.0,0.0,0.0,-672.8835059335765,-480.30905506915144,0.0,0.0,0.0,0.0,0.0,-480.30905506915144
conduction,cold_surface,620.0,10.333333,284.6455408863207,270.0,240.0,-671.28140234802,0.0,0.0,0.0,0.0,0.0,-671.28140234802,-483.66546208089153,0.0,0.0,0.0,0.0,0.0,-483.66546208089153
conduction,cold_surface,625.0,10.416667,284.5392419794485,270.0,240.0,-669.6831132948105,0.0,0.0,0.0,0.0,0.0,-669.6831132948105,-487.0138776473656,0.0,0.0,0.0,0.0,0.0,-487.0138776473656
conduction,cold_surface,630.0,10.5,284.4331961652117,270.0,240.0,-668.0886296917274,0.0,0.0,0.0,0.0,0.0,-668.0886296917274,-490.35432079582415,0.0,0.0,0.0,0.0,0.0,-490.35432079582415
conduction,cold_surface,635.0,10.583333,284.32740284100885,270.0,240.0,-666.4979424781757,0.0,0.0,0.0,0.0,0.0,-666.4979424781757,-493.68681050821505,0.0,0.0,0.0,0.0,0.0,-493.68681050821505
conduction,cold_surface,640.0,10.666667,284.2218614056731,270.0,240.0,-664.9110426151327,0.0,0.0,0.0,0.0,0.0,-664.9110426151327,-497.0113657212907,0.0,0.0,0.0,0.0,0.0,-497.0113657212907
conduction,cold_surface,645.0,10.75,284.11657125946914,270.0,240.0,-663.3279210850967,0.0,0.0,0.0,0.0,0.0,-663.3279210850967,-500.32800532671615,0.0,0.0,0.0,0.0,0.0,-500.32800532671615
conduction,cold_surface,650.0,10.833333,284.01153180408943,270.0,240.0,-661.7485688920372,0.0,0.0,0.0,0.0,0.0,-661.7485688920372,-503.63674817117635,0.0,0.0,0.0,0.0,0.0,-503.63674817117635
conduction,cold_surface,655.0,10.916667,283.90674244265114,270.0,240.0,-660.1729770613415,0.0,0.0,0.0,0.0,0.0,-660.1729770613415,-506.93761305648303,0.0,0.0,0.0,0.0,0.0,-506.93761305648303
conduction,cold_surface,660.0,11.0,283.80220257969245,270.0,240.0,-658.601136639767,0.0,0.0,0.0,0.0,0.0,-658.601136639767,-510.2306187396819,0.0,0.0,0.0,0.0,0.0,-510.2306187396819
conduction,cold_surface,665.0,11.083333,283.6979116211694,270.0,240.0,-657.0330386953867,0.0,0.0,0.0,0.0,0.0,-657.0330386953867,-513.5157839331589,0.0,0.0,0.0,0.0,0.0,-513.5157839331589
conduction,cold_surface,670.0,11.166667,283.59386897445233,270.0,240.0,-655.468674317541,0.0,0.0,0.0,0.0,0.0,-655.468674317541,-516.7931273047466,0.0,0.0,0.0,0.0,0.0,-516.7931273047466
conduction,cold_surface,675.0,11.25,283.4900740483227,270.0,240.0,-653.908034616785,0.0,0.0,0.0,0.0,0.0,-653.908034616785,-520.0626674778305,0.0,0.0,0.0,0.0,0.0,-520.0626674778305
conduction,cold_surface,680.0,11.333333,283.38652625296953,270.0,240.0,-652.3511107248405,0.0,0.0,0.0,0.0,0.0,-652.3511107248405,-523.3244230314547,0.0,0.0,0.0,0.0,0.0,-523.3244230314547
conduction,cold_surface,685.0,11.416667,283.28322499998626,270.0,240.0,-650.7978937945429,0.0,0.0,0.0,0.0,0.0,-650.7978937945429,-526.5784125004274,0.0,0.0,0.0,0.0,0.0,-526.5784125004274
conduction,cold_surface,690.0,11.5,283.18016970236727,270.0,240.0,-649.2483749997939,0.0,0.0,0.0,0.0,0.0,-649.2483749997939,-529.8246543754263,0.0,0.0,0.0,0.0,0.0,-529.8246543754263
conduction,cold_surface,695.0,11.583333,283.0773597745045,270.0,240.0,-647.702545535509,0.0,0.0,0.0,0.0,0.0,-647.702545535509,-533.063167103104,0.0,0.0,0.0,0.0,0.0,-533.063167103104
conduction,cold_surface,700.0,11.666667,282.9747946321842,270.0,240.0,-646.1603966175674,0.0,0.0,0.0,0.0,0.0,-646.1603966175674,-536.2939690861917,0.0,0.0,0.0,0.0,0.0,-536.2939690861917
conduction,cold_surface,705.0,11.75,282.8724736925838,270.0,240.0,-644.6219194827634,0.0,0.0,0.0,0.0,0.0,-644.6219194827634,-539.5170786836055,0.0,0.0,0.0,0.0,0.0,-539.5170786836055
conduction,cold_surface,710.0,11.833333,282.77039637426816,270.0,240.0,-643.0871053887572,0.0,0.0,0.0,0.0,0.0,-643.0871053887572,-542.7325142105493,0.0,0.0,0.0,0.0,0.0,-542.7325142105493
conduction,cold_surface,715.0,11.916667,282.66856209718657,270.0,240.0,-641.5559456140224,0.0,0.0,0.0,0.0,0.0,-641.5559456140224,-545.9402939386194,0.0,0.0,0.0,0.0,0.0,-545.9402939386194
conduction,cold_surface,720.0,12.0,282.56697028266944,270.0,240.0,-640.0284314577984,0.0,0.0,0.0,0.0,0.0,-640.0284314577984,-549.1404360959084,0.0,0.0,0.0,0.0,0.0,-549.1404360959084
conduction,cold_surface,725.0,12.083333,282.465620353425,270.0,240.0,-638.5045542400417,0.0,0.0,0.0,0.0,0.0,-638.5045542400417,-552.3329588671086,0.0,0.0,0.0,0.0,0.0,-552.3329588671086
conduction,cold_surface,730.0,12.166667,282.3645117335359,270.0,240.0,-636.9843053013747,0.0,0.0,0.0,0.0,0.0,-636.9843053013747,-555.5178803936154,0.0,0.0,0.0,0.0,0.0,-555.5178803936154
conduction,cold_surface,735.0,12.25,282.26364384845607,270.0,240.0,-635.4676760030384,0.0,0.0,0.0,0.0,0.0,-635.4676760030384,-558.6952187736307,0.0,0.0,0.0,0.0,0.0,-558.6952187736307
conduction,cold_surface,740.0,12.333333,282.16301612500735,270.0,240.0,-633.9546577268411,0.0,0.0,0.0,0.0,0.0,-633.9546577268411,-561.864992062265,0.0,0.0,0.0,0.0,0.0,-561.864992062265
conduction,cold_surface,745.0,12.416667,282.06262799137636,270.0,240.0,-632.4452418751102,0.0,0.0,0.0,0.0,0.0,-632.4452418751102,-565.0272182716404,0.0,0.0,0.0,0.0,0.0,-565.0272182716404
conduction,cold_surface,750.0,12.5,281.96247887711115,270.0,240.0,-630.9394198706455,0.0,0.0,0.0,0.0,0.0,-630.9394198706455,-568.1819153709937,0.0,0.0,0.0,0.0,0.0,-568.1819153709937
conduction,cold_surface,755.0,12.583333,281.86256821311804,270.0,240.0,-629.4371831566673,0.0,0.0,0.0,0.0,0.0,-629.4371831566673,-571.3291012867769,0.0,0.0,0.0,0.0,0.0,-571.3291012867769
conduction,cold_surface,760.0,12.666667,281.76289543165825,270.0,240.0,-627.9385231967706,0.0,0.0,0.0,0.0,0.0,-627.9385231967706,-574.4687939027608,0.0,0.0,0.0,0.0,0.0,-574.4687939027608
conduction,cold_surface,765.0,12.75,281.66345996634476,270.0,240.0,-626.4434314748737,0.0,0.0,0.0,0.0,0.0,-626.4434314748737,-577.6010110601352,0.0,0.0,0.0,0.0,0.0,-577.6010110601352
conduction,cold_surface,770.0,12.833333,281.5642612521392,270.0,240.0,-624.9518994951713,0.0,0.0,0.0,0.0,0.0,-624.9518994951713,-580.725770557611,0.0,0.0,0.0,0.0,0.0,-580.725770557611
conduction,cold_surface,775.0,12.916667,281.4652987253484,270.0,240.0,-623.4639187820881,0.0,0.0,0.0,0.0,0.0,-623.4639187820881,-583.8430901515214,0.0,0.0,0.0,0.0,0.0,-583.8430901515214
conduction,cold_surface,780.0,13.0,281.36657182362137,270.0,240.0,-621.9794808802262,0.0,0.0,0.0,0.0,0.0,-621.9794808802262,-586.9529875559226,0.0,0.0,0.0,0.0,0.0,-586.9529875559226
conduction,cold_surface,785.0,13.083333,281.2680799859461,270.0,240.0,-620.4985773543206,0.0,0.0,0.0,0.0,0.0,-620.4985773543206,-590.0554804426941,0.0,0.0,0.0,0.0,0.0,-590.0554804426941
conduction,cold_surface,790.0,13.166667,281.1698226526462,270.0,240.0,-619.0211997891913,0.0,0.0,0.0,0.0,0.0,-619.0211997891913,-593.1505864416401,0.0,0.0,0.0,0.0,0.0,-593.1505864416401
conduction,cold_surface,795.0,13.25,281.071799265378,270.0,240.0,-617.5473397896928,0.0,0.0,0.0,0.0,0.0,-617.5473397896928,-596.2383231405886,0.0,0.0,0.0,0.0,0.0,-596.2383231405886
conduction,cold_surface,800.0,13.333333,280.9740092671271,270.0,240.0,-616.0769889806699,0.0,0.0,0.0,0.0,0.0,-616.0769889806699,-599.318708085492,0.0,0.0,0.0,0.0,0.0,-599.318708085492
conduction,cold_surface,805.0,13.416667,280.87645210220535,270.0,240.0,-614.6101390069064,0.0,0.0,0.0,0.0,0.0,-614.6101390069064,-602.3917587805265,0.0,0.0,0.0,0.0,0.0,-602.3917587805265
conduction,cold_surface,810.0,13.5,280.77912721624773,270.0,240.0,-613.1467815330802,0.0,0.0,0.0,0.0,0.0,-613.1467815330802,-605.4574926881918,0.0,0.0,0.0,0.0,0.0,-605.4574926881918
conduction,cold_surface,815.0,13.583333,280.68203405620903,270.0,240.0,-611.686908243716,0.0,0.0,0.0,0.0,0.0,-611.686908243716,-608.5159272294104,0.0,0.0,0.0,0.0,0.0,-608.5159272294104
conduction,cold_surface,820.0,13.666667,280.5851720703609,270.0,240.0,-610.2305108431356,0.0,0.0,0.0,0.0,0.0,-610.2305108431356,-611.567079783626,0.0,0.0,0.0,0.0,0.0,-611.567079783626
conduction,cold_surface,825.0,13.75,280.4885407082886,270.0,240.0,-608.7775810554135,0.0,0.0,0.0,0.0,0.0,-608.7775810554135,-614.6109676889031,0.0,0.0,0.0,0.0,0.0,-614.6109676889031
conduction,cold_surface,830.0,13.833333,280.39213942088793,270.0,240.0,-607.3281106243292,0.0,0.0,0.0,0.0,0.0,-607.3281106243292,-617.6476082420248,0.0,0.0,0.0,0.0,0.0,-617.6476082420248
conduction,cold_surface,835.0,13.916667,280.295967660362,270.0,240.0,-605.8820913133189,0.0,0.0,0.0,0.0,0.0,-605.8820913133189,-620.6770186985914,0.0,0.0,0.0,0.0,0.0,-620.6770186985914
conduction,cold_surface,840.0,14.0,280.2000248802183,270.0,240.0,-604.4395149054301,0.0,0.0,0.0,0.0,0.0,-604.4395149054301,-623.6992162731185,0.0,0.0,0.0,0.0,0.0,-623.6992162731185
conduction,cold_surface,845.0,14.083333,280.10431053526537,270.0,240.0,-603.0003732032742,0.0,0.0,0.0,0.0,0.0,-603.0003732032742,-626.7142181391349,0.0,0.0,0.0,0.0,0.0,-626.7142181391349
conduction,cold_surface,850.0,14.166667,280.00882408161,270.0,240.0,-601.5646580289806,0.0,0.0,0.0,0.0,0.0,-601.5646580289806,-629.7220414292798,0.0,0.0,0.0,0.0,0.0,-629.7220414292798
conduction,cold_surface,855.0,14.25,279.9135649766538,270.0,240.0,-600.1323612241498,0.0,0.0,0.0,0.0,0.0,-600.1323612241498,-632.7227032354006,0.0,0.0,0.0,0.0,0.0,-632.7227032354006
conduction,cold_surface,860.0,14.333333,279.8185326790903,270.0,240.0,-598.7034746498068,0.0,0.0,0.0,0.0,0.0,-598.7034746498068,-635.7162206086497,0.0,0.0,0.0,0.0,0.0,-635.7162206086497
conduction,cold_surface,865.0,14.416667,279.723726648902,270.0,240.0,-597.2779901863546,0.0,0.0,0.0,0.0,0.0,-597.2779901863546,-638.7026105595814,0.0,0.0,0.0,0.0,0.0,-638.7026105595814
conduction,cold_surface,870.0,14.5,279.629146347357,270.0,240.0,-595.8558997335302,0.0,0.0,0.0,0.0,0.0,-595.8558997335302,-641.6818900582491,0.0,0.0,0.0,0.0,0.0,-641.6818900582491
conduction,cold_surface,875.0,14.583333,279.5347912370061,270.0,240.0,-594.437195210355,0.0,0.0,0.0,0.0,0.0,-594.437195210355,-644.6540760343008,0.0,0.0,0.0,0.0,0.0,-644.6540760343008
conduction,cold_surface,880.0,14.666667,279.4406607816799,270.0,240.0,-593.0218685550917,0.0,0.0,0.0,0.0,0.0,-593.0218685550917,-647.6191853770763,0.0,0.0,0.0,0.0,0.0,-647.6191853770763
conduction,cold_surface,885.0,14.75,279.3467544464854,270.0,240.0,-591.6099117251988,0.0,0.0,0.0,0.0,0.0,-591.6099117251988,-650.5772349357023,0.0,0.0,0.0,0.0,0.0,-650.5772349357023
conduction,cold_surface,890.0,14.833333,279.2530716978033,270.0,240.0,-590.2013166972813,0.0,0.0,0.0,0.0,0.0,-590.2013166972813,-653.5282415191888,0.0,0.0,0.0,0.0,0.0,-653.5282415191888
conduction,cold_surface,895.0,14.916667,279.15961200328474,270.0,240.0,-588.7960754670496,0.0,0.0,0.0,0.0,0.0,-588.7960754670496,-656.4722218965239,0.0,0.0,0.0,0.0,0.0,-656.4722218965239
conduction,cold_surface,900.0,15.0,279.06637483184835,270.0,240.0,-587.394180049271,0.0,0.0,0.0,0.0,0.0,-587.394180049271,-659.4091927967704,0.0,0.0,0.0,0.0,0.0,-659.4091927967704
conduction,cold_surface,905.0,15.083333,278.9733596536773,270.0,240.0,-585.9956224777252,0.0,0.0,0.0,0.0,0.0,-585.9956224777252,-662.339170909159,0.0,0.0,0.0,0.0,0.0,-662.339170909159
conduction,cold_surface,910.0,15.166667,278.8805659402161,270.0,240.0,-584.6003948051591,0.0,0.0,0.0,0.0,0.0,-584.6003948051591,-665.2621728831847,0.0,0.0,0.0,0.0,0.0,-665.2621728831847
conduction,cold_surface,915.0,15.25,278.787993164168,270.0,240.0,-583.2084891032417,0.0,0.0,0.0,0.0,0.0,-583.2084891032417,-668.178215328701,0.0,0.0,0.0,0.0,0.0,-668.178215328701
conduction,cold_surface,920.0,15.333333,278.6956407994914,270.0,240.0,-581.8198974625195,0.0,0.0,0.0,0.0,0.0,-581.8198974625195,-671.0873148160135,0.0,0.0,0.0,0.0,0.0,-671.0873148160135
conduction,cold_surface,925.0,15.416667,278.6035083213974,270.0,240.0,-580.434611992371,0.0,0.0,0.0,0.0,0.0,-580.434611992371,-673.9894878759754,0.0,0.0,0.0,0.0,0.0,-673.9894878759754
conduction,cold_surface,930.0,15.5,278.51159520634644,270.0,240.0,-579.0526248209608,0.0,0.0,0.0,0.0,0.0,-579.0526248209608,-676.8847510000803,0.0,0.0,0.0,0.0,0.0,-676.8847510000803
conduction,cold_surface,935.0,15.583333,278.4199009320456,270.0,240.0,-577.6739280951966,0.0,0.0,0.0,0.0,0.0,-577.6739280951966,-679.7731206405562,0.0,0.0,0.0,0.0,0.0,-679.7731206405562
conduction,cold_surface,940.0,15.666667,278.3284249774455,270.0,240.0,-576.2985139806841,0.0,0.0,0.0,0.0,0.0,-576.2985139806841,-682.6546132104596,0.0,0.0,0.0,0.0,0.0,-682.6546132104596
conduction,cold_surface,945.0,15.75,278.23716682273727,270.0,240.0,-574.9263746616822,0.0,0.0,0.0,0.0,0.0,-574.9263746616822,-685.529245083768,0.0,0.0,0.0,0.0,0.0,-685.529245083768
conduction,cold_surface,950.0,15.833333,278.1461259493498,270.0,240.0,-573.557502341059,0.0,0.0,0.0,0.0,0.0,-573.557502341059,-688.3970325954733,0.0,0.0,0.0,0.0,0.0,-688.3970325954733
conduction,cold_surface,955.0,15.916667,278.0553018399466,270.0,240.0,-572.1918892402473,0.0,0.0,0.0,0.0,0.0,-572.1918892402473,-691.2579920416746,0.0,0.0,0.0,0.0,0.0,-691.2579920416746
conduction,cold_surface,960.0,16.0,277.96469397842293,270.0,240.0,-570.8295275991989,0.0,0.0,0.0,0.0,0.0,-570.8295275991989,-694.1121396796706,0.0,0.0,0.0,0.0,0.0,-694.1121396796706
conduction,cold_surface,965.0,16.083333,277.87430184990285,270.0,240.0,-569.4704096763439,0.0,0.0,0.0,0.0,0.0,-569.4704096763439,-696.9594917280523,0.0,0.0,0.0,0.0,0.0,-696.9594917280523
conduction,cold_surface,970.0,16.166667,277.78412494073643,270.0,240.0,-568.1145277485427,0.0,0.0,0.0,0.0,0.0,-568.1145277485427,-699.800064366795,0.0,0.0,0.0,0.0,0.0,-699.800064366795
conduction,cold_surface,975.0,16.25,277.6941627384966,270.0,240.0,-566.7618741110465,0.0,0.0,0.0,0.0,0.0,-566.7618741110465,-702.6338737373502,0.0,0.0,0.0,0.0,0.0,-702.6338737373502
conduction,cold_surface,980.0,16.333333,277.60441473197636,270.0,240.0,-565.4124410774486,0.0,0.0,0.0,0.0,0.0,-565.4124410774486,-705.4609359427375,0.0,0.0,0.0,0.0,0.0,-705.4609359427375
conduction,cold_surface,985.0,16.416667,277.51488041118597,270.0,240.0,-564.0662209796454,0.0,0.0,0.0,0.0,0.0,-564.0662209796454,-708.2812670476358,0.0,0.0,0.0,0.0,0.0,-708.2812670476358
conduction,cold_surface,990.0,16.5,277.4255592673498,270.0,240.0,-562.7232061677896,0.0,0.0,0.0,0.0,0.0,-562.7232061677896,-711.0948830784747,0.0,0.0,0.0,0.0,0.0,-711.0948830784747
conduction,cold_surface,995.0,16.583333,277.33645079290375,270.0,240.0,-561.3833890102469,0.0,0.0,0.0,0.0,0.0,-561.3833890102469,-713.901800023526,0.0,0.0,0.0,0.0,0.0,-713.901800023526
conduction,cold_surface,1000.0,16.666667,277.24755448149205,270.0,240.0,-560.0467618935562,0.0,0.0,0.0,0.0,0.0,-560.0467618935562,-716.7020338329937,0.0,0.0,0.0,0.0,0.0,-716.7020338329937
conduction,cold_surface,1005.0,16.75,277.1588698279647,270.0,240.0,-558.7133172223807,0.0,0.0,0.0,0.0,0.0,-558.7133172223807,-719.4956004191056,0.0,0.0,0.0,0.0,0.0,-719.4956004191056
conduction,cold_surface,1010.0,16.833333,277.0703963283743,270.0,240.0,-557.3830474194701,0.0,0.0,0.0,0.0,0.0,-557.3830474194701,-722.2825156562029,0.0,0.0,0.0,0.0,0.0,-722.2825156562029
conduction,cold_surface,1015.0,16.916667,276.98213347997336,270.0,240.0,-556.0559449256141,0.0,0.0,0.0,0.0,0.0,-556.0559449256141,-725.062795380831,0.0,0.0,0.0,0.0,0.0,-725.062795380831
conduction,cold_surface,1020.0,17.0,276.8940807812115,270.0,240.0,-554.7320021996004,0.0,0.0,0.0,0.0,0.0,-554.7320021996004,-727.836455391829,0.0,0.0,0.0,0.0,0.0,-727.836455391829
conduction,cold_surface,1025.0,17.083333,276.80623773173244,270.0,240.0,-553.4112117181729,0.0,0.0,0.0,0.0,0.0,-553.4112117181729,-730.6035114504199,0.0,0.0,0.0,0.0,0.0,-730.6035114504199
conduction,cold_surface,1030.0,17.166667,276.7186038323712,270.0,240.0,-552.0935659759866,0.0,0.0,0.0,0.0,0.0,-552.0935659759866,-733.3639792802999,0.0,0.0,0.0,0.0,0.0,-733.3639792802999
conduction,cold_surface,1035.0,17.25,276.63117858515125,270.0,240.0,-550.7790574855676,0.0,0.0,0.0,0.0,0.0,-550.7790574855676,-736.1178745677277,0.0,0.0,0.0,0.0,0.0,-736.1178745677277
conduction,cold_surface,1040.0,17.333333,276.5439614932818,270.0,240.0,-549.4676787772687,0.0,0.0,0.0,0.0,0.0,-549.4676787772687,-738.865212961614,0.0,0.0,0.0,0.0,0.0,-738.865212961614
conduction,cold_surface,1045.0,17.416667,276.45695206115494,270.0,240.0,-548.1594223992272,0.0,0.0,0.0,0.0,0.0,-548.1594223992272,-741.6060100736102,0.0,0.0,0.0,0.0,0.0,-741.6060100736102
conduction,cold_surface,1050.0,17.5,276.37014979434264,270.0,240.0,-546.8542809173241,0.0,0.0,0.0,0.0,0.0,-546.8542809173241,-744.3402814781967,0.0,0.0,0.0,0.0,0.0,-744.3402814781967
conduction,cold_surface,1055.0,17.583333,276.2835541995942,270.0,240.0,-545.5522469151396,0.0,0.0,0.0,0.0,0.0,-545.5522469151396,-747.0680427127724,0.0,0.0,0.0,0.0,0.0,-747.0680427127724
conduction,cold_surface,1060.0,17.666667,276.19716478483326,270.0,240.0,-544.2533129939134,0.0,0.0,0.0,0.0,0.0,-544.2533129939134,-749.789309277742,0.0,0.0,0.0,0.0,0.0,-749.789309277742
conduction,cold_surface,1065.0,17.75,276.1109810591551,270.0,240.0,-542.9574717724989,0.0,0.0,0.0,0.0,0.0,-542.9574717724989,-752.5040966366043,0.0,0.0,0.0,0.0,0.0,-752.5040966366043
conduction,cold_surface,1070.0,17.833333,276.0250025328238,270.0,240.0,-541.6647158873266,0.0,0.0,0.0,0.0,0.0,-541.6647158873266,-755.212420216041,0.0,0.0,0.0,0.0,0.0,-755.212420216041
conduction,cold_surface,1075.0,17.916667,275.9392287172695,270.0,240.0,-540.3750379923571,0.0,0.0,0.0,0.0,0.0,-540.3750379923571,-757.9142954060028,0.0,0.0,0.0,0.0,0.0,-757.9142954060028
conduction,cold_surface,1080.0,18.0,275.8536591250855,270.0,240.0,-539.0884307590422,0.0,0.0,0.0,0.0,0.0,-539.0884307590422,-760.609737559798,0.0,0.0,0.0,0.0,0.0,-760.609737559798
conduction,cold_surface,1085.0,18.083333,275.7682932700258,270.0,240.0,-537.8048868762829,0.0,0.0,0.0,0.0,0.0,-537.8048868762829,-763.2987619941794,0.0,0.0,0.0,0.0,0.0,-763.2987619941794
conduction,cold_surface,1090.0,18.166667,275.68313066700193,270.0,240.0,-536.5243990503873,0.0,0.0,0.0,0.0,0.0,-536.5243990503873,-765.9813839894313,0.0,0.0,0.0,0.0,0.0,-765.9813839894313
conduction,cold_surface,1095.0,18.25,275.5981708320805,270.0,240.0,-535.246960005029,0.0,0.0,0.0,0.0,0.0,-535.246960005029,-768.6576187894565,0.0,0.0,0.0,0.0,0.0,-768.6576187894565
conduction,cold_surface,1100.0,18.333333,275.5134132824803,270.0,240.0,-533.9725624812072,0.0,0.0,0.0,0.0,0.0,-533.9725624812072,-771.3274816018625,0.0,0.0,0.0,0.0,0.0,-771.3274816018625
conduction,cold_surface,1105.0,18.416667,275.42885753656964,270.0,240.0,-532.7011992372047,0.0,0.0,0.0,0.0,0.0,-532.7011992372047,-773.9909875980485,0.0,0.0,0.0,0.0,0.0,-773.9909875980485
conduction,cold_surface,1110.0,18.5,275.34450311386354,270.0,240.0,-531.4328630485445,0.0,0.0,0.0,0.0,0.0,-531.4328630485445,-776.6481519132911,0.0,0.0,0.0,0.0,0.0,-776.6481519132911
conduction,cold_surface,1115.0,18.583333,275.260349535021,270.0,240.0,-530.1675467079531,0.0,0.0,0.0,0.0,0.0,-530.1675467079531,-779.2989896468309,0.0,0.0,0.0,0.0,0.0,-779.2989896468309
conduction,cold_surface,1120.0,18.666667,275.1763963218424,270.0,240.0,-528.9052430253153,0.0,0.0,0.0,0.0,0.0,-528.9052430253153,-781.9435158619576,0.0,0.0,0.0,0.0,0.0,-781.9435158619576
conduction,cold_surface,1125.0,18.75,275.0926429972666,270.0,240.0,-527.6459448276358,0.0,0.0,0.0,0.0,0.0,-527.6459448276358,-784.5817455860957,0.0,0.0,0.0,0.0,0.0,-784.5817455860957
conduction,cold_surface,1130.0,18.833333,275.0090890853683,270.0,240.0,-526.3896449589987,0.0,0.0,0.0,0.0,0.0,-526.3896449589987,-787.2136938108907,0.0,0.0,0.0,0.0,0.0,-787.2136938108907
conduction,cold_surface,1135.0,18.916667,274.92573411135555,270.0,240.0,-525.1363362805248,0.0,0.0,0.0,0.0,0.0,-525.1363362805248,-789.8393754922934,0.0,0.0,0.0,0.0,0.0,-789.8393754922934
conduction,cold_surface,1140.0,19.0,274.84257760156663,270.0,240.0,-523.8860116703333,0.0,0.0,0.0,0.0,0.0,-523.8860116703333,-792.4588055506451,0.0,0.0,0.0,0.0,0.0,-792.4588055506451
conduction,cold_surface,1145.0,19.083333,274.75961908346767,270.0,240.0,-522.6386640234995,0.0,0.0,0.0,0.0,0.0,-522.6386640234995,-795.0719988707626,0.0,0.0,0.0,0.0,0.0,-795.0719988707626
conduction,cold_surface,1150.0,19.166667,274.6768580856499,270.0,240.0,-521.394286252015,0.0,0.0,0.0,0.0,0.0,-521.394286252015,-797.6789703020228,0.0,0.0,0.0,0.0,0.0,-797.6789703020228
conduction,cold_surface,1155.0,19.25,274.5942941378269,270.0,240.0,-520.1528712847482,0.0,0.0,0.0,0.0,0.0,-520.1528712847482,-800.2797346584465,0.0,0.0,0.0,0.0,0.0,-800.2797346584465
conduction,cold_surface,1160.0,19.333333,274.5119267708321,270.0,240.0,-518.9144120674039,0.0,0.0,0.0,0.0,0.0,-518.9144120674039,-802.8743067187836,0.0,0.0,0.0,0.0,0.0,-802.8743067187836
conduction,cold_surface,1165.0,19.416667,274.4297555166158,270.0,240.0,-517.6789015624811,0.0,0.0,0.0,0.0,0.0,-517.6789015624811,-805.462701226596,0.0,0.0,0.0,0.0,0.0,-805.462701226596
conduction,cold_surface,1170.0,19.5,274.3477799082429,270.0,240.0,-516.4463327492367,0.0,0.0,0.0,0.0,0.0,-516.4463327492367,-808.0449328903422,0.0,0.0,0.0,0.0,0.0,-808.0449328903422
conduction,cold_surface,1175.0,19.583333,274.26599947988996,270.0,240.0,-515.2166986236434,0.0,0.0,0.0,0.0,0.0,-515.2166986236434,-810.6210163834604,0.0,0.0,0.0,0.0,0.0,-810.6210163834604
conduction,cold_surface,1180.0,19.666667,274.1844137668426,270.0,240.0,-513.9899921983493,0.0,0.0,0.0,0.0,0.0,-513.9899921983493,-813.1909663444521,0.0,0.0,0.0,0.0,0.0,-813.1909663444521
conduction,cold_surface,1185.0,19.75,274.10302230549297,270.0,240.0,-512.7662065026393,0.0,0.0,0.0,0.0,0.0,-512.7662065026393,-815.7547973769653,0.0,0.0,0.0,0.0,0.0,-815.7547973769653
conduction,cold_surface,1190.0,19.833333,274.021824633337,270.0,240.0,-511.54533458239456,0.0,0.0,0.0,0.0,0.0,-511.54533458239456,-818.3125240498773,0.0,0.0,0.0,0.0,0.0,-818.3125240498773
conduction,cold_surface,1195.0,19.916667,273.9408202889719,270.0,240.0,-510.3273695000553,0.0,0.0,0.0,0.0,0.0,-510.3273695000553,-820.8641608973775,0.0,0.0,0.0,0.0,0.0,-820.8641608973775
conduction,cold_surface,1200.0,20.0,273.8600088120934,270.0,240.0,-509.1123043345786,0.0,0.0,0.0,0.0,0.0,-509.1123043345786,-823.4097224190504,0.0,0.0,0.0,0.0,0.0,-823.4097224190504
conduction,cold_surface,1205.0,20.083333,273.77938974349314,270.0,240.0,-507.90013218140075,0.0,0.0,0.0,0.0,0.0,-507.90013218140075,-825.9492230799574,0.0,0.0,0.0,0.0,0.0,-825.9492230799574
conduction,cold_surface,1210.0,20.166667,273.69896262505625,270.0,240.0,-506.6908461523971,0.0,0.0,0.0,0.0,0.0,-506.6908461523971,-828.4826773107194,0.0,0.0,0.0,0.0,0.0,-828.4826773107194
conduction,cold_surface,1215.0,20.25,273.6187269997585,270.0,240.0,-505.4844393758438,0.0,0.0,0.0,0.0,0.0,-505.4844393758438,-831.0100995075985,0.0,0.0,0.0,0.0,0.0,-831.0100995075985
conduction,cold_surface,1220.0,20.333333,273.53868241166384,270.0,240.0,-504.2809049963776,0.0,0.0,0.0,0.0,0.0,-504.2809049963776,-833.5315040325804,0.0,0.0,0.0,0.0,0.0,-833.5315040325804
conduction,cold_surface,1225.0,20.416667,273.4588284059218,270.0,240.0,-503.08023617495763,0.0,0.0,0.0,0.0,0.0,-503.08023617495763,-836.0469052134551,0.0,0.0,0.0,0.0,0.0,-836.0469052134551
conduction,cold_surface,1230.0,20.5,273.3791645287648,270.0,240.0,-501.8824260888269,0.0,0.0,0.0,0.0,0.0,-501.8824260888269,-838.5563173438993,0.0,0.0,0.0,0.0,0.0,-838.5563173438993
conduction,cold_surface,1235.0,20.583333,273.29969032750586,270.0,240.0,-500.68746793147227,0.0,0.0,0.0,0.0,0.0,-500.68746793147227,-841.0597546835567,0.0,0.0,0.0,0.0,0.0,-841.0597546835567
conduction,cold_surface,1240.0,20.666667,273.2204053505356,270.0,240.0,-499.49535491258786,0.0,0.0,0.0,0.0,0.0,-499.49535491258786,-843.5572314581195,0.0,0.0,0.0,0.0,0.0,-843.5572314581195
conduction,cold_surface,1245.0,20.75,273.14130914732004,270.0,240.0,-498.306080258034,0.0,0.0,0.0,0.0,0.0,-498.306080258034,-846.0487618594098,0.0,0.0,0.0,0.0,0.0,-846.0487618594098
conduction,cold_surface,1250.0,20.833333,273.0624012683979,270.0,240.0,-497.11963720980066,0.0,0.0,0.0,0.0,0.0,-497.11963720980066,-848.5343600454588,0.0,0.0,0.0,0.0,0.0,-848.5343600454588
conduction,cold_surface,1255.0,20.916667,272.98368126537787,270.0,240.0,-495.93601902596816,0.0,0.0,0.0,0.0,0.0,-495.93601902596816,-851.0140401405887,0.0,0.0,0.0,0.0,0.0,-851.0140401405887
conduction,cold_surface,1260.0,21.0,272.90514869093647,270.0,240.0,-494.755218980668,0.0,0.0,0.0,0.0,0.0,-494.755218980668,-853.487816235492,0.0,0.0,0.0,0.0,0.0,-853.487816235492
conduction,cold_surface,1265.0,21.083333,272.8268030988152,270.0,240.0,-493.57723036404707,0.0,0.0,0.0,0.0,0.0,-493.57723036404707,-855.9557023873122,0.0,0.0,0.0,0.0,0.0,-855.9557023873122
conduction,cold_surface,1270.0,21.166667,272.74864404381805,270.0,240.0,-492.4020464822283,0.0,0.0,0.0,0.0,0.0,-492.4020464822283,-858.4177126197233,0.0,0.0,0.0,0.0,0.0,-858.4177126197233
conduction,cold_surface,1275.0,21.25,272.67067108180896,270.0,240.0,-491.2296606572707,0.0,0.0,0.0,0.0,0.0,-491.2296606572707,-860.8738609230097,0.0,0.0,0.0,0.0,0.0,-860.8738609230097
conduction,cold_surface,1280.0,21.333333,272.59288376970943,270.0,240.0,-490.0600662271344,0.0,0.0,0.0,0.0,0.0,-490.0600662271344,-863.3241612541453,0.0,0.0,0.0,0.0,0.0,-863.3241612541453
conduction,cold_surface,1285.0,21.416667,272.5152816654958,270.0,240.0,-488.89325654564146,0.0,0.0,0.0,0.0,0.0,-488.89325654564146,-865.7686275368735,0.0,0.0,0.0,0.0,0.0,-865.7686275368735
conduction,cold_surface,1290.0,21.5,272.437864328197,270.0,240.0,-487.7292249824373,0.0,0.0,0.0,0.0,0.0,-487.7292249824373,-868.2072736617857,0.0,0.0,0.0,0.0,0.0,-868.2072736617857
conduction,cold_surface,1295.0,21.583333,272.3606313178918,270.0,240.0,-486.5679649229551,0.0,0.0,0.0,0.0,0.0,-486.5679649229551,-870.6401134864005,0.0,0.0,0.0,0.0,0.0,-870.6401134864005
conduction,cold_surface,1300.0,21.666667,272.28358219570634,270.0,240.0,-485.4094697683766,0.0,0.0,0.0,0.0,0.0,-485.4094697683766,-873.0671608352425,0.0,0.0,0.0,0.0,0.0,-873.0671608352425
conduction,cold_surface,1305.0,21.75,272.2067165238118,270.0,240.0,-484.25373293559517,0.0,0.0,0.0,0.0,0.0,-484.25373293559517,-875.4884294999205,0.0,0.0,0.0,0.0,0.0,-875.4884294999205
conduction,cold_surface,1310.0,21.833333,272.13003386542175,270.0,240.0,-483.1007478571769,0.0,0.0,0.0,0.0,0.0,-483.1007478571769,-877.9039332392064,0.0,0.0,0.0,0.0,0.0,-877.9039332392064
conduction,cold_surface,1315.0,21.916667,272.0535337847898,270.0,240.0,-481.95050798132627,0.0,0.0,0.0,0.0,0.0,-481.95050798132627,-880.313685779113,0.0,0.0,0.0,0.0,0.0,-880.313685779113
conduction,cold_surface,1320.0,22.0,271.977215847207,270.0,240.0,-480.8030067718471,0.0,0.0,0.0,0.0,0.0,-480.8030067718471,-882.7177008129721,0.0,0.0,0.0,0.0,0.0,-882.7177008129721
conduction,cold_surface,1325.0,22.083333,271.90107961899935,270.0,240.0,-479.6582377081049,0.0,0.0,0.0,0.0,0.0,-479.6582377081049,-885.1159920015127,0.0,0.0,0.0,0.0,0.0,-885.1159920015127
conduction,cold_surface,1330.0,22.166667,271.82512466752553,270.0,240.0,-478.5161942849902,0.0,0.0,0.0,0.0,0.0,-478.5161942849902,-887.5085729729376,0.0,0.0,0.0,0.0,0.0,-887.5085729729376
conduction,cold_surface,1335.0,22.25,271.74935056117425,270.0,240.0,-477.37687001288293,0.0,0.0,0.0,0.0,0.0,-477.37687001288293,-889.895457323002,0.0,0.0,0.0,0.0,0.0,-889.895457323002
conduction,cold_surface,1340.0,22.333333,271.6737568693619,270.0,240.0,-476.2402584176138,0.0,0.0,0.0,0.0,0.0,-476.2402584176138,-892.27665861509,0.0,0.0,0.0,0.0,0.0,-892.27665861509
conduction,cold_surface,1345.0,22.416667,271.5983431625301,270.0,240.0,-475.10635304042864,0.0,0.0,0.0,0.0,0.0,-475.10635304042864,-894.6521903802923,0.0,0.0,0.0,0.0,0.0,-894.6521903802923
conduction,cold_surface,1350.0,22.5,271.52310901214315,270.0,240.0,-473.9751474379517,0.0,0.0,0.0,0.0,0.0,-473.9751474379517,-897.022066117482,0.0,0.0,0.0,0.0,0.0,-897.022066117482
conduction,cold_surface,1355.0,22.583333,271.44805399068565,270.0,240.0,-472.8466351821473,0.0,0.0,0.0,0.0,0.0,-472.8466351821473,-899.3862992933928,0.0,0.0,0.0,0.0,0.0,-899.3862992933928
conduction,cold_surface,1360.0,22.666667,271.3731776716602,270.0,240.0,-471.72080986028476,0.0,0.0,0.0,0.0,0.0,-471.72080986028476,-901.7449033426943,0.0,0.0,0.0,0.0,0.0,-901.7449033426943
conduction,cold_surface,1365.0,22.75,271.2984796295848,270.0,240.0,-470.5976650749028,0.0,0.0,0.0,0.0,0.0,-470.5976650749028,-904.0978916680689,0.0,0.0,0.0,0.0,0.0,-904.0978916680689
conduction,cold_surface,1370.0,22.833333,271.22395943999055,270.0,240.0,-469.47719444377185,0.0,0.0,0.0,0.0,0.0,-469.47719444377185,-906.4452776402876,0.0,0.0,0.0,0.0,0.0,-906.4452776402876
conduction,cold_surface,1375.0,22.916667,271.1496166794191,270.0,240.0,-468.35939159985827,0.0,0.0,0.0,0.0,0.0,-468.35939159985827,-908.7870745982868,0.0,0.0,0.0,0.0,0.0,-908.7870745982868
conduction,cold_surface,1380.0,23.0,271.0754509254205,270.0,240.0,-467.2442501912869,0.0,0.0,0.0,0.0,0.0,-467.2442501912869,-911.1232958492433,0.0,0.0,0.0,0.0,0.0,-911.1232958492433
conduction,cold_surface,1385.0,23.083333,271.00146175655044,270.0,240.0,-466.1317638813077,0.0,0.0,0.0,0.0,0.0,-466.1317638813077,-913.4539546686498,0.0,0.0,0.0,0.0,0.0,-913.4539546686498
conduction,cold_surface,1390.0,23.166667,270.92764875236816,270.0,240.0,-465.0219263482566,0.0,0.0,0.0,0.0,0.0,-465.0219263482566,-915.7790643003912,0.0,0.0,0.0,0.0,0.0,-915.7790643003912
conduction,cold_surface,1395.0,23.25,270.854011493434,270.0,240.0,-463.91473128552235,0.0,0.0,0.0,0.0,0.0,-463.91473128552235,-918.0986379568187,0.0,0.0,0.0,0.0,0.0,-918.0986379568187
conduction,cold_surface,1400.0,23.333333,270.78054956130677,270.0,240.0,-462.8101724015096,0.0,0.0,0.0,0.0,0.0,-462.8101724015096,-920.4126888188263,0.0,0.0,0.0,0.0,0.0,-920.4126888188263
conduction,cold_surface,1405.0,23.416667,270.7072625385417,270.0,240.0,-461.70824341960156,0.0,0.0,0.0,0.0,0.0,-461.70824341960156,-922.7212300359242,0.0,0.0,0.0,0.0,0.0,-922.7212300359242
conduction,cold_surface,1410.0,23.5,270.63415000868804,270.0,240.0,-460.6089380781259,0.0,0.0,0.0,0.0,0.0,-460.6089380781259,-925.0242747263148,0.0,0.0,0.0,0.0,0.0,-925.0242747263148
conduction,cold_surface,1415.0,23.583333,270.5612115562864,270.0,240.0,-459.5122501303206,0.0,0.0,0.0,0.0,0.0,-459.5122501303206,-927.3218359769664,0.0,0.0,0.0,0.0,0.0,-927.3218359769664
conduction,cold_surface,1420.0,23.666667,270.4884467668667,270.0,240.0,-458.41817334429635,0.0,0.0,0.0,0.0,0.0,-458.41817334429635,-929.6139268436879,0.0,0.0,0.0,0.0,0.0,-929.6139268436879
conduction,cold_surface,1425.0,23.75,270.41585522694555,270.0,240.0,-457.3267015030001,0.0,0.0,0.0,0.0,0.0,-457.3267015030001,-931.9005603512029,0.0,0.0,0.0,0.0,0.0,-931.9005603512029
conduction,cold_surface,1430.0,23.833333,270.34343652402424,270.0,240.0,-456.2378284041833,0.0,0.0,0.0,0.0,0.0,-456.2378284041833,-934.1817494932237,0.0,0.0,0.0,0.0,0.0,-934.1817494932237
conduction,cold_surface,1435.0,23.916667,270.2711902465861,270.0,240.0,-455.1515478603636,0.0,0.0,0.0,0.0,0.0,-455.1515478603636,-936.4575072325255,0.0,0.0,0.0,0.0,0.0,-936.4575072325255
conduction,cold_surface,1440.0,24.0,270.19911598409425,270.0,240.0,-454.06785369879174,0.0,0.0,0.0,0.0,0.0,-454.06785369879174,-938.7278465010195,0.0,0.0,0.0,0.0,0.0,-938.7278465010195
conduction,cold_surface,1445.0,24.083333,270.12721332698925,270.0,240.0,-452.98673976141373,0.0,0.0,0.0,0.0,0.0,-452.98673976141373,-940.9927801998265,0.0,0.0,0.0,0.0,0.0,-940.9927801998265
conduction,cold_surface,1450.0,24.166667,270.0554818666869,270.0,240.0,-451.90819990483874,0.0,0.0,0.0,0.0,0.0,-451.90819990483874,-943.2523211993506,0.0,0.0,0.0,0.0,0.0,-943.2523211993506
conduction,cold_surface,1455.0,24.25,269.9839211955757,270.0,240.0,-450.83222800030313,0.0,0.0,0.0,0.0,0.0,-450.83222800030313,-945.5064823393521,0.0,0.0,0.0,0.0,0.0,-945.5064823393521
conduction,cold_surface,1460.0,24.333333,269.9125309070148,270.0,240.0,-449.75881793363556,0.0,0.0,0.0,0.0,0.0,-449.75881793363556,-947.7552764290203,0.0,0.0,0.0,0.0,0.0,-947.7552764290203
conduction,cold_surface,1465.0,24.416667,269.84131059533144,270.0,240.0,-448.68796360522197,0.0,0.0,0.0,0.0,0.0,-448.68796360522197,-949.9987162470464,0.0,0.0,0.0,0.0,0.0,-949.9987162470464
conduction,cold_surface,1470.0,24.5,269.7702598558187,270.0,240.0,-447.61965892997154,0.0,0.0,0.0,0.0,0.0,-447.61965892997154,-952.2368145416964,0.0,0.0,0.0,0.0,0.0,-952.2368145416964
conduction,cold_surface,1475.0,24.583333,269.6993782847334,270.0,240.0,-446.55389783728083,0.0,0.0,0.0,0.0,0.0,-446.55389783728083,-954.4695840308827,0.0,0.0,0.0,0.0,0.0,-954.4695840308827
conduction,cold_surface,1480.0,24.666667,269.6286654792936,270.0,240.0,-445.4906742710014,0.0,0.0,0.0,0.0,0.0,-445.4906742710014,-956.6970374022377,0.0,0.0,0.0,0.0,0.0,-956.6970374022377
conduction,cold_surface,1485.0,24.75,269.55812103767624,270.0,240.0,-444.42998218940403,0.0,0.0,0.0,0.0,0.0,-444.42998218940403,-958.9191873131847,0.0,0.0,0.0,0.0,0.0,-958.9191873131847
conduction,cold_surface,1490.0,24.833333,269.4877445590151,270.0,240.0,-443.37181556514366,0.0,0.0,0.0,0.0,0.0,-443.37181556514366,-961.1360463910104,0.0,0.0,0.0,0.0,0.0,-961.1360463910104
conduction,cold_surface,1495.0,24.916667,269.41753564339837,270.0,240.0,-442.31616838522626,0.0,0.0,0.0,0.0,0.0,-442.31616838522626,-963.3476272329366,0.0,0.0,0.0,0.0,0.0,-963.3476272329366
conduction,cold_surface,1500.0,25.0,269.34749389186646,270.0,240.0,-441.2630346509755,0.0,0.0,0.0,0.0,0.0,-441.2630346509755,-965.5539424061915,0.0,0.0,0.0,0.0,0.0,-965.5539424061915
conduction,cold_surface,1505.0,25.083333,269.27761890640966,270.0,240.0,-440.21240837799695,0.0,0.0,0.0,0.0,0.0,-440.21240837799695,-967.7550044480815,0.0,0.0,0.0,0.0,0.0,-967.7550044480815
conduction,cold_surface,1510.0,25.166667,269.2079102899658,270.0,240.0,-439.16428359614486,0.0,0.0,0.0,0.0,0.0,-439.16428359614486,-969.9508258660622,0.0,0.0,0.0,0.0,0.0,-969.9508258660622
conduction,cold_surface,1515.0,25.25,269.13836764641826,270.0,240.0,-438.11865434948714,0.0,0.0,0.0,0.0,0.0,-438.11865434948714,-972.1414191378096,0.0,0.0,0.0,0.0,0.0,-972.1414191378096
conduction,cold_surface,1520.0,25.333333,269.06899058059344,270.0,240.0,-437.0755146962739,0.0,0.0,0.0,0.0,0.0,-437.0755146962739,-974.3267967112911,0.0,0.0,0.0,0.0,0.0,-974.3267967112911
conduction,cold_surface,1525.0,25.416667,268.9997786982587,270.0,240.0,-436.03485870890154,0.0,0.0,0.0,0.0,0.0,-436.03485870890154,-976.5069710048356,0.0,0.0,0.0,0.0,0.0,-976.5069710048356
conduction,cold_surface,1530.0,25.5,268.93073160612,270.0,240.0,-434.9966804738804,0.0,0.0,0.0,0.0,0.0,-434.9966804738804,-978.681954407205,0.0,0.0,0.0,0.0,0.0,-978.681954407205
conduction,cold_surface,1535.0,25.583333,268.8618489118197,270.0,240.0,-433.96097409179987,0.0,0.0,0.0,0.0,0.0,-433.96097409179987,-980.851759277664,0.0,0.0,0.0,0.0,0.0,-980.851759277664
conduction,cold_surface,1540.0,25.666667,268.79313022393444,270.0,240.0,-432.9277336772958,0.0,0.0,0.0,0.0,0.0,-432.9277336772958,-983.0163979460505,0.0,0.0,0.0,0.0,0.0,-983.0163979460505
conduction,cold_surface,1545.0,25.75,268.7245751519727,270.0,240.0,-431.8969533590166,0.0,0.0,0.0,0.0,0.0,-431.8969533590166,-985.1758827128456,0.0,0.0,0.0,0.0,0.0,-985.1758827128456
conduction,cold_surface,1550.0,25.833333,268.6561833063728,270.0,240.0,-430.8686272795907,0.0,0.0,0.0,0.0,0.0,-430.8686272795907,-987.3302258492436,0.0,0.0,0.0,0.0,0.0,-987.3302258492436
conduction,cold_surface,1555.0,25.916667,268.58795429850045,270.0,240.0,-429.8427495955917,0.0,0.0,0.0,0.0,0.0,-429.8427495955917,-989.4794395972216,0.0,0.0,0.0,0.0,0.0,-989.4794395972216
conduction,cold_surface,1560.0,26.0,268.5198877406469,270.0,240.0,-428.81931447750674,0.0,0.0,0.0,0.0,0.0,-428.81931447750674,-991.6235361696091,0.0,0.0,0.0,0.0,0.0,-991.6235361696091
conduction,cold_surface,1565.0,26.083333,268.4519832460263,270.0,240.0,-427.7983161097032,0.0,0.0,0.0,0.0,0.0,-427.7983161097032,-993.7625277501576,0.0,0.0,0.0,0.0,0.0,-993.7625277501576
conduction,cold_surface,1570.0,26.166667,268.38424042877386,270.0,240.0,-426.77974869039474,0.0,0.0,0.0,0.0,0.0,-426.77974869039474,-995.8964264936094,0.0,0.0,0.0,0.0,0.0,-995.8964264936094
conduction,cold_surface,1575.0,26.25,268.31665890394345,270.0,240.0,-425.76360643160797,0.0,0.0,0.0,0.0,0.0,-425.76360643160797,-998.0252445257676,0.0,0.0,0.0,0.0,0.0,-998.0252445257676
conduction,cold_surface,1580.0,26.333333,268.2492382875055,270.0,240.0,-424.7498835591517,0.0,0.0,0.0,0.0,0.0,-424.7498835591517,-1000.1489939435634,0.0,0.0,0.0,0.0,0.0,-1000.1489939435634
conduction,cold_surface,1585.0,26.416667,268.18197819634474,270.0,240.0,-423.73857431258216,0.0,0.0,0.0,0.0,0.0,-423.73857431258216,-1002.2676868151262,0.0,0.0,0.0,0.0,0.0,-1002.2676868151262
conduction,cold_surface,1590.0,26.5,268.1148782482582,270.0,240.0,-422.72967294517116,0.0,0.0,0.0,0.0,0.0,-422.72967294517116,-1004.381335179852,0.0,0.0,0.0,0.0,0.0,-1004.381335179852
conduction,cold_surface,1595.0,26.583333,268.04793806195283,270.0,240.0,-421.7231737238731,0.0,0.0,0.0,0.0,0.0,-421.7231737238731,-1006.4899510484715,0.0,0.0,0.0,0.0,0.0,-1006.4899510484715
conduction,cold_surface,1600.0,26.666667,267.98115725704344,270.0,240.0,-420.7190709292925,0.0,0.0,0.0,0.0,0.0,-420.7190709292925,-1008.5935464031179,0.0,0.0,0.0,0.0,0.0,-1008.5935464031179
conduction,cold_surface,1605.0,26.75,267.91453545405045,270.0,240.0,-419.7173588556515,0.0,0.0,0.0,0.0,0.0,-419.7173588556515,-1010.6921331973962,0.0,0.0,0.0,0.0,0.0,-1010.6921331973962
conduction,cold_surface,1610.0,26.833333,267.84807227439796,270.0,240.0,-418.71803181075677,0.0,0.0,0.0,0.0,0.0,-418.71803181075677,-1012.7857233564499,0.0,0.0,0.0,0.0,0.0,-1012.7857233564499
conduction,cold_surface,1615.0,26.916667,267.7817673404113,270.0,240.0,-417.72108411596946,0.0,0.0,0.0,0.0,0.0,-417.72108411596946,-1014.8743287770299,0.0,0.0,0.0,0.0,0.0,-1014.8743287770299
conduction,cold_surface,1620.0,27.0,267.7156202753151,270.0,240.0,-416.7265101061696,0.0,0.0,0.0,0.0,0.0,-416.7265101061696,-1016.9579613275607,0.0,0.0,0.0,0.0,0.0,-1016.9579613275607
conduction,cold_surface,1625.0,27.083333,267.64963070323097,270.0,240.0,-415.7343041297261,0.0,0.0,0.0,0.0,0.0,-415.7343041297261,-1019.0366328482094,0.0,0.0,0.0,0.0,0.0,-1019.0366328482094
conduction,cold_surface,1630.0,27.166667,267.58379824917563,270.0,240.0,-414.74446054846453,0.0,0.0,0.0,0.0,0.0,-414.74446054846453,-1021.1103551509517,0.0,0.0,0.0,0.0,0.0,-1021.1103551509517
conduction,cold_surface,1635.0,27.25,267.51812253905854,270.0,240.0,-413.75697373763444,0.0,0.0,0.0,0.0,0.0,-413.75697373763444,-1023.1791400196398,0.0,0.0,0.0,0.0,0.0,-1023.1791400196398
conduction,cold_surface,1640.0,27.333333,267.4526031996798,270.0,240.0,-412.7718380858781,0.0,0.0,0.0,0.0,0.0,-412.7718380858781,-1025.2429992100692,0.0,0.0,0.0,0.0,0.0,-1025.2429992100692
conduction,cold_surface,1645.0,27.416667,267.3872398587282,270.0,240.0,-411.789047995197,0.0,0.0,0.0,0.0,0.0,-411.789047995197,-1027.3019444500453,0.0,0.0,0.0,0.0,0.0,-1027.3019444500453
conduction,cold_surface,1650.0,27.5,267.32203214477886,270.0,240.0,-410.8085978809231,0.0,0.0,0.0,0.0,0.0,-410.8085978809231,-1029.3559874394498,0.0,0.0,0.0,0.0,0.0,-1029.3559874394498
conduction,cold_surface,1655.0,27.583333,267.2569796872913,270.0,240.0,-409.8304821716829,0.0,0.0,0.0,0.0,0.0,-409.8304821716829,-1031.4051398503084,0.0,0.0,0.0,0.0,0.0,-1031.4051398503084
conduction,cold_surface,1660.0,27.666667,267.19208211660725,270.0,240.0,-408.85469530936916,0.0,0.0,0.0,0.0,0.0,-408.85469530936916,-1033.4494133268552,0.0,0.0,0.0,0.0,0.0,-1033.4494133268552
conduction,cold_surface,1665.0,27.75,267.1273390639487,270.0,240.0,-407.8812317491088,0.0,0.0,0.0,0.0,0.0,-407.8812317491088,-1035.4888194856007,0.0,0.0,0.0,0.0,0.0,-1035.4888194856007
conduction,cold_surface,1670.0,27.833333,267.06275016141547,270.0,240.0,-406.91008595923023,0.0,0.0,0.0,0.0,0.0,-406.91008595923023,-1037.5233699153969,0.0,0.0,0.0,0.0,0.0,-1037.5233699153969
conduction,cold_surface,1675.0,27.916667,266.9983150419835,270.0,240.0,-405.941252421232,0.0,0.0,0.0,0.0,0.0,-405.941252421232,-1039.553076177503,0.0,0.0,0.0,0.0,0.0,-1039.553076177503
conduction,cold_surface,1680.0,28.0,266.9340333395026,270.0,240.0,-404.97472562975275,0.0,0.0,0.0,0.0,0.0,-404.97472562975275,-1041.5779498056518,0.0,0.0,0.0,0.0,0.0,-1041.5779498056518
conduction,cold_surface,1685.0,28.083333,266.86990468869425,270.0,240.0,-404.0105000925391,0.0,0.0,0.0,0.0,0.0,-404.0105000925391,-1043.5980023061145,0.0,0.0,0.0,0.0,0.0,-1043.5980023061145
conduction,cold_surface,1690.0,28.166667,266.8059287251497,270.0,240.0,-403.0485703304137,0.0,0.0,0.0,0.0,0.0,-403.0485703304137,-1045.6132451577666,0.0,0.0,0.0,0.0,0.0,-1045.6132451577666
conduction,cold_surface,1695.0,28.25,266.7421050853279,270.0,240.0,-402.0889308772459,0.0,0.0,0.0,0.0,0.0,-402.0889308772459,-1047.6236898121529,0.0,0.0,0.0,0.0,0.0,-1047.6236898121529
conduction,cold_surface,1700.0,28.333333,266.6784334065533,270.0,240.0,-401.1315762799188,0.0,0.0,0.0,0.0,0.0,-401.1315762799188,-1049.6293476935525,0.0,0.0,0.0,0.0,0.0,-1049.6293476935525
conduction,cold_surface,1705.0,28.416667,266.61491332701394,270.0,240.0,-400.17650109829987,0.0,0.0,0.0,0.0,0.0,-400.17650109829987,-1051.630230199044,0.0,0.0,0.0,0.0,0.0,-1051.630230199044
conduction,cold_surface,1710.0,28.5,266.55154448575917,270.0,240.0,-399.22369990520906,0.0,0.0,0.0,0.0,0.0,-399.22369990520906,-1053.6263486985702,0.0,0.0,0.0,0.0,0.0,-1053.6263486985702
conduction,cold_surface,1715.0,28.583333,266.48832652269783,270.0,240.0,-398.2731672863875,0.0,0.0,0.0,0.0,0.0,-398.2731672863875,-1055.617714535002,0.0,0.0,0.0,0.0,0.0,-1055.617714535002
conduction,cold_surface,1720.0,28.666667,266.4252590785962,270.0,240.0,-397.3248978404675,0.0,0.0,0.0,0.0,0.0,-397.3248978404675,-1057.6043390242046,0.0,0.0,0.0,0.0,0.0,-1057.6043390242046
conduction,cold_surface,1725.0,28.75,266.36234179507574,270.0,240.0,-396.37888617894276,0.0,0.0,0.0,0.0,0.0,-396.37888617894276,-1059.586233455099,0.0,0.0,0.0,0.0,0.0,-1059.586233455099
conduction,cold_surface,1730.0,28.833333,266.2995743146113,270.0,240.0,-395.43512692613604,0.0,0.0,0.0,0.0,0.0,-395.43512692613604,-1061.56340908973,0.0,0.0,0.0,0.0,0.0,-1061.56340908973
conduction,cold_surface,1735.0,28.916667,266.2369562805289,270.0,240.0,-394.49361471916916,0.0,0.0,0.0,0.0,0.0,-394.49361471916916,-1063.5358771633257,0.0,0.0,0.0,0.0,0.0,-1063.5358771633257
conduction,cold_surface,1740.0,29.0,266.1744873370038,270.0,240.0,-393.5543442079333,0.0,0.0,0.0,0.0,0.0,-393.5543442079333,-1065.5036488843652,0.0,0.0,0.0,0.0,0.0,-1065.5036488843652
conduction,cold_surface,1745.0,29.083333,266.1121671290586,270.0,240.0,-392.6173100550574,0.0,0.0,0.0,0.0,0.0,-392.6173100550574,-1067.4667354346407,0.0,0.0,0.0,0.0,0.0,-1067.4667354346407
conduction,cold_surface,1750.0,29.166667,266.04999530256083,270.0,240.0,-391.6825069358791,0.0,0.0,0.0,0.0,0.0,-391.6825069358791,-1069.42514796932,0.0,0.0,0.0,0.0,0.0,-1069.42514796932
conduction,cold_surface,1755.0,29.25,265.9879715042214,270.0,240.0,-390.74992953841246,0.0,0.0,0.0,0.0,0.0,-390.74992953841246,-1071.378897617012,0.0,0.0,0.0,0.0,0.0,-1071.378897617012
conduction,cold_surface,1760.0,29.333333,265.9260953815923,270.0,240.0,-389.81957256332066,0.0,0.0,0.0,0.0,0.0,-389.81957256332066,-1073.3279954798286,0.0,0.0,0.0,0.0,0.0,-1073.3279954798286
conduction,cold_surface,1765.0,29.416667,265.8643665830647,270.0,240.0,-388.89143072388435,0.0,0.0,0.0,0.0,0.0,-388.89143072388435,-1075.2724526334482,0.0,0.0,0.0,0.0,0.0,-1075.2724526334482
conduction,cold_surface,1770.0,29.5,265.8027847578669,270.0,240.0,-387.9654987459702,0.0,0.0,0.0,0.0,0.0,-387.9654987459702,-1077.212280127178,0.0,0.0,0.0,0.0,0.0,-1077.212280127178
conduction,cold_surface,1775.0,29.583333,265.74134955606246,270.0,240.0,-387.04177136800354,0.0,0.0,0.0,0.0,0.0,-387.04177136800354,-1079.1474889840179,0.0,0.0,0.0,0.0,0.0,-1079.1474889840179
conduction,cold_surface,1780.0,29.666667,265.680060628548,270.0,240.0,-386.1202433409369,0.0,0.0,0.0,0.0,0.0,-386.1202433409369,-1081.0780902007225,0.0,0.0,0.0,0.0,0.0,-1081.0780902007225
conduction,cold_surface,1785.0,29.75,265.6189176270515,270.0,240.0,-385.2009094282201,0.0,0.0,0.0,0.0,0.0,-385.2009094282201,-1083.0040947478635,0.0,0.0,0.0,0.0,0.0,-1083.0040947478635
conduction,cold_surface,1790.0,29.833333,265.5579202041299,270.0,240.0,-384.2837644057721,0.0,0.0,0.0,0.0,0.0,-384.2837644057721,-1084.9255135698925,0.0,0.0,0.0,0.0,0.0,-1084.9255135698925
conduction,cold_surface,1795.0,29.916667,265.4970680131677,270.0,240.0,-383.3688030619487,0.0,0.0,0.0,0.0,0.0,-383.3688030619487,-1086.8423575852023,0.0,0.0,0.0,0.0,0.0,-1086.8423575852023
conduction,cold_surface,1800.0,30.0,265.4363607083744,270.0,240.0,-382.45602019751516,0.0,0.0,0.0,0.0,0.0,-382.45602019751516,-1088.7546376861897,0.0,0.0,0.0,0.0,0.0,-1088.7546376861897
conduction,cold_surface,1805.0,30.083333,265.3757979447831,270.0,240.0,-381.54541062561634,0.0,0.0,0.0,0.0,0.0,-381.54541062561634,-1090.6623647393178,0.0,0.0,0.0,0.0,0.0,-1090.6623647393178
conduction,cold_surface,1810.0,30.166667,265.3153793782479,270.0,240.0,-380.6369691717461,0.0,0.0,0.0,0.0,0.0,-380.6369691717461,-1092.5655495851765,0.0,0.0,0.0,0.0,0.0,-1092.5655495851765
conduction,cold_surface,1815.0,30.25,265.25510466544256,270.0,240.0,-379.73069067371824,0.0,0.0,0.0,0.0,0.0,-379.73069067371824,-1094.4642030385453,0.0,0.0,0.0,0.0,0.0,-1094.4642030385453
conduction,cold_surface,1820.0,30.333333,265.19497346385816,270.0,240.0,-378.8265699816384,0.0,0.0,0.0,0.0,0.0,-378.8265699816384,-1096.3583358884534,0.0,0.0,0.0,0.0,0.0,-1096.3583358884534
conduction,cold_surface,1825.0,30.416667,265.13498543180134,270.0,240.0,-377.9246019578724,0.0,0.0,0.0,0.0,0.0,-377.9246019578724,-1098.2479588982428,0.0,0.0,0.0,0.0,0.0,-1098.2479588982428
conduction,cold_surface,1830.0,30.5,265.0751402283923,270.0,240.0,-377.0247814770201,0.0,0.0,0.0,0.0,0.0,-377.0247814770201,-1100.133082805628,0.0,0.0,0.0,0.0,0.0,-1100.133082805628
conduction,cold_surface,1835.0,30.583333,265.0154375135628,270.0,240.0,-376.1271034258843,0.0,0.0,0.0,0.0,0.0,-376.1271034258843,-1102.0137183227573,0.0,0.0,0.0,0.0,0.0,-1102.0137183227573
conduction,cold_surface,1840.0,30.666667,264.9558769480543,270.0,240.0,-375.231562703442,0.0,0.0,0.0,0.0,0.0,-375.231562703442,-1103.8898761362746,0.0,0.0,0.0,0.0,0.0,-1103.8898761362746
conduction,cold_surface,1845.0,30.75,264.8964581934161,270.0,240.0,-374.33815422081466,0.0,0.0,0.0,0.0,0.0,-374.33815422081466,-1105.7615669073787,0.0,0.0,0.0,0.0,0.0,-1105.7615669073787
conduction,cold_surface,1850.0,30.833333,264.8371809120032,270.0,240.0,-373.4468729012414,0.0,0.0,0.0,0.0,0.0,-373.4468729012414,-1107.6288012718849,0.0,0.0,0.0,0.0,0.0,-1107.6288012718849
conduction,cold_surface,1855.0,30.916667,264.77804476697463,270.0,240.0,-372.55771368004787,0.0,0.0,0.0,0.0,0.0,-372.55771368004787,-1109.4915898402853,0.0,0.0,0.0,0.0,0.0,-1109.4915898402853
conduction,cold_surface,1860.0,31.0,264.71904942229133,270.0,240.0,-371.67067150461946,0.0,0.0,0.0,0.0,0.0,-371.67067150461946,-1111.3499431978082,0.0,0.0,0.0,0.0,0.0,-1111.3499431978082
conduction,cold_surface,1865.0,31.083333,264.66019454271446,270.0,240.0,-370.78574133437,0.0,0.0,0.0,0.0,0.0,-370.78574133437,-1113.2038719044801,0.0,0.0,0.0,0.0,0.0,-1113.2038719044801
conduction,cold_surface,1870.0,31.166667,264.60147979380326,270.0,240.0,-369.90291814071696,0.0,0.0,0.0,0.0,0.0,-369.90291814071696,-1115.0533864951838,0.0,0.0,0.0,0.0,0.0,-1115.0533864951838
conduction,cold_surface,1875.0,31.25,264.54290484191324,270.0,240.0,-369.02219690704896,0.0,0.0,0.0,0.0,0.0,-369.02219690704896,-1116.8984974797188,0.0,0.0,0.0,0.0,0.0,-1116.8984974797188
conduction,cold_surface,1880.0,31.333333,264.4844693541944,270.0,240.0,-368.1435726286986,0.0,0.0,0.0,0.0,0.0,-368.1435726286986,-1118.7392153428623,0.0,0.0,0.0,0.0,0.0,-1118.7392153428623
conduction,cold_surface,1885.0,31.416667,264.42617299858915,270.0,240.0,-367.26704031291604,0.0,0.0,0.0,0.0,0.0,-367.26704031291604,-1120.5755505444267,0.0,0.0,0.0,0.0,0.0,-1120.5755505444267
conduction,cold_surface,1890.0,31.5,264.3680154438306,270.0,240.0,-366.3925949788373,0.0,0.0,0.0,0.0,0.0,-366.3925949788373,-1122.407513519321,0.0,0.0,0.0,0.0,0.0,-1122.407513519321
conduction,cold_surface,1895.0,31.583333,264.3099963594405,270.0,240.0,-365.5202316574588,0.0,0.0,0.0,0.0,0.0,-365.5202316574588,-1124.2351146776082,0.0,0.0,0.0,0.0,0.0,-1124.2351146776082
conduction,cold_surface,1900.0,31.666667,264.25211541572753,270.0,240.0,-364.64994539160756,0.0,0.0,0.0,0.0,0.0,-364.64994539160756,-1126.0583644045664,0.0,0.0,0.0,0.0,0.0,-1126.0583644045664
conduction,cold_surface,1905.0,31.75,264.1943722837853,270.0,240.0,-363.78173123591296,0.0,0.0,0.0,0.0,0.0,-363.78173123591296,-1127.8772730607461,0.0,0.0,0.0,0.0,0.0,-1127.8772730607461
conduction,cold_surface,1910.0,31.833333,264.1367666354906,270.0,240.0,-362.9155842567795,0.0,0.0,0.0,0.0,0.0,-362.9155842567795,-1129.69185098203,0.0,0.0,0.0,0.0,0.0,-1129.69185098203
conduction,cold_surface,1915.0,31.916667,264.0792981435013,270.0,240.0,-362.0514995323586,0.0,0.0,0.0,0.0,0.0,-362.0514995323586,-1131.5021084796917,0.0,0.0,0.0,0.0,0.0,-1131.5021084796917
conduction,cold_surface,1920.0,32.0,264.0219664812549,270.0,240.0,-361.1894721525198,0.0,0.0,0.0,0.0,0.0,-361.1894721525198,-1133.3080558404542,0.0,0.0,0.0,0.0,0.0,-1133.3080558404542
conduction,cold_surface,1925.0,32.083333,263.96477132296616,270.0,240.0,-360.3294972188232,0.0,0.0,0.0,0.0,0.0,-360.3294972188232,-1135.1097033265485,0.0,0.0,0.0,0.0,0.0,-1135.1097033265485
conduction,cold_surface,1930.0,32.166667,263.90771234362575,270.0,240.0,-359.47156984449236,0.0,0.0,0.0,0.0,0.0,-359.47156984449236,-1136.9070611757709,0.0,0.0,0.0,0.0,0.0,-1136.9070611757709
conduction,cold_surface,1935.0,32.25,263.85078921899805,270.0,240.0,-358.6156851543862,0.0,0.0,0.0,0.0,0.0,-358.6156851543862,-1138.7001396015428,0.0,0.0,0.0,0.0,0.0,-1138.7001396015428
conduction,cold_surface,1940.0,32.333333,263.7940016256195,270.0,240.0,-357.7618382849707,0.0,0.0,0.0,0.0,0.0,-357.7618382849707,-1140.4889487929677,0.0,0.0,0.0,0.0,0.0,-1140.4889487929677
conduction,cold_surface,1945.0,32.416667,263.7373492407966,270.0,240.0,-356.9100243842925,0.0,0.0,0.0,0.0,0.0,-356.9100243842925,-1142.2734989148892,0.0,0.0,0.0,0.0,0.0,-1142.2734989148892
conduction,cold_surface,1950.0,32.5,263.68083174260425,270.0,240.0,-356.0602386119493,0.0,0.0,0.0,0.0,0.0,-356.0602386119493,-1144.0538001079487,0.0,0.0,0.0,0.0,0.0,-1144.0538001079487
conduction,cold_surface,1955.0,32.583333,263.62444880988375,270.0,240.0,-355.2124761390638,0.0,0.0,0.0,0.0,0.0,-355.2124761390638,-1145.829862488644,0.0,0.0,0.0,0.0,0.0,-1145.829862488644
conduction,cold_surface,1960.0,32.666667,263.56820012224114,270.0,240.0,-354.3667321482562,0.0,0.0,0.0,0.0,0.0,-354.3667321482562,-1147.6016961493854,0.0,0.0,0.0,0.0,0.0,-1147.6016961493854
conduction,cold_surface,1965.0,32.75,263.5120853600453,270.0,240.0,-353.52300183361706,0.0,0.0,0.0,0.0,0.0,-353.52300183361706,-1149.3693111585535,0.0,0.0,0.0,0.0,0.0,-1149.3693111585535
conduction,cold_surface,1970.0,32.833333,263.45610420442614,270.0,240.0,-352.6812804006798,0.0,0.0,0.0,0.0,0.0,-352.6812804006798,-1151.132717560557,0.0,0.0,0.0,0.0,0.0,-1151.132717560557
conduction,cold_surface,1975.0,32.916667,263.40025633727276,270.0,240.0,-351.8415630663921,0.0,0.0,0.0,0.0,0.0,-351.8415630663921,-1152.8919253758888,0.0,0.0,0.0,0.0,0.0,-1152.8919253758888
conduction,cold_surface,1980.0,33.0,263.3445414412316,270.0,240.0,-351.0038450590915,0.0,0.0,0.0,0.0,0.0,-351.0038450590915,-1154.6469446011843,0.0,0.0,0.0,0.0,0.0,-1154.6469446011843
conduction,cold_surface,1985.0,33.083333,263.2889591997049,270.0,240.0,-350.1681216184744,0.0,0.0,0.0,0.0,0.0,-350.1681216184744,-1156.3977852092764,0.0,0.0,0.0,0.0,0.0,-1156.3977852092764
conduction,cold_surface,1990.0,33.166667,263.23350929684847,270.0,240.0,-349.33438799557337,0.0,0.0,0.0,0.0,0.0,-349.33438799557337,-1158.1444571492543,0.0,0.0,0.0,0.0,0.0,-1158.1444571492543
conduction,cold_surface,1995.0,33.25,263.17819141757025,270.0,240.0,-348.502639452727,0.0,0.0,0.0,0.0,0.0,-348.502639452727,-1159.8869703465182,0.0,0.0,0.0,0.0,0.0,-1159.8869703465182
conduction,cold_surface,2000.0,33.333333,263.1230052475284,270.0,240.0,-347.6728712635537,0.0,0.0,0.0,0.0,0.0,-347.6728712635537,-1161.625334702836,0.0,0.0,0.0,0.0,0.0,-1161.625334702836
conduction,cold_surface,2005.0,33.416667,263.06795047312954,270.0,240.0,-346.84507871292595,0.0,0.0,0.0,0.0,0.0,-346.84507871292595,-1163.3595600964006,0.0,0.0,0.0,0.0,0.0,-1163.3595600964006
conduction,cold_surface,2010.0,33.5,263.01302678152683,270.0,240.0,-346.01925709694314,0.0,0.0,0.0,0.0,0.0,-346.01925709694314,-1165.0896563818853,0.0,0.0,0.0,0.0,0.0,-1165.0896563818853
conduction,cold_surface,2015.0,33.583333,262.95823386061846,270.0,240.0,-345.1954017229025,0.0,0.0,0.0,0.0,0.0,-345.1954017229025,-1166.8156333904997,0.0,0.0,0.0,0.0,0.0,-1166.8156333904997
conduction,cold_surface,2020.0,33.666667,262.9035713990456,270.0,240.0,-344.37350790927695,0.0,0.0,0.0,0.0,0.0,-344.37350790927695,-1168.5375009300462,0.0,0.0,0.0,0.0,0.0,-1168.5375009300462
conduction,cold_surface,2025.0,33.75,262.8490390861907,270.0,240.0,-343.5535709856836,0.0,0.0,0.0,0.0,0.0,-343.5535709856836,-1170.2552687849748,0.0,0.0,0.0,0.0,0.0,-1170.2552687849748
conduction,cold_surface,2030.0,33.833333,262.79463661217596,270.0,240.0,-342.7355862928607,0.0,0.0,0.0,0.0,0.0,-342.7355862928607,-1171.968946716439,0.0,0.0,0.0,0.0,0.0,-1171.968946716439
conduction,cold_surface,2035.0,33.916667,262.74036366786123,270.0,240.0,-341.91954918263946,0.0,0.0,0.0,0.0,0.0,-341.91954918263946,-1173.678544462352,0.0,0.0,0.0,0.0,0.0,-1173.678544462352
conduction,cold_surface,2040.0,34.0,262.6862199448425,270.0,240.0,-341.1054550179185,0.0,0.0,0.0,0.0,0.0,-341.1054550179185,-1175.3840717374417,0.0,0.0,0.0,0.0,0.0,-1175.3840717374417
conduction,cold_surface,2045.0,34.083333,262.63220513545,270.0,240.0,-340.2932991726374,0.0,0.0,0.0,0.0,0.0,-340.2932991726374,-1177.0855382333048,0.0,0.0,0.0,0.0,0.0,-1177.0855382333048
conduction,cold_surface,2050.0,34.166667,262.5783189327466,270.0,240.0,-339.4830770317503,0.0,0.0,0.0,0.0,0.0,-339.4830770317503,-1178.7829536184636,0.0,0.0,0.0,0.0,0.0,-1178.7829536184636
conduction,cold_surface,2055.0,34.25,262.5245610305258,270.0,240.0,-338.67478399119875,0.0,0.0,0.0,0.0,0.0,-338.67478399119875,-1180.4763275384196,0.0,0.0,0.0,0.0,0.0,-1180.4763275384196
conduction,cold_surface,2060.0,34.333333,262.4709311233102,270.0,240.0,-337.8684154578866,0.0,0.0,0.0,0.0,0.0,-337.8684154578866,-1182.165669615709,0.0,0.0,0.0,0.0,0.0,-1182.165669615709
conduction,cold_surface,2065.0,34.416667,262.4174289063499,270.0,240.0,-337.0639668496531,0.0,0.0,0.0,0.0,0.0,-337.0639668496531,-1183.850989449957,0.0,0.0,0.0,0.0,0.0,-1183.850989449957
conduction,cold_surface,2070.0,34.5,262.3640540756205,270.0,240.0,-336.2614335952489,0.0,0.0,0.0,0.0,0.0,-336.2614335952489,-1185.5322966179333,0.0,0.0,0.0,0.0,0.0,-1185.5322966179333
conduction,cold_surface,2075.0,34.583333,262.3108063278214,270.0,240.0,-335.46081113430773,0.0,0.0,0.0,0.0,0.0,-335.46081113430773,-1187.2096006736047,0.0,0.0,0.0,0.0,0.0,-1187.2096006736047
conduction,cold_surface,2080.0,34.666667,262.25768536037424,270.0,240.0,-334.66209491732116,0.0,0.0,0.0,0.0,0.0,-334.66209491732116,-1188.8829111481914,0.0,0.0,0.0,0.0,0.0,-1188.8829111481914
conduction,cold_surface,2085.0,34.75,262.20469087142095,270.0,240.0,-333.8652804056136,0.0,0.0,0.0,0.0,0.0,-333.8652804056136,-1190.5522375502196,0.0,0.0,0.0,0.0,0.0,-1190.5522375502196
conduction,cold_surface,2090.0,34.833333,262.15182255982234,270.0,240.0,-333.07036307131426,0.0,0.0,0.0,0.0,0.0,-333.07036307131426,-1192.2175893655763,0.0,0.0,0.0,0.0,0.0,-1192.2175893655763
conduction,cold_surface,2095.0,34.916667,262.0990801251561,270.0,240.0,-332.27733839733503,0.0,0.0,0.0,0.0,0.0,-332.27733839733503,-1193.8789760575628,0.0,0.0,0.0,0.0,0.0,-1193.8789760575628
conduction,cold_surface,2100.0,35.0,262.04646326771524,270.0,240.0,-331.4862018773414,0.0,0.0,0.0,0.0,0.0,-331.4862018773414,-1195.5364070669493,0.0,0.0,0.0,0.0,0.0,-1195.5364070669493
conduction,cold_surface,2105.0,35.083333,261.9939716885064,270.0,240.0,-330.6969490157286,0.0,0.0,0.0,0.0,0.0,-330.6969490157286,-1197.1898918120282,0.0,0.0,0.0,0.0,0.0,-1197.1898918120282
conduction,cold_surface,2110.0,35.166667,261.94160508924807,270.0,240.0,-329.9095753275961,0.0,0.0,0.0,0.0,0.0,-329.9095753275961,-1198.839439688666,0.0,0.0,0.0,0.0,0.0,-1198.839439688666
conduction,cold_surface,2115.0,35.25,261.8893631723689,270.0,240.0,-329.12407633872107,0.0,0.0,0.0,0.0,0.0,-329.12407633872107,-1200.4850600703596,0.0,0.0,0.0,0.0,0.0,-1200.4850600703596
conduction,cold_surface,2120.0,35.333333,261.8372456410061,270.0,240.0,-328.34044758553375,0.0,0.0,0.0,0.0,0.0,-328.34044758553375,-1202.1267623082872,0.0,0.0,0.0,0.0,0.0,-1202.1267623082872
conduction,cold_surface,2125.0,35.416667,261.7852521990037,270.0,240.0,-327.5586846150918,0.0,0.0,0.0,0.0,0.0,-327.5586846150918,-1203.7645557313626,0.0,0.0,0.0,0.0,0.0,-1203.7645557313626
conduction,cold_surface,2130.0,35.5,261.73338255091085,270.0,240.0,-326.7787829850556,0.0,0.0,0.0,0.0,0.0,-326.7787829850556,-1205.3984496462879,0.0,0.0,0.0,0.0,0.0,-1205.3984496462879
conduction,cold_surface,2135.0,35.583333,261.6816364019801,270.0,240.0,-326.0007382636627,0.0,0.0,0.0,0.0,0.0,-326.0007382636627,-1207.0284533376062,0.0,0.0,0.0,0.0,0.0,-1207.0284533376062
conduction,cold_surface,2140.0,35.666667,261.6300134581658,270.0,240.0,-325.2245460297013,0.0,0.0,0.0,0.0,0.0,-325.2245460297013,-1208.6545760677545,0.0,0.0,0.0,0.0,0.0,-1208.6545760677545
conduction,cold_surface,2145.0,35.75,261.5785134261226,270.0,240.0,-324.4502018724873,0.0,0.0,0.0,0.0,0.0,-324.4502018724873,-1210.276827077117,0.0,0.0,0.0,0.0,0.0,-1210.276827077117
conduction,cold_surface,2150.0,35.833333,261.52713601320323,270.0,240.0,-323.67770139183875,0.0,0.0,0.0,0.0,0.0,-323.67770139183875,-1211.8952155840761,0.0,0.0,0.0,0.0,0.0,-1211.8952155840761
conduction,cold_surface,2155.0,35.916667,261.4758809274575,270.0,240.0,-322.9070401980485,0.0,0.0,0.0,0.0,0.0,-322.9070401980485,-1213.5097507850664,0.0,0.0,0.0,0.0,0.0,-1213.5097507850664
conduction,cold_surface,2160.0,36.0,261.42474787763024,270.0,240.0,-322.13821391186286,0.0,0.0,0.0,0.0,0.0,-322.13821391186286,-1215.120441854626,0.0,0.0,0.0,0.0,0.0,-1215.120441854626
conduction,cold_surface,2165.0,36.083333,261.3737365731597,270.0,240.0,-321.3712181644536,0.0,0.0,0.0,0.0,0.0,-321.3712181644536,-1216.7272979454483,0.0,0.0,0.0,0.0,0.0,-1216.7272979454483
conduction,cold_surface,2170.0,36.166667,261.322846724176,270.0,240.0,-320.60604859739556,0.0,0.0,0.0,0.0,0.0,-320.60604859739556,-1218.3303281884353,0.0,0.0,0.0,0.0,0.0,-1218.3303281884353
conduction,cold_surface,2175.0,36.25,261.27207804149936,270.0,240.0,-319.8427008626396,0.0,0.0,0.0,0.0,0.0,-319.8427008626396,-1219.9295416927484,0.0,0.0,0.0,0.0,0.0,-1219.9295416927484
conduction,cold_surface,2180.0,36.333333,261.22143023663864,270.0,240.0,-319.08117062249033,0.0,0.0,0.0,0.0,0.0,-319.08117062249033,-1221.5249475458609,0.0,0.0,0.0,0.0,0.0,-1221.5249475458609
conduction,cold_surface,2185.0,36.416667,261.1709030217895,270.0,240.0,-318.3214535495796,0.0,0.0,0.0,0.0,0.0,-318.3214535495796,-1223.1165548136087,0.0,0.0,0.0,0.0,0.0,-1223.1165548136087
conduction,cold_surface,2190.0,36.5,261.12049610983286,270.0,240.0,-317.5635453268427,0.0,0.0,0.0,0.0,0.0,-317.5635453268427,-1224.704372540243,0.0,0.0,0.0,0.0,0.0,-1224.704372540243
conduction,cold_surface,2195.0,36.583333,261.07020921433326,270.0,240.0,-316.80744164749285,0.0,0.0,0.0,0.0,0.0,-316.80744164749285,-1226.2884097484805,0.0,0.0,0.0,0.0,0.0,-1226.2884097484805
conduction,cold_surface,2200.0,36.666667,261.0200420495372,270.0,240.0,-316.0531382149989,0.0,0.0,0.0,0.0,0.0,-316.0531382149989,-1227.8686754395553,0.0,0.0,0.0,0.0,0.0,-1227.8686754395553
conduction,cold_surface,2205.0,36.75,260.96999433037166,270.0,240.0,-315.30063074305815,0.0,0.0,0.0,0.0,0.0,-315.30063074305815,-1229.4451785932706,0.0,0.0,0.0,0.0,0.0,-1229.4451785932706
conduction,cold_surface,2210.0,36.833333,260.92006577244223,270.0,240.0,-314.54991495557493,0.0,0.0,0.0,0.0,0.0,-314.54991495557493,-1231.0179281680487,0.0,0.0,0.0,0.0,0.0,-1231.0179281680487
conduction,cold_surface,2215.0,36.916667,260.87025609203164,270.0,240.0,-313.8009865866334,0.0,0.0,0.0,0.0,0.0,-313.8009865866334,-1232.586933100982,0.0,0.0,0.0,0.0,0.0,-1232.586933100982
conduction,cold_surface,2220.0,37.0,260.8205650060982,270.0,240.0,-313.0538413804746,0.0,0.0,0.0,0.0,0.0,-313.0538413804746,-1234.1522023078844,0.0,0.0,0.0,0.0,0.0,-1234.1522023078844
conduction,cold_surface,2225.0,37.083333,260.7709922322742,270.0,240.0,-312.3084750914731,0.0,0.0,0.0,0.0,0.0,-312.3084750914731,-1235.713744683342,0.0,0.0,0.0,0.0,0.0,-1235.713744683342
conduction,cold_surface,2230.0,37.166667,260.721537488864,270.0,240.0,-311.5648834841127,0.0,0.0,0.0,0.0,0.0,-311.5648834841127,-1237.2715691007625,0.0,0.0,0.0,0.0,0.0,-1237.2715691007625
conduction,cold_surface,2235.0,37.25,260.67220049484285,270.0,240.0,-310.8230623329598,0.0,0.0,0.0,0.0,0.0,-310.8230623329598,-1238.8256844124273,0.0,0.0,0.0,0.0,0.0,-1238.8256844124273
conduction,cold_surface,2240.0,37.333333,260.6229809698551,270.0,240.0,-310.0830074226428,0.0,0.0,0.0,0.0,0.0,-310.0830074226428,-1240.3760994495406,0.0,0.0,0.0,0.0,0.0,-1240.3760994495406
conduction,cold_surface,2245.0,37.416667,260.57387863421263,270.0,240.0,-309.3447145478268,0.0,0.0,0.0,0.0,0.0,-309.3447145478268,-1241.9228230222795,0.0,0.0,0.0,0.0,0.0,-1241.9228230222795
conduction,cold_surface,2250.0,37.5,260.5248932088931,270.0,240.0,-308.6081795131895,0.0,0.0,0.0,0.0,0.0,-308.6081795131895,-1243.4658639198456,0.0,0.0,0.0,0.0,0.0,-1243.4658639198456
conduction,cold_surface,2255.0,37.583333,260.4760244155386,270.0,240.0,-307.87339813339656,0.0,0.0,0.0,0.0,0.0,-307.87339813339656,-1245.0052309105126,0.0,0.0,0.0,0.0,0.0,-1245.0052309105126
conduction,cold_surface,2260.0,37.666667,260.42727197645394,270.0,240.0,-307.1403662330786,0.0,0.0,0.0,0.0,0.0,-307.1403662330786,-1246.540932741678,0.0,0.0,0.0,0.0,0.0,-1246.540932741678
conduction,cold_surface,2265.0,37.75,260.37863561460523,270.0,240.0,-306.40907964680906,0.0,0.0,0.0,0.0,0.0,-306.40907964680906,-1248.0729781399123,0.0,0.0,0.0,0.0,0.0,-1248.0729781399123
conduction,cold_surface,2270.0,37.833333,260.3301150536181,270.0,240.0,-305.67953421907845,0.0,0.0,0.0,0.0,0.0,-305.67953421907845,-1249.6013758110075,0.0,0.0,0.0,0.0,0.0,-1249.6013758110075
conduction,cold_surface,2275.0,37.916667,260.28171001777616,270.0,240.0,-304.9517258042715,0.0,0.0,0.0,0.0,0.0,-304.9517258042715,-1251.126134440029,0.0,0.0,0.0,0.0,0.0,-1251.126134440029
conduction,cold_surface,2280.0,38.0,260.23342023201957,270.0,240.0,-304.22565026664245,0.0,0.0,0.0,0.0,0.0,-304.22565026664245,-1252.6472626913624,0.0,0.0,0.0,0.0,0.0,-1252.6472626913624
conduction,cold_surface,2285.0,38.083333,260.1852454219433,270.0,240.0,-303.50130348029353,0.0,0.0,0.0,0.0,0.0,-303.50130348029353,-1254.1647692087638,0.0,0.0,0.0,0.0,0.0,-1254.1647692087638
conduction,cold_surface,2290.0,38.166667,260.13718531379584,270.0,240.0,-302.7786813291496,0.0,0.0,0.0,0.0,0.0,-302.7786813291496,-1255.6786626154096,0.0,0.0,0.0,0.0,0.0,-1255.6786626154096
conduction,cold_surface,2295.0,38.25,260.0892396344773,270.0,240.0,-302.0577797069376,0.0,0.0,0.0,0.0,0.0,-302.0577797069376,-1257.1889515139442,0.0,0.0,0.0,0.0,0.0,-1257.1889515139442
conduction,cold_surface,2300.0,38.333333,260.04140811153803,270.0,240.0,-301.3385945171592,0.0,0.0,0.0,0.0,0.0,-301.3385945171592,-1258.69564448653,0.0,0.0,0.0,0.0,0.0,-1258.69564448653
conduction,cold_surface,2305.0,38.416667,259.99369047317725,270.0,240.0,-300.6211216730705,0.0,0.0,0.0,0.0,0.0,-300.6211216730705,-1260.1987500948953,0.0,0.0,0.0,0.0,0.0,-1260.1987500948953
conduction,cold_surface,2310.0,38.5,259.9460864482411,270.0,240.0,-299.9053570976588,0.0,0.0,0.0,0.0,0.0,-299.9053570976588,-1261.6982768803834,0.0,0.0,0.0,0.0,0.0,-1261.6982768803834
conduction,cold_surface,2315.0,38.583333,259.8985957662215,270.0,240.0,-299.19129672361635,0.0,0.0,0.0,0.0,0.0,-299.19129672361635,-1263.1942333640015,0.0,0.0,0.0,0.0,0.0,-1263.1942333640015
conduction,cold_surface,2320.0,38.666667,259.8512181572543,270.0,240.0,-298.47893649332235,0.0,0.0,0.0,0.0,0.0,-298.47893649332235,-1264.686628046468,0.0,0.0,0.0,0.0,0.0,-1264.686628046468
conduction,cold_surface,2325.0,38.75,259.803953352118,270.0,240.0,-297.76827235881484,0.0,0.0,0.0,0.0,0.0,-297.76827235881484,-1266.1754694082622,0.0,0.0,0.0,0.0,0.0,-1266.1754694082622
conduction,cold_surface,2330.0,38.833333,259.756801082232,270.0,240.0,-297.0593002817702,0.0,0.0,0.0,0.0,0.0,-297.0593002817702,-1267.660765909671,0.0,0.0,0.0,0.0,0.0,-1267.660765909671
conduction,cold_surface,2335.0,38.916667,259.70976107965527,270.0,240.0,-296.35201623348024,0.0,0.0,0.0,0.0,0.0,-296.35201623348024,-1269.1425259908385,0.0,0.0,0.0,0.0,0.0,-1269.1425259908385
conduction,cold_surface,2340.0,39.0,259.66283307708466,270.0,240.0,-295.646416194829,0.0,0.0,0.0,0.0,0.0,-295.646416194829,-1270.6207580718126,0.0,0.0,0.0,0.0,0.0,-1270.6207580718126
conduction,cold_surface,2345.0,39.083333,259.6160168078535,270.0,240.0,-294.94249615626984,0.0,0.0,0.0,0.0,0.0,-294.94249615626984,-1272.095470552594,0.0,0.0,0.0,0.0,0.0,-1272.095470552594
conduction,cold_surface,2350.0,39.166667,259.56931200593004,270.0,240.0,-294.24025211780247,0.0,0.0,0.0,0.0,0.0,-294.24025211780247,-1273.566671813183,0.0,0.0,0.0,0.0,0.0,-1273.566671813183
conduction,cold_surface,2355.0,39.25,259.52271840591595,270.0,240.0,-293.53968008895066,0.0,0.0,0.0,0.0,0.0,-293.53968008895066,-1275.0343702136279,0.0,0.0,0.0,0.0,0.0,-1275.0343702136279
conduction,cold_surface,2360.0,39.333333,259.4762357430447,270.0,240.0,-292.8407760887393,0.0,0.0,0.0,0.0,0.0,-292.8407760887393,-1276.4985740940715,0.0,0.0,0.0,0.0,0.0,-1276.4985740940715
conduction,cold_surface,2365.0,39.416667,259.4298637531803,270.0,240.0,-292.14353614567045,0.0,0.0,0.0,0.0,0.0,-292.14353614567045,-1277.9592917747998,0.0,0.0,0.0,0.0,0.0,-1277.9592917747998
conduction,cold_surface,2370.0,39.5,259.3836021728156,270.0,240.0,-291.4479562977047,0.0,0.0,0.0,0.0,0.0,-291.4479562977047,-1279.4165315562882,0.0,0.0,0.0,0.0,0.0,-1279.4165315562882
conduction,cold_surface,2375.0,39.583333,259.3374507390708,270.0,240.0,-290.7540325922338,0.0,0.0,0.0,0.0,0.0,-290.7540325922338,-1280.8703017192495,0.0,0.0,0.0,0.0,0.0,-1280.8703017192495
conduction,cold_surface,2380.0,39.666667,259.29140918969205,270.0,240.0,-290.06176108606184,0.0,0.0,0.0,0.0,0.0,-290.06176108606184,-1282.3206105246798,0.0,0.0,0.0,0.0,0.0,-1282.3206105246798
conduction,cold_surface,2385.0,39.75,259.2454772630499,270.0,240.0,-289.3711378453807,0.0,0.0,0.0,0.0,0.0,-289.3711378453807,-1283.7674662139066,0.0,0.0,0.0,0.0,0.0,-1283.7674662139066
conduction,cold_surface,2390.0,39.833333,259.19965469813786,270.0,240.0,-288.6821589457486,0.0,0.0,0.0,0.0,0.0,-288.6821589457486,-1285.2108770086354,0.0,0.0,0.0,0.0,0.0,-1285.2108770086354
conduction,cold_surface,2395.0,39.916667,259.1539412345709,270.0,240.0,-287.99482047206794,0.0,0.0,0.0,0.0,0.0,-287.99482047206794,-1286.6508511109957,0.0,0.0,0.0,0.0,0.0,-1286.6508511109957
conduction,cold_surface,2400.0,40.0,259.1083366125838,270.0,240.0,-287.3091185185632,0.0,0.0,0.0,0.0,0.0,-287.3091185185632,-1288.0873967035886,0.0,0.0,0.0,0.0,0.0,-1288.0873967035886
conduction,cold_surface,2405.0,40.083333,259.06284057303003,270.0,240.0,-286.625049188757,0.0,0.0,0.0,0.0,0.0,-286.625049188757,-1289.5205219495324,0.0,0.0,0.0,0.0,0.0,-1289.5205219495324
conduction,cold_surface,2410.0,40.166667,259.01745285737996,270.0,240.0,-285.94260859545045,0.0,0.0,0.0,0.0,0.0,-285.94260859545045,-1290.9502349925096,0.0,0.0,0.0,0.0,0.0,-1290.9502349925096
conduction,cold_surface,2415.0,40.25,258.97217320771955,270.0,240.0,-285.2617928606995,0.0,0.0,0.0,0.0,0.0,-285.2617928606995,-1292.376543956813,0.0,0.0,0.0,0.0,0.0,-1292.376543956813
conduction,cold_surface,2420.0,40.333333,258.9270013667488,270.0,240.0,-284.58259811579325,0.0,0.0,0.0,0.0,0.0,-284.58259811579325,-1293.7994569473922,0.0,0.0,0.0,0.0,0.0,-1293.7994569473922
conduction,cold_surface,2425.0,40.416667,258.8819370777804,270.0,240.0,-283.9050205012322,0.0,0.0,0.0,0.0,0.0,-283.9050205012322,-1295.2189820498982,0.0,0.0,0.0,0.0,0.0,-1295.2189820498982
conduction,cold_surface,2430.0,40.5,258.83698008473806,270.0,240.0,-283.2290561667057,0.0,0.0,0.0,0.0,0.0,-283.2290561667057,-1296.6351273307318,0.0,0.0,0.0,0.0,0.0,-1296.6351273307318
conduction,cold_surface,2435.0,40.583333,258.79213013215536,270.0,240.0,-282.5547012710709,0.0,0.0,0.0,0.0,0.0,-282.5547012710709,-1298.0479008370871,0.0,0.0,0.0,0.0,0.0,-1298.0479008370871
conduction,cold_surface,2440.0,40.666667,258.74738696517403,270.0,240.0,-281.88195198233046,0.0,0.0,0.0,0.0,0.0,-281.88195198233046,-1299.4573105969987,0.0,0.0,0.0,0.0,0.0,-1299.4573105969987
conduction,cold_surface,2445.0,40.75,258.70275032954265,270.0,240.0,-281.21080447761045,0.0,0.0,0.0,0.0,0.0,-281.21080447761045,-1300.8633646193869,0.0,0.0,0.0,0.0,0.0,-1300.8633646193869
conduction,cold_surface,2450.0,40.833333,258.65821997161515,270.0,240.0,-280.5412549431398,0.0,0.0,0.0,0.0,0.0,-280.5412549431398,-1302.2660708941025,0.0,0.0,0.0,0.0,0.0,-1302.2660708941025
conduction,cold_surface,2455.0,40.916667,258.6137956383494,270.0,240.0,-279.8732995742273,0.0,0.0,0.0,0.0,0.0,-279.8732995742273,-1303.665437391974,0.0,0.0,0.0,0.0,0.0,-1303.665437391974
conduction,cold_surface,2460.0,41.0,258.56947707730575,270.0,240.0,-279.20693457524123,0.0,0.0,0.0,0.0,0.0,-279.20693457524123,-1305.06147206485,0.0,0.0,0.0,0.0,0.0,-1305.06147206485
conduction,cold_surface,2465.0,41.083333,258.5252640366455,270.0,240.0,-278.5421561595862,0.0,0.0,0.0,0.0,0.0,-278.5421561595862,-1306.454182845648,0.0,0.0,0.0,0.0,0.0,-1306.454182845648
conduction,cold_surface,2470.0,41.166667,258.4811562651297,270.0,240.0,-277.87896054968286,0.0,0.0,0.0,0.0,0.0,-277.87896054968286,-1307.8435776483964,0.0,0.0,0.0,0.0,0.0,-1307.8435776483964
conduction,cold_surface,2475.0,41.25,258.4371535121175,270.0,240.0,-277.2173439769455,0.0,0.0,0.0,0.0,0.0,-277.2173439769455,-1309.2296643682812,0.0,0.0,0.0,0.0,0.0,-1309.2296643682812
conduction,cold_surface,2480.0,41.333333,258.39325552756486,270.0,240.0,-276.55730268176256,0.0,0.0,0.0,0.0,0.0,-276.55730268176256,-1310.61245088169,0.0,0.0,0.0,0.0,0.0,-1310.61245088169
conduction,cold_surface,2485.0,41.416667,258.34946206202306,270.0,240.0,-275.8988329134729,0.0,0.0,0.0,0.0,0.0,-275.8988329134729,-1311.9919450462576,0.0,0.0,0.0,0.0,0.0,-1311.9919450462576
conduction,cold_surface,2490.0,41.5,258.3057728666373,270.0,240.0,-275.241930930346,0.0,0.0,0.0,0.0,0.0,-275.241930930346,-1313.3681547009094,0.0,0.0,0.0,0.0,0.0,-1313.3681547009094
conduction,cold_surface,2495.0,41.583333,258.26218769314534,270.0,240.0,-274.5865929995597,0.0,0.0,0.0,0.0,0.0,-274.5865929995597,-1314.7410876659071,0.0,0.0,0.0,0.0,0.0,-1314.7410876659071
conduction,cold_surface,2500.0,41.666667,258.2187062938759,270.0,240.0,-273.93281539718004,0.0,0.0,0.0,0.0,0.0,-273.93281539718004,-1316.110751742893,0.0,0.0,0.0,0.0,0.0,-1316.110751742893
conduction,cold_surface,2505.0,41.75,258.1753284217476,270.0,240.0,-273.2805944081389,0.0,0.0,0.0,0.0,0.0,-273.2805944081389,-1317.4771547149337,0.0,0.0,0.0,0.0,0.0,-1317.4771547149337
conduction,cold_surface,2510.0,41.833333,258.1320538302673,270.0,240.0,-272.62992632621433,0.0,0.0,0.0,0.0,0.0,-272.62992632621433,-1318.8403043465646,0.0,0.0,0.0,0.0,0.0,-1318.8403043465646
conduction,cold_surface,2515.0,41.916667,258.08888227352855,270.0,240.0,-271.98080745400944,0.0,0.0,0.0,0.0,0.0,-271.98080745400944,-1320.2002083838347,0.0,0.0,0.0,0.0,0.0,-1320.2002083838347
conduction,cold_surface,2520.0,42.0,258.0458135062106,270.0,240.0,-271.3332341029283,0.0,0.0,0.0,0.0,0.0,-271.3332341029283,-1321.5568745543494,0.0,0.0,0.0,0.0,0.0,-1321.5568745543494
conduction,cold_surface,2525.0,42.083333,258.0028472835768,270.0,240.0,-270.6872025931591,0.0,0.0,0.0,0.0,0.0,-270.6872025931591,-1322.9103105673153,0.0,0.0,0.0,0.0,0.0,-1322.9103105673153
conduction,cold_surface,2530.0,42.166667,257.959983361473,270.0,240.0,-270.04270925365176,0.0,0.0,0.0,0.0,0.0,-270.04270925365176,-1324.2605241135834,0.0,0.0,0.0,0.0,0.0,-1324.2605241135834
conduction,cold_surface,2535.0,42.25,257.91722149632665,270.0,240.0,-269.3997504220951,0.0,0.0,0.0,0.0,0.0,-269.3997504220951,-1325.6075228656937,0.0,0.0,0.0,0.0,0.0,-1325.6075228656937
conduction,cold_surface,2540.0,42.333333,257.87456144514493,270.0,240.0,-268.7583224448997,0.0,0.0,0.0,0.0,0.0,-268.7583224448997,-1326.9513144779182,0.0,0.0,0.0,0.0,0.0,-1326.9513144779182
conduction,cold_surface,2545.0,42.416667,257.83200296551365,270.0,240.0,-268.118421677174,0.0,0.0,0.0,0.0,0.0,-268.118421677174,-1328.291906586304,0.0,0.0,0.0,0.0,0.0,-1328.291906586304
conduction,cold_surface,2550.0,42.5,257.7895458155958,270.0,240.0,-267.4800444827048,0.0,0.0,0.0,0.0,0.0,-267.4800444827048,-1329.6293068087175,0.0,0.0,0.0,0.0,0.0,-1329.6293068087175
conduction,cold_surface,2555.0,42.583333,257.7471897541301,270.0,240.0,-266.8431872339366,0.0,0.0,0.0,0.0,0.0,-266.8431872339366,-1330.9635227448873,0.0,0.0,0.0,0.0,0.0,-1330.9635227448873
conduction,cold_surface,2560.0,42.666667,257.7049345404298,270.0,240.0,-266.20784631195136,0.0,0.0,0.0,0.0,0.0,-266.20784631195136,-1332.294561976447,0.0,0.0,0.0,0.0,0.0,-1332.294561976447
conduction,cold_surface,2565.0,42.75,257.66277993438115,270.0,240.0,-265.57401810644706,0.0,0.0,0.0,0.0,0.0,-265.57401810644706,-1333.6224320669794,0.0,0.0,0.0,0.0,0.0,-1333.6224320669794
conduction,cold_surface,2570.0,42.833333,257.62072569644215,270.0,240.0,-264.94169901571723,0.0,0.0,0.0,0.0,0.0,-264.94169901571723,-1334.947140562058,0.0,0.0,0.0,0.0,0.0,-1334.947140562058
conduction,cold_surface,2575.0,42.916667,257.5787715876411,270.0,240.0,-264.31088544663226,0.0,0.0,0.0,0.0,0.0,-264.31088544663226,-1336.268694989291,0.0,0.0,0.0,0.0,0.0,-1336.268694989291
conduction,cold_surface,2580.0,43.0,257.5369173695753,270.0,240.0,-263.6815738146163,0.0,0.0,0.0,0.0,0.0,-263.6815738146163,-1337.587102858364,0.0,0.0,0.0,0.0,0.0,-1337.587102858364
conduction,cold_surface,2585.0,43.083333,257.49516280440963,270.0,240.0,-263.0537605436294,0.0,0.0,0.0,0.0,0.0,-263.0537605436294,-1338.9023716610823,0.0,0.0,0.0,0.0,0.0,-1338.9023716610823
conduction,cold_surface,2590.0,43.166667,257.4535076548753,270.0,240.0,-262.42744206614447,0.0,0.0,0.0,0.0,0.0,-262.42744206614447,-1340.214508871413,0.0,0.0,0.0,0.0,0.0,-1340.214508871413
conduction,cold_surface,2595.0,43.25,257.41195168426844,270.0,240.0,-261.80261482312943,0.0,0.0,0.0,0.0,0.0,-261.80261482312943,-1341.5235219455287,0.0,0.0,0.0,0.0,0.0,-1341.5235219455287
conduction,cold_surface,2600.0,43.333333,257.3704946564488,270.0,240.0,-261.17927526402667,0.0,0.0,0.0,0.0,0.0,-261.17927526402667,-1342.8294183218488,0.0,0.0,0.0,0.0,0.0,-1342.8294183218488
conduction,cold_surface,2605.0,43.416667,257.3291363358382,270.0,240.0,-260.55741984673176,0.0,0.0,0.0,0.0,0.0,-260.55741984673176,-1344.1322054210825,0.0,0.0,0.0,0.0,0.0,-1344.1322054210825
conduction,cold_surface,2610.0,43.5,257.2878764874195,270.0,240.0,-259.937045037573,0.0,0.0,0.0,0.0,0.0,-259.937045037573,-1345.4318906462702,0.0,0.0,0.0,0.0,0.0,-1345.4318906462702
conduction,cold_surface,2615.0,43.583333,257.24671487673515,270.0,240.0,-259.31814731129265,0.0,0.0,0.0,0.0,0.0,-259.31814731129265,-1346.7284813828269,0.0,0.0,0.0,0.0,0.0,-1346.7284813828269
conduction,cold_surface,2620.0,43.666667,257.2056512698858,270.0,240.0,-258.7007231510273,0.0,0.0,0.0,0.0,0.0,-258.7007231510273,-1348.021984998582,0.0,0.0,0.0,0.0,0.0,-1348.021984998582
conduction,cold_surface,2625.0,43.75,257.1646854335289,270.0,240.0,-258.08476904828666,0.0,0.0,0.0,0.0,0.0,-258.08476904828666,-1349.3124088438235,0.0,0.0,0.0,0.0,0.0,-1349.3124088438235
conduction,cold_surface,2630.0,43.833333,257.12381713487764,270.0,240.0,-257.47028150293374,0.0,0.0,0.0,0.0,0.0,-257.47028150293374,-1350.5997602513382,0.0,0.0,0.0,0.0,0.0,-1350.5997602513382
conduction,cold_surface,2635.0,43.916667,257.08304614169936,270.0,240.0,-256.8572570231646,0.0,0.0,0.0,0.0,0.0,-256.8572570231646,-1351.884046536454,0.0,0.0,0.0,0.0,0.0,-1351.884046536454
conduction,cold_surface,2640.0,44.0,257.0423722223144,270.0,240.0,-256.24569212549034,0.0,0.0,0.0,0.0,0.0,-256.24569212549034,-1353.1652749970813,0.0,0.0,0.0,0.0,0.0,-1353.1652749970813
conduction,cold_surface,2645.0,44.083333,257.0017951455946,270.0,240.0,-255.63558333471576,0.0,0.0,0.0,0.0,0.0,-255.63558333471576,-1354.4434529137548,0.0,0.0,0.0,0.0,0.0,-1354.4434529137548
conduction,cold_surface,2650.0,44.166667,256.96131468096223,270.0,240.0,-255.02692718391899,0.0,0.0,0.0,0.0,0.0,-255.02692718391899,-1355.7185875496746,0.0,0.0,0.0,0.0,0.0,-1355.7185875496746
conduction,cold_surface,2655.0,44.25,256.9209305983885,270.0,240.0,-254.41972021443348,0.0,0.0,0.0,0.0,0.0,-254.41972021443348,-1356.9906861507466,0.0,0.0,0.0,0.0,0.0,-1356.9906861507466
conduction,cold_surface,2660.0,44.333333,256.88064266839234,270.0,240.0,-253.81395897582763,0.0,0.0,0.0,0.0,0.0,-253.81395897582763,-1358.2597559456258,0.0,0.0,0.0,0.0,0.0,-1358.2597559456258
conduction,cold_surface,2665.0,44.416667,256.840450662039,270.0,240.0,-253.2096400258851,0.0,0.0,0.0,0.0,0.0,-253.2096400258851,-1359.5258041457553,0.0,0.0,0.0,0.0,0.0,-1359.5258041457553
conduction,cold_surface,2670.0,44.5,256.8003543509389,270.0,240.0,-252.60675993058527,0.0,0.0,0.0,0.0,0.0,-252.60675993058527,-1360.7888379454082,0.0,0.0,0.0,0.0,0.0,-1360.7888379454082
conduction,cold_surface,2675.0,44.583333,256.7603535072462,270.0,240.0,-252.00531526408355,0.0,0.0,0.0,0.0,0.0,-252.00531526408355,-1362.0488645217285,0.0,0.0,0.0,0.0,0.0,-1362.0488645217285
conduction,cold_surface,2680.0,44.666667,256.7204479036575,270.0,240.0,-251.4053026086927,0.0,0.0,0.0,0.0,0.0,-251.4053026086927,-1363.3058910347722,0.0,0.0,0.0,0.0,0.0,-1363.3058910347722
conduction,cold_surface,2685.0,44.75,256.68063731341067,270.0,240.0,-250.8067185548623,0.0,0.0,0.0,0.0,0.0,-250.8067185548623,-1364.5599246275465,0.0,0.0,0.0,0.0,0.0,-1364.5599246275465
conduction,cold_surface,2690.0,44.833333,256.6409215102835,270.0,240.0,-250.20955970116006,0.0,0.0,0.0,0.0,0.0,-250.20955970116006,-1365.810972426052,0.0,0.0,0.0,0.0,0.0,-1365.810972426052
conduction,cold_surface,2695.0,44.916667,256.6013002685923,270.0,240.0,-249.61382265425215,0.0,0.0,0.0,0.0,0.0,-249.61382265425215,-1367.0590415393235,0.0,0.0,0.0,0.0,0.0,-1367.0590415393235
conduction,cold_surface,2700.0,45.0,256.56177336319087,270.0,240.0,-249.01950402888446,0.0,0.0,0.0,0.0,0.0,-249.01950402888446,-1368.3041390594678,0.0,0.0,0.0,0.0,0.0,-1368.3041390594678
conduction,cold_surface,2705.0,45.083333,256.522340569469,270.0,240.0,-248.426600447863,0.0,0.0,0.0,0.0,0.0,-248.426600447863,-1369.5462720617072,0.0,0.0,0.0,0.0,0.0,-1369.5462720617072
conduction,cold_surface,2710.0,45.166667,256.4830016633512,270.0,240.0,-247.83510854203513,0.0,0.0,0.0,0.0,0.0,-247.83510854203513,-1370.7854476044174,0.0,0.0,0.0,0.0,0.0,-1370.7854476044174
conduction,cold_surface,2715.0,45.25,256.44375642129563,270.0,240.0,-247.24502495026826,0.0,0.0,0.0,0.0,0.0,-247.24502495026826,-1372.0216727291688,0.0,0.0,0.0,0.0,0.0,-1372.0216727291688
conduction,cold_surface,2720.0,45.333333,256.40460462029256,270.0,240.0,-246.65634631943448,0.0,0.0,0.0,0.0,0.0,-246.65634631943448,-1373.254954460766,0.0,0.0,0.0,0.0,0.0,-1373.254954460766
conduction,cold_surface,2725.0,45.416667,256.3655460378633,270.0,240.0,-246.0690693043884,0.0,0.0,0.0,0.0,0.0,-246.0690693043884,-1374.485299807288,0.0,0.0,0.0,0.0,0.0,-1374.485299807288
conduction,cold_surface,2730.0,45.5,256.32658045205886,270.0,240.0,-245.48319056794924,0.0,0.0,0.0,0.0,0.0,-245.48319056794924,-1375.7127157601276,0.0,0.0,0.0,0.0,0.0,-1375.7127157601276
conduction,cold_surface,2735.0,45.583333,256.2877076414587,270.0,240.0,-244.89870678088295,0.0,0.0,0.0,0.0,0.0,-244.89870678088295,-1376.937209294032,0.0,0.0,0.0,0.0,0.0,-1376.937209294032
conduction,cold_surface,2740.0,45.666667,256.2489273851695,270.0,240.0,-244.31561462188085,0.0,0.0,0.0,0.0,0.0,-244.31561462188085,-1378.1587873671415,0.0,0.0,0.0,0.0,0.0,-1378.1587873671415
conduction,cold_surface,2745.0,45.75,256.2102394628239,270.0,240.0,-243.73391077754263,0.0,0.0,0.0,0.0,0.0,-243.73391077754263,-1379.3774569210293,0.0,0.0,0.0,0.0,0.0,-1379.3774569210293
conduction,cold_surface,2750.0,45.833333,256.1716436545791,270.0,240.0,-243.1535919423584,0.0,0.0,0.0,0.0,0.0,-243.1535919423584,-1380.5932248807412,0.0,0.0,0.0,0.0,0.0,-1380.5932248807412
conduction,cold_surface,2755.0,45.916667,256.1331397411158,270.0,240.0,-242.5746548186865,0.0,0.0,0.0,0.0,0.0,-242.5746548186865,-1381.8060981548347,0.0,0.0,0.0,0.0,0.0,-1381.8060981548347
conduction,cold_surface,2760.0,46.0,256.094727503637,270.0,240.0,-241.9970961167374,0.0,0.0,0.0,0.0,0.0,-241.9970961167374,-1383.0160836354185,0.0,0.0,0.0,0.0,0.0,-1383.0160836354185
conduction,cold_surface,2765.0,46.083333,256.0564067238664,270.0,240.0,-241.42091255455483,0.0,0.0,0.0,0.0,0.0,-241.42091255455483,-1384.223188198191,0.0,0.0,0.0,0.0,0.0,-1384.223188198191
conduction,cold_surface,2770.0,46.166667,256.0181771840477,270.0,240.0,-240.84610085799625,0.0,0.0,0.0,0.0,0.0,-240.84610085799625,-1385.4274187024812,0.0,0.0,0.0,0.0,0.0,-1385.4274187024812
conduction,cold_surface,2775.0,46.25,255.98003866694285,270.0,240.0,-240.27265776071573,0.0,0.0,0.0,0.0,0.0,-240.27265776071573,-1386.6287819912845,0.0,0.0,0.0,0.0,0.0,-1386.6287819912845
conduction,cold_surface,2780.0,46.333333,255.94199095583107,270.0,240.0,-239.7005800041427,0.0,0.0,0.0,0.0,0.0,-239.7005800041427,-1387.8272848913052,0.0,0.0,0.0,0.0,0.0,-1387.8272848913052
conduction,cold_surface,2785.0,46.416667,255.90403383450766,270.0,240.0,-239.1298643374661,0.0,0.0,0.0,0.0,0.0,-239.1298643374661,-1389.0229342129926,0.0,0.0,0.0,0.0,0.0,-1389.0229342129926
conduction,cold_surface,2790.0,46.5,255.86616708728263,270.0,240.0,-238.56050751761487,0.0,0.0,0.0,0.0,0.0,-238.56050751761487,-1390.2157367505808,0.0,0.0,0.0,0.0,0.0,-1390.2157367505808
conduction,cold_surface,2795.0,46.583333,255.8283904989796,270.0,240.0,-237.9925063092395,0.0,0.0,0.0,0.0,0.0,-237.9925063092395,-1391.405699282127,0.0,0.0,0.0,0.0,0.0,-1391.405699282127
conduction,cold_surface,2800.0,46.666667,255.7907038549344,270.0,240.0,-237.4258574846938,0.0,0.0,0.0,0.0,0.0,-237.4258574846938,-1392.5928285695504,0.0,0.0,0.0,0.0,0.0,-1392.5928285695504
conduction,cold_surface,2805.0,46.75,255.7531069409941,270.0,240.0,-236.8605578240161,0.0,0.0,0.0,0.0,0.0,-236.8605578240161,-1393.7771313586704,0.0,0.0,0.0,0.0,0.0,-1393.7771313586704
conduction,cold_surface,2810.0,46.833333,255.71559954351554,270.0,240.0,-236.2966041149113,0.0,0.0,0.0,0.0,0.0,-236.2966041149113,-1394.958614379245,0.0,0.0,0.0,0.0,0.0,-1394.958614379245
conduction,cold_surface,2815.0,46.916667,255.6781814493643,270.0,240.0,-235.73399315273306,0.0,0.0,0.0,0.0,0.0,-235.73399315273306,-1396.1372843450088,0.0,0.0,0.0,0.0,0.0,-1396.1372843450088
conduction,cold_surface,2820.0,47.0,255.64085244591342,270.0,240.0,-235.17272174046454,0.0,0.0,0.0,0.0,0.0,-235.17272174046454,-1397.313147953711,0.0,0.0,0.0,0.0,0.0,-1397.313147953711
conduction,cold_surface,2825.0,47.083333,255.6036123210422,270.0,240.0,-234.61278668870136,0.0,0.0,0.0,0.0,0.0,-234.61278668870136,-1398.4862118871545,0.0,0.0,0.0,0.0,0.0,-1398.4862118871545
conduction,cold_surface,2830.0,47.166667,255.56646086313495,270.0,240.0,-234.05418481563288,0.0,0.0,0.0,0.0,0.0,-234.05418481563288,-1399.6564828112325,0.0,0.0,0.0,0.0,0.0,-1399.6564828112325
conduction,cold_surface,2835.0,47.25,255.52939786107987,270.0,240.0,-233.49691294702424,0.0,0.0,0.0,0.0,0.0,-233.49691294702424,-1400.8239673759676,0.0,0.0,0.0,0.0,0.0,-1400.8239673759676
conduction,cold_surface,2840.0,47.333333,255.49242310426777,270.0,240.0,-232.94096791619808,0.0,0.0,0.0,0.0,0.0,-232.94096791619808,-1401.9886722155486,0.0,0.0,0.0,0.0,0.0,-1401.9886722155486
conduction,cold_surface,2845.0,47.416667,255.45553638259094,270.0,240.0,-232.38634656401658,0.0,0.0,0.0,0.0,0.0,-232.38634656401658,-1403.1506039483686,0.0,0.0,0.0,0.0,0.0,-1403.1506039483686
conduction,cold_surface,2850.0,47.5,255.4187374864419,270.0,240.0,-231.83304573886403,0.0,0.0,0.0,0.0,0.0,-231.83304573886403,-1404.309769177063,0.0,0.0,0.0,0.0,0.0,-1404.309769177063
conduction,cold_surface,2855.0,47.583333,255.38202620671228,270.0,240.0,-231.28106229662848,0.0,0.0,0.0,0.0,0.0,-231.28106229662848,-1405.4661744885461,0.0,0.0,0.0,0.0,0.0,-1405.4661744885461
conduction,cold_surface,2860.0,47.666667,255.34540233479154,270.0,240.0,-230.73039310068424,0.0,0.0,0.0,0.0,0.0,-230.73039310068424,-1406.6198264540494,0.0,0.0,0.0,0.0,0.0,-1406.6198264540494
conduction,cold_surface,2865.0,47.75,255.30886566256584,270.0,240.0,-230.18103502187316,0.0,0.0,0.0,0.0,0.0,-230.18103502187316,-1407.770731629159,0.0,0.0,0.0,0.0,0.0,-1407.770731629159
conduction,cold_surface,2870.0,47.833333,255.27241598241687,270.0,240.0,-229.63298493848754,0.0,0.0,0.0,0.0,0.0,-229.63298493848754,-1408.9188965538513,0.0,0.0,0.0,0.0,0.0,-1408.9188965538513
conduction,cold_surface,2875.0,47.916667,255.23605308722065,270.0,240.0,-229.0862397362531,0.0,0.0,0.0,0.0,0.0,-229.0862397362531,-1410.0643277525323,0.0,0.0,0.0,0.0,0.0,-1410.0643277525323
conduction,cold_surface,2880.0,48.0,255.19977677034632,270.0,240.0,-228.5407963083098,0.0,0.0,0.0,0.0,0.0,-228.5407963083098,-1411.207031734074,0.0,0.0,0.0,0.0,0.0,-1411.207031734074
conduction,cold_surface,2885.0,48.083333,255.16358682565502,270.0,240.0,-227.99665155519477,0.0,0.0,0.0,0.0,0.0,-227.99665155519477,-1412.3470149918498,0.0,0.0,0.0,0.0,0.0,-1412.3470149918498
conduction,cold_surface,2890.0,48.166667,255.12748304749869,270.0,240.0,-227.45380238482525,0.0,0.0,0.0,0.0,0.0,-227.45380238482525,-1413.4842840037738,0.0,0.0,0.0,0.0,0.0,-1413.4842840037738
conduction,cold_surface,2895.0,48.25,255.09146523071894,270.0,240.0,-226.91224571248028,0.0,0.0,0.0,0.0,0.0,-226.91224571248028,-1414.6188452323363,0.0,0.0,0.0,0.0,0.0,-1414.6188452323363
conduction,cold_surface,2900.0,48.333333,255.0555331706458,270.0,240.0,-226.37197846078408,0.0,0.0,0.0,0.0,0.0,-226.37197846078408,-1415.75070512464,0.0,0.0,0.0,0.0,0.0,-1415.75070512464
conduction,cold_surface,2905.0,48.416667,255.01968666309662,270.0,240.0,-225.83299755968682,0.0,0.0,0.0,0.0,0.0,-225.83299755968682,-1416.8798701124388,0.0,0.0,0.0,0.0,0.0,-1416.8798701124388
conduction,cold_surface,2910.0,48.5,254.98392550437495,270.0,240.0,-225.29529994644932,0.0,0.0,0.0,0.0,0.0,-225.29529994644932,-1418.006346612171,0.0,0.0,0.0,0.0,0.0,-1418.006346612171
conduction,cold_surface,2915.0,48.583333,254.9482494912693,270.0,240.0,-224.75888256562428,0.0,0.0,0.0,0.0,0.0,-224.75888256562428,-1419.1301410249991,0.0,0.0,0.0,0.0,0.0,-1419.1301410249991
conduction,cold_surface,2920.0,48.666667,254.912658421052,270.0,240.0,-224.22374236903963,0.0,0.0,0.0,0.0,0.0,-224.22374236903963,-1420.2512597368443,0.0,0.0,0.0,0.0,0.0,-1420.2512597368443
conduction,cold_surface,2925.0,48.75,254.87715209147805,270.0,240.0,-223.6898763157798,0.0,0.0,0.0,0.0,0.0,-223.6898763157798,-1421.3697091184233,0.0,0.0,0.0,0.0,0.0,-1421.3697091184233
conduction,cold_surface,2930.0,48.833333,254.84173030078406,270.0,240.0,-223.1572813721708,0.0,0.0,0.0,0.0,0.0,-223.1572813721708,-1422.4854955252843,0.0,0.0,0.0,0.0,0.0,-1422.4854955252843
conduction,cold_surface,2935.0,48.916667,254.80639284768696,270.0,240.0,-222.62595451176097,0.0,0.0,0.0,0.0,0.0,-222.62595451176097,-1423.598625297843,0.0,0.0,0.0,0.0,0.0,-1423.598625297843
conduction,cold_surface,2940.0,49.0,254.77113953138294,270.0,240.0,-222.09589271530447,0.0,0.0,0.0,0.0,0.0,-222.09589271530447,-1424.7091047614197,0.0,0.0,0.0,0.0,0.0,-1424.7091047614197
conduction,cold_surface,2945.0,49.083333,254.73597015154633,270.0,240.0,-221.56709297074414,0.0,0.0,0.0,0.0,0.0,-221.56709297074414,-1425.8169402262733,0.0,0.0,0.0,0.0,0.0,-1425.8169402262733
conduction,cold_surface,2950.0,49.166667,254.70088450832836,270.0,240.0,-221.0395522731949,0.0,0.0,0.0,0.0,0.0,-221.0395522731949,-1426.9221379876392,0.0,0.0,0.0,0.0,0.0,-1426.9221379876392
conduction,cold_surface,2955.0,49.25,254.66588240235615,270.0,240.0,-220.51326762492536,0.0,0.0,0.0,0.0,0.0,-220.51326762492536,-1428.0247043257639,0.0,0.0,0.0,0.0,0.0,-1428.0247043257639
conduction,cold_surface,2960.0,49.333333,254.6309636347315,270.0,240.0,-219.9882360353422,0.0,0.0,0.0,0.0,0.0,-219.9882360353422,-1429.1246455059409,0.0,0.0,0.0,0.0,0.0,-1429.1246455059409
conduction,cold_surface,2965.0,49.416667,254.59612800702976,270.0,240.0,-219.4644545209725,0.0,0.0,0.0,0.0,0.0,-219.4644545209725,-1430.2219677785456,0.0,0.0,0.0,0.0,0.0,-1430.2219677785456
conduction,cold_surface,2970.0,49.5,254.56137532129873,270.0,240.0,-218.94192010544643,0.0,0.0,0.0,0.0,0.0,-218.94192010544643,-1431.3166773790729,0.0,0.0,0.0,0.0,0.0,-1431.3166773790729
conduction,cold_surface,2975.0,49.583333,254.52670538005754,270.0,240.0,-218.4206298194809,0.0,0.0,0.0,0.0,0.0,-218.4206298194809,-1432.4087805281704,0.0,0.0,0.0,0.0,0.0,-1432.4087805281704
conduction,cold_surface,2980.0,49.666667,254.49211798629548,270.0,240.0,-217.90058070086303,0.0,0.0,0.0,0.0,0.0,-217.90058070086303,-1433.4982834316745,0.0,0.0,0.0,0.0,0.0,-1433.4982834316745
conduction,cold_surface,2985.0,49.75,254.45761294347096,270.0,240.0,-217.38176979443224,0.0,0.0,0.0,0.0,0.0,-217.38176979443224,-1434.5851922806467,0.0,0.0,0.0,0.0,0.0,-1434.5851922806467
conduction,cold_surface,2990.0,49.833333,254.4231900555103,270.0,240.0,-216.86419415206444,0.0,0.0,0.0,0.0,0.0,-216.86419415206444,-1435.6695132514071,0.0,0.0,0.0,0.0,0.0,-1435.6695132514071
conduction,cold_surface,2995.0,49.916667,254.38884912680672,270.0,240.0,-216.34785083265456,0.0,0.0,0.0,0.0,0.0,-216.34785083265456,-1436.7512525055704,0.0,0.0,0.0,0.0,0.0,-1436.7512525055704
conduction,cold_surface,3000.0,50.0,254.35458996221908,270.0,240.0,-215.83273690210078,0.0,0.0,0.0,0.0,0.0,-215.83273690210078,-1437.8304161900808,0.0,0.0,0.0,0.0,0.0,-1437.8304161900808
conduction,cold_surface,3005.0,50.083333,254.32041236707093,270.0,240.0,-215.3188494332862,0.0,0.0,0.0,0.0,0.0,-215.3188494332862,-1438.9070104372474,0.0,0.0,0.0,0.0,0.0,-1438.9070104372474
conduction,cold_surface,3010.0,50.166667,254.28631614714934,270.0,240.0,-214.80618550606394,0.0,0.0,0.0,0.0,0.0,-214.80618550606394,-1439.9810413647776,0.0,0.0,0.0,0.0,0.0,-1439.9810413647776
conduction,cold_surface,3015.0,50.25,254.25230110870373,270.0,240.0,-214.29474220724003,0.0,0.0,0.0,0.0,0.0,-214.29474220724003,-1441.0525150758137,0.0,0.0,0.0,0.0,0.0,-1441.0525150758137
conduction,cold_surface,3020.0,50.333333,254.21836705844493,270.0,240.0,-213.784516630556,0.0,0.0,0.0,0.0,0.0,-213.784516630556,-1442.1214376589664,0.0,0.0,0.0,0.0,0.0,-1442.1214376589664
conduction,cold_surface,3025.0,50.416667,254.18451380354387,270.0,240.0,-213.2755058766739,0.0,0.0,0.0,0.0,0.0,-213.2755058766739,-1443.18781518835,0.0,0.0,0.0,0.0,0.0,-1443.18781518835
conduction,cold_surface,3030.0,50.5,254.15074115163065,270.0,240.0,-212.76770705315798,0.0,0.0,0.0,0.0,0.0,-212.76770705315798,-1444.2516537236156,0.0,0.0,0.0,0.0,0.0,-1444.2516537236156
conduction,cold_surface,3035.0,50.583333,254.11704891079344,270.0,240.0,-212.26111727445982,0.0,0.0,0.0,0.0,0.0,-212.26111727445982,-1445.312959309988,0.0,0.0,0.0,0.0,0.0,-1445.312959309988
conduction,cold_surface,3040.0,50.666667,254.08343688957726,270.0,240.0,-211.75573366190164,0.0,0.0,0.0,0.0,0.0,-211.75573366190164,-1446.3717379782975,0.0,0.0,0.0,0.0,0.0,-1446.3717379782975
conduction,cold_surface,3045.0,50.75,254.04990489698304,270.0,240.0,-211.25155334365886,0.0,0.0,0.0,0.0,0.0,-211.25155334365886,-1447.4279957450158,0.0,0.0,0.0,0.0,0.0,-1447.4279957450158
conduction,cold_surface,3050.0,50.833333,254.0164527424664,270.0,240.0,-210.74857345474555,0.0,0.0,0.0,0.0,0.0,-210.74857345474555,-1448.4817386122895,0.0,0.0,0.0,0.0,0.0,-1448.4817386122895
conduction,cold_surface,3055.0,50.916667,253.98308023593674,270.0,240.0,-210.2467911369962,0.0,0.0,0.0,0.0,0.0,-210.2467911369962,-1449.5329725679746,0.0,0.0,0.0,0.0,0.0,-1449.5329725679746
conduction,cold_surface,3060.0,51.0,253.94978718775593,270.0,240.0,-209.7462035390511,0.0,0.0,0.0,0.0,0.0,-209.7462035390511,-1450.5817035856699,0.0,0.0,0.0,0.0,0.0,-1450.5817035856699
conduction,cold_surface,3065.0,51.083333,253.91657340873746,270.0,240.0,-209.24680781633896,0.0,0.0,0.0,0.0,0.0,-209.24680781633896,-1451.6279376247517,0.0,0.0,0.0,0.0,0.0,-1451.6279376247517
conduction,cold_surface,3070.0,51.166667,253.88343871014524,270.0,240.0,-208.74860113106195,0.0,0.0,0.0,0.0,0.0,-208.74860113106195,-1452.6716806304069,0.0,0.0,0.0,0.0,0.0,-1452.6716806304069
conduction,cold_surface,3075.0,51.25,253.85038290369252,270.0,240.0,-208.25158065217863,0.0,0.0,0.0,0.0,0.0,-208.25158065217863,-1453.7129385336677,0.0,0.0,0.0,0.0,0.0,-1453.7129385336677
conduction,cold_surface,3080.0,51.333333,253.81740580154087,270.0,240.0,-207.7557435553878,0.0,0.0,0.0,0.0,0.0,-207.7557435553878,-1454.7517172514447,0.0,0.0,0.0,0.0,0.0,-1454.7517172514447
conduction,cold_surface,3085.0,51.416667,253.78450721629912,270.0,240.0,-207.26108702311308,0.0,0.0,0.0,0.0,0.0,-207.26108702311308,-1455.7880226865602,0.0,0.0,0.0,0.0,0.0,-1455.7880226865602
conduction,cold_surface,3090.0,51.5,253.75168696102222,270.0,240.0,-206.76760824448678,0.0,0.0,0.0,0.0,0.0,-206.76760824448678,-1456.8218607277827,0.0,0.0,0.0,0.0,0.0,-1456.8218607277827
conduction,cold_surface,3095.0,51.583333,253.71894484921026,270.0,240.0,-206.27530441533324,0.0,0.0,0.0,0.0,0.0,-206.27530441533324,-1457.8532372498594,0.0,0.0,0.0,0.0,0.0,-1457.8532372498594
conduction,cold_surface,3100.0,51.666667,253.68628069480738,270.0,240.0,-205.7841727381539,0.0,0.0,0.0,0.0,0.0,-205.7841727381539,-1458.88215811355,0.0,0.0,0.0,0.0,0.0,-1458.88215811355
conduction,cold_surface,3105.0,51.75,253.65369431220068,270.0,240.0,-205.2942104221107,0.0,0.0,0.0,0.0,0.0,-205.2942104221107,-1459.9086291656608,0.0,0.0,0.0,0.0,0.0,-1459.9086291656608
conduction,cold_surface,3110.0,51.833333,253.62118551621924,270.0,240.0,-204.80541468301027,0.0,0.0,0.0,0.0,0.0,-204.80541468301027,-1460.9326562390759,0.0,0.0,0.0,0.0,0.0,-1460.9326562390759
conduction,cold_surface,3115.0,51.916667,253.588754122133,270.0,240.0,-204.31778274328863,0.0,0.0,0.0,0.0,0.0,-204.31778274328863,-1461.9542451527923,0.0,0.0,0.0,0.0,0.0,-1461.9542451527923
conduction,cold_surface,3120.0,52.0,253.55639994565172,270.0,240.0,-203.83131183199495,0.0,0.0,0.0,0.0,0.0,-203.83131183199495,-1462.9734017119522,0.0,0.0,0.0,0.0,0.0,-1462.9734017119522
conduction,cold_surface,3125.0,52.083333,253.52412280292398,270.0,240.0,-203.3459991847758,0.0,0.0,0.0,0.0,0.0,-203.3459991847758,-1463.990131707876,0.0,0.0,0.0,0.0,0.0,-1463.990131707876
conduction,cold_surface,3130.0,52.166667,253.49192251053606,270.0,240.0,-202.86184204385975,0.0,0.0,0.0,0.0,0.0,-202.86184204385975,-1465.0044409180953,0.0,0.0,0.0,0.0,0.0,-1465.0044409180953
conduction,cold_surface,3135.0,52.25,253.45979888551096,270.0,240.0,-202.37883765804085,0.0,0.0,0.0,0.0,0.0,-202.37883765804085,-1466.0163351063854,0.0,0.0,0.0,0.0,0.0,-1466.0163351063854
conduction,cold_surface,3140.0,52.333333,253.42775174530738,270.0,240.0,-201.89698328266445,0.0,0.0,0.0,0.0,0.0,-201.89698328266445,-1467.0258200227988,0.0,0.0,0.0,0.0,0.0,-1467.0258200227988
conduction,cold_surface,3145.0,52.416667,253.39578090781856,270.0,240.0,-201.41627617961063,0.0,0.0,0.0,0.0,0.0,-201.41627617961063,-1468.032901403697,0.0,0.0,0.0,0.0,0.0,-1468.032901403697
conduction,cold_surface,3150.0,52.5,253.36388619137136,270.0,240.0,-200.93671361727843,0.0,0.0,0.0,0.0,0.0,-200.93671361727843,-1469.0375849717834,0.0,0.0,0.0,0.0,0.0,-1469.0375849717834
conduction,cold_surface,3155.0,52.583333,253.33206741472523,270.0,240.0,-200.45829287057046,0.0,0.0,0.0,0.0,0.0,-200.45829287057046,-1470.0398764361362,0.0,0.0,0.0,0.0,0.0,-1470.0398764361362
conduction,cold_surface,3160.0,52.666667,253.30032439707114,270.0,240.0,-199.98101122087846,0.0,0.0,0.0,0.0,0.0,-199.98101122087846,-1471.0397814922405,0.0,0.0,0.0,0.0,0.0,-1471.0397814922405
conduction,cold_surface,3165.0,52.75,253.2686569580305,270.0,240.0,-199.50486595606705,0.0,0.0,0.0,0.0,0.0,-199.50486595606705,-1472.037305822021,0.0,0.0,0.0,0.0,0.0,-1472.037305822021
conduction,cold_surface,3170.0,52.833333,253.23706491765424,270.0,240.0,-199.02985437045757,0.0,0.0,0.0,0.0,0.0,-199.02985437045757,-1473.0324550938733,0.0,0.0,0.0,0.0,0.0,-1473.0324550938733
conduction,cold_surface,3175.0,52.916667,253.20554809642172,270.0,240.0,-198.55597376481356,0.0,0.0,0.0,0.0,0.0,-198.55597376481356,-1474.0252349626974,0.0,0.0,0.0,0.0,0.0,-1474.0252349626974
conduction,cold_surface,3180.0,53.0,253.17410631523975,270.0,240.0,-198.08322144632584,0.0,0.0,0.0,0.0,0.0,-198.08322144632584,-1475.015651069929,0.0,0.0,0.0,0.0,0.0,-1475.015651069929
conduction,cold_surface,3185.0,53.083333,253.14273939544157,270.0,240.0,-197.61159472859632,0.0,0.0,0.0,0.0,0.0,-197.61159472859632,-1476.003709043572,0.0,0.0,0.0,0.0,0.0,-1476.003709043572
conduction,cold_surface,3190.0,53.166667,253.11144715878575,270.0,240.0,-197.1410909316235,0.0,0.0,0.0,0.0,0.0,-197.1410909316235,-1476.98941449823,0.0,0.0,0.0,0.0,0.0,-1476.98941449823
conduction,cold_surface,3195.0,53.25,253.08022942745532,270.0,240.0,-196.67170738178626,0.0,0.0,0.0,0.0,0.0,-196.67170738178626,-1477.9727730351387,0.0,0.0,0.0,0.0,0.0,-1477.9727730351387
conduction,cold_surface,3200.0,53.333333,253.0490860240566,270.0,240.0,-196.20344141182983,0.0,0.0,0.0,0.0,0.0,-196.20344141182983,-1478.953790242198,0.0,0.0,0.0,0.0,0.0,-1478.953790242198
conduction,cold_surface,3205.0,53.416667,253.01801677161836,270.0,240.0,-195.7362903608491,0.0,0.0,0.0,0.0,0.0,-195.7362903608491,-1479.932471694002,0.0,0.0,0.0,0.0,0.0,-1479.932471694002
conduction,cold_surface,3210.0,53.5,252.9870214935907,270.0,240.0,-195.27025157427545,0.0,0.0,0.0,0.0,0.0,-195.27025157427545,-1480.9088229518736,0.0,0.0,0.0,0.0,0.0,-1480.9088229518736
conduction,cold_surface,3215.0,53.583333,252.95610001384406,270.0,240.0,-194.80532240386054,0.0,0.0,0.0,0.0,0.0,-194.80532240386054,-1481.882849563893,0.0,0.0,0.0,0.0,0.0,-1481.882849563893
conduction,cold_surface,3220.0,53.666667,252.92525215666825,270.0,240.0,-194.34150020766097,0.0,0.0,0.0,0.0,0.0,-194.34150020766097,-1482.8545570649312,0.0,0.0,0.0,0.0,0.0,-1482.8545570649312
conduction,cold_surface,3225.0,53.75,252.89447774677143,270.0,240.0,-193.87878235002376,0.0,0.0,0.0,0.0,0.0,-193.87878235002376,-1483.823950976681,0.0,0.0,0.0,0.0,0.0,-1483.823950976681
conduction,cold_surface,3230.0,53.833333,252.8637766092791,270.0,240.0,-193.41716620157143,0.0,0.0,0.0,0.0,0.0,-193.41716620157143,-1484.7910368076891,0.0,0.0,0.0,0.0,0.0,-1484.7910368076891
conduction,cold_surface,3235.0,53.916667,252.8331485697332,270.0,240.0,-192.9566491391867,0.0,0.0,0.0,0.0,0.0,-192.9566491391867,-1485.7558200533852,0.0,0.0,0.0,0.0,0.0,-1485.7558200533852
conduction,cold_surface,3240.0,54.0,252.80259345409098,270.0,240.0,-192.49722854599796,0.0,0.0,0.0,0.0,0.0,-192.49722854599796,-1486.718306196115,0.0,0.0,0.0,0.0,0.0,-1486.718306196115
conduction,cold_surface,3245.0,54.083333,252.7721110887241,270.0,240.0,-192.03890181136472,0.0,0.0,0.0,0.0,0.0,-192.03890181136472,-1487.678500705172,0.0,0.0,0.0,0.0,0.0,-1487.678500705172
conduction,cold_surface,3250.0,54.166667,252.74170130041762,270.0,240.0,-191.58166633086154,0.0,0.0,0.0,0.0,0.0,-191.58166633086154,-1488.636409036826,0.0,0.0,0.0,0.0,0.0,-1488.636409036826
conduction,cold_surface,3255.0,54.25,252.711363916369,270.0,240.0,-191.12551950626425,0.0,0.0,0.0,0.0,0.0,-191.12551950626425,-1489.5920366343573,0.0,0.0,0.0,0.0,0.0,-1489.5920366343573
conduction,cold_surface,3260.0,54.333333,252.68109876418717,270.0,240.0,-190.67045874553514,0.0,0.0,0.0,0.0,0.0,-190.67045874553514,-1490.545388928085,0.0,0.0,0.0,0.0,0.0,-1490.545388928085
conduction,cold_surface,3265.0,54.416667,252.65090567189148,270.0,240.0,-190.21648146280754,0.0,0.0,0.0,0.0,0.0,-190.21648146280754,-1491.4964713353993,0.0,0.0,0.0,0.0,0.0,-1491.4964713353993
conduction,cold_surface,3270.0,54.5,252.6207844679108,270.0,240.0,-189.7635850783722,0.0,0.0,0.0,0.0,0.0,-189.7635850783722,-1492.4452892607912,0.0,0.0,0.0,0.0,0.0,-1492.4452892607912
conduction,cold_surface,3275.0,54.583333,252.59073498108245,270.0,240.0,-189.31176701866193,0.0,0.0,0.0,0.0,0.0,-189.31176701866193,-1493.3918480958846,0.0,0.0,0.0,0.0,0.0,-1493.3918480958846
conduction,cold_surface,3280.0,54.666667,252.5607570406513,270.0,240.0,-188.86102471623673,0.0,0.0,0.0,0.0,0.0,-188.86102471623673,-1494.3361532194656,0.0,0.0,0.0,0.0,0.0,-1494.3361532194656
conduction,cold_surface,3285.0,54.75,252.5308504762688,270.0,240.0,-188.41135560976966,0.0,0.0,0.0,0.0,0.0,-188.41135560976966,-1495.2782099975145,0.0,0.0,0.0,0.0,0.0,-1495.2782099975145
conduction,cold_surface,3290.0,54.833333,252.50101511799195,270.0,240.0,-187.96275714403194,0.0,0.0,0.0,0.0,0.0,-187.96275714403194,-1496.2180237832347,0.0,0.0,0.0,0.0,0.0,-1496.2180237832347
conduction,cold_surface,3295.0,54.916667,252.47125079628245,270.0,240.0,-187.51522676987932,0.0,0.0,0.0,0.0,0.0,-187.51522676987932,-1497.155599917084,0.0,0.0,0.0,0.0,0.0,-1497.155599917084
conduction,cold_surface,3300.0,55.0,252.44155734200558,270.0,240.0,-187.0687619442367,0.0,0.0,0.0,0.0,0.0,-187.0687619442367,-1498.0909437268053,0.0,0.0,0.0,0.0,0.0,-1498.0909437268053
conduction,cold_surface,3305.0,55.083333,252.41193458642937,270.0,240.0,-186.6233601300837,0.0,0.0,0.0,0.0,0.0,-186.6233601300837,-1499.0240605274557,0.0,0.0,0.0,0.0,0.0,-1499.0240605274557
conduction,cold_surface,3310.0,55.166667,252.3823823612236,270.0,240.0,-186.17901879644052,0.0,0.0,0.0,0.0,0.0,-186.17901879644052,-1499.9549556214379,0.0,0.0,0.0,0.0,0.0,-1499.9549556214379
conduction,cold_surface,3315.0,55.25,252.35290049845878,270.0,240.0,-185.73573541835387,0.0,0.0,0.0,0.0,0.0,-185.73573541835387,-1500.8836342985296,0.0,0.0,0.0,0.0,0.0,-1500.8836342985296
conduction,cold_surface,3320.0,55.333333,252.3234888306053,270.0,240.0,-185.2935074768817,0.0,0.0,0.0,0.0,0.0,-185.2935074768817,-1501.810101835914,0.0,0.0,0.0,0.0,0.0,-1501.810101835914
conduction,cold_surface,3325.0,55.416667,252.29414719053244,270.0,240.0,-184.8523324590795,0.0,0.0,0.0,0.0,0.0,-184.8523324590795,-1502.7343634982094,0.0,0.0,0.0,0.0,0.0,-1502.7343634982094
conduction,cold_surface,3330.0,55.5,252.26487541150738,270.0,240.0,-184.41220785798663,0.0,0.0,0.0,0.0,0.0,-184.41220785798663,-1503.6564245374993,0.0,0.0,0.0,0.0,0.0,-1503.6564245374993
conduction,cold_surface,3335.0,55.583333,252.23567332719426,270.0,240.0,-183.97313117261064,0.0,0.0,0.0,0.0,0.0,-183.97313117261064,-1504.5762901933624,0.0,0.0,0.0,0.0,0.0,-1504.5762901933624
conduction,cold_surface,3340.0,55.666667,252.20654077165332,270.0,240.0,-183.53509990791395,0.0,0.0,0.0,0.0,0.0,-183.53509990791395,-1505.493965692902,0.0,0.0,0.0,0.0,0.0,-1505.493965692902
conduction,cold_surface,3345.0,55.75,252.17747757933986,270.0,240.0,-183.09811157479984,0.0,0.0,0.0,0.0,0.0,-183.09811157479984,-1506.409456250776,0.0,0.0,0.0,0.0,0.0,-1506.409456250776
conduction,cold_surface,3350.0,55.833333,252.14848358510335,270.0,240.0,-182.66216369009797,0.0,0.0,0.0,0.0,0.0,-182.66216369009797,-1507.3227670692265,0.0,0.0,0.0,0.0,0.0,-1507.3227670692265
conduction,cold_surface,3355.0,55.916667,252.11955862418642,270.0,240.0,-182.22725377655024,0.0,0.0,0.0,0.0,0.0,-182.22725377655024,-1508.2339033381095,0.0,0.0,0.0,0.0,0.0,-1508.2339033381095
conduction,cold_surface,3360.0,56.0,252.09070253222407,270.0,240.0,-181.79337936279637,0.0,0.0,0.0,0.0,0.0,-181.79337936279637,-1509.1428702349235,0.0,0.0,0.0,0.0,0.0,-1509.1428702349235
conduction,cold_surface,3365.0,56.083333,252.06191514524258,270.0,240.0,-181.36053798336107,0.0,0.0,0.0,0.0,0.0,-181.36053798336107,-1510.0496729248403,0.0,0.0,0.0,0.0,0.0,-1510.0496729248403
conduction,cold_surface,3370.0,56.166667,252.03319629965867,270.0,240.0,-180.9287271786387,0.0,0.0,0.0,0.0,0.0,-180.9287271786387,-1510.9543165607336,0.0,0.0,0.0,0.0,0.0,-1510.9543165607336
conduction,cold_surface,3375.0,56.25,252.00454583227852,270.0,240.0,-180.49794449488004,0.0,0.0,0.0,0.0,0.0,-180.49794449488004,-1511.856806283208,0.0,0.0,0.0,0.0,0.0,-1511.856806283208
conduction,cold_surface,3380.0,56.333333,251.9759635802969,270.0,240.0,-180.06818748417786,0.0,0.0,0.0,0.0,0.0,-180.06818748417786,-1512.7571472206291,0.0,0.0,0.0,0.0,0.0,-1512.7571472206291
conduction,cold_surface,3385.0,56.416667,251.9474493812962,270.0,240.0,-179.6394537044536,0.0,0.0,0.0,0.0,0.0,-179.6394537044536,-1513.6553444891513,0.0,0.0,0.0,0.0,0.0,-1513.6553444891513
conduction,cold_surface,3390.0,56.5,251.91900307324548,270.0,240.0,-179.21174071944293,0.0,0.0,0.0,0.0,0.0,-179.21174071944293,-1514.5514031927485,0.0,0.0,0.0,0.0,0.0,-1514.5514031927485
conduction,cold_surface,3395.0,56.583333,251.89062449449966,270.0,240.0,-178.78504609868216,0.0,0.0,0.0,0.0,0.0,-178.78504609868216,-1515.4453284232418,0.0,0.0,0.0,0.0,0.0,-1515.4453284232418
conduction,cold_surface,3400.0,56.666667,251.86231348379846,270.0,240.0,-178.35936741749492,0.0,0.0,0.0,0.0,0.0,-178.35936741749492,-1516.3371252603292,0.0,0.0,0.0,0.0,0.0,-1516.3371252603292
conduction,cold_surface,3405.0,56.75,251.83406988026562,270.0,240.0,-177.9347022569769,0.0,0.0,0.0,0.0,0.0,-177.9347022569769,-1517.2267987716143,0.0,0.0,0.0,0.0,0.0,-1517.2267987716143
conduction,cold_surface,3410.0,56.833333,251.80589352340783,270.0,240.0,-177.51104820398425,0.0,0.0,0.0,0.0,0.0,-177.51104820398425,-1518.114354012634,0.0,0.0,0.0,0.0,0.0,-1518.114354012634
conduction,cold_surface,3415.0,56.916667,251.777784253114,270.0,240.0,-177.08840285111748,0.0,0.0,0.0,0.0,0.0,-177.08840285111748,-1518.9997960268897,0.0,0.0,0.0,0.0,0.0,-1518.9997960268897
conduction,cold_surface,3420.0,57.0,251.7497419096542,270.0,240.0,-176.6667637967099,0.0,0.0,0.0,0.0,0.0,-176.6667637967099,-1519.8831298458733,0.0,0.0,0.0,0.0,0.0,-1519.8831298458733
conduction,cold_surface,3425.0,57.083333,251.72176633367883,270.0,240.0,-176.24612864481307,0.0,0.0,0.0,0.0,0.0,-176.24612864481307,-1520.7643604890973,0.0,0.0,0.0,0.0,0.0,-1520.7643604890973
conduction,cold_surface,3430.0,57.166667,251.69385736621769,270.0,240.0,-175.82649500518244,0.0,0.0,0.0,0.0,0.0,-175.82649500518244,-1521.6434929641232,0.0,0.0,0.0,0.0,0.0,-1521.6434929641232
conduction,cold_surface,3435.0,57.25,251.66601484867908,270.0,240.0,-175.40786049326528,0.0,0.0,0.0,0.0,0.0,-175.40786049326528,-1522.5205322665895,0.0,0.0,0.0,0.0,0.0,-1522.5205322665895
conduction,cold_surface,3440.0,57.333333,251.6382386228489,270.0,240.0,-174.99022273018625,0.0,0.0,0.0,0.0,0.0,-174.99022273018625,-1523.3954833802406,0.0,0.0,0.0,0.0,0.0,-1523.3954833802406
conduction,cold_surface,3445.0,57.416667,251.61052853088972,270.0,240.0,-174.57357934273332,0.0,0.0,0.0,0.0,0.0,-174.57357934273332,-1524.2683512769545,0.0,0.0,0.0,0.0,0.0,-1524.2683512769545
conduction,cold_surface,3450.0,57.5,251.58288441533998,270.0,240.0,-174.15792796334586,0.0,0.0,0.0,0.0,0.0,-174.15792796334586,-1525.139140916771,0.0,0.0,0.0,0.0,0.0,-1525.139140916771
conduction,cold_surface,3455.0,57.583333,251.55530611911297,270.0,240.0,-173.74326623009964,0.0,0.0,0.0,0.0,0.0,-173.74326623009964,-1526.0078572479215,0.0,0.0,0.0,0.0,0.0,-1526.0078572479215
conduction,cold_surface,3460.0,57.666667,251.52779348549603,270.0,240.0,-173.32959178669455,0.0,0.0,0.0,0.0,0.0,-173.32959178669455,-1526.8745052068548,0.0,0.0,0.0,0.0,0.0,-1526.8745052068548
conduction,cold_surface,3465.0,57.75,251.5003463581496,270.0,240.0,-172.9169022824405,0.0,0.0,0.0,0.0,0.0,-172.9169022824405,-1527.739089718267,0.0,0.0,0.0,0.0,0.0,-1527.739089718267
conduction,cold_surface,3470.0,57.833333,251.4729645811064,270.0,240.0,-172.5051953722442,0.0,0.0,0.0,0.0,0.0,-172.5051953722442,-1528.6016156951282,0.0,0.0,0.0,0.0,0.0,-1528.6016156951282
conduction,cold_surface,3475.0,57.916667,251.44564799877043,270.0,240.0,-172.09446871659594,0.0,0.0,0.0,0.0,0.0,-172.09446871659594,-1529.462088038711,0.0,0.0,0.0,0.0,0.0,-1529.462088038711
conduction,cold_surface,3480.0,58.0,251.41839645591622,270.0,240.0,-171.68471998155638,0.0,0.0,0.0,0.0,0.0,-171.68471998155638,-1530.320511638619,0.0,0.0,0.0,0.0,0.0,-1530.320511638619
conduction,cold_surface,3485.0,58.083333,251.39120979768785,270.0,240.0,-171.27594683874335,0.0,0.0,0.0,0.0,0.0,-171.27594683874335,-1531.1768913728126,0.0,0.0,0.0,0.0,0.0,-1531.1768913728126
conduction,cold_surface,3490.0,58.166667,251.3640878695981,270.0,240.0,-170.86814696531775,0.0,0.0,0.0,0.0,0.0,-170.86814696531775,-1532.0312321076394,0.0,0.0,0.0,0.0,0.0,-1532.0312321076394
conduction,cold_surface,3495.0,58.25,251.33703051752764,270.0,240.0,-170.46131804397163,0.0,0.0,0.0,0.0,0.0,-170.46131804397163,-1532.8835386978592,0.0,0.0,0.0,0.0,0.0,-1532.8835386978592
conduction,cold_surface,3500.0,58.333333,251.310037587724,270.0,240.0,-170.05545776291456,0.0,0.0,0.0,0.0,0.0,-170.05545776291456,-1533.7338159866738,0.0,0.0,0.0,0.0,0.0,-1533.7338159866738
conduction,cold_surface,3505.0,58.416667,251.28310892680085,270.0,240.0,-169.65056381585995,0.0,0.0,0.0,0.0,0.0,-169.65056381585995,-1534.5820688057531,0.0,0.0,0.0,0.0,0.0,-1534.5820688057531
conduction,cold_surface,3510.0,58.5,251.25624438173705,270.0,240.0,-169.24663390201275,0.0,0.0,0.0,0.0,0.0,-169.24663390201275,-1535.4283019752631,0.0,0.0,0.0,0.0,0.0,-1535.4283019752631
conduction,cold_surface,3515.0,58.583333,251.22944379987578,270.0,240.0,-168.84366572605572,0.0,0.0,0.0,0.0,0.0,-168.84366572605572,-1536.2725203038933,0.0,0.0,0.0,0.0,0.0,-1536.2725203038933
conduction,cold_surface,3520.0,58.666667,251.2027070289237,270.0,240.0,-168.44165699813672,0.0,0.0,0.0,0.0,0.0,-168.44165699813672,-1537.114728588884,0.0,0.0,0.0,0.0,0.0,-1537.114728588884
conduction,cold_surface,3525.0,58.75,251.17603391695008,270.0,240.0,-168.04060543385546,0.0,0.0,0.0,0.0,0.0,-168.04060543385546,-1537.9549316160533,0.0,0.0,0.0,0.0,0.0,-1537.9549316160533
conduction,cold_surface,3530.0,58.833333,251.14942431238592,270.0,240.0,-167.64050875425113,0.0,0.0,0.0,0.0,0.0,-167.64050875425113,-1538.7931341598246,0.0,0.0,0.0,0.0,0.0,-1538.7931341598246
conduction,cold_surface,3535.0,58.916667,251.1228780640231,270.0,240.0,-167.24136468578877,0.0,0.0,0.0,0.0,0.0,-167.24136468578877,-1539.6293409832535,0.0,0.0,0.0,0.0,0.0,-1539.6293409832535
conduction,cold_surface,3540.0,59.0,251.0963950210135,270.0,240.0,-166.84317096034647,0.0,0.0,0.0,0.0,0.0,-166.84317096034647,-1540.4635568380552,0.0,0.0,0.0,0.0,0.0,-1540.4635568380552
conduction,cold_surface,3545.0,59.083333,251.06997503286823,270.0,240.0,-166.4459253152026,0.0,0.0,0.0,0.0,0.0,-166.4459253152026,-1541.2957864646312,0.0,0.0,0.0,0.0,0.0,-1541.2957864646312
conduction,cold_surface,3550.0,59.166667,251.04361794945663,270.0,240.0,-166.04962549302343,0.0,0.0,0.0,0.0,0.0,-166.04962549302343,-1542.1260345920962,0.0,0.0,0.0,0.0,0.0,-1542.1260345920962
conduction,cold_surface,3555.0,59.25,251.01732362100554,270.0,240.0,-165.65426924184948,0.0,0.0,0.0,0.0,0.0,-165.65426924184948,-1542.9543059383057,0.0,0.0,0.0,0.0,0.0,-1542.9543059383057
conduction,cold_surface,3560.0,59.333333,250.99109189809838,270.0,240.0,-165.25985431508317,0.0,0.0,0.0,0.0,0.0,-165.25985431508317,-1543.780605209881,0.0,0.0,0.0,0.0,0.0,-1543.780605209881
conduction,cold_surface,3565.0,59.416667,250.96492263167434,270.0,240.0,-164.86637847147563,0.0,0.0,0.0,0.0,0.0,-164.86637847147563,-1544.6049371022384,0.0,0.0,0.0,0.0,0.0,-1544.6049371022384
conduction,cold_surface,3570.0,59.5,250.9388156730275,270.0,240.0,-164.4738394751151,0.0,0.0,0.0,0.0,0.0,-164.4738394751151,-1545.427306299614,0.0,0.0,0.0,0.0,0.0,-1545.427306299614
conduction,cold_surface,3575.0,59.583333,250.912770873806,270.0,240.0,-164.08223509541259,0.0,0.0,0.0,0.0,0.0,-164.08223509541259,-1546.2477174750911,0.0,0.0,0.0,0.0,0.0,-1546.2477174750911
conduction,cold_surface,3580.0,59.666667,250.88678808601122,270.0,240.0,-163.69156310709016,0.0,0.0,0.0,0.0,0.0,-163.69156310709016,-1547.0661752906265,0.0,0.0,0.0,0.0,0.0,-1547.0661752906265
conduction,cold_surface,3585.0,59.75,250.8608671619969,270.0,240.0,-163.30182129016833,0.0,0.0,0.0,0.0,0.0,-163.30182129016833,-1547.8826843970774,0.0,0.0,0.0,0.0,0.0,-1547.8826843970774
conduction,cold_surface,3590.0,59.833333,250.83500795446835,270.0,240.0,-162.9130074299536,0.0,0.0,0.0,0.0,0.0,-162.9130074299536,-1548.6972494342272,0.0,0.0,0.0,0.0,0.0,-1548.6972494342272
conduction,cold_surface,3595.0,59.916667,250.8092103164815,270.0,240.0,-162.5251193170253,0.0,0.0,0.0,0.0,0.0,-162.5251193170253,-1549.5098750308123,0.0,0.0,0.0,0.0,0.0,-1549.5098750308123
conduction,cold_surface,3600.0,60.0,250.78347410144227,270.0,240.0,-162.13815474722267,0.0,0.0,0.0,0.0,0.0,-162.13815474722267,-1550.3205658045486,0.0,0.0,0.0,0.0,0.0,-1550.3205658045486
conduction,cold_surface,3605.0,60.083333,250.7577991631055,270.0,240.0,-161.752111521634,0.0,0.0,0.0,0.0,0.0,-161.752111521634,-1551.1293263621567,0.0,0.0,0.0,0.0,0.0,-1551.1293263621567
conduction,cold_surface,3610.0,60.166667,250.73218535557427,270.0,240.0,-161.36698744658233,0.0,0.0,0.0,0.0,0.0,-161.36698744658233,-1551.9361612993898,0.0,0.0,0.0,0.0,0.0,-1551.9361612993898
conduction,cold_surface,3615.0,60.25,250.70663253329909,270.0,240.0,-160.9827803336141,0.0,0.0,0.0,0.0,0.0,-160.9827803336141,-1552.7410752010578,0.0,0.0,0.0,0.0,0.0,-1552.7410752010578
conduction,cold_surface,3620.0,60.333333,250.68114055107694,270.0,240.0,-160.59948799948629,0.0,0.0,0.0,0.0,0.0,-160.59948799948629,-1553.5440726410554,0.0,0.0,0.0,0.0,0.0,-1553.5440726410554
conduction,cold_surface,3625.0,60.416667,250.65570926405056,270.0,240.0,-160.21710826615404,0.0,0.0,0.0,0.0,0.0,-160.21710826615404,-1554.345158182386,0.0,0.0,0.0,0.0,0.0,-1554.345158182386
conduction,cold_surface,3630.0,60.5,250.63033852770758,270.0,240.0,-159.83563896075836,0.0,0.0,0.0,0.0,0.0,-159.83563896075836,-1555.14433637719,0.0,0.0,0.0,0.0,0.0,-1555.14433637719
conduction,cold_surface,3635.0,60.583333,250.6050281978797,270.0,240.0,-159.45507791561369,0.0,0.0,0.0,0.0,0.0,-159.45507791561369,-1555.941611766768,0.0,0.0,0.0,0.0,0.0,-1555.941611766768
conduction,cold_surface,3640.0,60.666667,250.5797781307419,270.0,240.0,-159.07542296819557,0.0,0.0,0.0,0.0,0.0,-159.07542296819557,-1556.736988881609,0.0,0.0,0.0,0.0,0.0,-1556.736988881609
conduction,cold_surface,3645.0,60.75,250.55458818281156,270.0,240.0,-158.6966719611283,0.0,0.0,0.0,0.0,0.0,-158.6966719611283,-1557.5304722414144,0.0,0.0,0.0,0.0,0.0,-1557.5304722414144
conduction,cold_surface,3650.0,60.833333,250.52945821094772,270.0,240.0,-158.31882274217335,0.0,0.0,0.0,0.0,0.0,-158.31882274217335,-1558.3220663551253,0.0,0.0,0.0,0.0,0.0,-1558.3220663551253
conduction,cold_surface,3655.0,60.916667,250.50438807235022,270.0,240.0,-157.94187316421585,0.0,0.0,0.0,0.0,0.0,-157.94187316421585,-1559.1117757209463,0.0,0.0,0.0,0.0,0.0,-1559.1117757209463
conduction,cold_surface,3660.0,61.0,250.4793776245589,270.0,240.0,-157.56582108525336,0.0,0.0,0.0,0.0,0.0,-157.56582108525336,-1559.8996048263725,0.0,0.0,0.0,0.0,0.0,-1559.8996048263725
conduction,cold_surface,3665.0,61.083333,250.4544267254528,270.0,240.0,-157.1906643683836,0.0,0.0,0.0,0.0,0.0,-157.1906643683836,-1560.6855581482146,0.0,0.0,0.0,0.0,0.0,-1560.6855581482146
conduction,cold_surface,3670.0,61.166667,250.42953523324934,270.0,240.0,-156.81640088179208,0.0,0.0,0.0,0.0,0.0,-156.81640088179208,-1561.4696401526237,0.0,0.0,0.0,0.0,0.0,-1561.4696401526237
conduction,cold_surface,3675.0,61.25,250.4047030065035,270.0,240.0,-156.4430284987401,0.0,0.0,0.0,0.0,0.0,-156.4430284987401,-1562.2518552951171,0.0,0.0,0.0,0.0,0.0,-1562.2518552951171
conduction,cold_surface,3680.0,61.333333,250.37992990410706,270.0,240.0,-156.07054509755244,0.0,0.0,0.0,0.0,0.0,-156.07054509755244,-1563.032208020605,0.0,0.0,0.0,0.0,0.0,-1563.032208020605
conduction,cold_surface,3685.0,61.416667,250.35521578528775,270.0,240.0,-155.69894856160587,0.0,0.0,0.0,0.0,0.0,-155.69894856160587,-1563.8107027634128,0.0,0.0,0.0,0.0,0.0,-1563.8107027634128
conduction,cold_surface,3690.0,61.5,250.3305605096085,270.0,240.0,-155.3282367793163,0.0,0.0,0.0,0.0,0.0,-155.3282367793163,-1564.5873439473096,0.0,0.0,0.0,0.0,0.0,-1564.5873439473096
conduction,cold_surface,3695.0,61.583333,250.30596393696658,270.0,240.0,-154.95840764412733,0.0,0.0,0.0,0.0,0.0,-154.95840764412733,-1565.3621359855301,0.0,0.0,0.0,0.0,0.0,-1565.3621359855301
conduction,cold_surface,3700.0,61.666667,250.28142592759284,270.0,240.0,-154.58945905449866,0.0,0.0,0.0,0.0,0.0,-154.58945905449866,-1566.1350832808027,0.0,0.0,0.0,0.0,0.0,-1566.1350832808027
conduction,cold_surface,3705.0,61.75,250.25694634205095,270.0,240.0,-154.22138891389253,0.0,0.0,0.0,0.0,0.0,-154.22138891389253,-1566.906190225372,0.0,0.0,0.0,0.0,0.0,-1566.906190225372
conduction,cold_surface,3710.0,61.833333,250.23252504123656,270.0,240.0,-153.85419513076428,0.0,0.0,0.0,0.0,0.0,-153.85419513076428,-1567.6754612010259,0.0,0.0,0.0,0.0,0.0,-1567.6754612010259
conduction,cold_surface,3715.0,61.916667,250.20816188637647,270.0,240.0,-153.48787561854834,0.0,0.0,0.0,0.0,0.0,-153.48787561854834,-1568.4429005791187,0.0,0.0,0.0,0.0,0.0,-1568.4429005791187
conduction,cold_surface,3720.0,62.0,250.18385673902796,270.0,240.0,-153.1224282956471,0.0,0.0,0.0,0.0,0.0,-153.1224282956471,-1569.208512720597,0.0,0.0,0.0,0.0,0.0,-1569.208512720597
conduction,cold_surface,3725.0,62.083333,250.1596094610779,270.0,240.0,-152.7578510854194,0.0,0.0,0.0,0.0,0.0,-152.7578510854194,-1569.9723019760243,0.0,0.0,0.0,0.0,0.0,-1569.9723019760243
conduction,cold_surface,3730.0,62.166667,250.13541991474202,270.0,240.0,-152.3941419161686,0.0,0.0,0.0,0.0,0.0,-152.3941419161686,-1570.734272685605,0.0,0.0,0.0,0.0,0.0,-1570.734272685605
conduction,cold_surface,3735.0,62.25,250.11128796256406,270.0,240.0,-152.03129872113024,0.0,0.0,0.0,0.0,0.0,-152.03129872113024,-1571.4944291792108,0.0,0.0,0.0,0.0,0.0,-1571.4944291792108
conduction,cold_surface,3740.0,62.333333,250.0872134674151,270.0,240.0,-151.66931943846095,0.0,0.0,0.0,0.0,0.0,-151.66931943846095,-1572.252775776403,0.0,0.0,0.0,0.0,0.0,-1572.252775776403
conduction,cold_surface,3745.0,62.416667,250.06319629249268,270.0,240.0,-151.30820201122646,0.0,0.0,0.0,0.0,0.0,-151.30820201122646,-1573.0093167864593,0.0,0.0,0.0,0.0,0.0,-1573.0093167864593
conduction,cold_surface,3750.0,62.5,250.03923630132007,270.0,240.0,-150.94794438739015,0.0,0.0,0.0,0.0,0.0,-150.94794438739015,-1573.7640565083962,0.0,0.0,0.0,0.0,0.0,-1573.7640565083962
conduction,cold_surface,3755.0,62.583333,250.0153333577455,270.0,240.0,-150.5885445198011,0.0,0.0,0.0,0.0,0.0,-150.5885445198011,-1574.516999230995,0.0,0.0,0.0,0.0,0.0,-1574.516999230995
conduction,cold_surface,3760.0,62.666667,249.99148732594134,270.0,240.0,-150.23000036618257,0.0,0.0,0.0,0.0,0.0,-150.23000036618257,-1575.2681492328259,0.0,0.0,0.0,0.0,0.0,-1575.2681492328259
conduction,cold_surface,3765.0,62.75,249.96769807040337,270.0,240.0,-149.87230988912003,0.0,0.0,0.0,0.0,0.0,-149.87230988912003,-1576.0175107822715,0.0,0.0,0.0,0.0,0.0,-1576.0175107822715
conduction,cold_surface,3770.0,62.833333,249.94396545595004,270.0,240.0,-149.5154710560506,0.0,0.0,0.0,0.0,0.0,-149.5154710560506,-1576.7650881375519,0.0,0.0,0.0,0.0,0.0,-1576.7650881375519
conduction,cold_surface,3775.0,62.916667,249.9202893477216,270.0,240.0,-149.15948183925053,0.0,0.0,0.0,0.0,0.0,-149.15948183925053,-1577.510885546748,0.0,0.0,0.0,0.0,0.0,-1577.510885546748
conduction,cold_surface,3780.0,63.0,249.8966696111794,270.0,240.0,-148.80434021582388,0.0,0.0,0.0,0.0,0.0,-148.80434021582388,-1578.254907247827,0.0,0.0,0.0,0.0,0.0,-1578.254907247827
conduction,cold_surface,3785.0,63.083333,249.87310611210515,270.0,240.0,-148.45004416769086,0.0,0.0,0.0,0.0,0.0,-148.45004416769086,-1578.9971574686656,0.0,0.0,0.0,0.0,0.0,-1578.9971574686656
conduction,cold_surface,3790.0,63.166667,249.84959871660013,270.0,240.0,-148.09659168157722,0.0,0.0,0.0,0.0,0.0,-148.09659168157722,-1579.7376404270735,0.0,0.0,0.0,0.0,0.0,-1579.7376404270735
conduction,cold_surface,3795.0,63.25,249.82614729108442,270.0,240.0,-147.7439807490019,0.0,0.0,0.0,0.0,0.0,-147.7439807490019,-1580.4763603308184,0.0,0.0,0.0,0.0,0.0,-1580.4763603308184
conduction,cold_surface,3800.0,63.333333,249.80275170229612,270.0,240.0,-147.39220936626637,0.0,0.0,0.0,0.0,0.0,-147.39220936626637,-1581.2133213776497,0.0,0.0,0.0,0.0,0.0,-1581.2133213776497
conduction,cold_surface,3805.0,63.416667,249.77941181729065,270.0,240.0,-147.0412755344418,0.0,0.0,0.0,0.0,0.0,-147.0412755344418,-1581.948527755322,0.0,0.0,0.0,0.0,0.0,-1581.948527755322
conduction,cold_surface,3810.0,63.5,249.75612750343996,270.0,240.0,-146.69117725935976,0.0,0.0,0.0,0.0,0.0,-146.69117725935976,-1582.6819836416187,0.0,0.0,0.0,0.0,0.0,-1582.6819836416187
conduction,cold_surface,3815.0,63.583333,249.73289862843177,270.0,240.0,-146.34191255159934,0.0,0.0,0.0,0.0,0.0,-146.34191255159934,-1583.4136932043766,0.0,0.0,0.0,0.0,0.0,-1583.4136932043766
conduction,cold_surface,3820.0,63.666667,249.70972506026882,270.0,240.0,-145.99347942647654,0.0,0.0,0.0,0.0,0.0,-145.99347942647654,-1584.143660601509,0.0,0.0,0.0,0.0,0.0,-1584.143660601509
conduction,cold_surface,3825.0,63.75,249.6866066672682,270.0,240.0,-145.64587590403235,0.0,0.0,0.0,0.0,0.0,-145.64587590403235,-1584.8718899810292,0.0,0.0,0.0,0.0,0.0,-1584.8718899810292
conduction,cold_surface,3830.0,63.833333,249.66354331806042,270.0,240.0,-145.2991000090229,0.0,0.0,0.0,0.0,0.0,-145.2991000090229,-1585.5983854810743,0.0,0.0,0.0,0.0,0.0,-1585.5983854810743
conduction,cold_surface,3835.0,63.916667,249.64053488158885,270.0,240.0,-144.9531497709063,0.0,0.0,0.0,0.0,0.0,-144.9531497709063,-1586.3231512299287,0.0,0.0,0.0,0.0,0.0,-1586.3231512299287
conduction,cold_surface,3840.0,64.0,249.61758122710887,270.0,240.0,-144.60802322383273,0.0,0.0,0.0,0.0,0.0,-144.60802322383273,-1587.0461913460479,0.0,0.0,0.0,0.0,0.0,-1587.0461913460479
conduction,cold_surface,3845.0,64.083333,249.59468222418718,270.0,240.0,-144.26371840663307,0.0,0.0,0.0,0.0,0.0,-144.26371840663307,-1587.767509938081,0.0,0.0,0.0,0.0,0.0,-1587.767509938081
conduction,cold_surface,3850.0,64.166667,249.57183774270104,270.0,240.0,-143.92023336280772,0.0,0.0,0.0,0.0,0.0,-143.92023336280772,-1588.4871111048951,0.0,0.0,0.0,0.0,0.0,-1588.4871111048951
conduction,cold_surface,3855.0,64.25,249.54904765283746,270.0,240.0,-143.57756614051553,0.0,0.0,0.0,0.0,0.0,-143.57756614051553,-1589.2049989355978,0.0,0.0,0.0,0.0,0.0,-1589.2049989355978
conduction,cold_surface,3860.0,64.333333,249.52631182509262,270.0,240.0,-143.23571479256188,0.0,0.0,0.0,0.0,0.0,-143.23571479256188,-1589.9211775095605,0.0,0.0,0.0,0.0,0.0,-1589.9211775095605
conduction,cold_surface,3865.0,64.416667,249.50363013027098,270.0,240.0,-142.8946773763893,0.0,0.0,0.0,0.0,0.0,-142.8946773763893,-1590.6356508964423,0.0,0.0,0.0,0.0,0.0,-1590.6356508964423
conduction,cold_surface,3870.0,64.5,249.48100243948463,270.0,240.0,-142.55445195406466,0.0,0.0,0.0,0.0,0.0,-142.55445195406466,-1591.3484231562127,0.0,0.0,0.0,0.0,0.0,-1591.3484231562127
conduction,cold_surface,3875.0,64.583333,249.45842862415253,270.0,240.0,-142.2150365922694,0.0,0.0,0.0,0.0,0.0,-142.2150365922694,-1592.059498339174,0.0,0.0,0.0,0.0,0.0,-1592.059498339174
conduction,cold_surface,3880.0,64.666667,249.4359085559998,270.0,240.0,-141.87642936228798,0.0,0.0,0.0,0.0,0.0,-141.87642936228798,-1592.7688804859854,0.0,0.0,0.0,0.0,0.0,-1592.7688804859854
conduction,cold_surface,3885.0,64.75,249.41344210705694,270.0,240.0,-141.53862833999682,0.0,0.0,0.0,0.0,0.0,-141.53862833999682,-1593.4765736276854,0.0,0.0,0.0,0.0,0.0,-1593.4765736276854
conduction,cold_surface,3890.0,64.833333,249.39102914965918,270.0,240.0,-141.20163160585406,0.0,0.0,0.0,0.0,0.0,-141.20163160585406,-1594.1825817857148,0.0,0.0,0.0,0.0,0.0,-1594.1825817857148
conduction,cold_surface,3895.0,64.916667,249.3686695564457,270.0,240.0,-140.86543724488763,0.0,0.0,0.0,0.0,0.0,-140.86543724488763,-1594.8869089719392,0.0,0.0,0.0,0.0,0.0,-1594.8869089719392
conduction,cold_surface,3900.0,65.0,249.34636320035892,270.0,240.0,-140.53004334668543,0.0,0.0,0.0,0.0,0.0,-140.53004334668543,-1595.5895591886726,0.0,0.0,0.0,0.0,0.0,-1595.5895591886726
conduction,cold_surface,3905.0,65.083333,249.32410995464377,270.0,240.0,-140.19544800538384,0.0,0.0,0.0,0.0,0.0,-140.19544800538384,-1596.2905364286994,0.0,0.0,0.0,0.0,0.0,-1596.2905364286994
conduction,cold_surface,3910.0,65.166667,249.301909692847,270.0,240.0,-139.8616493196566,0.0,0.0,0.0,0.0,0.0,-139.8616493196566,-1596.989844675298,0.0,0.0,0.0,0.0,0.0,-1596.989844675298
conduction,cold_surface,3915.0,65.25,249.2797622888164,270.0,240.0,-139.52864539270507,0.0,0.0,0.0,0.0,0.0,-139.52864539270507,-1597.6874879022614,0.0,0.0,0.0,0.0,0.0,-1597.6874879022614
conduction,cold_surface,3920.0,65.333333,249.2576676167002,270.0,240.0,-139.1964343322462,0.0,0.0,0.0,0.0,0.0,-139.1964343322462,-1598.3834700739226,0.0,0.0,0.0,0.0,0.0,-1598.3834700739226
conduction,cold_surface,3925.0,65.416667,249.23562555094614,270.0,240.0,-138.86501425050284,0.0,0.0,0.0,0.0,0.0,-138.86501425050284,-1599.077795145175,0.0,0.0,0.0,0.0,0.0,-1599.077795145175
conduction,cold_surface,3930.0,65.5,249.21363596630104,270.0,240.0,-138.5343832641921,0.0,0.0,0.0,0.0,0.0,-138.5343832641921,-1599.7704670614958,0.0,0.0,0.0,0.0,0.0,-1599.7704670614958
conduction,cold_surface,3935.0,65.583333,249.19169873780984,270.0,240.0,-138.20453949451561,0.0,0.0,0.0,0.0,0.0,-138.20453949451561,-1600.4614897589684,0.0,0.0,0.0,0.0,0.0,-1600.4614897589684
conduction,cold_surface,3940.0,65.666667,249.16981374081507,270.0,240.0,-137.87548106714766,0.0,0.0,0.0,0.0,0.0,-137.87548106714766,-1601.150867164304,0.0,0.0,0.0,0.0,0.0,-1601.150867164304
conduction,cold_surface,3945.0,65.75,249.147980850956,270.0,240.0,-137.5472061122261,0.0,0.0,0.0,0.0,0.0,-137.5472061122261,-1601.838603194865,0.0,0.0,0.0,0.0,0.0,-1601.838603194865
conduction,cold_surface,3950.0,65.833333,249.126199944168,270.0,240.0,-137.21971276434004,0.0,0.0,0.0,0.0,0.0,-137.21971276434004,-1602.524701758687,0.0,0.0,0.0,0.0,0.0,-1602.524701758687
conduction,cold_surface,3955.0,65.916667,249.1044708966819,270.0,240.0,-136.8929991625201,0.0,0.0,0.0,0.0,0.0,-136.8929991625201,-1603.2091667544996,0.0,0.0,0.0,0.0,0.0,-1603.2091667544996
conduction,cold_surface,3960.0,66.0,249.08279358502313,270.0,240.0,-136.56706345022855,0.0,0.0,0.0,0.0,0.0,-136.56706345022855,-1603.8920020717505,0.0,0.0,0.0,0.0,0.0,-1603.8920020717505
conduction,cold_surface,3965.0,66.083333,249.06116788601116,270.0,240.0,-136.24190377534688,0.0,0.0,0.0,0.0,0.0,-136.24190377534688,-1604.5732115906271,0.0,0.0,0.0,0.0,0.0,-1604.5732115906271
conduction,cold_surface,3970.0,66.166667,249.03959367675876,270.0,240.0,-135.91751829016744,0.0,0.0,0.0,0.0,0.0,-135.91751829016744,-1605.2527991820782,0.0,0.0,0.0,0.0,0.0,-1605.2527991820782
conduction,cold_surface,3975.0,66.25,249.01807083467122,270.0,240.0,-135.59390515138134,0.0,0.0,0.0,0.0,0.0,-135.59390515138134,-1605.930768707835,0.0,0.0,0.0,0.0,0.0,-1605.930768707835
conduction,cold_surface,3980.0,66.333333,248.99659923744582,270.0,240.0,-135.2710625200683,0.0,0.0,0.0,0.0,0.0,-135.2710625200683,-1606.6071240204353,0.0,0.0,0.0,0.0,0.0,-1606.6071240204353
conduction,cold_surface,3985.0,66.416667,248.97517876307094,270.0,240.0,-134.94898856168732,0.0,0.0,0.0,0.0,0.0,-134.94898856168732,-1607.2818689632438,0.0,0.0,0.0,0.0,0.0,-1607.2818689632438
conduction,cold_surface,3990.0,66.5,248.95380928982553,270.0,240.0,-134.62768144606414,0.0,0.0,0.0,0.0,0.0,-134.62768144606414,-1607.9550073704743,0.0,0.0,0.0,0.0,0.0,-1607.9550073704743
conduction,cold_surface,3995.0,66.583333,248.93249069627834,270.0,240.0,-134.30713934738293,0.0,0.0,0.0,0.0,0.0,-134.30713934738293,-1608.6265430672113,0.0,0.0,0.0,0.0,0.0,-1608.6265430672113
conduction,cold_surface,4000.0,66.666667,248.9112228612872,270.0,240.0,-133.98736044417504,0.0,0.0,0.0,0.0,0.0,-133.98736044417504,-1609.296479869432,0.0,0.0,0.0,0.0,0.0,-1609.296479869432
conduction,cold_surface,4005.0,66.75,248.8900056639984,270.0,240.0,-133.668342919308,0.0,0.0,0.0,0.0,0.0,-133.668342919308,-1609.9648215840286,0.0,0.0,0.0,0.0,0.0,-1609.9648215840286
conduction,cold_surface,4010.0,66.833333,248.86883898384602,270.0,240.0,-133.35008495997613,0.0,0.0,0.0,0.0,0.0,-133.35008495997613,-1610.6315720088287,0.0,0.0,0.0,0.0,0.0,-1610.6315720088287
conduction,cold_surface,4015.0,66.916667,248.84772270055115,270.0,240.0,-133.03258475769027,0.0,0.0,0.0,0.0,0.0,-133.03258475769027,-1611.296734932617,0.0,0.0,0.0,0.0,0.0,-1611.296734932617
conduction,cold_surface,4020.0,67.0,248.82665669412125,270.0,240.0,-132.71584050826718,0.0,0.0,0.0,0.0,0.0,-132.71584050826718,-1611.9603141351583,0.0,0.0,0.0,0.0,0.0,-1611.9603141351583
conduction,cold_surface,4025.0,67.083333,248.80564084484953,270.0,240.0,-132.39985041181882,0.0,0.0,0.0,0.0,0.0,-132.39985041181882,-1612.6223133872174,0.0,0.0,0.0,0.0,0.0,-1612.6223133872174
conduction,cold_surface,4030.0,67.166667,248.7846750333142,270.0,240.0,-132.08461267274302,0.0,0.0,0.0,0.0,0.0,-132.08461267274302,-1613.282736450581,0.0,0.0,0.0,0.0,0.0,-1613.282736450581
conduction,cold_surface,4035.0,67.25,248.76375914037772,270.0,240.0,-131.7701254997128,0.0,0.0,0.0,0.0,0.0,-131.7701254997128,-1613.9415870780797,0.0,0.0,0.0,0.0,0.0,-1613.9415870780797
conduction,cold_surface,4040.0,67.333333,248.74289304718633,270.0,240.0,-131.45638710566573,0.0,0.0,0.0,0.0,0.0,-131.45638710566573,-1614.598869013608,0.0,0.0,0.0,0.0,0.0,-1614.598869013608
conduction,cold_surface,4045.0,67.416667,248.72207663516923,270.0,240.0,-131.14339570779492,0.0,0.0,0.0,0.0,0.0,-131.14339570779492,-1615.254585992147,0.0,0.0,0.0,0.0,0.0,-1615.254585992147
conduction,cold_surface,4050.0,67.5,248.70130978603788,270.0,240.0,-130.83114952753846,0.0,0.0,0.0,0.0,0.0,-130.83114952753846,-1615.9087417397845,0.0,0.0,0.0,0.0,0.0,-1615.9087417397845
conduction,cold_surface,4055.0,67.583333,248.6805923817854,270.0,240.0,-130.51964679056823,0.0,0.0,0.0,0.0,0.0,-130.51964679056823,-1616.5613399737374,0.0,0.0,0.0,0.0,0.0,-1616.5613399737374
conduction,cold_surface,4060.0,67.666667,248.65992430468592,270.0,240.0,-130.20888572678103,0.0,0.0,0.0,0.0,0.0,-130.20888572678103,-1617.2123844023715,0.0,0.0,0.0,0.0,0.0,-1617.2123844023715
conduction,cold_surface,4065.0,67.75,248.6393054372938,270.0,240.0,-129.89886457028874,0.0,0.0,0.0,0.0,0.0,-129.89886457028874,-1617.861878725223,0.0,0.0,0.0,0.0,0.0,-1617.861878725223
conduction,cold_surface,4070.0,67.833333,248.6187356624431,270.0,240.0,-129.5895815594072,0.0,0.0,0.0,0.0,0.0,-129.5895815594072,-1618.50982663302,0.0,0.0,0.0,0.0,0.0,-1618.50982663302
conduction,cold_surface,4075.0,67.916667,248.5982148632468,270.0,240.0,-129.2810349366465,0.0,0.0,0.0,0.0,0.0,-129.2810349366465,-1619.1562318077033,0.0,0.0,0.0,0.0,0.0,-1619.1562318077033
conduction,cold_surface,4080.0,68.0,248.5777429230962,270.0,240.0,-128.97322294870193,0.0,0.0,0.0,0.0,0.0,-128.97322294870193,-1619.8010979224468,0.0,0.0,0.0,0.0,0.0,-1619.8010979224468
conduction,cold_surface,4085.0,68.083333,248.55731972566025,270.0,240.0,-128.66614384644294,0.0,0.0,0.0,0.0,0.0,-128.66614384644294,-1620.4444286416792,0.0,0.0,0.0,0.0,0.0,-1620.4444286416792
conduction,cold_surface,4090.0,68.166667,248.53694515488488,270.0,240.0,-128.35979588490375,0.0,0.0,0.0,0.0,0.0,-128.35979588490375,-1621.0862276211037,0.0,0.0,0.0,0.0,0.0,-1621.0862276211037
conduction,cold_surface,4095.0,68.25,248.51661909499228,270.0,240.0,-128.05417732327314,0.0,0.0,0.0,0.0,0.0,-128.05417732327314,-1621.72649850772,0.0,0.0,0.0,0.0,0.0,-1621.72649850772
conduction,cold_surface,4100.0,68.333333,248.49634143048038,270.0,240.0,-127.74928642488419,0.0,0.0,0.0,0.0,0.0,-127.74928642488419,-1622.3652449398444,0.0,0.0,0.0,0.0,0.0,-1622.3652449398444
conduction,cold_surface,4105.0,68.416667,248.4761120461221,270.0,240.0,-127.44512145720577,0.0,0.0,0.0,0.0,0.0,-127.44512145720577,-1623.0024705471303,0.0,0.0,0.0,0.0,0.0,-1623.0024705471303
conduction,cold_surface,4110.0,68.5,248.45593082696467,270.0,240.0,-127.14168069183145,0.0,0.0,0.0,0.0,0.0,-127.14168069183145,-1623.6381789505895,0.0,0.0,0.0,0.0,0.0,-1623.6381789505895
conduction,cold_surface,4115.0,68.583333,248.43579765832905,270.0,240.0,-126.83896240447012,0.0,0.0,0.0,0.0,0.0,-126.83896240447012,-1624.2723737626118,0.0,0.0,0.0,0.0,0.0,-1624.2723737626118
conduction,cold_surface,4120.0,68.666667,248.41571242580923,270.0,240.0,-126.53696487493576,0.0,0.0,0.0,0.0,0.0,-126.53696487493576,-1624.9050585869866,0.0,0.0,0.0,0.0,0.0,-1624.9050585869866
conduction,cold_surface,4125.0,68.75,248.3956750152716,270.0,240.0,-126.23568638713849,0.0,0.0,0.0,0.0,0.0,-126.23568638713849,-1625.536237018922,0.0,0.0,0.0,0.0,0.0,-1625.536237018922
conduction,cold_surface,4130.0,68.833333,248.37568531285427,270.0,240.0,-125.93512522907389,0.0,0.0,0.0,0.0,0.0,-125.93512522907389,-1626.1659126450675,0.0,0.0,0.0,0.0,0.0,-1626.1659126450675
conduction,cold_surface,4135.0,68.916667,248.35574320496653,270.0,240.0,-125.6352796928141,0.0,0.0,0.0,0.0,0.0,-125.6352796928141,-1626.7940890435316,0.0,0.0,0.0,0.0,0.0,-1626.7940890435316
conduction,cold_surface,4140.0,69.0,248.33584857828805,270.0,240.0,-125.33614807449794,0.0,0.0,0.0,0.0,0.0,-125.33614807449794,-1627.420769783904,0.0,0.0,0.0,0.0,0.0,-1627.420769783904
conduction,cold_surface,4145.0,69.083333,248.3160013197683,270.0,240.0,-125.03772867432076,0.0,0.0,0.0,0.0,0.0,-125.03772867432076,-1628.0459584272758,0.0,0.0,0.0,0.0,0.0,-1628.0459584272758
conduction,cold_surface,4150.0,69.166667,248.296201316626,270.0,240.0,-124.74001979652456,0.0,0.0,0.0,0.0,0.0,-124.74001979652456,-1628.6696585262582,0.0,0.0,0.0,0.0,0.0,-1628.6696585262582
conduction,cold_surface,4155.0,69.25,248.2764484563483,270.0,240.0,-124.44301974938995,0.0,0.0,0.0,0.0,0.0,-124.44301974938995,-1629.2918736250053,0.0,0.0,0.0,0.0,0.0,-1629.2918736250053
conduction,cold_surface,4160.0,69.333333,248.25674262669034,270.0,240.0,-124.14672684522458,0.0,0.0,0.0,0.0,0.0,-124.14672684522458,-1629.9126072592314,0.0,0.0,0.0,0.0,0.0,-1629.9126072592314
conduction,cold_surface,4165.0,69.416667,248.2370837156744,270.0,240.0,-123.8511394003551,0.0,0.0,0.0,0.0,0.0,-123.8511394003551,-1630.531862956233,0.0,0.0,0.0,0.0,0.0,-1630.531862956233
conduction,cold_surface,4170.0,69.5,248.21747161158947,270.0,240.0,-123.55625573511603,0.0,0.0,0.0,0.0,0.0,-123.55625573511603,-1631.1496442349087,0.0,0.0,0.0,0.0,0.0,-1631.1496442349087
conduction,cold_surface,4175.0,69.583333,248.19790620299045,270.0,240.0,-123.26207417384211,0.0,0.0,0.0,0.0,0.0,-123.26207417384211,-1631.765954605778,0.0,0.0,0.0,0.0,0.0,-1631.765954605778
conduction,cold_surface,4180.0,69.666667,248.1783873786976,270.0,240.0,-122.96859304485679,0.0,0.0,0.0,0.0,0.0,-122.96859304485679,-1632.3807975710022,0.0,0.0,0.0,0.0,0.0,-1632.3807975710022
conduction,cold_surface,4185.0,69.75,248.15891502779596,270.0,240.0,-122.67581068046411,0.0,0.0,0.0,0.0,0.0,-122.67581068046411,-1632.9941766244044,0.0,0.0,0.0,0.0,0.0,-1632.9941766244044
conduction,cold_surface,4190.0,69.833333,248.13948903963453,270.0,240.0,-122.38372541693934,0.0,0.0,0.0,0.0,0.0,-122.38372541693934,-1633.6060952514893,0.0,0.0,0.0,0.0,0.0,-1633.6060952514893
conduction,cold_surface,4195.0,69.916667,248.12010930382587,270.0,240.0,-122.09233559451789,0.0,0.0,0.0,0.0,0.0,-122.09233559451789,-1634.2165569294618,0.0,0.0,0.0,0.0,0.0,-1634.2165569294618
conduction,cold_surface,4200.0,70.0,248.10077571024533,270.0,240.0,-121.80163955738806,0.0,0.0,0.0,0.0,0.0,-121.80163955738806,-1634.8255651272489,0.0,0.0,0.0,0.0,0.0,-1634.8255651272489
conduction,cold_surface,4205.0,70.083333,248.08148814903046,270.0,240.0,-121.51163565367995,0.0,0.0,0.0,0.0,0.0,-121.51163565367995,-1635.4331233055173,0.0,0.0,0.0,0.0,0.0,-1635.4331233055173
conduction,cold_surface,4210.0,70.166667,248.0622465105804,270.0,240.0,-121.22232223545694,0.0,0.0,0.0,0.0,0.0,-121.22232223545694,-1636.0392349166946,0.0,0.0,0.0,0.0,0.0,-1636.0392349166946
conduction,cold_surface,4215.0,70.25,248.04305068555522,270.0,240.0,-120.93369765870591,0.0,0.0,0.0,0.0,0.0,-120.93369765870591,-1636.643903404988,0.0,0.0,0.0,0.0,0.0,-1636.643903404988
conduction,cold_surface,4220.0,70.333333,248.02390056487533,270.0,240.0,-120.64576028332823,0.0,0.0,0.0,0.0,0.0,-120.64576028332823,-1637.2471322064046,0.0,0.0,0.0,0.0,0.0,-1637.2471322064046
conduction,cold_surface,4225.0,70.416667,248.00479603972087,270.0,240.0,-120.35850847313,0.0,0.0,0.0,0.0,0.0,-120.35850847313,-1637.8489247487703,0.0,0.0,0.0,0.0,0.0,-1637.8489247487703
conduction,cold_surface,4230.0,70.5,247.98573700153105,270.0,240.0,-120.07194059581309,0.0,0.0,0.0,0.0,0.0,-120.07194059581309,-1638.4492844517492,0.0,0.0,0.0,0.0,0.0,-1638.4492844517492
conduction,cold_surface,4235.0,70.583333,247.9667233420036,270.0,240.0,-119.78605502296574,0.0,0.0,0.0,0.0,0.0,-119.78605502296574,-1639.048214726864,0.0,0.0,0.0,0.0,0.0,-1639.048214726864
conduction,cold_surface,4240.0,70.666667,247.94775495309406,270.0,240.0,-119.50085013005406,0.0,0.0,0.0,0.0,0.0,-119.50085013005406,-1639.6457189775142,0.0,0.0,0.0,0.0,0.0,-1639.6457189775142
conduction,cold_surface,4245.0,70.75,247.92883172701528,270.0,240.0,-119.21632429641093,0.0,0.0,0.0,0.0,0.0,-119.21632429641093,-1640.2418005989962,0.0,0.0,0.0,0.0,0.0,-1640.2418005989962
conduction,cold_surface,4250.0,70.833333,247.90995355623667,270.0,240.0,-118.93247590522918,0.0,0.0,0.0,0.0,0.0,-118.93247590522918,-1640.8364629785224,0.0,0.0,0.0,0.0,0.0,-1640.8364629785224
conduction,cold_surface,4255.0,70.916667,247.89112033348374,270.0,240.0,-118.64930334355009,0.0,0.0,0.0,0.0,0.0,-118.64930334355009,-1641.42970949524,0.0,0.0,0.0,0.0,0.0,-1641.42970949524
conduction,cold_surface,4260.0,71.0,247.87233195173735,270.0,240.0,-118.36680500225611,0.0,0.0,0.0,0.0,0.0,-118.36680500225611,-1642.0215435202513,0.0,0.0,0.0,0.0,0.0,-1642.0215435202513
conduction,cold_surface,4265.0,71.083333,247.85358830423323,270.0,240.0,-118.08497927606027,0.0,0.0,0.0,0.0,0.0,-118.08497927606027,-1642.6119684166317,0.0,0.0,0.0,0.0,0.0,-1642.6119684166317
conduction,cold_surface,4270.0,71.166667,247.83488928446124,270.0,240.0,-117.80382456349841,0.0,0.0,0.0,0.0,0.0,-117.80382456349841,-1643.2009875394492,0.0,0.0,0.0,0.0,0.0,-1643.2009875394492
conduction,cold_surface,4275.0,71.25,247.8162347861649,270.0,240.0,-117.52333926691861,0.0,0.0,0.0,0.0,0.0,-117.52333926691861,-1643.7886042357839,0.0,0.0,0.0,0.0,0.0,-1643.7886042357839
conduction,cold_surface,4280.0,71.333333,247.7976247033407,270.0,240.0,-117.24352179247347,0.0,0.0,0.0,0.0,0.0,-117.24352179247347,-1644.3748218447463,0.0,0.0,0.0,0.0,0.0,-1644.3748218447463
conduction,cold_surface,4285.0,71.416667,247.77905893023748,270.0,240.0,-116.96437055011032,0.0,0.0,0.0,0.0,0.0,-116.96437055011032,-1644.9596436974969,0.0,0.0,0.0,0.0,0.0,-1644.9596436974969
conduction,cold_surface,4290.0,71.5,247.76053736135597,270.0,240.0,-116.68588395356224,0.0,0.0,0.0,0.0,0.0,-116.68588395356224,-1645.5430731172648,0.0,0.0,0.0,0.0,0.0,-1645.5430731172648
conduction,cold_surface,4295.0,71.583333,247.74205989144798,270.0,240.0,-116.40806042033958,0.0,0.0,0.0,0.0,0.0,-116.40806042033958,-1646.1251134193665,0.0,0.0,0.0,0.0,0.0,-1646.1251134193665
conduction,cold_surface,4300.0,71.666667,247.72362641551595,270.0,240.0,-116.1308983717197,0.0,0.0,0.0,0.0,0.0,-116.1308983717197,-1646.7057679112252,0.0,0.0,0.0,0.0,0.0,-1646.7057679112252
conduction,cold_surface,4305.0,71.75,247.70523682881233,270.0,240.0,-115.85439623273928,0.0,0.0,0.0,0.0,0.0,-115.85439623273928,-1647.2850398923888,0.0,0.0,0.0,0.0,0.0,-1647.2850398923888
conduction,cold_surface,4310.0,71.833333,247.68689102683896,270.0,240.0,-115.57855243218498,0.0,0.0,0.0,0.0,0.0,-115.57855243218498,-1647.8629326545497,0.0,0.0,0.0,0.0,0.0,-1647.8629326545497
conduction,cold_surface,4315.0,71.916667,247.6685889053465,270.0,240.0,-115.30336540258446,0.0,0.0,0.0,0.0,0.0,-115.30336540258446,-1648.4394494815624,0.0,0.0,0.0,0.0,0.0,-1648.4394494815624
conduction,cold_surface,4320.0,72.0,247.65033036033375,270.0,240.0,-115.02883358019744,0.0,0.0,0.0,0.0,0.0,-115.02883358019744,-1649.0145936494634,0.0,0.0,0.0,0.0,0.0,-1649.0145936494634
conduction,cold_surface,4325.0,72.083333,247.63211528804723,270.0,240.0,-114.75495540500631,0.0,0.0,0.0,0.0,0.0,-114.75495540500631,-1649.5883684264884,0.0,0.0,0.0,0.0,0.0,-1649.5883684264884
conduction,cold_surface,4330.0,72.166667,247.61394358498046,270.0,240.0,-114.48172932070847,0.0,0.0,0.0,0.0,0.0,-114.48172932070847,-1650.160777073092,0.0,0.0,0.0,0.0,0.0,-1650.160777073092
conduction,cold_surface,4335.0,72.25,247.59581514787337,270.0,240.0,-114.20915377470692,0.0,0.0,0.0,0.0,0.0,-114.20915377470692,-1650.7318228419656,0.0,0.0,0.0,0.0,0.0,-1650.7318228419656
conduction,cold_surface,4340.0,72.333333,247.57772987371177,270.0,240.0,-113.9372272181005,0.0,0.0,0.0,0.0,0.0,-113.9372272181005,-1651.301508978056,0.0,0.0,0.0,0.0,0.0,-1651.301508978056
conduction,cold_surface,4345.0,72.416667,247.55968765972673,270.0,240.0,-113.66594810567662,0.0,0.0,0.0,0.0,0.0,-113.66594810567662,-1651.8698387185846,0.0,0.0,0.0,0.0,0.0,-1651.8698387185846
conduction,cold_surface,4350.0,72.5,247.54168840339406,270.0,240.0,-113.39531489590101,0.0,0.0,0.0,0.0,0.0,-113.39531489590101,-1652.436815293064,0.0,0.0,0.0,0.0,0.0,-1652.436815293064
conduction,cold_surface,4355.0,72.583333,247.5237320024336,270.0,240.0,-113.12532605091093,0.0,0.0,0.0,0.0,0.0,-113.12532605091093,-1653.0024419233187,0.0,0.0,0.0,0.0,0.0,-1653.0024419233187
conduction,cold_surface,4360.0,72.666667,247.50581835480875,270.0,240.0,-112.85598003650406,0.0,0.0,0.0,0.0,0.0,-112.85598003650406,-1653.5667218235012,0.0,0.0,0.0,0.0,0.0,-1653.5667218235012
conduction,cold_surface,4365.0,72.75,247.48794735872588,270.0,240.0,-112.58727532213129,0.0,0.0,0.0,0.0,0.0,-112.58727532213129,-1654.1296582001119,0.0,0.0,0.0,0.0,0.0,-1654.1296582001119
conduction,cold_surface,4370.0,72.833333,247.47011891263367,270.0,240.0,-112.31921038088814,0.0,0.0,0.0,0.0,0.0,-112.31921038088814,-1654.6912542520163,0.0,0.0,0.0,0.0,0.0,-1654.6912542520163
conduction,cold_surface,4375.0,72.916667,247.45233291522263,270.0,240.0,-112.05178368950499,0.0,0.0,0.0,0.0,0.0,-112.05178368950499,-1655.2515131704638,0.0,0.0,0.0,0.0,0.0,-1655.2515131704638
conduction,cold_surface,4380.0,73.0,247.43458926542448,270.0,240.0,-111.7849937283394,0.0,0.0,0.0,0.0,0.0,-111.7849937283394,-1655.8104381391054,0.0,0.0,0.0,0.0,0.0,-1655.8104381391054
conduction,cold_surface,4385.0,73.083333,247.41688786241156,270.0,240.0,-111.51883898136717,0.0,0.0,0.0,0.0,0.0,-111.51883898136717,-1656.3680323340122,0.0,0.0,0.0,0.0,0.0,-1656.3680323340122
conduction,cold_surface,4390.0,73.166667,247.39922860559628,270.0,240.0,-111.25331793617335,0.0,0.0,0.0,0.0,0.0,-111.25331793617335,-1656.9242989236932,0.0,0.0,0.0,0.0,0.0,-1656.9242989236932
conduction,cold_surface,4395.0,73.25,247.38161139463057,270.0,240.0,-110.98842908394417,0.0,0.0,0.0,0.0,0.0,-110.98842908394417,-1657.479241069113,0.0,0.0,0.0,0.0,0.0,-1657.479241069113
conduction,cold_surface,4400.0,73.333333,247.36403612940526,270.0,240.0,-110.72417091945852,0.0,0.0,0.0,0.0,0.0,-110.72417091945852,-1658.0328619237102,0.0,0.0,0.0,0.0,0.0,-1658.0328619237102
conduction,cold_surface,4405.0,73.416667,247.34650271004955,270.0,240.0,-110.46054194107896,0.0,0.0,0.0,0.0,0.0,-110.46054194107896,-1658.5851646334156,0.0,0.0,0.0,0.0,0.0,-1658.5851646334156
conduction,cold_surface,4410.0,73.5,247.32901103693038,270.0,240.0,-110.19754065074324,0.0,0.0,0.0,0.0,0.0,-110.19754065074324,-1659.1361523366693,0.0,0.0,0.0,0.0,0.0,-1659.1361523366693
conduction,cold_surface,4415.0,73.583333,247.31156101065199,270.0,240.0,-109.93516555395573,0.0,0.0,0.0,0.0,0.0,-109.93516555395573,-1659.6858281644393,0.0,0.0,0.0,0.0,0.0,-1659.6858281644393
conduction,cold_surface,4420.0,73.666667,247.2941525320552,270.0,240.0,-109.67341515977978,0.0,0.0,0.0,0.0,0.0,-109.67341515977978,-1660.234195240238,0.0,0.0,0.0,0.0,0.0,-1660.234195240238
conduction,cold_surface,4425.0,73.75,247.27678550221697,270.0,240.0,-109.4122879808279,0.0,0.0,0.0,0.0,0.0,-109.4122879808279,-1660.7812566801422,0.0,0.0,0.0,0.0,0.0,-1660.7812566801422
conduction,cold_surface,4430.0,73.833333,247.25945982244977,270.0,240.0,-109.1517825332545,0.0,0.0,0.0,0.0,0.0,-109.1517825332545,-1661.3270155928083,0.0,0.0,0.0,0.0,0.0,-1661.3270155928083
conduction,cold_surface,4435.0,73.916667,247.24217539430109,270.0,240.0,-108.89189733674655,0.0,0.0,0.0,0.0,0.0,-108.89189733674655,-1661.8714750794923,0.0,0.0,0.0,0.0,0.0,-1661.8714750794923
conduction,cold_surface,4440.0,74.0,247.22493211955276,270.0,240.0,-108.63263091451628,0.0,0.0,0.0,0.0,0.0,-108.63263091451628,-1662.4146382340646,0.0,0.0,0.0,0.0,0.0,-1662.4146382340646
conduction,cold_surface,4445.0,74.083333,247.2077299002205,270.0,240.0,-108.37398179329142,0.0,0.0,0.0,0.0,0.0,-108.37398179329142,-1662.956508143031,0.0,0.0,0.0,0.0,0.0,-1662.956508143031
conduction,cold_surface,4450.0,74.166667,247.19056863855332,270.0,240.0,-108.1159485033075,0.0,0.0,0.0,0.0,0.0,-108.1159485033075,-1663.4970878855477,0.0,0.0,0.0,0.0,0.0,-1663.4970878855477
conduction,cold_surface,4455.0,74.25,247.17344823703294,270.0,240.0,-107.85852957829974,0.0,0.0,0.0,0.0,0.0,-107.85852957829974,-1664.0363805334391,0.0,0.0,0.0,0.0,0.0,-1664.0363805334391
conduction,cold_surface,4460.0,74.333333,247.15636859837335,270.0,240.0,-107.60172355549415,0.0,0.0,0.0,0.0,0.0,-107.60172355549415,-1664.5743891512166,0.0,0.0,0.0,0.0,0.0,-1664.5743891512166
conduction,cold_surface,4465.0,74.416667,247.13932962552008,270.0,240.0,-107.34552897560022,0.0,0.0,0.0,0.0,0.0,-107.34552897560022,-1665.1111167960944,0.0,0.0,0.0,0.0,0.0,-1665.1111167960944
conduction,cold_surface,4470.0,74.5,247.1223312216498,270.0,240.0,-107.08994438280115,0.0,0.0,0.0,0.0,0.0,-107.08994438280115,-1665.6465665180085,0.0,0.0,0.0,0.0,0.0,-1665.6465665180085
conduction,cold_surface,4475.0,74.583333,247.1053732901697,270.0,240.0,-106.83496832474702,0.0,0.0,0.0,0.0,0.0,-106.83496832474702,-1666.1807413596323,0.0,0.0,0.0,0.0,0.0,-1666.1807413596323
conduction,cold_surface,4480.0,74.666667,247.08845573471692,270.0,240.0,-106.58059935254542,0.0,0.0,0.0,0.0,0.0,-106.58059935254542,-1666.713644356395,0.0,0.0,0.0,0.0,0.0,-1666.713644356395
conduction,cold_surface,4485.0,74.75,247.07157845915808,270.0,240.0,-106.32683602075375,0.0,0.0,0.0,0.0,0.0,-106.32683602075375,-1667.2452785364985,0.0,0.0,0.0,0.0,0.0,-1667.2452785364985
conduction,cold_surface,4490.0,74.833333,247.05474136758866,270.0,240.0,-106.07367688737114,0.0,0.0,0.0,0.0,0.0,-106.07367688737114,-1667.7756469209355,0.0,0.0,0.0,0.0,0.0,-1667.7756469209355
conduction,cold_surface,4495.0,74.916667,247.0379443643325,270.0,240.0,-105.82112051382992,0.0,0.0,0.0,0.0,0.0,-105.82112051382992,-1668.3047525235047,0.0,0.0,0.0,0.0,0.0,-1668.3047525235047
conduction,cold_surface,4500.0,75.0,247.02118735394123,270.0,240.0,-105.56916546498755,0.0,0.0,0.0,0.0,0.0,-105.56916546498755,-1668.8325983508296,0.0,0.0,0.0,0.0,0.0,-1668.8325983508296
conduction,cold_surface,4505.0,75.083333,247.00447024119376,270.0,240.0,-105.31781030911844,0.0,0.0,0.0,0.0,0.0,-105.31781030911844,-1669.3591874023753,0.0,0.0,0.0,0.0,0.0,-1669.3591874023753
conduction,cold_surface,4510.0,75.166667,246.98779293109567,270.0,240.0,-105.06705361790637,0.0,0.0,0.0,0.0,0.0,-105.06705361790637,-1669.8845226704648,0.0,0.0,0.0,0.0,0.0,-1669.8845226704648
conduction,cold_surface,4515.0,75.25,246.97115532887878,270.0,240.0,-104.81689396643503,0.0,0.0,0.0,0.0,0.0,-104.81689396643503,-1670.4086071402971,0.0,0.0,0.0,0.0,0.0,-1670.4086071402971
conduction,cold_surface,4520.0,75.333333,246.9545573400005,270.0,240.0,-104.5673299331817,0.0,0.0,0.0,0.0,0.0,-104.5673299331817,-1670.931443789963,0.0,0.0,0.0,0.0,0.0,-1670.931443789963
conduction,cold_surface,4525.0,75.416667,246.93799887014336,270.0,240.0,-104.31836010000737,0.0,0.0,0.0,0.0,0.0,-104.31836010000737,-1671.4530355904628,0.0,0.0,0.0,0.0,0.0,-1671.4530355904628
conduction,cold_surface,4530.0,75.5,246.92147982521445,270.0,240.0,-104.0699830521504,0.0,0.0,0.0,0.0,0.0,-104.0699830521504,-1671.9733855057236,0.0,0.0,0.0,0.0,0.0,-1671.9733855057236
conduction,cold_surface,4535.0,75.583333,246.9050001113449,270.0,240.0,-103.82219737821671,0.0,0.0,0.0,0.0,0.0,-103.82219737821671,-1672.4924964926145,0.0,0.0,0.0,0.0,0.0,-1672.4924964926145
conduction,cold_surface,4540.0,75.666667,246.8885596348893,270.0,240.0,-103.57500167017335,0.0,0.0,0.0,0.0,0.0,-103.57500167017335,-1673.0103715009654,0.0,0.0,0.0,0.0,0.0,-1673.0103715009654
conduction,cold_surface,4545.0,75.75,246.87215830242528,270.0,240.0,-103.32839452333957,0.0,0.0,0.0,0.0,0.0,-103.32839452333957,-1673.5270134735822,0.0,0.0,0.0,0.0,0.0,-1673.5270134735822
conduction,cold_surface,4550.0,75.833333,246.85579602075285,270.0,240.0,-103.08237453637915,0.0,0.0,0.0,0.0,0.0,-103.08237453637915,-1674.042425346264,0.0,0.0,0.0,0.0,0.0,-1674.042425346264
conduction,cold_surface,4555.0,75.916667,246.83947269689392,270.0,240.0,-102.83694031129272,0.0,0.0,0.0,0.0,0.0,-102.83694031129272,-1674.5566100478206,0.0,0.0,0.0,0.0,0.0,-1674.5566100478206
conduction,cold_surface,4560.0,76.0,246.8231882380918,270.0,240.0,-102.59209045340882,0.0,0.0,0.0,0.0,0.0,-102.59209045340882,-1675.0695705000876,0.0,0.0,0.0,0.0,0.0,-1675.0695705000876
conduction,cold_surface,4565.0,76.083333,246.80694255181064,270.0,240.0,-102.34782357137703,0.0,0.0,0.0,0.0,0.0,-102.34782357137703,-1675.5813096179445,0.0,0.0,0.0,0.0,0.0,-1675.5813096179445
conduction,cold_surface,4570.0,76.166667,246.7907355457349,270.0,240.0,-102.10413827715954,0.0,0.0,0.0,0.0,0.0,-102.10413827715954,-1676.0918303093304,0.0,0.0,0.0,0.0,0.0,-1676.0918303093304
conduction,cold_surface,4575.0,76.25,246.77456712776885,270.0,240.0,-101.86103318602335,0.0,0.0,0.0,0.0,0.0,-101.86103318602335,-1676.6011354752604,0.0,0.0,0.0,0.0,0.0,-1676.6011354752604
conduction,cold_surface,4580.0,76.333333,246.75843720603606,270.0,240.0,-101.61850691653271,0.0,0.0,0.0,0.0,0.0,-101.61850691653271,-1677.109228009843,0.0,0.0,0.0,0.0,0.0,-1677.109228009843
conduction,cold_surface,4585.0,76.416667,246.74234568887883,270.0,240.0,-101.37655809054095,0.0,0.0,0.0,0.0,0.0,-101.37655809054095,-1677.616110800296,0.0,0.0,0.0,0.0,0.0,-1677.616110800296
conduction,cold_surface,4590.0,76.5,246.72629248485768,270.0,240.0,-101.13518533318242,0.0,0.0,0.0,0.0,0.0,-101.13518533318242,-1678.1217867269618,0.0,0.0,0.0,0.0,0.0,-1678.1217867269618
conduction,cold_surface,4595.0,76.583333,246.71027750275087,270.0,240.0,-100.8943872728652,0.0,0.0,0.0,0.0,0.0,-100.8943872728652,-1678.6262586633263,0.0,0.0,0.0,0.0,0.0,-1678.6262586633263
conduction,cold_surface,4600.0,76.666667,246.69430065155385,270.0,240.0,-100.65416254126305,0.0,0.0,0.0,0.0,0.0,-100.65416254126305,-1679.1295294760325,0.0,0.0,0.0,0.0,0.0,-1679.1295294760325
conduction,cold_surface,4605.0,76.75,246.67836184047871,270.0,240.0,-100.41450977330769,0.0,0.0,0.0,0.0,0.0,-100.41450977330769,-1679.6316020248992,0.0,0.0,0.0,0.0,0.0,-1679.6316020248992
conduction,cold_surface,4610.0,76.833333,246.66246097895376,270.0,240.0,-100.17542760718072,0.0,0.0,0.0,0.0,0.0,-100.17542760718072,-1680.132479162935,0.0,0.0,0.0,0.0,0.0,-1680.132479162935
conduction,cold_surface,4615.0,76.916667,246.64659797662293,270.0,240.0,-99.9369146843064,0.0,0.0,0.0,0.0,0.0,-99.9369146843064,-1680.6321637363565,0.0,0.0,0.0,0.0,0.0,-1680.6321637363565
conduction,cold_surface,4620.0,77.0,246.63077274334526,270.0,240.0,-99.69896964934392,0.0,0.0,0.0,0.0,0.0,-99.69896964934392,-1681.130658584603,0.0,0.0,0.0,0.0,0.0,-1681.130658584603
conduction,cold_surface,4625.0,77.083333,246.61498518919444,270.0,240.0,-99.46159115017892,0.0,0.0,0.0,0.0,0.0,-99.46159115017892,-1681.627966540354,0.0,0.0,0.0,0.0,0.0,-1681.627966540354
conduction,cold_surface,4630.0,77.166667,246.59923522445825,270.0,240.0,-99.22477783791663,0.0,0.0,0.0,0.0,0.0,-99.22477783791663,-1682.1240904295437,0.0,0.0,0.0,0.0,0.0,-1682.1240904295437
conduction,cold_surface,4635.0,77.25,246.58352275963813,270.0,240.0,-98.98852836687382,0.0,0.0,0.0,0.0,0.0,-98.98852836687382,-1682.619033071378,0.0,0.0,0.0,0.0,0.0,-1682.619033071378
conduction,cold_surface,4640.0,77.333333,246.56784770544851,270.0,240.0,-98.75284139457193,0.0,0.0,0.0,0.0,0.0,-98.75284139457193,-1683.1127972783509,0.0,0.0,0.0,0.0,0.0,-1683.1127972783509
conduction,cold_surface,4645.0,77.416667,246.55220997281648,270.0,240.0,-98.51771558172771,0.0,0.0,0.0,0.0,0.0,-98.51771558172771,-1683.6053858562595,0.0,0.0,0.0,0.0,0.0,-1683.6053858562595
conduction,cold_surface,4650.0,77.5,246.5366094728812,270.0,240.0,-98.28314959224727,0.0,0.0,0.0,0.0,0.0,-98.28314959224727,-1684.096801604221,0.0,0.0,0.0,0.0,0.0,-1684.096801604221
conduction,cold_surface,4655.0,77.583333,246.52104611699338,270.0,240.0,-98.04914209321794,0.0,0.0,0.0,0.0,0.0,-98.04914209321794,-1684.587047314687,0.0,0.0,0.0,0.0,0.0,-1684.587047314687
conduction,cold_surface,4660.0,77.666667,246.5055198167148,270.0,240.0,-97.81569175490063,0.0,0.0,0.0,0.0,0.0,-97.81569175490063,-1685.0761257734616,0.0,0.0,0.0,0.0,0.0,-1685.0761257734616
conduction,cold_surface,4665.0,77.75,246.49003048381786,270.0,240.0,-97.58279725072214,0.0,0.0,0.0,0.0,0.0,-97.58279725072214,-1685.5640397597151,0.0,0.0,0.0,0.0,0.0,-1685.5640397597151
conduction,cold_surface,4670.0,77.833333,246.47457803028496,270.0,240.0,-97.35045725726792,0.0,0.0,0.0,0.0,0.0,-97.35045725726792,-1686.0507920460013,0.0,0.0,0.0,0.0,0.0,-1686.0507920460013
conduction,cold_surface,4675.0,77.916667,246.45916236830809,270.0,240.0,-97.1186704542744,0.0,0.0,0.0,0.0,0.0,-97.1186704542744,-1686.5363853982728,0.0,0.0,0.0,0.0,0.0,-1686.5363853982728
conduction,cold_surface,4680.0,78.0,246.4437834102883,270.0,240.0,-96.88743552462128,0.0,0.0,0.0,0.0,0.0,-96.88743552462128,-1687.020822575896,0.0,0.0,0.0,0.0,0.0,-1687.020822575896
conduction,cold_surface,4685.0,78.083333,246.4284410688352,270.0,240.0,-96.65675115432435,0.0,0.0,0.0,0.0,0.0,-96.65675115432435,-1687.5041063316676,0.0,0.0,0.0,0.0,0.0,-1687.5041063316676
conduction,cold_surface,4690.0,78.166667,246.41313525676657,270.0,240.0,-96.42661603252819,0.0,0.0,0.0,0.0,0.0,-96.42661603252819,-1687.9862394118302,0.0,0.0,0.0,0.0,0.0,-1687.9862394118302
conduction,cold_surface,4695.0,78.25,246.3978658871076,270.0,240.0,-96.19702885149849,0.0,0.0,0.0,0.0,0.0,-96.19702885149849,-1688.4672245560878,0.0,0.0,0.0,0.0,0.0,-1688.4672245560878
conduction,cold_surface,4700.0,78.333333,246.38263287309067,270.0,240.0,-95.96798830661399,0.0,0.0,0.0,0.0,0.0,-95.96798830661399,-1688.9470644976209,0.0,0.0,0.0,0.0,0.0,-1688.9470644976209
conduction,cold_surface,4705.0,78.416667,246.36743612815474,270.0,240.0,-95.73949309636006,0.0,0.0,0.0,0.0,0.0,-95.73949309636006,-1689.4257619631026,0.0,0.0,0.0,0.0,0.0,-1689.4257619631026
conduction,cold_surface,4710.0,78.5,246.35227556594484,270.0,240.0,-95.51154192232104,0.0,0.0,0.0,0.0,0.0,-95.51154192232104,-1689.9033196727141,0.0,0.0,0.0,0.0,0.0,-1689.9033196727141
conduction,cold_surface,4715.0,78.583333,246.33715110031164,270.0,240.0,-95.28413348917255,0.0,0.0,0.0,0.0,0.0,-95.28413348917255,-1690.37974034016,0.0,0.0,0.0,0.0,0.0,-1690.37974034016
conduction,cold_surface,4720.0,78.666667,246.3220626453109,270.0,240.0,-95.05726650467466,0.0,0.0,0.0,0.0,0.0,-95.05726650467466,-1690.8550266726834,0.0,0.0,0.0,0.0,0.0,-1690.8550266726834
conduction,cold_surface,4725.0,78.75,246.307010115203,270.0,240.0,-94.8309396796634,0.0,0.0,0.0,0.0,0.0,-94.8309396796634,-1691.3291813710819,0.0,0.0,0.0,0.0,0.0,-1691.3291813710819
conduction,cold_surface,4730.0,78.833333,246.29199342445253,270.0,240.0,-94.6051517280452,0.0,0.0,0.0,0.0,0.0,-94.6051517280452,-1691.802207129722,0.0,0.0,0.0,0.0,0.0,-1691.802207129722
conduction,cold_surface,4735.0,78.916667,246.27701248772763,270.0,240.0,-94.37990136678792,0.0,0.0,0.0,0.0,0.0,-94.37990136678792,-1692.2741066365559,0.0,0.0,0.0,0.0,0.0,-1692.2741066365559
conduction,cold_surface,4740.0,79.0,246.2620672198997,270.0,240.0,-94.15518731591447,0.0,0.0,0.0,0.0,0.0,-94.15518731591447,-1692.7448825731353,0.0,0.0,0.0,0.0,0.0,-1692.7448825731353
conduction,cold_surface,4745.0,79.083333,246.2471575360428,270.0,240.0,-93.93100829849558,0.0,0.0,0.0,0.0,0.0,-93.93100829849558,-1693.214537614628,0.0,0.0,0.0,0.0,0.0,-1693.214537614628
conduction,cold_surface,4750.0,79.166667,246.23228335143318,270.0,240.0,-93.7073630406421,0.0,0.0,0.0,0.0,0.0,-93.7073630406421,-1693.6830744298313,0.0,0.0,0.0,0.0,0.0,-1693.6830744298313
conduction,cold_surface,4755.0,79.25,246.21744458154882,270.0,240.0,-93.48425027149773,0.0,0.0,0.0,0.0,0.0,-93.48425027149773,-1694.1504956811887,0.0,0.0,0.0,0.0,0.0,-1694.1504956811887
conduction,cold_surface,4760.0,79.333333,246.20264114206893,270.0,240.0,-93.26166872323228,0.0,0.0,0.0,0.0,0.0,-93.26166872323228,-1694.6168040248049,0.0,0.0,0.0,0.0,0.0,-1694.6168040248049
conduction,cold_surface,4765.0,79.416667,246.18787294887352,270.0,240.0,-93.0396171310339,0.0,0.0,0.0,0.0,0.0,-93.0396171310339,-1695.08200211046,0.0,0.0,0.0,0.0,0.0,-1695.08200211046
conduction,cold_surface,4770.0,79.5,246.17313991804286,270.0,240.0,-92.81809423310278,0.0,0.0,0.0,0.0,0.0,-92.81809423310278,-1695.5460925816255,0.0,0.0,0.0,0.0,0.0,-1695.5460925816255
conduction,cold_surface,4775.0,79.583333,246.15844196585704,270.0,240.0,-92.59709877064296,0.0,0.0,0.0,0.0,0.0,-92.59709877064296,-1696.0090780754788,0.0,0.0,0.0,0.0,0.0,-1696.0090780754788
conduction,cold_surface,4780.0,79.666667,246.14377900879546,270.0,240.0,-92.37662948785555,0.0,0.0,0.0,0.0,0.0,-92.37662948785555,-1696.470961222918,0.0,0.0,0.0,0.0,0.0,-1696.470961222918
conduction,cold_surface,4785.0,79.75,246.12915096353643,270.0,240.0,-92.15668513193194,0.0,0.0,0.0,0.0,0.0,-92.15668513193194,-1696.9317446485777,0.0,0.0,0.0,0.0,0.0,-1696.9317446485777
conduction,cold_surface,4790.0,79.833333,246.1145577469566,270.0,240.0,-91.93726445304648,0.0,0.0,0.0,0.0,0.0,-91.93726445304648,-1697.391430970843,0.0,0.0,0.0,0.0,0.0,-1697.391430970843
conduction,cold_surface,4795.0,79.916667,246.09999927613052,270.0,240.0,-91.71836620434888,0.0,0.0,0.0,0.0,0.0,-91.71836620434888,-1697.8500228018647,0.0,0.0,0.0,0.0,0.0,-1697.8500228018647
conduction,cold_surface,4800.0,80.0,246.0854754683302,270.0,240.0,-91.49998914195777,0.0,0.0,0.0,0.0,0.0,-91.49998914195777,-1698.3075227475745,0.0,0.0,0.0,0.0,0.0,-1698.3075227475745
conduction,cold_surface,4805.0,80.083333,246.07098624102466,270.0,240.0,-91.28213202495303,0.0,0.0,0.0,0.0,0.0,-91.28213202495303,-1698.7639334076991,0.0,0.0,0.0,0.0,0.0,-1698.7639334076991
conduction,cold_surface,4810.0,80.166667,246.05653151187937,270.0,240.0,-91.06479361536984,0.0,0.0,0.0,0.0,0.0,-91.06479361536984,-1699.2192573757761,0.0,0.0,0.0,0.0,0.0,-1699.2192573757761
conduction,cold_surface,4815.0,80.25,246.04211119875586,270.0,240.0,-90.84797267819056,0.0,0.0,0.0,0.0,0.0,-90.84797267819056,-1699.673497239167,0.0,0.0,0.0,0.0,0.0,-1699.673497239167
conduction,cold_surface,4820.0,80.333333,246.02772521971121,270.0,240.0,-90.63166798133793,0.0,0.0,0.0,0.0,0.0,-90.63166798133793,-1700.1266555790737,0.0,0.0,0.0,0.0,0.0,-1700.1266555790737
conduction,cold_surface,4825.0,80.416667,246.01337349299763,270.0,240.0,-90.41587829566822,0.0,0.0,0.0,0.0,0.0,-90.41587829566822,-1700.5787349705522,0.0,0.0,0.0,0.0,0.0,-1700.5787349705522
conduction,cold_surface,4830.0,80.5,245.9990559370619,270.0,240.0,-90.20060239496445,0.0,0.0,0.0,0.0,0.0,-90.20060239496445,-1701.029737982527,0.0,0.0,0.0,0.0,0.0,-1701.029737982527
conduction,cold_surface,4835.0,80.583333,245.9847724705451,270.0,240.0,-89.98583905592866,0.0,0.0,0.0,0.0,0.0,-89.98583905592866,-1701.4796671778065,0.0,0.0,0.0,0.0,0.0,-1701.4796671778065
conduction,cold_surface,4840.0,80.666667,245.9705230122819,270.0,240.0,-89.77158705817644,0.0,0.0,0.0,0.0,0.0,-89.77158705817644,-1701.9285251130973,0.0,0.0,0.0,0.0,0.0,-1701.9285251130973
conduction,cold_surface,4845.0,80.75,245.95630748130026,270.0,240.0,-89.55784518422831,0.0,0.0,0.0,0.0,0.0,-89.55784518422831,-1702.3763143390183,0.0,0.0,0.0,0.0,0.0,-1702.3763143390183
conduction,cold_surface,4850.0,80.833333,245.94212579682096,270.0,240.0,-89.34461221950386,0.0,0.0,0.0,0.0,0.0,-89.34461221950386,-1702.823037400116,0.0,0.0,0.0,0.0,0.0,-1702.823037400116
conduction,cold_surface,4855.0,80.916667,245.9279778782571,270.0,240.0,-89.1318869523144,0.0,0.0,0.0,0.0,0.0,-89.1318869523144,-1703.2686968348776,0.0,0.0,0.0,0.0,0.0,-1703.2686968348776
conduction,cold_surface,4860.0,81.0,245.91386364521364,270.0,240.0,-88.91966817385665,0.0,0.0,0.0,0.0,0.0,-88.91966817385665,-1703.7132951757467,0.0,0.0,0.0,0.0,0.0,-1703.7132951757467
conduction,cold_surface,4865.0,81.083333,245.89978301748693,270.0,240.0,-88.70795467820457,0.0,0.0,0.0,0.0,0.0,-88.70795467820457,-1704.1568349491379,0.0,0.0,0.0,0.0,0.0,-1704.1568349491379
conduction,cold_surface,4870.0,81.166667,245.88573591506434,270.0,240.0,-88.49674526230388,0.0,0.0,0.0,0.0,0.0,-88.49674526230388,-1704.5993186754492,0.0,0.0,0.0,0.0,0.0,-1704.5993186754492
conduction,cold_surface,4875.0,81.25,245.87172225812373,270.0,240.0,-88.28603872596517,0.0,0.0,0.0,0.0,0.0,-88.28603872596517,-1705.0407488690792,0.0,0.0,0.0,0.0,0.0,-1705.0407488690792
conduction,cold_surface,4880.0,81.333333,245.85774196703295,270.0,240.0,-88.07583387185588,0.0,0.0,0.0,0.0,0.0,-88.07583387185588,-1705.4811280384386,0.0,0.0,0.0,0.0,0.0,-1705.4811280384386
conduction,cold_surface,4885.0,81.416667,245.84379496234953,270.0,240.0,-87.86612950549426,0.0,0.0,0.0,0.0,0.0,-87.86612950549426,-1705.920458685966,0.0,0.0,0.0,0.0,0.0,-1705.920458685966
conduction,cold_surface,4890.0,81.5,245.82988116482014,270.0,240.0,-87.65692443524301,0.0,0.0,0.0,0.0,0.0,-87.65692443524301,-1706.3587433081423,0.0,0.0,0.0,0.0,0.0,-1706.3587433081423
conduction,cold_surface,4895.0,81.583333,245.81600049538008,270.0,240.0,-87.44821747230205,0.0,0.0,0.0,0.0,0.0,-87.44821747230205,-1706.7959843955039,0.0,0.0,0.0,0.0,0.0,-1706.7959843955039
conduction,cold_surface,4900.0,81.666667,245.80215287515298,270.0,240.0,-87.24000743070121,0.0,0.0,0.0,0.0,0.0,-87.24000743070121,-1707.2321844326573,0.0,0.0,0.0,0.0,0.0,-1707.2321844326573
conduction,cold_surface,4905.0,81.75,245.78833822545025,270.0,240.0,-87.03229312729476,0.0,0.0,0.0,0.0,0.0,-87.03229312729476,-1707.6673458982937,0.0,0.0,0.0,0.0,0.0,-1707.6673458982937
conduction,cold_surface,4910.0,81.833333,245.7745564677706,270.0,240.0,-86.8250733817537,0.0,0.0,0.0,0.0,0.0,-86.8250733817537,-1708.1014712652025,0.0,0.0,0.0,0.0,0.0,-1708.1014712652025
conduction,cold_surface,4915.0,81.916667,245.7608075237997,270.0,240.0,-86.61834701655891,0.0,0.0,0.0,0.0,0.0,-86.61834701655891,-1708.534563000285,0.0,0.0,0.0,0.0,0.0,-1708.534563000285
conduction,cold_surface,4920.0,82.0,245.7470913154097,270.0,240.0,-86.41211285699569,0.0,0.0,0.0,0.0,0.0,-86.41211285699569,-1708.96662356457,0.0,0.0,0.0,0.0,0.0,-1708.96662356457
conduction,cold_surface,4925.0,82.083333,245.73340776465872,270.0,240.0,-86.20636973114557,0.0,0.0,0.0,0.0,0.0,-86.20636973114557,-1709.3976554132257,0.0,0.0,0.0,0.0,0.0,-1709.3976554132257
conduction,cold_surface,4930.0,82.166667,245.71975679379048,270.0,240.0,-86.00111646988083,0.0,0.0,0.0,0.0,0.0,-86.00111646988083,-1709.8276609955751,0.0,0.0,0.0,0.0,0.0,-1709.8276609955751
conduction,cold_surface,4935.0,82.25,245.70613832523384,270.0,240.0,-85.79635190685721,0.0,0.0,0.0,0.0,0.0,-85.79635190685721,-1710.2566427551094,0.0,0.0,0.0,0.0,0.0,-1710.2566427551094
conduction,cold_surface,4940.0,82.333333,245.69255228160233,270.0,240.0,-85.59207487850756,0.0,0.0,0.0,0.0,0.0,-85.59207487850756,-1710.684603129502,0.0,0.0,0.0,0.0,0.0,-1710.684603129502
conduction,cold_surface,4945.0,82.416667,245.67899858569376,270.0,240.0,-85.38828422403498,0.0,0.0,0.0,0.0,0.0,-85.38828422403498,-1711.111544550622,0.0,0.0,0.0,0.0,0.0,-1711.111544550622
conduction,cold_surface,4950.0,82.5,245.66547716048973,270.0,240.0,-85.18497878540643,0.0,0.0,0.0,0.0,0.0,-85.18497878540643,-1711.5374694445493,0.0,0.0,0.0,0.0,0.0,-1711.5374694445493
conduction,cold_surface,4955.0,82.583333,245.65198792915524,270.0,240.0,-84.98215740734594,0.0,0.0,0.0,0.0,0.0,-84.98215740734594,-1711.9623802315857,0.0,0.0,0.0,0.0,0.0,-1711.9623802315857
conduction,cold_surface,4960.0,82.666667,245.6385308150382,270.0,240.0,-84.7798189373286,0.0,0.0,0.0,0.0,0.0,-84.7798189373286,-1712.3862793262724,0.0,0.0,0.0,0.0,0.0,-1712.3862793262724
conduction,cold_surface,4965.0,82.75,245.62510574166905,270.0,240.0,-84.57796222557292,0.0,0.0,0.0,0.0,0.0,-84.57796222557292,-1712.8091691374004,0.0,0.0,0.0,0.0,0.0,-1712.8091691374004
conduction,cold_surface,4970.0,82.833333,245.61171263276032,270.0,240.0,-84.37658612503569,0.0,0.0,0.0,0.0,0.0,-84.37658612503569,-1713.2310520680255,0.0,0.0,0.0,0.0,0.0,-1713.2310520680255
conduction,cold_surface,4975.0,82.916667,245.5983514122061,270.0,240.0,-84.17568949140474,0.0,0.0,0.0,0.0,0.0,-84.17568949140474,-1713.6519305154825,0.0,0.0,0.0,0.0,0.0,-1713.6519305154825
conduction,cold_surface,4980.0,83.0,245.58502200408182,270.0,240.0,-83.9752711830917,0.0,0.0,0.0,0.0,0.0,-83.9752711830917,-1714.0718068713982,0.0,0.0,0.0,0.0,0.0,-1714.0718068713982
conduction,cold_surface,4985.0,83.083333,245.57172433264353,270.0,240.0,-83.77533006122732,0.0,0.0,0.0,0.0,0.0,-83.77533006122732,-1714.4906835217043,0.0,0.0,0.0,0.0,0.0,-1714.4906835217043
conduction,cold_surface,4990.0,83.166667,245.5584583223277,270.0,240.0,-83.5758649896529,0.0,0.0,0.0,0.0,0.0,-83.5758649896529,-1714.9085628466526,0.0,0.0,0.0,0.0,0.0,-1714.9085628466526
conduction,cold_surface,4995.0,83.25,245.54522389775073,270.0,240.0,-83.37687483491564,0.0,0.0,0.0,0.0,0.0,-83.37687483491564,-1715.325447220827,0.0,0.0,0.0,0.0,0.0,-1715.325447220827
conduction,cold_surface,5000.0,83.333333,245.53202098370846,270.0,240.0,-83.17835846626096,0.0,0.0,0.0,0.0,0.0,-83.17835846626096,-1715.7413390131583,0.0,0.0,0.0,0.0,0.0,-1715.7413390131583
conduction,cold_surface,5005.0,83.416667,245.51884950517584,270.0,240.0,-82.98031475562695,0.0,0.0,0.0,0.0,0.0,-82.98031475562695,-1716.1562405869365,0.0,0.0,0.0,0.0,0.0,-1716.1562405869365
conduction,cold_surface,5010.0,83.5,245.50570938730638,270.0,240.0,-82.78274257763755,0.0,0.0,0.0,0.0,0.0,-82.78274257763755,-1716.5701542998247,0.0,0.0,0.0,0.0,0.0,-1716.5701542998247
conduction,cold_surface,5015.0,83.583333,245.49260055543184,270.0,240.0,-82.58564080959573,0.0,0.0,0.0,0.0,0.0,-82.58564080959573,-1716.9830825038728,0.0,0.0,0.0,0.0,0.0,-1716.9830825038728
conduction,cold_surface,5020.0,83.666667,245.47952293506177,270.0,240.0,-82.38900833147753,0.0,0.0,0.0,0.0,0.0,-82.38900833147753,-1717.3950275455302,0.0,0.0,0.0,0.0,0.0,-1717.3950275455302
conduction,cold_surface,5025.0,83.75,245.46647645188304,270.0,240.0,-82.19284402592649,0.0,0.0,0.0,0.0,0.0,-82.19284402592649,-1717.8059917656597,0.0,0.0,0.0,0.0,0.0,-1717.8059917656597
conduction,cold_surface,5030.0,83.833333,245.4534610317595,270.0,240.0,-81.9971467782456,0.0,0.0,0.0,0.0,0.0,-81.9971467782456,-1718.215977499551,0.0,0.0,0.0,0.0,0.0,-1718.215977499551
conduction,cold_surface,5035.0,83.916667,245.4404766007315,270.0,240.0,-81.80191547639254,0.0,0.0,0.0,0.0,0.0,-81.80191547639254,-1718.6249870769327,0.0,0.0,0.0,0.0,0.0,-1718.6249870769327
conduction,cold_surface,5040.0,84.0,245.42752308501548,270.0,240.0,-81.6071490109725,0.0,0.0,0.0,0.0,0.0,-81.6071490109725,-1719.0330228219877,0.0,0.0,0.0,0.0,0.0,-1719.0330228219877
conduction,cold_surface,5045.0,84.083333,245.41460041100353,270.0,240.0,-81.4128462752322,0.0,0.0,0.0,0.0,0.0,-81.4128462752322,-1719.4400870533639,0.0,0.0,0.0,0.0,0.0,-1719.4400870533639
conduction,cold_surface,5050.0,84.166667,245.40170850526306,270.0,240.0,-81.219006165053,0.0,0.0,0.0,0.0,0.0,-81.219006165053,-1719.8461820841892,0.0,0.0,0.0,0.0,0.0,-1719.8461820841892
conduction,cold_surface,5055.0,84.25,245.38884729453625,270.0,240.0,-81.02562757894589,0.0,0.0,0.0,0.0,0.0,-81.02562757894589,-1720.251310222084,0.0,0.0,0.0,0.0,0.0,-1720.251310222084
conduction,cold_surface,5060.0,84.333333,245.37601670573974,270.0,240.0,-80.83270941804372,0.0,0.0,0.0,0.0,0.0,-80.83270941804372,-1720.6554737691743,0.0,0.0,0.0,0.0,0.0,-1720.6554737691743
conduction,cold_surface,5065.0,84.416667,245.36321666596416,270.0,240.0,-80.64025058609616,0.0,0.0,0.0,0.0,0.0,-80.64025058609616,-1721.0586750221048,0.0,0.0,0.0,0.0,0.0,-1721.0586750221048
conduction,cold_surface,5070.0,84.5,245.35044710247377,270.0,240.0,-80.4482499894624,0.0,0.0,0.0,0.0,0.0,-80.4482499894624,-1721.4609162720521,0.0,0.0,0.0,0.0,0.0,-1721.4609162720521
conduction,cold_surface,5075.0,84.583333,245.33770794270598,270.0,240.0,-80.25670653710648,0.0,0.0,0.0,0.0,0.0,-80.25670653710648,-1721.8621998047377,0.0,0.0,0.0,0.0,0.0,-1721.8621998047377
conduction,cold_surface,5080.0,84.666667,245.32499911427095,270.0,240.0,-80.06561914058963,0.0,0.0,0.0,0.0,0.0,-80.06561914058963,-1722.2625279004405,0.0,0.0,0.0,0.0,0.0,-1722.2625279004405
conduction,cold_surface,5085.0,84.75,245.31232054495126,270.0,240.0,-79.87498671406428,0.0,0.0,0.0,0.0,0.0,-79.87498671406428,-1722.661902834011,0.0,0.0,0.0,0.0,0.0,-1722.661902834011
conduction,cold_surface,5090.0,84.833333,245.29967216270137,270.0,240.0,-79.68480817426894,0.0,0.0,0.0,0.0,0.0,-79.68480817426894,-1723.0603268748825,0.0,0.0,0.0,0.0,0.0,-1723.0603268748825
conduction,cold_surface,5095.0,84.916667,245.28705389564732,270.0,240.0,-79.49508244052055,0.0,0.0,0.0,0.0,0.0,-79.49508244052055,-1723.457802287085,0.0,0.0,0.0,0.0,0.0,-1723.457802287085
conduction,cold_surface,5100.0,85.0,245.27446567208625,270.0,240.0,-79.30580843470977,0.0,0.0,0.0,0.0,0.0,-79.30580843470977,-1723.8543313292587,0.0,0.0,0.0,0.0,0.0,-1723.8543313292587
conduction,cold_surface,5105.0,85.083333,245.26190742048604,270.0,240.0,-79.11698508129376,0.0,0.0,0.0,0.0,0.0,-79.11698508129376,-1724.249916254665,0.0,0.0,0.0,0.0,0.0,-1724.249916254665
conduction,cold_surface,5110.0,85.166667,245.2493790694849,270.0,240.0,-78.9286113072906,0.0,0.0,0.0,0.0,0.0,-78.9286113072906,-1724.6445593112016,0.0,0.0,0.0,0.0,0.0,-1724.6445593112016
conduction,cold_surface,5115.0,85.25,245.23688054789088,270.0,240.0,-78.74068604227332,0.0,0.0,0.0,0.0,0.0,-78.74068604227332,-1725.038262741413,0.0,0.0,0.0,0.0,0.0,-1725.038262741413
conduction,cold_surface,5120.0,85.333333,245.22441178468162,270.0,240.0,-78.55320821836315,0.0,0.0,0.0,0.0,0.0,-78.55320821836315,-1725.4310287825049,0.0,0.0,0.0,0.0,0.0,-1725.4310287825049
conduction,cold_surface,5125.0,85.416667,245.21197270900382,270.0,240.0,-78.36617677022431,0.0,0.0,0.0,0.0,0.0,-78.36617677022431,-1725.822859666356,0.0,0.0,0.0,0.0,0.0,-1725.822859666356
conduction,cold_surface,5130.0,85.5,245.19956325017284,270.0,240.0,-78.17959063505725,0.0,0.0,0.0,0.0,0.0,-78.17959063505725,-1726.2137576195312,0.0,0.0,0.0,0.0,0.0,-1726.2137576195312
conduction,cold_surface,5135.0,85.583333,245.18718333767242,270.0,240.0,-77.99344875259266,0.0,0.0,0.0,0.0,0.0,-77.99344875259266,-1726.603724863294,0.0,0.0,0.0,0.0,0.0,-1726.603724863294
conduction,cold_surface,5140.0,85.666667,245.17483290115416,270.0,240.0,-77.80775006508634,0.0,0.0,0.0,0.0,0.0,-77.80775006508634,-1726.9927636136194,0.0,0.0,0.0,0.0,0.0,-1726.9927636136194
conduction,cold_surface,5145.0,85.75,245.16251187043713,270.0,240.0,-77.62249351731242,0.0,0.0,0.0,0.0,0.0,-77.62249351731242,-1727.380876081206,0.0,0.0,0.0,0.0,0.0,-1727.380876081206
conduction,cold_surface,5150.0,85.833333,245.1502201755075,270.0,240.0,-77.43767805655693,0.0,0.0,0.0,0.0,0.0,-77.43767805655693,-1727.7680644714885,0.0,0.0,0.0,0.0,0.0,-1727.7680644714885
conduction,cold_surface,5155.0,85.916667,245.1379577465182,270.0,240.0,-77.2533026326127,0.0,0.0,0.0,0.0,0.0,-77.2533026326127,-1728.1543309846516,0.0,0.0,0.0,0.0,0.0,-1728.1543309846516
conduction,cold_surface,5160.0,86.0,245.12572451378838,270.0,240.0,-77.06936619777295,0.0,0.0,0.0,0.0,0.0,-77.06936619777295,-1728.5396778156403,0.0,0.0,0.0,0.0,0.0,-1728.5396778156403
conduction,cold_surface,5165.0,86.083333,245.11352040780318,270.0,240.0,-76.88586770682576,0.0,0.0,0.0,0.0,0.0,-76.88586770682576,-1728.9241071541744,0.0,0.0,0.0,0.0,0.0,-1728.9241071541744
conduction,cold_surface,5170.0,86.166667,245.10134535921318,270.0,240.0,-76.70280611704769,0.0,0.0,0.0,0.0,0.0,-76.70280611704769,-1729.3076211847597,0.0,0.0,0.0,0.0,0.0,-1729.3076211847597
conduction,cold_surface,5175.0,86.25,245.0891992988341,270.0,240.0,-76.52018038819776,0.0,0.0,0.0,0.0,0.0,-76.52018038819776,-1729.690222086701,0.0,0.0,0.0,0.0,0.0,-1729.690222086701
conduction,cold_surface,5180.0,86.333333,245.0770821576464,270.0,240.0,-76.33798948251155,0.0,0.0,0.0,0.0,0.0,-76.33798948251155,-1730.0719120341134,0.0,0.0,0.0,0.0,0.0,-1730.0719120341134
conduction,cold_surface,5185.0,86.416667,245.06499386679485,270.0,240.0,-76.15623236469602,0.0,0.0,0.0,0.0,0.0,-76.15623236469602,-1730.452693195937,0.0,0.0,0.0,0.0,0.0,-1730.452693195937
conduction,cold_surface,5190.0,86.5,245.05293435758819,270.0,240.0,-75.97490800192276,0.0,0.0,0.0,0.0,0.0,-75.97490800192276,-1730.8325677359464,0.0,0.0,0.0,0.0,0.0,-1730.8325677359464
conduction,cold_surface,5195.0,86.583333,245.04090356149868,270.0,240.0,-75.79401536382278,0.0,0.0,0.0,0.0,0.0,-75.79401536382278,-1731.2115378127658,0.0,0.0,0.0,0.0,0.0,-1731.2115378127658
conduction,cold_surface,5200.0,86.666667,245.02890141016178,270.0,240.0,-75.61355342248021,0.0,0.0,0.0,0.0,0.0,-75.61355342248021,-1731.5896055798783,0.0,0.0,0.0,0.0,0.0,-1731.5896055798783
conduction,cold_surface,5205.0,86.75,245.01692783537567,270.0,240.0,-75.43352115242669,0.0,0.0,0.0,0.0,0.0,-75.43352115242669,-1731.9667731856402,0.0,0.0,0.0,0.0,0.0,-1731.9667731856402
conduction,cold_surface,5210.0,86.833333,245.00498276910096,270.0,240.0,-75.25391753063502,0.0,0.0,0.0,0.0,0.0,-75.25391753063502,-1732.3430427732935,0.0,0.0,0.0,0.0,0.0,-1732.3430427732935
conduction,cold_surface,5215.0,86.916667,244.99306614346025,270.0,240.0,-75.07474153651444,0.0,0.0,0.0,0.0,0.0,-75.07474153651444,-1732.7184164809762,0.0,0.0,0.0,0.0,0.0,-1732.7184164809762
conduction,cold_surface,5220.0,87.0,244.98117789073774,270.0,240.0,-74.89599215190381,0.0,0.0,0.0,0.0,0.0,-74.89599215190381,-1733.0928964417355,0.0,0.0,0.0,0.0,0.0,-1733.0928964417355
conduction,cold_surface,5225.0,87.083333,244.96931794337885,270.0,240.0,-74.7176683610661,0.0,0.0,0.0,0.0,0.0,-74.7176683610661,-1733.4664847835409,0.0,0.0,0.0,0.0,0.0,-1733.4664847835409
conduction,cold_surface,5230.0,87.166667,244.95748623398987,270.0,240.0,-74.53976915068282,0.0,0.0,0.0,0.0,0.0,-74.53976915068282,-1733.8391836292944,0.0,0.0,0.0,0.0,0.0,-1733.8391836292944
conduction,cold_surface,5235.0,87.25,244.94568269533752,270.0,240.0,-74.36229350984803,0.0,0.0,0.0,0.0,0.0,-74.36229350984803,-1734.2109950968436,0.0,0.0,0.0,0.0,0.0,-1734.2109950968436
conduction,cold_surface,5240.0,87.333333,244.93390726034863,270.0,240.0,-74.18524043006286,0.0,0.0,0.0,0.0,0.0,-74.18524043006286,-1734.581921298994,0.0,0.0,0.0,0.0,0.0,-1734.581921298994
conduction,cold_surface,5245.0,87.416667,244.9221598621097,270.0,240.0,-74.0086089052295,0.0,0.0,0.0,0.0,0.0,-74.0086089052295,-1734.95196434352,0.0,0.0,0.0,0.0,0.0,-1734.95196434352
conduction,cold_surface,5250.0,87.5,244.9104404338666,270.0,240.0,-73.83239793164563,0.0,0.0,0.0,0.0,0.0,-73.83239793164563,-1735.3211263331782,0.0,0.0,0.0,0.0,0.0,-1735.3211263331782
conduction,cold_surface,5255.0,87.583333,244.89874890902405,270.0,240.0,-73.65660650799896,0.0,0.0,0.0,0.0,0.0,-73.65660650799896,-1735.6894093657183,0.0,0.0,0.0,0.0,0.0,-1735.6894093657183
conduction,cold_surface,5260.0,87.666667,244.8870852211454,270.0,240.0,-73.48123363536075,0.0,0.0,0.0,0.0,0.0,-73.48123363536075,-1736.0568155338951,0.0,0.0,0.0,0.0,0.0,-1736.0568155338951
conduction,cold_surface,5265.0,87.75,244.8754493039522,270.0,240.0,-73.30627831718118,0.0,0.0,0.0,0.0,0.0,-73.30627831718118,-1736.423346925481,0.0,0.0,0.0,0.0,0.0,-1736.423346925481
conduction,cold_surface,5270.0,87.833333,244.86384109132374,270.0,240.0,-73.13173955928292,0.0,0.0,0.0,0.0,0.0,-73.13173955928292,-1736.7890056232775,0.0,0.0,0.0,0.0,0.0,-1736.7890056232775
conduction,cold_surface,5275.0,87.916667,244.85226051729677,270.0,240.0,-72.95761636985603,0.0,0.0,0.0,0.0,0.0,-72.95761636985603,-1737.1537937051266,0.0,0.0,0.0,0.0,0.0,-1737.1537937051266
conduction,cold_surface,5280.0,88.0,244.84070751606512,270.0,240.0,-72.78390775945155,0.0,0.0,0.0,0.0,0.0,-72.78390775945155,-1737.5177132439242,0.0,0.0,0.0,0.0,0.0,-1737.5177132439242
conduction,cold_surface,5285.0,88.083333,244.82918202197925,270.0,240.0,-72.61061274097685,0.0,0.0,0.0,0.0,0.0,-72.61061274097685,-1737.8807663076288,0.0,0.0,0.0,0.0,0.0,-1737.8807663076288
conduction,cold_surface,5290.0,88.166667,244.81768396954595,270.0,240.0,-72.43773032968875,0.0,0.0,0.0,0.0,0.0,-72.43773032968875,-1738.2429549592773,0.0,0.0,0.0,0.0,0.0,-1738.2429549592773
conduction,cold_surface,5295.0,88.25,244.806213293428,270.0,240.0,-72.2652595431893,0.0,0.0,0.0,0.0,0.0,-72.2652595431893,-1738.6042812569933,0.0,0.0,0.0,0.0,0.0,-1738.6042812569933
conduction,cold_surface,5300.0,88.333333,244.79476992844363,270.0,240.0,-72.09319940141981,0.0,0.0,0.0,0.0,0.0,-72.09319940141981,-1738.9647472540005,0.0,0.0,0.0,0.0,0.0,-1738.9647472540005
conduction,cold_surface,5305.0,88.416667,244.7833538095664,270.0,240.0,-71.92154892665442,0.0,0.0,0.0,0.0,0.0,-71.92154892665442,-1739.3243549986337,0.0,0.0,0.0,0.0,0.0,-1739.3243549986337
conduction,cold_surface,5310.0,88.5,244.77196487192458,270.0,240.0,-71.75030714349589,0.0,0.0,0.0,0.0,0.0,-71.75030714349589,-1739.683106534351,0.0,0.0,0.0,0.0,0.0,-1739.683106534351
conduction,cold_surface,5315.0,88.583333,244.76060305080094,270.0,240.0,-71.57947307886872,0.0,0.0,0.0,0.0,0.0,-71.57947307886872,-1740.0410038997454,0.0,0.0,0.0,0.0,0.0,-1740.0410038997454
conduction,cold_surface,5320.0,88.666667,244.74926828163237,270.0,240.0,-71.40904576201407,0.0,0.0,0.0,0.0,0.0,-71.40904576201407,-1740.3980491285554,0.0,0.0,0.0,0.0,0.0,-1740.3980491285554
conduction,cold_surface,5325.0,88.75,244.73796050000942,270.0,240.0,-71.23902422448552,0.0,0.0,0.0,0.0,0.0,-71.23902422448552,-1740.754244249678,0.0,0.0,0.0,0.0,0.0,-1740.754244249678
conduction,cold_surface,5330.0,88.833333,244.72667964167607,270.0,240.0,-71.06940750014132,0.0,0.0,0.0,0.0,0.0,-71.06940750014132,-1741.1095912871788,0.0,0.0,0.0,0.0,0.0,-1741.1095912871788
conduction,cold_surface,5335.0,88.916667,244.71542564252923,270.0,240.0,-70.90019462514107,0.0,0.0,0.0,0.0,0.0,-70.90019462514107,-1741.4640922603044,0.0,0.0,0.0,0.0,0.0,-1741.4640922603044
conduction,cold_surface,5340.0,89.0,244.70419843861845,270.0,240.0,-70.73138463793839,0.0,0.0,0.0,0.0,0.0,-70.73138463793839,-1741.8177491834942,0.0,0.0,0.0,0.0,0.0,-1741.8177491834942
conduction,cold_surface,5345.0,89.083333,244.69299796614555,270.0,240.0,-70.56297657927672,0.0,0.0,0.0,0.0,0.0,-70.56297657927672,-1742.1705640663904,0.0,0.0,0.0,0.0,0.0,-1742.1705640663904
conduction,cold_surface,5350.0,89.166667,244.68182416146425,270.0,240.0,-70.39496949218332,0.0,0.0,0.0,0.0,0.0,-70.39496949218332,-1742.5225389138513,0.0,0.0,0.0,0.0,0.0,-1742.5225389138513
conduction,cold_surface,5355.0,89.25,244.6706769610798,270.0,240.0,-70.22736242196373,0.0,0.0,0.0,0.0,0.0,-70.22736242196373,-1742.873675725961,0.0,0.0,0.0,0.0,0.0,-1742.873675725961
conduction,cold_surface,5360.0,89.333333,244.65955630164868,270.0,240.0,-70.0601544161971,0.0,0.0,0.0,0.0,0.0,-70.0601544161971,-1743.223976498042,0.0,0.0,0.0,0.0,0.0,-1743.223976498042
conduction,cold_surface,5365.0,89.416667,244.6484621199781,270.0,240.0,-69.89334452473017,0.0,0.0,0.0,0.0,0.0,-69.89334452473017,-1743.5734432206657,0.0,0.0,0.0,0.0,0.0,-1743.5734432206657
conduction,cold_surface,5370.0,89.5,244.63739435302577,270.0,240.0,-69.72693179967138,0.0,0.0,0.0,0.0,0.0,-69.72693179967138,-1743.9220778796641,0.0,0.0,0.0,0.0,0.0,-1743.9220778796641
conduction,cold_surface,5375.0,89.583333,244.62635293789953,270.0,240.0,-69.56091529538654,0.0,0.0,0.0,0.0,0.0,-69.56091529538654,-1744.269882456141,0.0,0.0,0.0,0.0,0.0,-1744.269882456141
conduction,cold_surface,5380.0,89.666667,244.6153378118569,270.0,240.0,-69.39529406849289,0.0,0.0,0.0,0.0,0.0,-69.39529406849289,-1744.6168589264835,0.0,0.0,0.0,0.0,0.0,-1744.6168589264835
conduction,cold_surface,5385.0,89.75,244.60434891230486,270.0,240.0,-69.23006717785356,0.0,0.0,0.0,0.0,0.0,-69.23006717785356,-1744.9630092623727,0.0,0.0,0.0,0.0,0.0,-1744.9630092623727
conduction,cold_surface,5390.0,89.833333,244.59338617679936,270.0,240.0,-69.06523368457286,0.0,0.0,0.0,0.0,0.0,-69.06523368457286,-1745.3083354307955,0.0,0.0,0.0,0.0,0.0,-1745.3083354307955
conduction,cold_surface,5395.0,89.916667,244.58244954304507,270.0,240.0,-68.90079265199034,0.0,0.0,0.0,0.0,0.0,-68.90079265199034,-1745.6528393940555,0.0,0.0,0.0,0.0,0.0,-1745.6528393940555
conduction,cold_surface,5400.0,90.0,244.57153894889495,270.0,240.0,-68.73674314567609,0.0,0.0,0.0,0.0,0.0,-68.73674314567609,-1745.996523109784,0.0,0.0,0.0,0.0,0.0,-1745.996523109784
conduction,cold_surface,5405.0,90.083333,244.56065433234997,270.0,240.0,-68.57308423342431,0.0,0.0,0.0,0.0,0.0,-68.57308423342431,-1746.339388530951,0.0,0.0,0.0,0.0,0.0,-1746.339388530951
conduction,cold_surface,5410.0,90.166667,244.54979563155865,270.0,240.0,-68.40981498524954,0.0,0.0,0.0,0.0,0.0,-68.40981498524954,-1746.6814376058771,0.0,0.0,0.0,0.0,0.0,-1746.6814376058771
conduction,cold_surface,5415.0,90.25,244.53896278481685,270.0,240.0,-68.24693447337978,0.0,0.0,0.0,0.0,0.0,-68.24693447337978,-1747.022672278244,0.0,0.0,0.0,0.0,0.0,-1747.022672278244
conduction,cold_surface,5420.0,90.333333,244.52815573056728,270.0,240.0,-68.08444177225269,0.0,0.0,0.0,0.0,0.0,-68.08444177225269,-1747.3630944871052,0.0,0.0,0.0,0.0,0.0,-1747.3630944871052
conduction,cold_surface,5425.0,90.416667,244.51737440739927,270.0,240.0,-67.92233595850917,0.0,0.0,0.0,0.0,0.0,-67.92233595850917,-1747.702706166898,0.0,0.0,0.0,0.0,0.0,-1747.702706166898
conduction,cold_surface,5430.0,90.5,244.50661875404833,270.0,240.0,-67.7606161109891,0.0,0.0,0.0,0.0,0.0,-67.7606161109891,-1748.041509247453,0.0,0.0,0.0,0.0,0.0,-1748.041509247453
conduction,cold_surface,5435.0,90.583333,244.49588870939584,270.0,240.0,-67.59928131072499,0.0,0.0,0.0,0.0,0.0,-67.59928131072499,-1748.3795056540066,0.0,0.0,0.0,0.0,0.0,-1748.3795056540066
conduction,cold_surface,5440.0,90.666667,244.4851842124687,270.0,240.0,-67.43833064093764,0.0,0.0,0.0,0.0,0.0,-67.43833064093764,-1748.716697307211,0.0,0.0,0.0,0.0,0.0,-1748.716697307211
conduction,cold_surface,5445.0,90.75,244.47450520243902,270.0,240.0,-67.27776318703064,0.0,0.0,0.0,0.0,0.0,-67.27776318703064,-1749.0530861231464,0.0,0.0,0.0,0.0,0.0,-1749.0530861231464
conduction,cold_surface,5450.0,90.833333,244.4638516186237,270.0,240.0,-67.11757803658529,0.0,0.0,0.0,0.0,0.0,-67.11757803658529,-1749.3886740133291,0.0,0.0,0.0,0.0,0.0,-1749.3886740133291
conduction,cold_surface,5455.0,90.916667,244.45322340048412,270.0,240.0,-66.95777427935539,0.0,0.0,0.0,0.0,0.0,-66.95777427935539,-1749.723462884726,0.0,0.0,0.0,0.0,0.0,-1749.723462884726
conduction,cold_surface,5460.0,91.0,244.44262048762582,270.0,240.0,-66.7983510072618,0.0,0.0,0.0,0.0,0.0,-66.7983510072618,-1750.0574546397625,0.0,0.0,0.0,0.0,0.0,-1750.0574546397625
conduction,cold_surface,5465.0,91.083333,244.43204281979814,270.0,240.0,-66.63930731438725,0.0,0.0,0.0,0.0,0.0,-66.63930731438725,-1750.3906511763344,0.0,0.0,0.0,0.0,0.0,-1750.3906511763344
conduction,cold_surface,5470.0,91.166667,244.42149033689387,270.0,240.0,-66.48064229697212,0.0,0.0,0.0,0.0,0.0,-66.48064229697212,-1750.7230543878193,0.0,0.0,0.0,0.0,0.0,-1750.7230543878193
conduction,cold_surface,5475.0,91.25,244.41096297894887,270.0,240.0,-66.32235505340802,0.0,0.0,0.0,0.0,0.0,-66.32235505340802,-1751.0546661630863,0.0,0.0,0.0,0.0,0.0,-1751.0546661630863
conduction,cold_surface,5480.0,91.333333,244.40046068614186,270.0,240.0,-66.1644446842331,0.0,0.0,0.0,0.0,0.0,-66.1644446842331,-1751.3854883865074,0.0,0.0,0.0,0.0,0.0,-1751.3854883865074
conduction,cold_surface,5485.0,91.416667,244.3899833987939,270.0,240.0,-66.00691029212783,0.0,0.0,0.0,0.0,0.0,-66.00691029212783,-1751.715522937968,0.0,0.0,0.0,0.0,0.0,-1751.715522937968
conduction,cold_surface,5490.0,91.5,244.3795310573682,270.0,240.0,-65.84975098190853,0.0,0.0,0.0,0.0,0.0,-65.84975098190853,-1752.0447716928775,0.0,0.0,0.0,0.0,0.0,-1752.0447716928775
conduction,cold_surface,5495.0,91.583333,244.36910360246972,270.0,240.0,-65.69296586052317,0.0,0.0,0.0,0.0,0.0,-65.69296586052317,-1752.37323652218,0.0,0.0,0.0,0.0,0.0,-1752.37323652218
conduction,cold_surface,5500.0,91.666667,244.3587009748448,270.0,240.0,-65.53655403704582,0.0,0.0,0.0,0.0,0.0,-65.53655403704582,-1752.7009192923651,0.0,0.0,0.0,0.0,0.0,-1752.7009192923651
conduction,cold_surface,5505.0,91.75,244.34832311538088,270.0,240.0,-65.38051462267191,0.0,0.0,0.0,0.0,0.0,-65.38051462267191,-1753.0278218654785,0.0,0.0,0.0,0.0,0.0,-1753.0278218654785
conduction,cold_surface,5510.0,91.833333,244.33796996510617,270.0,240.0,-65.22484673071318,0.0,0.0,0.0,0.0,0.0,-65.22484673071318,-1753.3539460991321,0.0,0.0,0.0,0.0,0.0,-1753.3539460991321
conduction,cold_surface,5515.0,91.916667,244.32764146518926,270.0,240.0,-65.06954947659253,0.0,0.0,0.0,0.0,0.0,-65.06954947659253,-1753.679293846515,0.0,0.0,0.0,0.0,0.0,-1753.679293846515
conduction,cold_surface,5520.0,92.0,244.3173375569388,270.0,240.0,-64.91462197783889,0.0,0.0,0.0,0.0,0.0,-64.91462197783889,-1754.0038669564042,0.0,0.0,0.0,0.0,0.0,-1754.0038669564042
conduction,cold_surface,5525.0,92.083333,244.30705818180323,270.0,240.0,-64.76006335408215,0.0,0.0,0.0,0.0,0.0,-64.76006335408215,-1754.3276672731745,0.0,0.0,0.0,0.0,0.0,-1754.3276672731745
conduction,cold_surface,5530.0,92.166667,244.29680328137036,270.0,240.0,-64.60587272704842,0.0,0.0,0.0,0.0,0.0,-64.60587272704842,-1754.6506966368097,0.0,0.0,0.0,0.0,0.0,-1754.6506966368097
conduction,cold_surface,5535.0,92.25,244.28657279736709,270.0,240.0,-64.45204922055538,0.0,0.0,0.0,0.0,0.0,-64.45204922055538,-1754.9729568829125,0.0,0.0,0.0,0.0,0.0,-1754.9729568829125
conduction,cold_surface,5540.0,92.333333,244.27636667165908,270.0,240.0,-64.29859196050629,0.0,0.0,0.0,0.0,0.0,-64.29859196050629,-1755.294449842715,0.0,0.0,0.0,0.0,0.0,-1755.294449842715
conduction,cold_surface,5545.0,92.416667,244.26618484625035,270.0,240.0,-64.14550007488614,0.0,0.0,0.0,0.0,0.0,-64.14550007488614,-1755.6151773430893,0.0,0.0,0.0,0.0,0.0,-1755.6151773430893
conduction,cold_surface,5550.0,92.5,244.2560272632831,270.0,240.0,-63.99277269375531,0.0,0.0,0.0,0.0,0.0,-63.99277269375531,-1755.935141206558,0.0,0.0,0.0,0.0,0.0,-1755.935141206558
conduction,cold_surface,5555.0,92.583333,244.2458938650372,270.0,240.0,-63.84040894924652,0.0,0.0,0.0,0.0,0.0,-63.84040894924652,-1756.2543432513041,0.0,0.0,0.0,0.0,0.0,-1756.2543432513041
conduction,cold_surface,5560.0,92.666667,244.23578459392996,270.0,240.0,-63.68840797555805,0.0,0.0,0.0,0.0,0.0,-63.68840797555805,-1756.572785291182,0.0,0.0,0.0,0.0,0.0,-1756.572785291182
conduction,cold_surface,5565.0,92.75,244.22569939251585,270.0,240.0,-63.536768908949455,0.0,0.0,0.0,0.0,0.0,-63.536768908949455,-1756.8904691357268,0.0,0.0,0.0,0.0,0.0,-1756.8904691357268
conduction,cold_surface,5570.0,92.833333,244.21563820348604,270.0,240.0,-63.385490887737745,0.0,0.0,0.0,0.0,0.0,-63.385490887737745,-1757.2073965901657,0.0,0.0,0.0,0.0,0.0,-1757.2073965901657
conduction,cold_surface,5575.0,92.916667,244.2056009696682,270.0,240.0,-63.23457305229056,0.0,0.0,0.0,0.0,0.0,-63.23457305229056,-1757.5235694554272,0.0,0.0,0.0,0.0,0.0,-1757.5235694554272
conduction,cold_surface,5580.0,93.0,244.19558763402614,270.0,240.0,-63.084014545023166,0.0,0.0,0.0,0.0,0.0,-63.084014545023166,-1757.838989528152,0.0,0.0,0.0,0.0,0.0,-1757.838989528152
conduction,cold_surface,5585.0,93.083333,244.18559813965942,270.0,240.0,-62.9338145103921,0.0,0.0,0.0,0.0,0.0,-62.9338145103921,-1758.1536586007041,0.0,0.0,0.0,0.0,0.0,-1758.1536586007041
conduction,cold_surface,5590.0,93.166667,244.17563242980307,270.0,240.0,-62.78397209489128,0.0,0.0,0.0,0.0,0.0,-62.78397209489128,-1758.4675784611786,0.0,0.0,0.0,0.0,0.0,-1758.4675784611786
conduction,cold_surface,5595.0,93.25,244.16569044782736,270.0,240.0,-62.6344864470461,0.0,0.0,0.0,0.0,0.0,-62.6344864470461,-1758.7807508934138,0.0,0.0,0.0,0.0,0.0,-1758.7807508934138
conduction,cold_surface,5600.0,93.333333,244.1557721372373,270.0,240.0,-62.48535671741038,0.0,0.0,0.0,0.0,0.0,-62.48535671741038,-1759.0931776770008,0.0,0.0,0.0,0.0,0.0,-1759.0931776770008
conduction,cold_surface,5605.0,93.416667,244.14587744167247,270.0,240.0,-62.3365820585596,0.0,0.0,0.0,0.0,0.0,-62.3365820585596,-1759.4048605872938,0.0,0.0,0.0,0.0,0.0,-1759.4048605872938
conduction,cold_surface,5610.0,93.5,244.13600630490657,270.0,240.0,-62.18816162508702,0.0,0.0,0.0,0.0,0.0,-62.18816162508702,-1759.7158013954192,0.0,0.0,0.0,0.0,0.0,-1759.7158013954192
conduction,cold_surface,5615.0,93.583333,244.12615867084727,270.0,240.0,-62.040094573598594,0.0,0.0,0.0,0.0,0.0,-62.040094573598594,-1760.0260018682873,0.0,0.0,0.0,0.0,0.0,-1760.0260018682873
conduction,cold_surface,5620.0,93.666667,244.11633448353572,270.0,240.0,-61.89238006270912,0.0,0.0,0.0,0.0,0.0,-61.89238006270912,-1760.335463768601,0.0,0.0,0.0,0.0,0.0,-1760.335463768601
conduction,cold_surface,5625.0,93.75,244.10653368714634,270.0,240.0,-61.745017253035854,0.0,0.0,0.0,0.0,0.0,-61.745017253035854,-1760.6441888548661,0.0,0.0,0.0,0.0,0.0,-1760.6441888548661
conduction,cold_surface,5630.0,93.833333,244.09675622598647,270.0,240.0,-61.59800530719508,0.0,0.0,0.0,0.0,0.0,-61.59800530719508,-1760.9521788814022,0.0,0.0,0.0,0.0,0.0,-1760.9521788814022
conduction,cold_surface,5635.0,93.916667,244.08700204449602,270.0,240.0,-61.45134338979702,0.0,0.0,0.0,0.0,0.0,-61.45134338979702,-1761.259435598351,0.0,0.0,0.0,0.0,0.0,-1761.259435598351
conduction,cold_surface,5640.0,94.0,244.07727108724723,270.0,240.0,-61.30503066744026,0.0,0.0,0.0,0.0,0.0,-61.30503066744026,-1761.5659607516884,0.0,0.0,0.0,0.0,0.0,-1761.5659607516884
conduction,cold_surface,5645.0,94.083333,244.06756329894426,270.0,240.0,-61.15906630870839,0.0,0.0,0.0,0.0,0.0,-61.15906630870839,-1761.871756083232,0.0,0.0,0.0,0.0,0.0,-1761.871756083232
conduction,cold_surface,5650.0,94.166667,244.05787862442295,270.0,240.0,-61.01344948416397,0.0,0.0,0.0,0.0,0.0,-61.01344948416397,-1762.1768233306527,0.0,0.0,0.0,0.0,0.0,-1762.1768233306527
conduction,cold_surface,5655.0,94.25,244.0482170086505,270.0,240.0,-60.86817936634432,0.0,0.0,0.0,0.0,0.0,-60.86817936634432,-1762.4811642274844,0.0,0.0,0.0,0.0,0.0,-1762.4811642274844
conduction,cold_surface,5660.0,94.333333,244.03857839672514,270.0,240.0,-60.72325512975766,0.0,0.0,0.0,0.0,0.0,-60.72325512975766,-1762.7847805031333,0.0,0.0,0.0,0.0,0.0,-1762.7847805031333
conduction,cold_surface,5665.0,94.416667,244.0289627338758,270.0,240.0,-60.57867595087714,0.0,0.0,0.0,0.0,0.0,-60.57867595087714,-1763.0876738828877,0.0,0.0,0.0,0.0,0.0,-1763.0876738828877
conduction,cold_surface,5670.0,94.5,244.0193699654618,270.0,240.0,-60.434441008137014,0.0,0.0,0.0,0.0,0.0,-60.434441008137014,-1763.3898460879284,0.0,0.0,0.0,0.0,0.0,-1763.3898460879284
conduction,cold_surface,5675.0,94.583333,244.00980003697262,270.0,240.0,-60.29054948192709,0.0,0.0,0.0,0.0,0.0,-60.29054948192709,-1763.691298835338,0.0,0.0,0.0,0.0,0.0,-1763.691298835338
conduction,cold_surface,5680.0,94.666667,244.00025289402745,270.0,240.0,-60.14700055458931,0.0,0.0,0.0,0.0,0.0,-60.14700055458931,-1763.992033838111,0.0,0.0,0.0,0.0,0.0,-1763.992033838111
conduction,cold_surface,5685.0,94.75,243.990728482375,270.0,240.0,-60.00379341041182,0.0,0.0,0.0,0.0,0.0,-60.00379341041182,-1764.292052805163,0.0,0.0,0.0,0.0,0.0,-1764.292052805163
conduction,cold_surface,5690.0,94.833333,243.98122674789315,270.0,240.0,-59.86092723562507,0.0,0.0,0.0,0.0,0.0,-59.86092723562507,-1764.591357441341,0.0,0.0,0.0,0.0,0.0,-1764.591357441341
conduction,cold_surface,5695.0,94.916667,243.97174763658865,270.0,240.0,-59.71840121839719,0.0,0.0,0.0,0.0,0.0,-59.71840121839719,-1764.889949447433,0.0,0.0,0.0,0.0,0.0,-1764.889949447433
conduction,cold_surface,5700.0,95.0,243.96229109459676,270.0,240.0,-59.57621454882968,0.0,0.0,0.0,0.0,0.0,-59.57621454882968,-1765.1878305201772,0.0,0.0,0.0,0.0,0.0,-1765.1878305201772
conduction,cold_surface,5705.0,95.083333,243.95285706818106,270.0,240.0,-59.43436641895147,0.0,0.0,0.0,0.0,0.0,-59.43436641895147,-1765.485002352272,0.0,0.0,0.0,0.0,0.0,-1765.485002352272
conduction,cold_surface,5710.0,95.166667,243.94344550373302,270.0,240.0,-59.29285602271591,0.0,0.0,0.0,0.0,0.0,-59.29285602271591,-1765.7814666323854,0.0,0.0,0.0,0.0,0.0,-1765.7814666323854
conduction,cold_surface,5715.0,95.25,243.93405634777176,270.0,240.0,-59.15168255599525,0.0,0.0,0.0,0.0,0.0,-59.15168255599525,-1766.0772250451655,0.0,0.0,0.0,0.0,0.0,-1766.0772250451655
conduction,cold_surface,5720.0,95.333333,243.92468954694374,270.0,240.0,-59.01084521657637,0.0,0.0,0.0,0.0,0.0,-59.01084521657637,-1766.3722792712485,0.0,0.0,0.0,0.0,0.0,-1766.3722792712485
conduction,cold_surface,5725.0,95.416667,243.91534504802243,270.0,240.0,-58.870343204156086,0.0,0.0,0.0,0.0,0.0,-58.870343204156086,-1766.6666309872694,0.0,0.0,0.0,0.0,0.0,-1766.6666309872694
conduction,cold_surface,5730.0,95.5,243.9060227979081,270.0,240.0,-58.73017572033646,0.0,0.0,0.0,0.0,0.0,-58.73017572033646,-1766.9602818658711,0.0,0.0,0.0,0.0,0.0,-1766.9602818658711
conduction,cold_surface,5735.0,95.583333,243.89672274362735,270.0,240.0,-58.5903419686214,0.0,0.0,0.0,0.0,0.0,-58.5903419686214,-1767.2532335757141,0.0,0.0,0.0,0.0,0.0,-1767.2532335757141
conduction,cold_surface,5740.0,95.666667,243.887444832333,270.0,240.0,-58.450841154410256,0.0,0.0,0.0,0.0,0.0,-58.450841154410256,-1767.545487781486,0.0,0.0,0.0,0.0,0.0,-1767.545487781486
conduction,cold_surface,5745.0,95.75,243.87818901130362,270.0,240.0,-58.31167248499483,0.0,0.0,0.0,0.0,0.0,-58.31167248499483,-1767.837046143911,0.0,0.0,0.0,0.0,0.0,-1767.837046143911
conduction,cold_surface,5750.0,95.833333,243.86895522794336,270.0,240.0,-58.172835169554276,0.0,0.0,0.0,0.0,0.0,-58.172835169554276,-1768.1279103197587,0.0,0.0,0.0,0.0,0.0,-1768.1279103197587
conduction,cold_surface,5755.0,95.916667,243.8597434297816,270.0,240.0,-58.0343284191504,0.0,0.0,0.0,0.0,0.0,-58.0343284191504,-1768.4180819618546,0.0,0.0,0.0,0.0,0.0,-1768.4180819618546
conduction,cold_surface,5760.0,96.0,243.8505535644726,270.0,240.0,-57.89615144672382,0.0,0.0,0.0,0.0,0.0,-57.89615144672382,-1768.7075627190882,0.0,0.0,0.0,0.0,0.0,-1768.7075627190882
conduction,cold_surface,5765.0,96.083333,243.8413855797953,270.0,240.0,-57.758303467088865,0.0,0.0,0.0,0.0,0.0,-57.758303467088865,-1768.9963542364237,0.0,0.0,0.0,0.0,0.0,-1768.9963542364237
conduction,cold_surface,5770.0,96.166667,243.8322394236529,270.0,240.0,-57.620783696929294,0.0,0.0,0.0,0.0,0.0,-57.620783696929294,-1769.2844581549084,0.0,0.0,0.0,0.0,0.0,-1769.2844581549084
conduction,cold_surface,5775.0,96.25,243.82311504407278,270.0,240.0,-57.48359135479362,0.0,0.0,0.0,0.0,0.0,-57.48359135479362,-1769.5718761116823,0.0,0.0,0.0,0.0,0.0,-1769.5718761116823
conduction,cold_surface,5780.0,96.333333,243.81401238920594,270.0,240.0,-57.34672566109168,0.0,0.0,0.0,0.0,0.0,-57.34672566109168,-1769.8586097399877,0.0,0.0,0.0,0.0,0.0,-1769.8586097399877
conduction,cold_surface,5785.0,96.416667,243.80493140732688,270.0,240.0,-57.21018583808913,0.0,0.0,0.0,0.0,0.0,-57.21018583808913,-1770.144660669178,0.0,0.0,0.0,0.0,0.0,-1770.144660669178
conduction,cold_surface,5790.0,96.5,243.79587204683324,270.0,240.0,-57.07397110990314,0.0,0.0,0.0,0.0,0.0,-57.07397110990314,-1770.4300305247275,0.0,0.0,0.0,0.0,0.0,-1770.4300305247275
conduction,cold_surface,5795.0,96.583333,243.78683425624553,270.0,240.0,-56.93808070249858,0.0,0.0,0.0,0.0,0.0,-56.93808070249858,-1770.7147209282398,0.0,0.0,0.0,0.0,0.0,-1770.7147209282398
conduction,cold_surface,5800.0,96.666667,243.77781798420685,270.0,240.0,-56.8025138436829,0.0,0.0,0.0,0.0,0.0,-56.8025138436829,-1770.9987334974583,0.0,0.0,0.0,0.0,0.0,-1770.9987334974583
conduction,cold_surface,5805.0,96.75,243.76882317948255,270.0,240.0,-56.66726976310272,0.0,0.0,0.0,0.0,0.0,-56.66726976310272,-1771.2820698462738,0.0,0.0,0.0,0.0,0.0,-1771.2820698462738
conduction,cold_surface,5810.0,96.833333,243.75984979095998,270.0,240.0,-56.53234769223829,0.0,0.0,0.0,0.0,0.0,-56.53234769223829,-1771.564731584735,0.0,0.0,0.0,0.0,0.0,-1771.564731584735
conduction,cold_surface,5815.0,96.916667,243.75089776764815,270.0,240.0,-56.397746864399636,0.0,0.0,0.0,0.0,0.0,-56.397746864399636,-1771.8467203190569,0.0,0.0,0.0,0.0,0.0,-1771.8467203190569
conduction,cold_surface,5820.0,97.0,243.74196705867757,270.0,240.0,-56.263466514722325,0.0,0.0,0.0,0.0,0.0,-56.263466514722325,-1772.1280376516306,0.0,0.0,0.0,0.0,0.0,-1772.1280376516306
conduction,cold_surface,5825.0,97.083333,243.73305761329976,270.0,240.0,-56.129505880163606,0.0,0.0,0.0,0.0,0.0,-56.129505880163606,-1772.4086851810314,0.0,0.0,0.0,0.0,0.0,-1772.4086851810314
conduction,cold_surface,5830.0,97.166667,243.72416938088713,270.0,240.0,-55.99586419949645,0.0,0.0,0.0,0.0,0.0,-55.99586419949645,-1772.6886645020288,0.0,0.0,0.0,0.0,0.0,-1772.6886645020288
conduction,cold_surface,5835.0,97.25,243.71530231093263,270.0,240.0,-55.862540713307,0.0,0.0,0.0,0.0,0.0,-55.862540713307,-1772.9679772055954,0.0,0.0,0.0,0.0,0.0,-1772.9679772055954
conduction,cold_surface,5840.0,97.333333,243.70645635304945,270.0,240.0,-55.729534663989426,0.0,0.0,0.0,0.0,0.0,-55.729534663989426,-1773.2466248789156,0.0,0.0,0.0,0.0,0.0,-1773.2466248789156
conduction,cold_surface,5845.0,97.416667,243.69763145697075,270.0,240.0,-55.5968452957417,0.0,0.0,0.0,0.0,0.0,-55.5968452957417,-1773.5246091053941,0.0,0.0,0.0,0.0,0.0,-1773.5246091053941
conduction,cold_surface,5850.0,97.5,243.6888275725494,270.0,240.0,-55.46447185456131,0.0,0.0,0.0,0.0,0.0,-55.46447185456131,-1773.801931464667,0.0,0.0,0.0,0.0,0.0,-1773.801931464667
conduction,cold_surface,5855.0,97.583333,243.6800446497576,270.0,240.0,-55.332413588240996,0.0,0.0,0.0,0.0,0.0,-55.332413588240996,-1774.078593532608,0.0,0.0,0.0,0.0,0.0,-1774.078593532608
conduction,cold_surface,5860.0,97.666667,243.67128263868676,270.0,240.0,-55.20066974636407,0.0,0.0,0.0,0.0,0.0,-55.20066974636407,-1774.35459688134,0.0,0.0,0.0,0.0,0.0,-1774.35459688134
conduction,cold_surface,5865.0,97.75,243.66254148954704,270.0,240.0,-55.06923958030143,0.0,0.0,0.0,0.0,0.0,-55.06923958030143,-1774.6299430792415,0.0,0.0,0.0,0.0,0.0,-1774.6299430792415
conduction,cold_surface,5870.0,97.833333,243.65382115266718,270.0,240.0,-54.93812234320558,0.0,0.0,0.0,0.0,0.0,-54.93812234320558,-1774.9046336909578,0.0,0.0,0.0,0.0,0.0,-1774.9046336909578
conduction,cold_surface,5875.0,97.916667,243.64512157849416,270.0,240.0,-54.80731729000766,0.0,0.0,0.0,0.0,0.0,-54.80731729000766,-1775.1786702774077,0.0,0.0,0.0,0.0,0.0,-1775.1786702774077
conduction,cold_surface,5880.0,98.0,243.63644271759298,270.0,240.0,-54.67682367741233,0.0,0.0,0.0,0.0,0.0,-54.67682367741233,-1775.4520543957947,0.0,0.0,0.0,0.0,0.0,-1775.4520543957947
conduction,cold_surface,5885.0,98.083333,243.62778452064634,270.0,240.0,-54.54664076389477,0.0,0.0,0.0,0.0,0.0,-54.54664076389477,-1775.724787599614,0.0,0.0,0.0,0.0,0.0,-1775.724787599614
conduction,cold_surface,5890.0,98.166667,243.61914693845432,270.0,240.0,-54.41676780969516,0.0,0.0,0.0,0.0,0.0,-54.41676780969516,-1775.9968714386625,0.0,0.0,0.0,0.0,0.0,-1775.9968714386625
conduction,cold_surface,5895.0,98.25,243.6105299219342,270.0,240.0,-54.28720407681482,0.0,0.0,0.0,0.0,0.0,-54.28720407681482,-1776.2683074590466,0.0,0.0,0.0,0.0,0.0,-1776.2683074590466
conduction,cold_surface,5900.0,98.333333,243.60193342212006,270.0,240.0,-54.15794882901281,0.0,0.0,0.0,0.0,0.0,-54.15794882901281,-1776.5390972031917,0.0,0.0,0.0,0.0,0.0,-1776.5390972031917
conduction,cold_surface,5905.0,98.416667,243.59335739016262,270.0,240.0,-54.02900133180083,0.0,0.0,0.0,0.0,0.0,-54.02900133180083,-1776.8092422098505,0.0,0.0,0.0,0.0,0.0,-1776.8092422098505
conduction,cold_surface,5910.0,98.5,243.5848017773289,270.0,240.0,-53.90036085243935,0.0,0.0,0.0,0.0,0.0,-53.90036085243935,-1777.0787440141128,0.0,0.0,0.0,0.0,0.0,-1777.0787440141128
conduction,cold_surface,5915.0,98.583333,243.5762665350019,270.0,240.0,-53.772026659933374,0.0,0.0,0.0,0.0,0.0,-53.772026659933374,-1777.3476041474123,0.0,0.0,0.0,0.0,0.0,-1777.3476041474123
conduction,cold_surface,5920.0,98.666667,243.56775161468047,270.0,240.0,-53.643998025028594,0.0,0.0,0.0,0.0,0.0,-53.643998025028594,-1777.6158241375374,0.0,0.0,0.0,0.0,0.0,-1777.6158241375374
conduction,cold_surface,5925.0,98.75,243.55925696797885,270.0,240.0,-53.51627422020712,0.0,0.0,0.0,0.0,0.0,-53.51627422020712,-1777.8834055086386,0.0,0.0,0.0,0.0,0.0,-1777.8834055086386
conduction,cold_surface,5930.0,98.833333,243.55078254662652,270.0,240.0,-53.38885451968281,0.0,0.0,0.0,0.0,0.0,-53.38885451968281,-1778.150349781237,0.0,0.0,0.0,0.0,0.0,-1778.150349781237
conduction,cold_surface,5935.0,98.916667,243.5423283024679,270.0,240.0,-53.261738199397826,0.0,0.0,0.0,0.0,0.0,-53.261738199397826,-1778.416658472234,0.0,0.0,0.0,0.0,0.0,-1778.416658472234
conduction,cold_surface,5940.0,99.0,243.533894187462,270.0,240.0,-53.13492453701841,0.0,0.0,0.0,0.0,0.0,-53.13492453701841,-1778.6823330949194,0.0,0.0,0.0,0.0,0.0,-1778.6823330949194
conduction,cold_surface,5945.0,99.083333,243.52548015368234,270.0,240.0,-53.00841281193016,0.0,0.0,0.0,0.0,0.0,-53.00841281193016,-1778.9473751589792,0.0,0.0,0.0,0.0,0.0,-1778.9473751589792
conduction,cold_surface,5950.0,99.166667,243.51708615331643,270.0,240.0,-52.88220230523507,0.0,0.0,0.0,0.0,0.0,-52.88220230523507,-1779.2117861705053,0.0,0.0,0.0,0.0,0.0,-1779.2117861705053
conduction,cold_surface,5955.0,99.25,243.5087121386657,270.0,240.0,-52.756292299746406,0.0,0.0,0.0,0.0,0.0,-52.756292299746406,-1779.475567632004,0.0,0.0,0.0,0.0,0.0,-1779.475567632004
conduction,cold_surface,5960.0,99.333333,243.50035806214504,270.0,240.0,-52.63068207998529,0.0,0.0,0.0,0.0,0.0,-52.63068207998529,-1779.738721042404,0.0,0.0,0.0,0.0,0.0,-1779.738721042404
conduction,cold_surface,5965.0,99.416667,243.4920238762828,270.0,240.0,-52.505370932175595,0.0,0.0,0.0,0.0,0.0,-52.505370932175595,-1780.0012478970648,0.0,0.0,0.0,0.0,0.0,-1780.0012478970648
conduction,cold_surface,5970.0,99.5,243.4837095337202,270.0,240.0,-52.3803581442418,0.0,0.0,0.0,0.0,0.0,-52.3803581442418,-1780.263149687786,0.0,0.0,0.0,0.0,0.0,-1780.263149687786
conduction,cold_surface,5975.0,99.583333,243.47541498721134,270.0,240.0,-52.25564300580302,0.0,0.0,0.0,0.0,0.0,-52.25564300580302,-1780.524427902815,0.0,0.0,0.0,0.0,0.0,-1780.524427902815
conduction,cold_surface,5980.0,99.666667,243.46714018962274,270.0,240.0,-52.13122480817006,0.0,0.0,0.0,0.0,0.0,-52.13122480817006,-1780.7850840268559,0.0,0.0,0.0,0.0,0.0,-1780.7850840268559
conduction,cold_surface,5985.0,99.75,243.45888509393316,270.0,240.0,-52.00710284434109,0.0,0.0,0.0,0.0,0.0,-52.00710284434109,-1781.0451195410776,0.0,0.0,0.0,0.0,0.0,-1781.0451195410776
conduction,cold_surface,5990.0,99.833333,243.4506496532333,270.0,240.0,-51.88327640899743,0.0,0.0,0.0,0.0,0.0,-51.88327640899743,-1781.3045359231226,0.0,0.0,0.0,0.0,0.0,-1781.3045359231226
conduction,cold_surface,5995.0,99.916667,243.44243382072563,270.0,240.0,-51.759744798499696,0.0,0.0,0.0,0.0,0.0,-51.759744798499696,-1781.5633346471152,0.0,0.0,0.0,0.0,0.0,-1781.5633346471152
conduction,cold_surface,6000.0,100.0,243.4342375497239,270.0,240.0,-51.63650731088438,0.0,0.0,0.0,0.0,0.0,-51.63650731088438,-1781.8215171836696,0.0,0.0,0.0,0.0,0.0,-1781.8215171836696
conduction,cold_surface,6005.0,100.083333,243.4260607936531,270.0,240.0,-51.513563245858336,0.0,0.0,0.0,0.0,0.0,-51.513563245858336,-1782.079084999899,0.0,0.0,0.0,0.0,0.0,-1782.079084999899
conduction,cold_surface,6010.0,100.166667,243.41790350604919,270.0,240.0,-51.39091190479661,0.0,0.0,0.0,0.0,0.0,-51.39091190479661,-1782.336039559423,0.0,0.0,0.0,0.0,0.0,-1782.336039559423
conduction,cold_surface,6015.0,100.25,243.4097656405586,270.0,240.0,-51.268552590737784,0.0,0.0,0.0,0.0,0.0,-51.268552590737784,-1782.5923823223766,0.0,0.0,0.0,0.0,0.0,-1782.5923823223766
conduction,cold_surface,6020.0,100.333333,243.4016471509382,270.0,240.0,-51.14648460837884,0.0,0.0,0.0,0.0,0.0,-51.14648460837884,-1782.8481147454186,0.0,0.0,0.0,0.0,0.0,-1782.8481147454186
conduction,cold_surface,6025.0,100.416667,243.39354799105502,270.0,240.0,-51.024707264073044,0.0,0.0,0.0,0.0,0.0,-51.024707264073044,-1783.1032382817389,0.0,0.0,0.0,0.0,0.0,-1783.1032382817389
conduction,cold_surface,6030.0,100.5,243.38546811488584,270.0,240.0,-50.903219865825236,0.0,0.0,0.0,0.0,0.0,-50.903219865825236,-1783.3577543810682,0.0,0.0,0.0,0.0,0.0,-1783.3577543810682
conduction,cold_surface,6035.0,100.583333,243.37740747651705,270.0,240.0,-50.782021723287585,0.0,0.0,0.0,0.0,0.0,-50.782021723287585,-1783.6116644896845,0.0,0.0,0.0,0.0,0.0,-1783.6116644896845
conduction,cold_surface,6040.0,100.666667,243.3693660301444,270.0,240.0,-50.661112147755745,0.0,0.0,0.0,0.0,0.0,-50.661112147755745,-1783.8649700504232,0.0,0.0,0.0,0.0,0.0,-1783.8649700504232
conduction,cold_surface,6045.0,100.75,243.3613437300726,270.0,240.0,-50.54049045216587,0.0,0.0,0.0,0.0,0.0,-50.54049045216587,-1784.117672502684,0.0,0.0,0.0,0.0,0.0,-1784.117672502684
conduction,cold_surface,6050.0,100.833333,243.3533405307153,270.0,240.0,-50.42015595108907,0.0,0.0,0.0,0.0,0.0,-50.42015595108907,-1784.3697732824394,0.0,0.0,0.0,0.0,0.0,-1784.3697732824394
conduction,cold_surface,6055.0,100.916667,243.34535638659455,270.0,240.0,-50.30010796072929,0.0,0.0,0.0,0.0,0.0,-50.30010796072929,-1784.621273822243,0.0,0.0,0.0,0.0,0.0,-1784.621273822243
conduction,cold_surface,6060.0,101.0,243.33739125234075,270.0,240.0,-50.18034579891818,0.0,0.0,0.0,0.0,0.0,-50.18034579891818,-1784.8721755512377,0.0,0.0,0.0,0.0,0.0,-1784.8721755512377
conduction,cold_surface,6065.0,101.083333,243.32944508269233,270.0,240.0,-50.06086878511127,0.0,0.0,0.0,0.0,0.0,-50.06086878511127,-1785.1224798951632,0.0,0.0,0.0,0.0,0.0,-1785.1224798951632
conduction,cold_surface,6070.0,101.166667,243.32151783249543,270.0,240.0,-49.941676240384965,0.0,0.0,0.0,0.0,0.0,-49.941676240384965,-1785.3721882763653,0.0,0.0,0.0,0.0,0.0,-1785.3721882763653
conduction,cold_surface,6075.0,101.25,243.31360945670377,270.0,240.0,-49.82276748743146,0.0,0.0,0.0,0.0,0.0,-49.82276748743146,-1785.6213021138024,0.0,0.0,0.0,0.0,0.0,-1785.6213021138024
conduction,cold_surface,6080.0,101.333333,243.3057199103783,270.0,240.0,-49.704141850556596,0.0,0.0,0.0,0.0,0.0,-49.704141850556596,-1785.869822823055,0.0,0.0,0.0,0.0,0.0,-1785.869822823055
conduction,cold_surface,6085.0,101.416667,243.2978491486869,270.0,240.0,-49.585798655674296,0.0,0.0,0.0,0.0,0.0,-49.585798655674296,-1786.1177518163336,0.0,0.0,0.0,0.0,0.0,-1786.1177518163336
conduction,cold_surface,6090.0,101.5,243.28999712690432,270.0,240.0,-49.46773723030361,0.0,0.0,0.0,0.0,0.0,-49.46773723030361,-1786.365090502485,0.0,0.0,0.0,0.0,0.0,-1786.365090502485
conduction,cold_surface,6095.0,101.583333,243.2821638004117,270.0,240.0,-49.34995690356487,0.0,0.0,0.0,0.0,0.0,-49.34995690356487,-1786.6118402870027,0.0,0.0,0.0,0.0,0.0,-1786.6118402870027
conduction,cold_surface,6100.0,101.666667,243.27434912469644,270.0,240.0,-49.23245700617542,0.0,0.0,0.0,0.0,0.0,-49.23245700617542,-1786.8580025720335,0.0,0.0,0.0,0.0,0.0,-1786.8580025720335
conduction,cold_surface,6105.0,101.75,243.26655305535192,270.0,240.0,-49.11523687044664,0.0,0.0,0.0,0.0,0.0,-49.11523687044664,-1787.1035787563858,0.0,0.0,0.0,0.0,0.0,-1787.1035787563858
conduction,cold_surface,6110.0,101.833333,243.25877554807727,270.0,240.0,-48.998295830278806,0.0,0.0,0.0,0.0,0.0,-48.998295830278806,-1787.3485702355372,0.0,0.0,0.0,0.0,0.0,-1787.3485702355372
conduction,cold_surface,6115.0,101.916667,243.2510165586771,270.0,240.0,-48.88163322115901,0.0,0.0,0.0,0.0,0.0,-48.88163322115901,-1787.592978401643,0.0,0.0,0.0,0.0,0.0,-1787.592978401643
conduction,cold_surface,6120.0,102.0,243.2432760430612,270.0,240.0,-48.76524838015641,0.0,0.0,0.0,0.0,0.0,-48.76524838015641,-1787.8368046435437,0.0,0.0,0.0,0.0,0.0,-1787.8368046435437
conduction,cold_surface,6125.0,102.083333,243.23555395724438,270.0,240.0,-48.64914064591801,0.0,0.0,0.0,0.0,0.0,-48.64914064591801,-1788.0800503467733,0.0,0.0,0.0,0.0,0.0,-1788.0800503467733
conduction,cold_surface,6130.0,102.166667,243.22785025734618,270.0,240.0,-48.53330935866566,0.0,0.0,0.0,0.0,0.0,-48.53330935866566,-1788.3227168935668,0.0,0.0,0.0,0.0,0.0,-1788.3227168935668
conduction,cold_surface,6135.0,102.25,243.2201648995906,270.0,240.0,-48.41775386019265,0.0,0.0,0.0,0.0,0.0,-48.41775386019265,-1788.564805662868,0.0,0.0,0.0,0.0,0.0,-1788.564805662868
conduction,cold_surface,6140.0,102.333333,243.21249784030587,270.0,240.0,-48.302473493859,0.0,0.0,0.0,0.0,0.0,-48.302473493859,-1788.806318030337,0.0,0.0,0.0,0.0,0.0,-1788.806318030337
conduction,cold_surface,6145.0,102.416667,243.20484903592418,270.0,240.0,-48.18746760458808,0.0,0.0,0.0,0.0,0.0,-48.18746760458808,-1789.04725536836,0.0,0.0,0.0,0.0,0.0,-1789.04725536836
conduction,cold_surface,6150.0,102.5,243.1972184429815,270.0,240.0,-48.07273553886276,0.0,0.0,0.0,0.0,0.0,-48.07273553886276,-1789.2876190460543,0.0,0.0,0.0,0.0,0.0,-1789.2876190460543
conduction,cold_surface,6155.0,102.583333,243.18960601811725,270.0,240.0,-47.95827664472242,0.0,0.0,0.0,0.0,0.0,-47.95827664472242,-1789.527410429278,0.0,0.0,0.0,0.0,0.0,-1789.527410429278
conduction,cold_surface,6160.0,102.666667,243.1820117180741,270.0,240.0,-47.84409027175869,0.0,0.0,0.0,0.0,0.0,-47.84409027175869,-1789.7666308806367,0.0,0.0,0.0,0.0,0.0,-1789.7666308806367
conduction,cold_surface,6165.0,102.75,243.17443549969775,270.0,240.0,-47.73017577111162,0.0,0.0,0.0,0.0,0.0,-47.73017577111162,-1790.0052817594922,0.0,0.0,0.0,0.0,0.0,-1790.0052817594922
conduction,cold_surface,6170.0,102.833333,243.16687731993656,270.0,240.0,-47.61653249546626,0.0,0.0,0.0,0.0,0.0,-47.61653249546626,-1790.2433644219695,0.0,0.0,0.0,0.0,0.0,-1790.2433644219695
conduction,cold_surface,6175.0,102.916667,243.15933713584147,270.0,240.0,-47.503159799048404,0.0,0.0,0.0,0.0,0.0,-47.503159799048404,-1790.4808802209648,0.0,0.0,0.0,0.0,0.0,-1790.4808802209648
conduction,cold_surface,6180.0,103.0,243.15181490456567,270.0,240.0,-47.39005703762203,0.0,0.0,0.0,0.0,0.0,-47.39005703762203,-1790.717830506153,0.0,0.0,0.0,0.0,0.0,-1790.717830506153
conduction,cold_surface,6185.0,103.083333,243.14431058336433,270.0,240.0,-47.27722356848503,0.0,0.0,0.0,0.0,0.0,-47.27722356848503,-1790.9542166239955,0.0,0.0,0.0,0.0,0.0,-1790.9542166239955
conduction,cold_surface,6190.0,103.166667,243.1368241295944,270.0,240.0,-47.16465875046495,0.0,0.0,0.0,0.0,0.0,-47.16465875046495,-1791.1900399177478,0.0,0.0,0.0,0.0,0.0,-1791.1900399177478
conduction,cold_surface,6195.0,103.25,243.1293555007144,270.0,240.0,-47.052361943916026,0.0,0.0,0.0,0.0,0.0,-47.052361943916026,-1791.4253017274673,0.0,0.0,0.0,0.0,0.0,-1791.4253017274673
conduction,cold_surface,6200.0,103.333333,243.12190465428415,270.0,240.0,-46.94033251071616,0.0,0.0,0.0,0.0,0.0,-46.94033251071616,-1791.6600033900206,0.0,0.0,0.0,0.0,0.0,-1791.6600033900206
conduction,cold_surface,6205.0,103.416667,243.11447154796443,270.0,240.0,-46.828569814262266,0.0,0.0,0.0,0.0,0.0,-46.828569814262266,-1791.8941462390922,0.0,0.0,0.0,0.0,0.0,-1791.8941462390922
conduction,cold_surface,6210.0,103.5,243.10705613951689,270.0,240.0,-46.717073219466414,0.0,0.0,0.0,0.0,0.0,-46.717073219466414,-1792.1277316051894,0.0,0.0,0.0,0.0,0.0,-1792.1277316051894
conduction,cold_surface,6215.0,103.583333,243.09965838680375,270.0,240.0,-46.60584209275328,0.0,0.0,0.0,0.0,0.0,-46.60584209275328,-1792.3607608156533,0.0,0.0,0.0,0.0,0.0,-1792.3607608156533
conduction,cold_surface,6220.0,103.666667,243.09227824778756,270.0,240.0,-46.4948758020563,0.0,0.0,0.0,0.0,0.0,-46.4948758020563,-1792.5932351946635,0.0,0.0,0.0,0.0,0.0,-1792.5932351946635
conduction,cold_surface,6225.0,103.75,243.0849156805309,270.0,240.0,-46.38417371681342,0.0,0.0,0.0,0.0,0.0,-46.38417371681342,-1792.8251560632475,0.0,0.0,0.0,0.0,0.0,-1792.8251560632475
conduction,cold_surface,6230.0,103.833333,243.0775706431963,270.0,240.0,-46.27373520796368,0.0,0.0,0.0,0.0,0.0,-46.27373520796368,-1793.0565247392874,0.0,0.0,0.0,0.0,0.0,-1793.0565247392874
conduction,cold_surface,6235.0,103.916667,243.07024309404585,270.0,240.0,-46.16355964794465,0.0,0.0,0.0,0.0,0.0,-46.16355964794465,-1793.287342537527,0.0,0.0,0.0,0.0,0.0,-1793.287342537527
conduction,cold_surface,6240.0,104.0,243.062932991441,270.0,240.0,-46.05364641068775,0.0,0.0,0.0,0.0,0.0,-46.05364641068775,-1793.5176107695804,0.0,0.0,0.0,0.0,0.0,-1793.5176107695804
conduction,cold_surface,6245.0,104.083333,243.05564029384232,270.0,240.0,-45.94399487161482,0.0,0.0,0.0,0.0,0.0,-45.94399487161482,-1793.7473307439384,0.0,0.0,0.0,0.0,0.0,-1793.7473307439384
conduction,cold_surface,6250.0,104.166667,243.04836495980936,270.0,240.0,-45.83460440763474,0.0,0.0,0.0,0.0,0.0,-45.83460440763474,-1793.9765037659765,0.0,0.0,0.0,0.0,0.0,-1793.9765037659765
conduction,cold_surface,6255.0,104.25,243.0411069480003,270.0,240.0,-45.72547439714043,0.0,0.0,0.0,0.0,0.0,-45.72547439714043,-1794.2051311379623,0.0,0.0,0.0,0.0,0.0,-1794.2051311379623
conduction,cold_surface,6260.0,104.333333,243.03386621717172,270.0,240.0,-45.616604220004575,0.0,0.0,0.0,0.0,0.0,-45.616604220004575,-1794.4332141590621,0.0,0.0,0.0,0.0,0.0,-1794.4332141590621
conduction,cold_surface,6265.0,104.416667,243.02664272617847,270.0,240.0,-45.507993257575805,0.0,0.0,0.0,0.0,0.0,-45.507993257575805,-1794.66075412535,0.0,0.0,0.0,0.0,0.0,-1794.66075412535
conduction,cold_surface,6270.0,104.5,243.01943643397328,270.0,240.0,-45.399640892676985,0.0,0.0,0.0,0.0,0.0,-45.399640892676985,-1794.8877523298133,0.0,0.0,0.0,0.0,0.0,-1794.8877523298133
conduction,cold_surface,6275.0,104.583333,243.01224729960668,270.0,240.0,-45.29154650959924,0.0,0.0,0.0,0.0,0.0,-45.29154650959924,-1795.1142100623613,0.0,0.0,0.0,0.0,0.0,-1795.1142100623613
conduction,cold_surface,6280.0,104.666667,243.00507528222667,270.0,240.0,-45.18370949410027,0.0,0.0,0.0,0.0,0.0,-45.18370949410027,-1795.340128609832,0.0,0.0,0.0,0.0,0.0,-1795.340128609832
conduction,cold_surface,6285.0,104.75,242.9979203410785,270.0,240.0,-45.07612923340005,0.0,0.0,0.0,0.0,0.0,-45.07612923340005,-1795.565509255999,0.0,0.0,0.0,0.0,0.0,-1795.565509255999
conduction,cold_surface,6290.0,104.833333,242.9907824355045,270.0,240.0,-44.968805116177464,0.0,0.0,0.0,0.0,0.0,-44.968805116177464,-1795.7903532815799,0.0,0.0,0.0,0.0,0.0,-1795.7903532815799
conduction,cold_surface,6295.0,104.916667,242.98366152494378,270.0,240.0,-44.861736532567704,0.0,0.0,0.0,0.0,0.0,-44.861736532567704,-1796.0146619642428,0.0,0.0,0.0,0.0,0.0,-1796.0146619642428
conduction,cold_surface,6300.0,105.0,242.976557568932,270.0,240.0,-44.75492287415676,0.0,0.0,0.0,0.0,0.0,-44.75492287415676,-1796.2384365786138,0.0,0.0,0.0,0.0,0.0,-1796.2384365786138
conduction,cold_surface,6305.0,105.083333,242.9694705271012,270.0,240.0,-44.64836353398013,0.0,0.0,0.0,0.0,0.0,-44.64836353398013,-1796.4616783962836,0.0,0.0,0.0,0.0,0.0,-1796.4616783962836
conduction,cold_surface,6310.0,105.166667,242.96240035917953,270.0,240.0,-44.542057906518124,0.0,0.0,0.0,0.0,0.0,-44.542057906518124,-1796.6843886858162,0.0,0.0,0.0,0.0,0.0,-1796.6843886858162
conduction,cold_surface,6315.0,105.25,242.955347024991,270.0,240.0,-44.43600538769289,0.0,0.0,0.0,0.0,0.0,-44.43600538769289,-1796.9065687127547,0.0,0.0,0.0,0.0,0.0,-1796.9065687127547
conduction,cold_surface,6320.0,105.333333,242.9483104844553,270.0,240.0,-44.33020537486499,0.0,0.0,0.0,0.0,0.0,-44.33020537486499,-1797.128219739629,0.0,0.0,0.0,0.0,0.0,-1797.128219739629
conduction,cold_surface,6325.0,105.416667,242.94129069758756,270.0,240.0,-44.22465726682958,0.0,0.0,0.0,0.0,0.0,-44.22465726682958,-1797.349343025963,0.0,0.0,0.0,0.0,0.0,-1797.349343025963
conduction,cold_surface,6330.0,105.5,242.93428762449807,270.0,240.0,-44.11936046381342,0.0,0.0,0.0,0.0,0.0,-44.11936046381342,-1797.5699398282823,0.0,0.0,0.0,0.0,0.0,-1797.5699398282823
conduction,cold_surface,6335.0,105.583333,242.9273012253921,270.0,240.0,-44.01431436747103,0.0,0.0,0.0,0.0,0.0,-44.01431436747103,-1797.7900114001197,0.0,0.0,0.0,0.0,0.0,-1797.7900114001197
conduction,cold_surface,6340.0,105.666667,242.92033146056974,270.0,240.0,-43.90951838088171,0.0,0.0,0.0,0.0,0.0,-43.90951838088171,-1798.009558992024,0.0,0.0,0.0,0.0,0.0,-1798.009558992024
conduction,cold_surface,6345.0,105.75,242.91337829042553,270.0,240.0,-43.80497190854612,0.0,0.0,0.0,0.0,0.0,-43.80497190854612,-1798.2285838515668,0.0,0.0,0.0,0.0,0.0,-1798.2285838515668
conduction,cold_surface,6350.0,105.833333,242.90644167544832,270.0,240.0,-43.700674356382905,0.0,0.0,0.0,0.0,0.0,-43.700674356382905,-1798.4470872233487,0.0,0.0,0.0,0.0,0.0,-1798.4470872233487
conduction,cold_surface,6355.0,105.916667,242.89952157622108,270.0,240.0,-43.59662513172481,0.0,0.0,0.0,0.0,0.0,-43.59662513172481,-1798.6650703490075,0.0,0.0,0.0,0.0,0.0,-1798.6650703490075
conduction,cold_surface,6360.0,106.0,242.89261795342054,270.0,240.0,-43.49282364331614,0.0,0.0,0.0,0.0,0.0,-43.49282364331614,-1798.882534467224,0.0,0.0,0.0,0.0,0.0,-1798.882534467224
conduction,cold_surface,6365.0,106.083333,242.88573076781717,270.0,240.0,-43.389269301308104,0.0,0.0,0.0,0.0,0.0,-43.389269301308104,-1799.0994808137305,0.0,0.0,0.0,0.0,0.0,-1799.0994808137305
conduction,cold_surface,6370.0,106.166667,242.87885998027474,270.0,240.0,-43.285961517257476,0.0,0.0,0.0,0.0,0.0,-43.285961517257476,-1799.3159106213168,0.0,0.0,0.0,0.0,0.0,-1799.3159106213168
conduction,cold_surface,6375.0,106.25,242.87200555175028,270.0,240.0,-43.1828997041211,0.0,0.0,0.0,0.0,0.0,-43.1828997041211,-1799.5318251198373,0.0,0.0,0.0,0.0,0.0,-1799.5318251198373
conduction,cold_surface,6380.0,106.333333,242.86516744329373,270.0,240.0,-43.08008327625416,0.0,0.0,0.0,0.0,0.0,-43.08008327625416,-1799.7472255362186,0.0,0.0,0.0,0.0,0.0,-1799.7472255362186
conduction,cold_surface,6385.0,106.416667,242.85834561604779,270.0,240.0,-42.977511649405926,0.0,0.0,0.0,0.0,0.0,-42.977511649405926,-1799.9621130944656,0.0,0.0,0.0,0.0,0.0,-1799.9621130944656
conduction,cold_surface,6390.0,106.5,242.85154003124768,270.0,240.0,-42.87518424071678,0.0,0.0,0.0,0.0,0.0,-42.87518424071678,-1800.1764890156692,0.0,0.0,0.0,0.0,0.0,-1800.1764890156692
conduction,cold_surface,6395.0,106.583333,242.8447506502209,270.0,240.0,-42.7731004687152,0.0,0.0,0.0,0.0,0.0,-42.7731004687152,-1800.3903545180126,0.0,0.0,0.0,0.0,0.0,-1800.3903545180126
conduction,cold_surface,6400.0,106.666667,242.83797743438706,270.0,240.0,-42.671259753313535,0.0,0.0,0.0,0.0,0.0,-42.671259753313535,-1800.603710816779,0.0,0.0,0.0,0.0,0.0,-1800.603710816779
conduction,cold_surface,6405.0,106.75,242.83122034525758,270.0,240.0,-42.56966151580585,0.0,0.0,0.0,0.0,0.0,-42.56966151580585,-1800.8165591243583,0.0,0.0,0.0,0.0,0.0,-1800.8165591243583
conduction,cold_surface,6410.0,106.833333,242.82447934443553,270.0,240.0,-42.46830517886366,0.0,0.0,0.0,0.0,0.0,-42.46830517886366,-1801.0289006502526,0.0,0.0,0.0,0.0,0.0,-1801.0289006502526
conduction,cold_surface,6415.0,106.916667,242.81775439361544,270.0,240.0,-42.367190166532964,0.0,0.0,0.0,0.0,0.0,-42.367190166532964,-1801.2407366010852,0.0,0.0,0.0,0.0,0.0,-1801.2407366010852
conduction,cold_surface,6420.0,107.0,242.81104545458302,270.0,240.0,-42.266315904231675,0.0,0.0,0.0,0.0,0.0,-42.266315904231675,-1801.4520681806061,0.0,0.0,0.0,0.0,0.0,-1801.4520681806061
conduction,cold_surface,6425.0,107.083333,242.80435248921498,270.0,240.0,-42.165681818745355,0.0,0.0,0.0,0.0,0.0,-42.165681818745355,-1801.6628965896998,0.0,0.0,0.0,0.0,0.0,-1801.6628965896998
conduction,cold_surface,6430.0,107.166667,242.79767545947874,270.0,240.0,-42.065287338224664,0.0,0.0,0.0,0.0,0.0,-42.065287338224664,-1801.873223026391,0.0,0.0,0.0,0.0,0.0,-1801.873223026391
conduction,cold_surface,6435.0,107.25,242.79101432743235,270.0,240.0,-41.96513189218109,0.0,0.0,0.0,0.0,0.0,-41.96513189218109,-1802.083048685852,0.0,0.0,0.0,0.0,0.0,-1802.083048685852
conduction,cold_surface,6440.0,107.333333,242.78436905522418,270.0,240.0,-41.86521491148525,0.0,0.0,0.0,0.0,0.0,-41.86521491148525,-1802.2923747604093,0.0,0.0,0.0,0.0,0.0,-1802.2923747604093
conduction,cold_surface,6445.0,107.416667,242.77773960509268,270.0,240.0,-41.76553582836263,0.0,0.0,0.0,0.0,0.0,-41.76553582836263,-1802.5012024395512,0.0,0.0,0.0,0.0,0.0,-1802.5012024395512
conduction,cold_surface,6450.0,107.5,242.77112593936627,270.0,240.0,-41.66609407639015,0.0,0.0,0.0,0.0,0.0,-41.66609407639015,-1802.7095329099332,0.0,0.0,0.0,0.0,0.0,-1802.7095329099332
conduction,cold_surface,6455.0,107.583333,242.76452802046302,270.0,240.0,-41.56688909049407,0.0,0.0,0.0,0.0,0.0,-41.56688909049407,-1802.9173673553857,0.0,0.0,0.0,0.0,0.0,-1802.9173673553857
conduction,cold_surface,6460.0,107.666667,242.75794581089048,270.0,240.0,-41.467920306945274,0.0,0.0,0.0,0.0,0.0,-41.467920306945274,-1803.1247069569204,0.0,0.0,0.0,0.0,0.0,-1803.1247069569204
conduction,cold_surface,6465.0,107.75,242.7513792732455,270.0,240.0,-41.36918716335714,0.0,0.0,0.0,0.0,0.0,-41.36918716335714,-1803.3315528927374,0.0,0.0,0.0,0.0,0.0,-1803.3315528927374
conduction,cold_surface,6470.0,107.833333,242.74482837021398,270.0,240.0,-41.27068909868257,0.0,0.0,0.0,0.0,0.0,-41.27068909868257,-1803.5379063382306,0.0,0.0,0.0,0.0,0.0,-1803.5379063382306
conduction,cold_surface,6475.0,107.916667,242.73829306457063,270.0,240.0,-41.172425553209706,0.0,0.0,0.0,0.0,0.0,-41.172425553209706,-1803.7437684659967,0.0,0.0,0.0,0.0,0.0,-1803.7437684659967
conduction,cold_surface,6480.0,108.0,242.73177331917879,270.0,240.0,-41.0743959685594,0.0,0.0,0.0,0.0,0.0,-41.0743959685594,-1803.9491404458397,0.0,0.0,0.0,0.0,0.0,-1803.9491404458397
conduction,cold_surface,6485.0,108.083333,242.72526909699027,270.0,240.0,-40.97659978768178,0.0,0.0,0.0,0.0,0.0,-40.97659978768178,-1804.154023444778,0.0,0.0,0.0,0.0,0.0,-1804.154023444778
conduction,cold_surface,6490.0,108.166667,242.71878036104505,270.0,240.0,-40.879036454854116,0.0,0.0,0.0,0.0,0.0,-40.879036454854116,-1804.3584186270523,0.0,0.0,0.0,0.0,0.0,-1804.3584186270523
conduction,cold_surface,6495.0,108.25,242.71230707447114,270.0,240.0,-40.78170541567573,0.0,0.0,0.0,0.0,0.0,-40.78170541567573,-1804.5623271541306,0.0,0.0,0.0,0.0,0.0,-1804.5623271541306
conduction,cold_surface,6500.0,108.333333,242.7058492004843,270.0,240.0,-40.68460611706712,0.0,0.0,0.0,0.0,0.0,-40.68460611706712,-1804.765750184716,0.0,0.0,0.0,0.0,0.0,-1804.765750184716
conduction,cold_surface,6505.0,108.416667,242.6994067023879,270.0,240.0,-40.58773800726442,0.0,0.0,0.0,0.0,0.0,-40.58773800726442,-1804.9686888747522,0.0,0.0,0.0,0.0,0.0,-1804.9686888747522
conduction,cold_surface,6510.0,108.5,242.6929795435727,270.0,240.0,-40.49110053581856,0.0,0.0,0.0,0.0,0.0,-40.49110053581856,-1805.1711443774313,0.0,0.0,0.0,0.0,0.0,-1805.1711443774313
conduction,cold_surface,6515.0,108.583333,242.68656768751657,270.0,240.0,-40.394693153590566,0.0,0.0,0.0,0.0,0.0,-40.394693153590566,-1805.3731178431992,0.0,0.0,0.0,0.0,0.0,-1805.3731178431992
conduction,cold_surface,6520.0,108.666667,242.68017109778438,270.0,240.0,-40.29851531274858,0.0,0.0,0.0,0.0,0.0,-40.29851531274858,-1805.574610419763,0.0,0.0,0.0,0.0,0.0,-1805.574610419763
conduction,cold_surface,6525.0,108.75,242.67378973802775,270.0,240.0,-40.20256646676572,0.0,0.0,0.0,0.0,0.0,-40.20256646676572,-1805.775623252097,0.0,0.0,0.0,0.0,0.0,-1805.775623252097
conduction,cold_surface,6530.0,108.833333,242.66742357198484,270.0,240.0,-40.10684607041625,0.0,0.0,0.0,0.0,0.0,-40.10684607041625,-1805.976157482449,0.0,0.0,0.0,0.0,0.0,-1805.976157482449
conduction,cold_surface,6535.0,108.916667,242.6610725634801,270.0,240.0,-40.01135357977262,0.0,0.0,0.0,0.0,0.0,-40.01135357977262,-1806.1762142503478,0.0,0.0,0.0,0.0,0.0,-1806.1762142503478
conduction,cold_surface,6540.0,109.0,242.6547366764242,270.0,240.0,-39.91608845220156,0.0,0.0,0.0,0.0,0.0,-39.91608845220156,-1806.3757946926087,0.0,0.0,0.0,0.0,0.0,-1806.3757946926087
conduction,cold_surface,6545.0,109.083333,242.64841587481365,270.0,240.0,-39.82105014636289,0.0,0.0,0.0,0.0,0.0,-39.82105014636289,-1806.5748999433406,0.0,0.0,0.0,0.0,0.0,-1806.5748999433406
conduction,cold_surface,6550.0,109.166667,242.64211012273077,270.0,240.0,-39.72623812220476,0.0,0.0,0.0,0.0,0.0,-39.72623812220476,-1806.7735311339516,0.0,0.0,0.0,0.0,0.0,-1806.7735311339516
conduction,cold_surface,6555.0,109.25,242.6358193843433,270.0,240.0,-39.63165184096155,0.0,0.0,0.0,0.0,0.0,-39.63165184096155,-1806.9716893931563,0.0,0.0,0.0,0.0,0.0,-1806.9716893931563
conduction,cold_surface,6560.0,109.333333,242.6295436239044,270.0,240.0,-39.537290765149606,0.0,0.0,0.0,0.0,0.0,-39.537290765149606,-1807.1693758469823,0.0,0.0,0.0,0.0,0.0,-1807.1693758469823
conduction,cold_surface,6565.0,109.416667,242.62328280575224,270.0,240.0,-39.44315435856595,0.0,0.0,0.0,0.0,0.0,-39.44315435856595,-1807.3665916187751,0.0,0.0,0.0,0.0,0.0,-1807.3665916187751
conduction,cold_surface,6570.0,109.5,242.61703689430996,270.0,240.0,-39.349242086283596,0.0,0.0,0.0,0.0,0.0,-39.349242086283596,-1807.5633378292066,0.0,0.0,0.0,0.0,0.0,-1807.5633378292066
conduction,cold_surface,6575.0,109.583333,242.6108058540854,270.0,240.0,-39.25555341464943,0.0,0.0,0.0,0.0,0.0,-39.25555341464943,-1807.75961559628,0.0,0.0,0.0,0.0,0.0,-1807.75961559628
conduction,cold_surface,6580.0,109.666667,242.6045896496709,270.0,240.0,-39.1620878112812,0.0,0.0,0.0,0.0,0.0,-39.1620878112812,-1807.9554260353364,0.0,0.0,0.0,0.0,0.0,-1807.9554260353364
conduction,cold_surface,6585.0,109.75,242.59838824574314,270.0,240.0,-39.0688447450637,0.0,0.0,0.0,0.0,0.0,-39.0688447450637,-1808.1507702590618,0.0,0.0,0.0,0.0,0.0,-1808.1507702590618
conduction,cold_surface,6590.0,109.833333,242.5922016070628,270.0,240.0,-38.975823686147066,0.0,0.0,0.0,0.0,0.0,-38.975823686147066,-1808.3456493774925,0.0,0.0,0.0,0.0,0.0,-1808.3456493774925
conduction,cold_surface,6595.0,109.916667,242.58602969847456,270.0,240.0,-38.88302410594207,0.0,0.0,0.0,0.0,0.0,-38.88302410594207,-1808.5400644980223,0.0,0.0,0.0,0.0,0.0,-1808.5400644980223
conduction,cold_surface,6600.0,110.0,242.57987248490676,270.0,240.0,-38.790445477118425,0.0,0.0,0.0,0.0,0.0,-38.790445477118425,-1808.7340167254076,0.0,0.0,0.0,0.0,0.0,-1808.7340167254076
conduction,cold_surface,6605.0,110.083333,242.57372993137128,270.0,240.0,-38.698087273601374,0.0,0.0,0.0,0.0,0.0,-38.698087273601374,-1808.9275071617756,0.0,0.0,0.0,0.0,0.0,-1808.9275071617756
conduction,cold_surface,6610.0,110.166667,242.56760200296324,270.0,240.0,-38.60594897056913,0.0,0.0,0.0,0.0,0.0,-38.60594897056913,-1809.1205369066283,0.0,0.0,0.0,0.0,0.0,-1809.1205369066283
conduction,cold_surface,6615.0,110.25,242.56148866486095,270.0,240.0,-38.51403004444862,0.0,0.0,0.0,0.0,0.0,-38.51403004444862,-1809.3131070568506,0.0,0.0,0.0,0.0,0.0,-1809.3131070568506
conduction,cold_surface,6620.0,110.333333,242.55538988232556,270.0,240.0,-38.422329972914184,0.0,0.0,0.0,0.0,0.0,-38.422329972914184,-1809.5052187067151,0.0,0.0,0.0,0.0,0.0,-1809.5052187067151
conduction,cold_surface,6625.0,110.416667,242.54930562070098,270.0,240.0,-38.33084823488335,0.0,0.0,0.0,0.0,0.0,-38.33084823488335,-1809.6968729478897,0.0,0.0,0.0,0.0,0.0,-1809.6968729478897
conduction,cold_surface,6630.0,110.5,242.5432358454136,270.0,240.0,-38.23958431051466,0.0,0.0,0.0,0.0,0.0,-38.23958431051466,-1809.8880708694421,0.0,0.0,0.0,0.0,0.0,-1809.8880708694421
conduction,cold_surface,6635.0,110.583333,242.53718052197212,270.0,240.0,-38.14853768120386,0.0,0.0,0.0,0.0,0.0,-38.14853768120386,-1810.0788135578482,0.0,0.0,0.0,0.0,0.0,-1810.0788135578482
conduction,cold_surface,6640.0,110.666667,242.53113961596742,270.0,240.0,-38.05770782958177,0.0,0.0,0.0,0.0,0.0,-38.05770782958177,-1810.269102096996,0.0,0.0,0.0,0.0,0.0,-1810.269102096996
conduction,cold_surface,6645.0,110.75,242.52511309307226,270.0,240.0,-37.96709423951128,0.0,0.0,0.0,0.0,0.0,-37.96709423951128,-1810.4589375681935,0.0,0.0,0.0,0.0,0.0,-1810.4589375681935
conduction,cold_surface,6650.0,110.833333,242.51910091904114,270.0,240.0,-37.87669639608396,0.0,0.0,0.0,0.0,0.0,-37.87669639608396,-1810.648321050174,0.0,0.0,0.0,0.0,0.0,-1810.648321050174
conduction,cold_surface,6655.0,110.916667,242.5131030597101,270.0,240.0,-37.786513785617046,0.0,0.0,0.0,0.0,0.0,-37.786513785617046,-1810.837253619102,0.0,0.0,0.0,0.0,0.0,-1810.837253619102
conduction,cold_surface,6660.0,111.0,242.5071194809965,270.0,240.0,-37.696545895651354,0.0,0.0,0.0,0.0,0.0,-37.696545895651354,-1811.0257363485803,0.0,0.0,0.0,0.0,0.0,-1811.0257363485803
conduction,cold_surface,6665.0,111.083333,242.5011501488989,270.0,240.0,-37.606792214947404,0.0,0.0,0.0,0.0,0.0,-37.606792214947404,-1811.213770309655,0.0,0.0,0.0,0.0,0.0,-1811.213770309655
conduction,cold_surface,6670.0,111.166667,242.49519502949676,270.0,240.0,-37.517252233483305,0.0,0.0,0.0,0.0,0.0,-37.517252233483305,-1811.4013565708224,0.0,0.0,0.0,0.0,0.0,-1811.4013565708224
conduction,cold_surface,6675.0,111.25,242.48925408895033,270.0,240.0,-37.42792544245134,0.0,0.0,0.0,0.0,0.0,-37.42792544245134,-1811.5884961980346,0.0,0.0,0.0,0.0,0.0,-1811.5884961980346
conduction,cold_surface,6680.0,111.333333,242.48332729350045,270.0,240.0,-37.338811334254984,0.0,0.0,0.0,0.0,0.0,-37.338811334254984,-1811.7751902547059,0.0,0.0,0.0,0.0,0.0,-1811.7751902547059
conduction,cold_surface,6685.0,111.416667,242.4774146094683,270.0,240.0,-37.24990940250677,0.0,0.0,0.0,0.0,0.0,-37.24990940250677,-1811.9614398017186,0.0,0.0,0.0,0.0,0.0,-1811.9614398017186
conduction,cold_surface,6690.0,111.5,242.4715160032553,270.0,240.0,-37.161219142024464,0.0,0.0,0.0,0.0,0.0,-37.161219142024464,-1812.1472458974285,0.0,0.0,0.0,0.0,0.0,-1812.1472458974285
conduction,cold_surface,6695.0,111.583333,242.46563144134277,270.0,240.0,-37.07274004882933,0.0,0.0,0.0,0.0,0.0,-37.07274004882933,-1812.3326095976727,0.0,0.0,0.0,0.0,0.0,-1812.3326095976727
conduction,cold_surface,6700.0,111.666667,242.45976089029196,270.0,240.0,-36.98447162014148,0.0,0.0,0.0,0.0,0.0,-36.98447162014148,-1812.5175319557734,0.0,0.0,0.0,0.0,0.0,-1812.5175319557734
conduction,cold_surface,6705.0,111.75,242.45390431674366,270.0,240.0,-36.896413354379405,0.0,0.0,0.0,0.0,0.0,-36.896413354379405,-1812.7020140225454,0.0,0.0,0.0,0.0,0.0,-1812.7020140225454
conduction,cold_surface,6710.0,111.833333,242.4480616874181,270.0,240.0,-36.808564751154904,0.0,0.0,0.0,0.0,0.0,-36.808564751154904,-1812.8860568463012,0.0,0.0,0.0,0.0,0.0,-1812.8860568463012
conduction,cold_surface,6715.0,111.916667,242.4422329691147,270.0,240.0,-36.720925311271344,0.0,0.0,0.0,0.0,0.0,-36.720925311271344,-1813.0696614728577,0.0,0.0,0.0,0.0,0.0,-1813.0696614728577
conduction,cold_surface,6720.0,112.0,242.43641812871206,270.0,240.0,-36.63349453672069,0.0,0.0,0.0,0.0,0.0,-36.63349453672069,-1813.2528289455413,0.0,0.0,0.0,0.0,0.0,-1813.2528289455413
conduction,cold_surface,6725.0,112.083333,242.43061713316752,270.0,240.0,-36.546271930680945,0.0,0.0,0.0,0.0,0.0,-36.546271930680945,-1813.4355603051947,0.0,0.0,0.0,0.0,0.0,-1813.4355603051947
conduction,cold_surface,6730.0,112.166667,242.42482994951712,270.0,240.0,-36.45925699751274,0.0,0.0,0.0,0.0,0.0,-36.45925699751274,-1813.6178565901823,0.0,0.0,0.0,0.0,0.0,-1813.6178565901823
conduction,cold_surface,6735.0,112.25,242.41905654487542,270.0,240.0,-36.37244924275677,0.0,0.0,0.0,0.0,0.0,-36.37244924275677,-1813.799718836396,0.0,0.0,0.0,0.0,0.0,-1813.799718836396
conduction,cold_surface,6740.0,112.333333,242.41329688643523,270.0,240.0,-36.28584817313126,0.0,0.0,0.0,0.0,0.0,-36.28584817313126,-1813.9811480772617,0.0,0.0,0.0,0.0,0.0,-1813.9811480772617
conduction,cold_surface,6745.0,112.416667,242.40755094146752,270.0,240.0,-36.1994532965285,0.0,0.0,0.0,0.0,0.0,-36.1994532965285,-1814.1621453437442,0.0,0.0,0.0,0.0,0.0,-1814.1621453437442
conduction,cold_surface,6750.0,112.5,242.40181867732116,270.0,240.0,-36.113264122012794,0.0,0.0,0.0,0.0,0.0,-36.113264122012794,-1814.3427116643543,0.0,0.0,0.0,0.0,0.0,-1814.3427116643543
conduction,cold_surface,6755.0,112.583333,242.39610006142277,270.0,240.0,-36.027280159817394,0.0,0.0,0.0,0.0,0.0,-36.027280159817394,-1814.5228480651533,0.0,0.0,0.0,0.0,0.0,-1814.5228480651533
conduction,cold_surface,6760.0,112.666667,242.39039506127654,270.0,240.0,-35.94150092134157,0.0,0.0,0.0,0.0,0.0,-35.94150092134157,-1814.70255556976,0.0,0.0,0.0,0.0,0.0,-1814.70255556976
conduction,cold_surface,6765.0,112.75,242.38470364446397,270.0,240.0,-35.855925919148035,0.0,0.0,0.0,0.0,0.0,-35.855925919148035,-1814.881835199356,0.0,0.0,0.0,0.0,0.0,-1814.881835199356
conduction,cold_surface,6770.0,112.833333,242.3790257786438,270.0,240.0,-35.77055466695953,0.0,0.0,0.0,0.0,0.0,-35.77055466695953,-1815.0606879726906,0.0,0.0,0.0,0.0,0.0,-1815.0606879726906
conduction,cold_surface,6775.0,112.916667,242.37336143155179,270.0,240.0,-35.685386679657114,0.0,0.0,0.0,0.0,0.0,-35.685386679657114,-1815.2391149060888,0.0,0.0,0.0,0.0,0.0,-1815.2391149060888
conduction,cold_surface,6780.0,113.0,242.36771057100046,270.0,240.0,-35.60042147327678,0.0,0.0,0.0,0.0,0.0,-35.60042147327678,-1815.4171170134555,0.0,0.0,0.0,0.0,0.0,-1815.4171170134555
conduction,cold_surface,6785.0,113.083333,242.36207316487904,270.0,240.0,-35.51565856500687,0.0,0.0,0.0,0.0,0.0,-35.51565856500687,-1815.5946953062803,0.0,0.0,0.0,0.0,0.0,-1815.5946953062803
conduction,cold_surface,6790.0,113.166667,242.35644918115312,270.0,240.0,-35.43109747318553,0.0,0.0,0.0,0.0,0.0,-35.43109747318553,-1815.7718507936463,0.0,0.0,0.0,0.0,0.0,-1815.7718507936463
conduction,cold_surface,6795.0,113.25,242.35083858786467,270.0,240.0,-35.34673771729686,0.0,0.0,0.0,0.0,0.0,-35.34673771729686,-1815.9485844822327,0.0,0.0,0.0,0.0,0.0,-1815.9485844822327
conduction,cold_surface,6800.0,113.333333,242.34524135313166,270.0,240.0,-35.26257881797008,0.0,0.0,0.0,0.0,0.0,-35.26257881797008,-1816.1248973763227,0.0,0.0,0.0,0.0,0.0,-1816.1248973763227
conduction,cold_surface,6805.0,113.416667,242.33965744514802,270.0,240.0,-35.17862029697483,0.0,0.0,0.0,0.0,0.0,-35.17862029697483,-1816.3007904778076,0.0,0.0,0.0,0.0,0.0,-1816.3007904778076
conduction,cold_surface,6810.0,113.5,242.33408683218337,270.0,240.0,-35.09486167722031,0.0,0.0,0.0,0.0,0.0,-35.09486167722031,-1816.476264786194,0.0,0.0,0.0,0.0,0.0,-1816.476264786194
conduction,cold_surface,6815.0,113.583333,242.32852948258295,270.0,240.0,-35.01130248275061,0.0,0.0,0.0,0.0,0.0,-35.01130248275061,-1816.6513212986076,0.0,0.0,0.0,0.0,0.0,-1816.6513212986076
conduction,cold_surface,6820.0,113.666667,242.32298536476728,270.0,240.0,-34.927942238744265,0.0,0.0,0.0,0.0,0.0,-34.927942238744265,-1816.8259610098014,0.0,0.0,0.0,0.0,0.0,-1816.8259610098014
conduction,cold_surface,6825.0,113.75,242.3174544472321,270.0,240.0,-34.844780471509154,0.0,0.0,0.0,0.0,0.0,-34.844780471509154,-1817.0001849121588,0.0,0.0,0.0,0.0,0.0,-1817.0001849121588
conduction,cold_surface,6830.0,113.833333,242.3119366985482,270.0,240.0,-34.76181670848163,0.0,0.0,0.0,0.0,0.0,-34.76181670848163,-1817.1739939957013,0.0,0.0,0.0,0.0,0.0,-1817.1739939957013
conduction,cold_surface,6835.0,113.916667,242.3064320873612,270.0,240.0,-34.67905047822313,0.0,0.0,0.0,0.0,0.0,-34.67905047822313,-1817.3473892480924,0.0,0.0,0.0,0.0,0.0,-1817.3473892480924
conduction,cold_surface,6840.0,114.0,242.3009405823913,270.0,240.0,-34.59648131041803,0.0,0.0,0.0,0.0,0.0,-34.59648131041803,-1817.5203716546446,0.0,0.0,0.0,0.0,0.0,-1817.5203716546446
conduction,cold_surface,6845.0,114.083333,242.29546215243323,270.0,240.0,-34.51410873586937,0.0,0.0,0.0,0.0,0.0,-34.51410873586937,-1817.692942198324,0.0,0.0,0.0,0.0,0.0,-1817.692942198324
conduction,cold_surface,6850.0,114.166667,242.289996766356,270.0,240.0,-34.431932286498466,0.0,0.0,0.0,0.0,0.0,-34.431932286498466,-1817.8651018597566,0.0,0.0,0.0,0.0,0.0,-1817.8651018597566
conduction,cold_surface,6855.0,114.25,242.28454439310278,270.0,240.0,-34.34995149534018,0.0,0.0,0.0,0.0,0.0,-34.34995149534018,-1818.0368516172332,0.0,0.0,0.0,0.0,0.0,-1818.0368516172332
conduction,cold_surface,6860.0,114.333333,242.27910500169062,270.0,240.0,-34.26816589654166,0.0,0.0,0.0,0.0,0.0,-34.26816589654166,-1818.2081924467159,0.0,0.0,0.0,0.0,0.0,-1818.2081924467159
conduction,cold_surface,6865.0,114.416667,242.2736785612104,270.0,240.0,-34.18657502535936,0.0,0.0,0.0,0.0,0.0,-34.18657502535936,-1818.3791253218428,0.0,0.0,0.0,0.0,0.0,-1818.3791253218428
conduction,cold_surface,6870.0,114.5,242.26826504082658,270.0,240.0,-34.105178418156044,0.0,0.0,0.0,0.0,0.0,-34.105178418156044,-1818.5496512139334,0.0,0.0,0.0,0.0,0.0,-1818.5496512139334
conduction,cold_surface,6875.0,114.583333,242.262864409777,270.0,240.0,-34.02397561239866,0.0,0.0,0.0,0.0,0.0,-34.02397561239866,-1818.7197710919954,0.0,0.0,0.0,0.0,0.0,-1818.7197710919954
conduction,cold_surface,6880.0,114.666667,242.25747663737278,270.0,240.0,-33.942966146654925,0.0,0.0,0.0,0.0,0.0,-33.942966146654925,-1818.889485922729,0.0,0.0,0.0,0.0,0.0,-1818.889485922729
conduction,cold_surface,6885.0,114.75,242.25210169299808,270.0,240.0,-33.86214956059163,0.0,0.0,0.0,0.0,0.0,-33.86214956059163,-1819.0587966705318,0.0,0.0,0.0,0.0,0.0,-1819.0587966705318
conduction,cold_surface,6890.0,114.833333,242.24673954610998,270.0,240.0,-33.781525394971226,0.0,0.0,0.0,0.0,0.0,-33.781525394971226,-1819.2277042975068,0.0,0.0,0.0,0.0,0.0,-1819.2277042975068
conduction,cold_surface,6895.0,114.916667,242.2413901662383,270.0,240.0,-33.701093191649676,0.0,0.0,0.0,0.0,0.0,-33.701093191649676,-1819.396209763465,0.0,0.0,0.0,0.0,0.0,-1819.396209763465
conduction,cold_surface,6900.0,115.0,242.23605352298534,270.0,240.0,-33.62085249357435,0.0,0.0,0.0,0.0,0.0,-33.62085249357435,-1819.5643140259328,0.0,0.0,0.0,0.0,0.0,-1819.5643140259328
conduction,cold_surface,6905.0,115.083333,242.23072958602586,270.0,240.0,-33.54080284478016,0.0,0.0,0.0,0.0,0.0,-33.54080284478016,-1819.7320180401568,0.0,0.0,0.0,0.0,0.0,-1819.7320180401568
conduction,cold_surface,6910.0,115.166667,242.22541832510674,270.0,240.0,-33.46094379038789,0.0,0.0,0.0,0.0,0.0,-33.46094379038789,-1819.8993227591088,0.0,0.0,0.0,0.0,0.0,-1819.8993227591088
conduction,cold_surface,6915.0,115.25,242.22011971004696,270.0,240.0,-33.38127487660117,0.0,0.0,0.0,0.0,0.0,-33.38127487660117,-1820.0662291334918,0.0,0.0,0.0,0.0,0.0,-1820.0662291334918
conduction,cold_surface,6920.0,115.333333,242.2148337107373,270.0,240.0,-33.30179565070438,0.0,0.0,0.0,0.0,0.0,-33.30179565070438,-1820.2327381117452,0.0,0.0,0.0,0.0,0.0,-1820.2327381117452
conduction,cold_surface,6925.0,115.416667,242.2095602971403,270.0,240.0,-33.22250566105964,0.0,0.0,0.0,0.0,0.0,-33.22250566105964,-1820.3988506400506,0.0,0.0,0.0,0.0,0.0,-1820.3988506400506
conduction,cold_surface,6930.0,115.5,242.20429943928997,270.0,240.0,-33.14340445710471,0.0,0.0,0.0,0.0,0.0,-33.14340445710471,-1820.5645676623362,0.0,0.0,0.0,0.0,0.0,-1820.5645676623362
conduction,cold_surface,6935.0,115.583333,242.19905110729167,270.0,240.0,-33.06449158934953,0.0,0.0,0.0,0.0,0.0,-33.06449158934953,-1820.729890120283,0.0,0.0,0.0,0.0,0.0,-1820.729890120283
conduction,cold_surface,6940.0,115.666667,242.19381527132194,270.0,240.0,-32.98576660937499,0.0,0.0,0.0,0.0,0.0,-32.98576660937499,-1820.8948189533298,0.0,0.0,0.0,0.0,0.0,-1820.8948189533298
conduction,cold_surface,6945.0,115.75,242.1885919016283,270.0,240.0,-32.90722906982907,0.0,0.0,0.0,0.0,0.0,-32.90722906982907,-1821.059355098679,0.0,0.0,0.0,0.0,0.0,-1821.059355098679
conduction,cold_surface,6950.0,115.833333,242.1833809685292,270.0,240.0,-32.82887852442471,0.0,0.0,0.0,0.0,0.0,-32.82887852442471,-1821.223499491301,0.0,0.0,0.0,0.0,0.0,-1821.223499491301
conduction,cold_surface,6955.0,115.916667,242.17818244241366,270.0,240.0,-32.7507145279381,0.0,0.0,0.0,0.0,0.0,-32.7507145279381,-1821.387253063941,0.0,0.0,0.0,0.0,0.0,-1821.387253063941
conduction,cold_surface,6960.0,116.0,242.17299629374125,270.0,240.0,-32.67273663620486,0.0,0.0,0.0,0.0,0.0,-32.67273663620486,-1821.550616747122,0.0,0.0,0.0,0.0,0.0,-1821.550616747122
conduction,cold_surface,6965.0,116.083333,242.16782249304185,270.0,240.0,-32.59494440611874,0.0,0.0,0.0,0.0,0.0,-32.59494440611874,-1821.7135914691526,0.0,0.0,0.0,0.0,0.0,-1821.7135914691526
conduction,cold_surface,6970.0,116.166667,242.16266101091557,270.0,240.0,-32.517337395627806,0.0,0.0,0.0,0.0,0.0,-32.517337395627806,-1821.8761781561307,0.0,0.0,0.0,0.0,0.0,-1821.8761781561307
conduction,cold_surface,6975.0,116.25,242.15751181803245,270.0,240.0,-32.43991516373356,0.0,0.0,0.0,0.0,0.0,-32.43991516373356,-1822.0383777319494,0.0,0.0,0.0,0.0,0.0,-1822.0383777319494
conduction,cold_surface,6980.0,116.333333,242.15237488513236,270.0,240.0,-32.3626772704867,0.0,0.0,0.0,0.0,0.0,-32.3626772704867,-1822.2001911183017,0.0,0.0,0.0,0.0,0.0,-1822.2001911183017
conduction,cold_surface,6985.0,116.416667,242.1472501830249,270.0,240.0,-32.285623276985405,0.0,0.0,0.0,0.0,0.0,-32.285623276985405,-1822.3616192346867,0.0,0.0,0.0,0.0,0.0,-1822.3616192346867
conduction,cold_surface,6990.0,116.5,242.14213768258912,270.0,240.0,-32.20875274537363,0.0,0.0,0.0,0.0,0.0,-32.20875274537363,-1822.5226629984136,0.0,0.0,0.0,0.0,0.0,-1822.5226629984136
conduction,cold_surface,6995.0,116.583333,242.13703735477344,270.0,240.0,-32.132065238836844,0.0,0.0,0.0,0.0,0.0,-32.132065238836844,-1822.683323324608,0.0,0.0,0.0,0.0,0.0,-1822.683323324608
conduction,cold_surface,7000.0,116.666667,242.13194917059542,270.0,240.0,-32.055560321601604,0.0,0.0,0.0,0.0,0.0,-32.055560321601604,-1822.8436011262158,0.0,0.0,0.0,0.0,0.0,-1822.8436011262158
conduction,cold_surface,7005.0,116.75,242.12687310114163,270.0,240.0,-31.97923755893129,0.0,0.0,0.0,0.0,0.0,-31.97923755893129,-1823.0034973140105,0.0,0.0,0.0,0.0,0.0,-1823.0034973140105
conduction,cold_surface,7010.0,116.833333,242.12180911756747,270.0,240.0,-31.903096517124396,0.0,0.0,0.0,0.0,0.0,-31.903096517124396,-1823.1630127965961,0.0,0.0,0.0,0.0,0.0,-1823.1630127965961
conduction,cold_surface,7015.0,116.916667,242.11675719109707,270.0,240.0,-31.827136763511987,0.0,0.0,0.0,0.0,0.0,-31.827136763511987,-1823.3221484804137,0.0,0.0,0.0,0.0,0.0,-1823.3221484804137
conduction,cold_surface,7020.0,117.0,242.11171729302302,270.0,240.0,-31.751357866455976,0.0,0.0,0.0,0.0,0.0,-31.751357866455976,-1823.480905269746,0.0,0.0,0.0,0.0,0.0,-1823.480905269746
conduction,cold_surface,7025.0,117.083333,242.1066893947063,270.0,240.0,-31.675759395345295,0.0,0.0,0.0,0.0,0.0,-31.675759395345295,-1823.6392840667227,0.0,0.0,0.0,0.0,0.0,-1823.6392840667227
conduction,cold_surface,7030.0,117.166667,242.10167346757606,270.0,240.0,-31.60034092059462,0.0,0.0,0.0,0.0,0.0,-31.60034092059462,-1823.7972857713257,0.0,0.0,0.0,0.0,0.0,-1823.7972857713257
conduction,cold_surface,7035.0,117.25,242.09666948312946,270.0,240.0,-31.525102013640947,0.0,0.0,0.0,0.0,0.0,-31.525102013640947,-1823.9549112813938,0.0,0.0,0.0,0.0,0.0,-1823.9549112813938
conduction,cold_surface,7040.0,117.333333,242.09167741293155,270.0,240.0,-31.450042246941905,0.0,0.0,0.0,0.0,0.0,-31.450042246941905,-1824.1121614926285,0.0,0.0,0.0,0.0,0.0,-1824.1121614926285
conduction,cold_surface,7045.0,117.416667,242.08669722861504,270.0,240.0,-31.375161193973184,0.0,0.0,0.0,0.0,0.0,-31.375161193973184,-1824.2690372985983,0.0,0.0,0.0,0.0,0.0,-1824.2690372985983
conduction,cold_surface,7050.0,117.5,242.08172890188024,270.0,240.0,-31.300458429225557,0.0,0.0,0.0,0.0,0.0,-31.300458429225557,-1824.4255395907446,0.0,0.0,0.0,0.0,0.0,-1824.4255395907446
conduction,cold_surface,7055.0,117.583333,242.07677240449482,270.0,240.0,-31.225933528203598,0.0,0.0,0.0,0.0,0.0,-31.225933528203598,-1824.5816692583858,0.0,0.0,0.0,0.0,0.0,-1824.5816692583858
conduction,cold_surface,7060.0,117.666667,242.07182770829365,270.0,240.0,-31.151586067422272,0.0,0.0,0.0,0.0,0.0,-31.151586067422272,-1824.737427188723,0.0,0.0,0.0,0.0,0.0,-1824.737427188723
conduction,cold_surface,7065.0,117.75,242.06689478517868,270.0,240.0,-31.077415624404807,0.0,0.0,0.0,0.0,0.0,-31.077415624404807,-1824.8928142668449,0.0,0.0,0.0,0.0,0.0,-1824.8928142668449
conduction,cold_surface,7070.0,117.833333,242.06197360711872,270.0,240.0,-31.00342177768013,0.0,0.0,0.0,0.0,0.0,-31.00342177768013,-1825.0478313757333,0.0,0.0,0.0,0.0,0.0,-1825.0478313757333
conduction,cold_surface,7075.0,117.916667,242.05706414614937,270.0,240.0,-30.929604106780744,0.0,0.0,0.0,0.0,0.0,-30.929604106780744,-1825.202479396267,0.0,0.0,0.0,0.0,0.0,-1825.202479396267
conduction,cold_surface,7080.0,118.0,242.05216637437283,270.0,240.0,-30.855962192240582,0.0,0.0,0.0,0.0,0.0,-30.855962192240582,-1825.3567592072282,0.0,0.0,0.0,0.0,0.0,-1825.3567592072282
conduction,cold_surface,7085.0,118.083333,242.04728026395765,270.0,240.0,-30.782495615592467,0.0,0.0,0.0,0.0,0.0,-30.782495615592467,-1825.510671685306,0.0,0.0,0.0,0.0,0.0,-1825.510671685306
conduction,cold_surface,7090.0,118.166667,242.0424057871387,270.0,240.0,-30.709203959364686,0.0,0.0,0.0,0.0,0.0,-30.709203959364686,-1825.6642177051028,0.0,0.0,0.0,0.0,0.0,-1825.6642177051028
conduction,cold_surface,7095.0,118.25,242.03754291621695,270.0,240.0,-30.636086807080574,0.0,0.0,0.0,0.0,0.0,-30.636086807080574,-1825.8173981391383,0.0,0.0,0.0,0.0,0.0,-1825.8173981391383
conduction,cold_surface,7100.0,118.333333,242.0326916235593,270.0,240.0,-30.563143743254244,0.0,0.0,0.0,0.0,0.0,-30.563143743254244,-1825.9702138578546,0.0,0.0,0.0,0.0,0.0,-1825.9702138578546
conduction,cold_surface,7105.0,118.416667,242.02785188159842,270.0,240.0,-30.490374353389313,0.0,0.0,0.0,0.0,0.0,-30.490374353389313,-1826.1226657296215,0.0,0.0,0.0,0.0,0.0,-1826.1226657296215
conduction,cold_surface,7110.0,118.5,242.0230236628327,270.0,240.0,-30.41777822397634,0.0,0.0,0.0,0.0,0.0,-30.41777822397634,-1826.2747546207413,0.0,0.0,0.0,0.0,0.0,-1826.2747546207413
conduction,cold_surface,7115.0,118.583333,242.01820693982597,270.0,240.0,-30.3453549424907,0.0,0.0,0.0,0.0,0.0,-30.3453549424907,-1826.426481395454,0.0,0.0,0.0,0.0,0.0,-1826.426481395454
conduction,cold_surface,7120.0,118.666667,242.01340168520733,270.0,240.0,-30.27310409738959,0.0,0.0,0.0,0.0,0.0,-30.27310409738959,-1826.5778469159407,0.0,0.0,0.0,0.0,0.0,-1826.5778469159407
conduction,cold_surface,7125.0,118.75,242.00860787167113,270.0,240.0,-30.20102527810991,0.0,0.0,0.0,0.0,0.0,-30.20102527810991,-1826.7288520423313,0.0,0.0,0.0,0.0,0.0,-1826.7288520423313
conduction,cold_surface,7130.0,118.833333,242.00382547197668,270.0,240.0,-30.12911807506697,0.0,0.0,0.0,0.0,0.0,-30.12911807506697,-1826.8794976327067,0.0,0.0,0.0,0.0,0.0,-1826.8794976327067
conduction,cold_surface,7135.0,118.916667,241.99905445894817,270.0,240.0,-30.05738207965024,0.0,0.0,0.0,0.0,0.0,-30.05738207965024,-1827.0297845431048,0.0,0.0,0.0,0.0,0.0,-1827.0297845431048
conduction,cold_surface,7140.0,119.0,241.99429480547448,270.0,240.0,-29.985816884222487,0.0,0.0,0.0,0.0,0.0,-29.985816884222487,-1827.179713627526,0.0,0.0,0.0,0.0,0.0,-1827.179713627526
conduction,cold_surface,7145.0,119.083333,241.98954648450908,270.0,240.0,-29.914422082117227,0.0,0.0,0.0,0.0,0.0,-29.914422082117227,-1827.3292857379365,0.0,0.0,0.0,0.0,0.0,-1827.3292857379365
conduction,cold_surface,7150.0,119.166667,241.98480946906977,270.0,240.0,-29.843197267636157,0.0,0.0,0.0,0.0,0.0,-29.843197267636157,-1827.4785017242748,0.0,0.0,0.0,0.0,0.0,-1827.4785017242748
conduction,cold_surface,7155.0,119.25,241.98008373223865,270.0,240.0,-29.772142036046603,0.0,0.0,0.0,0.0,0.0,-29.772142036046603,-1827.6273624344549,0.0,0.0,0.0,0.0,0.0,-1827.6273624344549
conduction,cold_surface,7160.0,119.333333,241.9753692471619,270.0,240.0,-29.701255983579813,0.0,0.0,0.0,0.0,0.0,-29.701255983579813,-1827.7758687143728,0.0,0.0,0.0,0.0,0.0,-1827.7758687143728
conduction,cold_surface,7165.0,119.416667,241.9706659870496,270.0,240.0,-29.6305387074284,0.0,0.0,0.0,0.0,0.0,-29.6305387074284,-1827.92402140791,0.0,0.0,0.0,0.0,0.0,-1827.92402140791
conduction,cold_surface,7170.0,119.5,241.9659739251757,270.0,240.0,-29.55998980574421,0.0,0.0,0.0,0.0,0.0,-29.55998980574421,-1828.0718213569387,0.0,0.0,0.0,0.0,0.0,-1828.0718213569387
conduction,cold_surface,7175.0,119.583333,241.96129303487766,270.0,240.0,-29.489608877635334,0.0,0.0,0.0,0.0,0.0,-29.489608877635334,-1828.2192694013268,0.0,0.0,0.0,0.0,0.0,-1828.2192694013268
conduction,cold_surface,7180.0,119.666667,241.95662328955652,270.0,240.0,-29.419395523164837,0.0,0.0,0.0,0.0,0.0,-29.419395523164837,-1828.3663663789425,0.0,0.0,0.0,0.0,0.0,-1828.3663663789425
conduction,cold_surface,7185.0,119.75,241.95196466267663,270.0,240.0,-29.349349343347768,0.0,0.0,0.0,0.0,0.0,-29.349349343347768,-1828.5131131256594,0.0,0.0,0.0,0.0,0.0,-1828.5131131256594
conduction,cold_surface,7190.0,119.833333,241.9473171277655,270.0,240.0,-29.279469940149454,0.0,0.0,0.0,0.0,0.0,-29.279469940149454,-1828.65951047536,0.0,0.0,0.0,0.0,0.0,-1828.65951047536
conduction,cold_surface,7195.0,119.916667,241.94268065841368,270.0,240.0,-29.20975691648252,0.0,0.0,0.0,0.0,0.0,-29.20975691648252,-1828.8055592599426,0.0,0.0,0.0,0.0,0.0,-1828.8055592599426
conduction,cold_surface,7200.0,120.0,241.9380552282746,270.0,240.0,-29.140209876205176,0.0,0.0,0.0,0.0,0.0,-29.140209876205176,-1828.9512603093235,0.0,0.0,0.0,0.0,0.0,-1828.9512603093235
