suite,scenario,time_s,time_min,temperature_K,ambient_K,sun_fraction,solar_W_m2,q_conduction_W,q_convection_W,q_longwave_W,q_solar_W,q_radiation_W,q_internal_W,q_total_W,energy_conduction_kJ,energy_convection_kJ,energy_longwave_kJ,energy_solar_kJ,energy_radiation_kJ,energy_internal_kJ,energy_total_kJ
radiation,sun,0.0,0.0,300.0,270.0,1.0,1000.0,0.0,0.0,0.0,0.0,0.0,0.0,0.0,0.0,0.0,0.0,0.0,0.0,0.0,0.0
radiation,sun,5.0,0.083333,300.0017634026917,270.0,1.0,1000.0,0.0,0.0,-201.3905630422332,212.5,11.109436957766803,0.0,11.109436957766803,0.0,0.0,-1.006952815211166,1.0625,0.05554718478883402,0.0,0.05554718478883402
radiation,sun,10.0,0.166667,300.0035246198349,270.0,1.0,1000.0,0.0,0.0,-201.40433199802177,212.5,11.095668001978225,0.0,11.095668001978225,0.0,0.0,-2.013974475201275,2.125,0.11102552479872514,0.0,0.11102552479872514
radiation,sun,15.0,0.25,300.0052836540998,270.0,1.0,1000.0,0.0,0.0,-201.41808413101768,212.5,11.081915868982321,0.0,11.081915868982321,0.0,0.0,-3.0210648958563633,3.1875,0.16643510414363674,0.0,0.16643510414363674
radiation,sun,20.0,0.333333,300.0070405081536,270.0,1.0,1000.0,0.0,0.0,-201.43181946117326,212.5,11.068180538826738,0.0,11.068180538826738,0.0,0.0,-4.0282239931622295,4.25,0.22177600683777043,0.0,0.22177600683777043
radiation,sun,25.0,0.416667,300.0087951846602,270.0,1.0,1000.0,0.0,0.0,-201.44553800841837,212.5,11.054461991581633,0.0,11.054461991581633,0.0,0.0,-5.035451683204322,5.3125,0.2770483167956786,0.0,0.2770483167956786
radiation,sun,30.0,0.5,300.0105476862804,270.0,1.0,1000.0,0.0,0.0,-201.45923979266095,212.5,11.040760207339048,0.0,11.040760207339048,0.0,0.0,-6.042747882167626,6.375,0.33225211783237385,0.0,0.33225211783237385
radiation,sun,35.0,0.583333,300.0122980156719,270.0,1.0,1000.0,0.0,0.0,-201.47292483378658,212.5,11.027075166213422,0.0,11.027075166213422,0.0,0.0,-7.05011250633656,7.4375,0.387387493663441,0.0,0.387387493663441
radiation,sun,40.0,0.666667,300.0140461754891,270.0,1.0,1000.0,0.0,0.0,-201.48659315165906,212.5,11.013406848340935,0.0,11.013406848340935,0.0,0.0,-8.057545472094855,8.5,0.44245452790514567,0.0,0.44245452790514567
radiation,sun,45.0,0.75,300.01579216838337,270.0,1.0,1000.0,0.0,0.0,-201.50024476611983,212.5,10.999755233880165,0.0,10.999755233880165,0.0,0.0,-9.065046695925453,9.5625,0.4974533040745465,0.0,0.4974533040745465
radiation,sun,50.0,0.833333,300.0175359970029,270.0,1.0,1000.0,0.0,0.0,-201.51387969698789,212.5,10.986120303012115,0.0,10.986120303012115,0.0,0.0,-10.072616094410394,10.625,0.5523839055896071,0.0,0.5523839055896071
radiation,sun,55.0,0.916667,300.01927766399274,270.0,1.0,1000.0,0.0,0.0,-201.52749796406096,212.5,10.972502035939044,0.0,10.972502035939044,0.0,0.0,-11.080253584230698,11.6875,0.6072464157693023,0.0,0.6072464157693023
radiation,sun,60.0,1.0,300.0210171719948,270.0,1.0,1000.0,0.0,0.0,-201.54109958711484,212.5,10.958900412885157,0.0,10.958900412885157,0.0,0.0,-12.087959082166273,12.75,0.6620409178337281,0.0,0.6620409178337281
radiation,sun,65.0,1.083333,300.02275452364785,270.0,1.0,1000.0,0.0,0.0,-201.55468458590246,212.5,10.945315414097536,0.0,10.945315414097536,0.0,0.0,-13.095732505095786,13.8125,0.7167674949042159,0.0,0.7167674949042159
radiation,sun,70.0,1.166667,300.0244897215875,270.0,1.0,1000.0,0.0,0.0,-201.56825298015528,212.5,10.931747019844721,0.0,10.931747019844721,0.0,0.0,-14.103573769996563,14.875,0.7714262300034394,0.0,0.7714262300034394
radiation,sun,75.0,1.25,300.0262227684463,270.0,1.0,1000.0,0.0,0.0,-201.58180478958252,212.5,10.91819521041748,0.0,10.91819521041748,0.0,0.0,-15.111482793944475,15.9375,0.8260172060555268,0.0,0.8260172060555268
radiation,sun,80.0,1.333333,300.02795366685365,270.0,1.0,1000.0,0.0,0.0,-201.59534003387225,212.5,10.904659966127753,0.0,10.904659966127753,0.0,0.0,-16.119459494113837,17.0,0.8805405058861655,0.0,0.8805405058861655
radiation,sun,85.0,1.416667,300.02968241943574,270.0,1.0,1000.0,0.0,0.0,-201.60885873268984,212.5,10.89114126731016,0.0,10.89114126731016,0.0,0.0,-17.127503787777286,18.0625,0.9349962122227164,0.0,0.9349962122227164
radiation,sun,90.0,1.5,300.0314090288158,270.0,1.0,1000.0,0.0,0.0,-201.62236090567853,212.5,10.877639094321466,0.0,10.877639094321466,0.0,0.0,-18.135615592305676,19.125,0.9893844076943237,0.0,0.9893844076943237
radiation,sun,95.0,1.583333,300.03313349761385,270.0,1.0,1000.0,0.0,0.0,-201.6358465724607,212.5,10.864153427539293,0.0,10.864153427539293,0.0,0.0,-19.14379482516798,20.1875,1.0437051748320203,0.0,1.0437051748320203
radiation,sun,100.0,1.666667,300.0348558284468,270.0,1.0,1000.0,0.0,0.0,-201.6493157526363,212.5,10.850684247363688,0.0,10.850684247363688,0.0,0.0,-20.15204140393116,21.25,1.0979585960688387,0.0,1.0979585960688387
radiation,sun,105.0,1.75,300.0365760239284,270.0,1.0,1000.0,0.0,0.0,-201.66276846578324,212.5,10.837231534216755,0.0,10.837231534216755,0.0,0.0,-21.160355246260078,22.3125,1.1521447537399223,0.0,1.1521447537399223
radiation,sun,110.0,1.833333,300.0382940866694,270.0,1.0,1000.0,0.0,0.0,-201.67620473145752,212.5,10.823795268542483,0.0,10.823795268542483,0.0,0.0,-22.168736269917364,23.375,1.2062637300826347,0.0,1.2062637300826347
radiation,sun,115.0,1.916667,300.0400100192775,270.0,1.0,1000.0,0.0,0.0,-201.68962456919417,212.5,10.810375430805834,0.0,10.810375430805834,0.0,0.0,-23.177184392763333,24.4375,1.260315607236664,0.0,1.260315607236664
radiation,sun,120.0,2.0,300.04172382435706,270.0,1.0,1000.0,0.0,0.0,-201.70302799850597,212.5,10.796972001494026,0.0,10.796972001494026,0.0,0.0,-24.185699532755866,25.5,1.314300467244134,0.0,1.314300467244134
radiation,sun,125.0,2.083333,300.0434355045096,270.0,1.0,1000.0,0.0,0.0,-201.71641503888355,212.5,10.783584961116446,0.0,10.783584961116446,0.0,0.0,-25.194281607950284,26.5625,1.3682183920497164,0.0,1.3682183920497164
radiation,sun,130.0,2.166667,300.04514506233346,270.0,1.0,1000.0,0.0,0.0,-201.72978570979635,212.5,10.770214290203654,0.0,10.770214290203654,0.0,0.0,-26.202930536499267,27.625,1.4220694635007347,0.0,1.4220694635007347
radiation,sun,135.0,2.25,300.0468525004238,270.0,1.0,1000.0,0.0,0.0,-201.74314003069227,212.5,10.756859969307726,0.0,10.756859969307726,0.0,0.0,-27.211646236652726,28.6875,1.4758537633472733,0.0,1.4758537633472733
radiation,sun,140.0,2.333333,300.04855782137287,270.0,1.0,1000.0,0.0,0.0,-201.75647802099667,212.5,10.743521979003333,0.0,10.743521979003333,0.0,0.0,-28.220428626757712,29.75,1.52957137324229,0.0,1.52957137324229
radiation,sun,145.0,2.416667,300.0502610277697,270.0,1.0,1000.0,0.0,0.0,-201.7697997001139,212.5,10.730200299886093,0.0,10.730200299886093,0.0,0.0,-29.22927762525828,30.8125,1.5832223747417207,0.0,1.5832223747417207
radiation,sun,150.0,2.5,300.0519621222003,270.0,1.0,1000.0,0.0,0.0,-201.78310508742683,212.5,10.716894912573167,0.0,10.716894912573167,0.0,0.0,-30.238193150695412,31.875,1.6368068493045864,0.0,1.6368068493045864
radiation,sun,155.0,2.583333,300.05366110724754,270.0,1.0,1000.0,0.0,0.0,-201.79639420229606,212.5,10.703605797703943,0.0,10.703605797703943,0.0,0.0,-31.247175121706892,32.9375,1.6903248782931062,0.0,1.6903248782931062
radiation,sun,160.0,2.666667,300.05535798549136,270.0,1.0,1000.0,0.0,0.0,-201.80966706406085,212.5,10.690332935939153,0.0,10.690332935939153,0.0,0.0,-32.2562234570272,34.0,1.743776542972802,0.0,1.743776542972802
radiation,sun,165.0,2.75,300.0570527595085,270.0,1.0,1000.0,0.0,0.0,-201.82292369203918,212.5,10.677076307960817,0.0,10.677076307960817,0.0,0.0,-33.26533807548739,35.0625,1.797161924512606,0.0,1.797161924512606
radiation,sun,170.0,2.833333,300.0587454318727,270.0,1.0,1000.0,0.0,0.0,-201.83616410552702,212.5,10.663835894472982,0.0,10.663835894472982,0.0,0.0,-34.274518896015024,36.125,1.8504811039849711,0.0,1.8504811039849711
radiation,sun,175.0,2.916667,300.06043600515466,270.0,1.0,1000.0,0.0,0.0,-201.84938832379882,212.5,10.65061167620118,0.0,10.65061167620118,0.0,0.0,-35.28376583763402,37.1875,1.903734162365977,0.0,1.903734162365977
radiation,sun,180.0,3.0,300.06212448192196,270.0,1.0,1000.0,0.0,0.0,-201.86259636610825,212.5,10.63740363389175,0.0,10.63740363389175,0.0,0.0,-36.293078819464554,38.25,1.9569211805354356,0.0,1.9569211805354356
radiation,sun,185.0,3.083333,300.06381086473914,270.0,1.0,1000.0,0.0,0.0,-201.87578825168637,212.5,10.624211748313627,0.0,10.624211748313627,0.0,0.0,-37.30245776072299,39.3125,2.010042239277004,0.0,2.010042239277004
radiation,sun,190.0,3.166667,300.06549515616774,270.0,1.0,1000.0,0.0,0.0,-201.88896399974337,212.5,10.611036000256632,0.0,10.611036000256632,0.0,0.0,-38.31190258072171,40.375,2.0630974192782867,0.0,2.0630974192782867
radiation,sun,195.0,3.25,300.06717735876623,270.0,1.0,1000.0,0.0,0.0,-201.90212362946795,212.5,10.597876370532049,0.0,10.597876370532049,0.0,0.0,-39.321413198869045,41.4375,2.116086801130947,0.0,2.116086801130947
radiation,sun,200.0,3.333333,300.06885747509006,270.0,1.0,1000.0,0.0,0.0,-201.9152671600273,212.5,10.584732839972702,0.0,10.584732839972702,0.0,0.0,-40.33098953466918,42.5,2.169010465330811,0.0,2.169010465330811
radiation,sun,205.0,3.416667,300.07053550769155,270.0,1.0,1000.0,0.0,0.0,-201.92839461056752,212.5,10.571605389432477,0.0,10.571605389432477,0.0,0.0,-41.340631507722016,43.5625,2.2218684922779732,0.0,2.2218684922779732
radiation,sun,210.0,3.5,300.07221145912007,270.0,1.0,1000.0,0.0,0.0,-201.94150600021248,212.5,10.558493999787515,0.0,10.558493999787515,0.0,0.0,-42.350339037723074,44.625,2.2746609622769105,0.0,2.2746609622769105
radiation,sun,215.0,3.583333,300.073885331922,270.0,1.0,1000.0,0.0,0.0,-201.9546013480654,212.5,10.54539865193459,0.0,10.54539865193459,0.0,0.0,-43.3601120444634,45.6875,2.3273879555365835,0.0,2.3273879555365835
radiation,sun,220.0,3.666667,300.0755571286405,270.0,1.0,1000.0,0.0,0.0,-201.96768067320812,212.5,10.532319326791878,0.0,10.532319326791878,0.0,0.0,-44.36995044782944,46.75,2.380049552170543,0.0,2.380049552170543
radiation,sun,225.0,3.75,300.07722685181596,270.0,1.0,1000.0,0.0,0.0,-201.98074399470067,212.5,10.519256005299326,0.0,10.519256005299326,0.0,0.0,-45.37985416780295,47.8125,2.4326458321970397,0.0,2.4326458321970397
radiation,sun,230.0,3.833333,300.07889450398557,270.0,1.0,1000.0,0.0,0.0,-201.99379133158195,212.5,10.506208668418054,0.0,10.506208668418054,0.0,0.0,-46.389823124460854,48.875,2.48517687553913,0.0,2.48517687553913
radiation,sun,235.0,3.916667,300.0805600876835,270.0,1.0,1000.0,0.0,0.0,-202.00682270286993,212.5,10.493177297130075,0.0,10.493177297130075,0.0,0.0,-47.3998572379752,49.9375,2.5376427620247806,0.0,2.5376427620247806
radiation,sun,240.0,4.0,300.0822236054411,270.0,1.0,1000.0,0.0,0.0,-202.01983812756077,212.5,10.480161872439226,0.0,10.480161872439226,0.0,0.0,-48.40995642861301,51.0,2.5900435713869765,0.0,2.5900435713869765
radiation,sun,245.0,4.083333,300.0838850597864,270.0,1.0,1000.0,0.0,0.0,-202.0328376246298,212.5,10.467162375370208,0.0,10.467162375370208,0.0,0.0,-49.42012061673615,52.0625,2.6423793832638274,0.0,2.6423793832638274
radiation,sun,250.0,4.166667,300.0855444532446,270.0,1.0,1000.0,0.0,0.0,-202.04582121303076,212.5,10.454178786969237,0.0,10.454178786969237,0.0,0.0,-50.43034972280131,53.125,2.694650277198674,0.0,2.694650277198674
radiation,sun,255.0,4.25,300.087201788338,270.0,1.0,1000.0,0.0,0.0,-202.05878891169613,212.5,10.441211088303874,0.0,10.441211088303874,0.0,0.0,-51.44064366735979,54.1875,2.7468563326401934,0.0,2.7468563326401934
radiation,sun,260.0,4.333333,300.0888570675857,270.0,1.0,1000.0,0.0,0.0,-202.07174073953794,212.5,10.428259260462056,0.0,10.428259260462056,0.0,0.0,-52.45100237105748,55.25,2.7989976289425034,0.0,2.7989976289425034
radiation,sun,265.0,4.416667,300.0905102935039,270.0,1.0,1000.0,0.0,0.0,-202.0846767154461,212.5,10.415323284553892,0.0,10.415323284553892,0.0,0.0,-53.46142575463471,56.3125,2.8510742453652727,0.0,2.8510742453652727
radiation,sun,270.0,4.5,300.09216146860575,270.0,1.0,1000.0,0.0,0.0,-202.0975968582897,212.5,10.402403141710295,0.0,10.402403141710295,0.0,0.0,-54.471913738926155,57.375,2.9030862610738244,0.0,2.9030862610738244
radiation,sun,275.0,4.583333,300.09381059540146,270.0,1.0,1000.0,0.0,0.0,-202.11050118691713,212.5,10.389498813082866,0.0,10.389498813082866,0.0,0.0,-55.48246624486074,58.4375,2.955033755139239,0.0,2.955033755139239
radiation,sun,280.0,4.666667,300.09545767639827,270.0,1.0,1000.0,0.0,0.0,-202.12338972015482,212.5,10.376610279845181,0.0,10.376610279845181,0.0,0.0,-56.493083193461516,59.5,3.006916806538465,0.0,3.006916806538465
radiation,sun,285.0,4.75,300.09710271410034,270.0,1.0,1000.0,0.0,0.0,-202.13626247680898,212.5,10.36373752319102,0.0,10.36373752319102,0.0,0.0,-57.50376450584556,60.5625,3.05873549415442,0.0,3.05873549415442
radiation,sun,290.0,4.833333,300.098745711009,270.0,1.0,1000.0,0.0,0.0,-202.149119475664,212.5,10.350880524335992,0.0,10.350880524335992,0.0,0.0,-58.514510103223884,61.625,3.1104898967761,0.0,3.1104898967761
radiation,sun,295.0,4.916667,300.10038666962237,270.0,1.0,1000.0,0.0,0.0,-202.1619607354839,212.5,10.338039264516112,0.0,10.338039264516112,0.0,0.0,-59.5253199069013,62.6875,3.1621800930986805,0.0,3.1621800930986805
radiation,sun,300.0,5.0,300.10202559243584,270.0,1.0,1000.0,0.0,0.0,-202.17478627501097,212.5,10.325213724989027,0.0,10.325213724989027,0.0,0.0,-60.536193838276354,63.75,3.213806161723626,0.0,3.213806161723626
radiation,sun,305.0,5.083333,300.10366248194174,270.0,1.0,1000.0,0.0,0.0,-202.18759611296701,212.5,10.312403887032985,0.0,10.312403887032985,0.0,0.0,-61.54713181884119,64.8125,3.2653681811587907,0.0,3.2653681811587907
radiation,sun,310.0,5.166667,300.10529734062936,270.0,1.0,1000.0,0.0,0.0,-202.200390268053,212.5,10.299609731946987,0.0,10.299609731946987,0.0,0.0,-62.558133770181456,65.875,3.316866229818526,0.0,3.316866229818526
radiation,sun,315.0,5.25,300.1069301709851,270.0,1.0,1000.0,0.0,0.0,-202.21316875894823,212.5,10.286831241051772,0.0,10.286831241051772,0.0,0.0,-63.569199613976195,66.9375,3.3683003860237846,0.0,3.3683003860237846
radiation,sun,320.0,5.333333,300.10856097549237,270.0,1.0,1000.0,0.0,0.0,-202.22593160431128,212.5,10.274068395688715,0.0,10.274068395688715,0.0,0.0,-64.58032927199775,68.0,3.4196707280022283,0.0,3.4196707280022283
radiation,sun,325.0,5.416667,300.1101897566316,270.0,1.0,1000.0,0.0,0.0,-202.23867882278023,212.5,10.26132117721977,0.0,10.26132117721977,0.0,0.0,-65.59152266611166,69.0625,3.4709773338883267,0.0,3.4709773338883267
radiation,sun,330.0,5.5,300.1118165168803,270.0,1.0,1000.0,0.0,0.0,-202.25141043297148,212.5,10.248589567028517,0.0,10.248589567028517,0.0,0.0,-66.60277971827652,70.125,3.52222028172347,0.0,3.52222028172347
radiation,sun,335.0,5.583333,300.11344125871307,270.0,1.0,1000.0,0.0,0.0,-202.26412645348123,212.5,10.235873546518775,0.0,10.235873546518775,0.0,0.0,-67.61410035054394,71.1875,3.573399649456064,0.0,3.573399649456064
radiation,sun,340.0,5.666667,300.1150639846015,270.0,1.0,1000.0,0.0,0.0,-202.27682690288464,212.5,10.223173097115364,0.0,10.223173097115364,0.0,0.0,-68.62548448505835,72.25,3.6245155149416406,0.0,3.6245155149416406
radiation,sun,345.0,5.75,300.1166846970142,270.0,1.0,1000.0,0.0,0.0,-202.2895117997359,212.5,10.210488200264109,0.0,10.210488200264109,0.0,0.0,-69.63693204405703,73.3125,3.675567955942961,0.0,3.675567955942961
radiation,sun,350.0,5.833333,300.11830339841697,270.0,1.0,1000.0,0.0,0.0,-202.30218116256844,212.5,10.197818837431555,0.0,10.197818837431555,0.0,0.0,-70.64844294986987,74.375,3.7265570501301184,0.0,3.7265570501301184
radiation,sun,355.0,5.916667,300.11992009127255,270.0,1.0,1000.0,0.0,0.0,-202.31483500989512,212.5,10.18516499010488,0.0,10.18516499010488,0.0,0.0,-71.66001712491935,75.4375,3.7774828750806426,0.0,3.7774828750806426
radiation,sun,360.0,6.0,300.12153477804077,270.0,1.0,1000.0,0.0,0.0,-202.32747336020745,212.5,10.172526639792551,0.0,10.172526639792551,0.0,0.0,-72.67165449172039,76.5,3.828345508279605,0.0,3.828345508279605
radiation,sun,365.0,6.083333,300.1231474611786,270.0,1.0,1000.0,0.0,0.0,-202.3400962319765,212.5,10.159903768023497,0.0,10.159903768023497,0.0,0.0,-73.68335497288028,77.5625,3.8791450271197228,0.0,3.8791450271197228
radiation,sun,370.0,6.166667,300.1247581431399,270.0,1.0,1000.0,0.0,0.0,-202.35270364365275,212.5,10.147296356347255,0.0,10.147296356347255,0.0,0.0,-74.69511849109853,78.625,3.9298815089014587,0.0,3.9298815089014587
radiation,sun,375.0,6.25,300.12636682637583,270.0,1.0,1000.0,0.0,0.0,-202.36529561366527,212.5,10.134704386334732,0.0,10.134704386334732,0.0,0.0,-75.70694496916686,79.6875,3.980555030833133,0.0,3.980555030833133
radiation,sun,380.0,6.333333,300.1279735133345,270.0,1.0,1000.0,0.0,0.0,-202.3778721604233,212.5,10.122127839576706,0.0,10.122127839576706,0.0,0.0,-76.71883432996897,80.75,4.031165670031016,0.0,4.031165670031016
radiation,sun,385.0,6.416667,300.12957820646113,270.0,1.0,1000.0,0.0,0.0,-202.39043330231482,212.5,10.109566697685182,0.0,10.109566697685182,0.0,0.0,-77.73078649648055,81.8125,4.081713503519442,0.0,4.081713503519442
radiation,sun,390.0,6.5,300.131180908198,270.0,1.0,1000.0,0.0,0.0,-202.40297905770746,212.5,10.097020942292545,0.0,10.097020942292545,0.0,0.0,-78.74280139176908,82.875,4.132198608230905,0.0,4.132198608230905
radiation,sun,395.0,6.583333,300.13278162098453,270.0,1.0,1000.0,0.0,0.0,-202.41550944494787,212.5,10.084490555052128,0.0,10.084490555052128,0.0,0.0,-79.75487893899381,83.9375,4.182621061006166,0.0,4.182621061006166
radiation,sun,400.0,6.666667,300.13438034725715,270.0,1.0,1000.0,0.0,0.0,-202.42802448236225,212.5,10.071975517637753,0.0,10.071975517637753,0.0,0.0,-80.76701906140563,85.0,4.232980938594355,0.0,4.232980938594355
radiation,sun,405.0,6.75,300.1359770894495,270.0,1.0,1000.0,0.0,0.0,-202.44052418825598,212.5,10.059475811744022,0.0,10.059475811744022,0.0,0.0,-81.77922168234691,86.0625,4.283278317653075,0.0,4.283278317653075
radiation,sun,410.0,6.833333,300.13757184999224,270.0,1.0,1000.0,0.0,0.0,-202.45300858091468,212.5,10.046991419085316,0.0,10.046991419085316,0.0,0.0,-82.7914867252515,87.125,4.333513274748501,0.0,4.333513274748501
radiation,sun,415.0,6.916667,300.1391646313131,270.0,1.0,1000.0,0.0,0.0,-202.4654776786024,212.5,10.034522321397588,0.0,10.034522321397588,0.0,0.0,-83.8038141136445,88.1875,4.383685886355489,0.0,4.383685886355489
radiation,sun,420.0,7.0,300.140755435837,270.0,1.0,1000.0,0.0,0.0,-202.47793149956308,212.5,10.022068500436916,0.0,10.022068500436916,0.0,0.0,-84.81620377114231,89.25,4.433796228857673,0.0,4.433796228857673
radiation,sun,425.0,7.083333,300.14234426598586,270.0,1.0,1000.0,0.0,0.0,-202.49037006201962,212.5,10.009629937980378,0.0,10.009629937980378,0.0,0.0,-85.82865562145241,90.3125,4.483844378547576,0.0,4.483844378547576
radiation,sun,430.0,7.166667,300.14393112417883,270.0,1.0,1000.0,0.0,0.0,-202.50279338417528,212.5,9.997206615824723,0.0,9.997206615824723,0.0,0.0,-86.84116958837329,91.375,4.533830411626699,0.0,4.533830411626699
radiation,sun,435.0,7.25,300.14551601283216,270.0,1.0,1000.0,0.0,0.0,-202.51520148421244,212.5,9.98479851578756,0.0,9.98479851578756,0.0,0.0,-87.85374559579435,92.4375,4.583754404205637,0.0,4.583754404205637
radiation,sun,440.0,7.333333,300.1470989343591,270.0,1.0,1000.0,0.0,0.0,-202.52759438029304,212.5,9.972405619706961,0.0,9.972405619706961,0.0,0.0,-88.8663835676958,93.5,4.633616432304172,0.0,4.633616432304172
radiation,sun,445.0,7.416667,300.14867989117016,270.0,1.0,1000.0,0.0,0.0,-202.53997209055834,212.5,9.960027909441663,0.0,9.960027909441663,0.0,0.0,-89.8790834281486,94.5625,4.683416571851381,0.0,4.683416571851381
radiation,sun,450.0,7.5,300.1502588856728,270.0,1.0,1000.0,0.0,0.0,-202.5523346331292,212.5,9.947665366870808,0.0,9.947665366870808,0.0,0.0,-90.89184510131425,95.625,4.733154898685735,0.0,4.733154898685735
radiation,sun,455.0,7.583333,300.1518359202719,270.0,1.0,1000.0,0.0,0.0,-202.56468202610617,212.5,9.93531797389383,0.0,9.93531797389383,0.0,0.0,-91.90466851144478,96.6875,4.782831488555203,0.0,4.782831488555203
radiation,sun,460.0,7.666667,300.15341099736906,270.0,1.0,1000.0,0.0,0.0,-202.57701428756977,212.5,9.922985712430233,0.0,9.922985712430233,0.0,0.0,-92.91755358288262,97.75,4.832446417117355,0.0,4.832446417117355
radiation,sun,465.0,7.75,300.1549841193634,270.0,1.0,1000.0,0.0,0.0,-202.58933143557928,212.5,9.910668564420718,0.0,9.910668564420718,0.0,0.0,-93.93050024006051,98.8125,4.8819997599394584,0.0,4.8819997599394584
radiation,sun,470.0,7.833333,300.156555288651,270.0,1.0,1000.0,0.0,0.0,-202.60163348817457,212.5,9.89836651182543,0.0,9.89836651182543,0.0,0.0,-94.94350840750138,99.875,4.931491592498586,0.0,4.931491592498586
radiation,sun,475.0,7.916667,300.1581245076251,270.0,1.0,1000.0,0.0,0.0,-202.613920463375,212.5,9.886079536625004,0.0,9.886079536625004,0.0,0.0,-95.95657800981826,100.9375,4.98092199018171,0.0,4.98092199018171
radiation,sun,480.0,8.0,300.159691778676,270.0,1.0,1000.0,0.0,0.0,-202.62619237917883,212.5,9.873807620821168,0.0,9.873807620821168,0.0,0.0,-96.96970897171416,102.0,5.030291028285816,0.0,5.030291028285816
radiation,sun,485.0,8.083333,300.1612571041913,270.0,1.0,1000.0,0.0,0.0,-202.638449253565,212.5,9.861550746435,0.0,9.861550746435,0.0,0.0,-97.98290121798198,103.0625,5.0795987820179915,0.0,5.0795987820179915
radiation,sun,490.0,8.166667,300.16282048655563,270.0,1.0,1000.0,0.0,0.0,-202.65069110449141,212.5,9.849308895508585,0.0,9.849308895508585,0.0,0.0,-98.99615467350442,104.125,5.128845326495534,0.0,5.128845326495534
radiation,sun,495.0,8.25,300.1643819281509,270.0,1.0,1000.0,0.0,0.0,-202.66291794989618,212.5,9.837082050103817,0.0,9.837082050103817,0.0,0.0,-100.0094692632539,105.1875,5.178030736746054,0.0,5.178030736746054
radiation,sun,500.0,8.333333,300.165941431356,270.0,1.0,1000.0,0.0,0.0,-202.6751298076973,212.5,9.824870192302711,0.0,9.824870192302711,0.0,0.0,-101.0228449122924,106.25,5.227155087707567,0.0,5.227155087707567
radiation,sun,505.0,8.416667,300.1674989985471,270.0,1.0,1000.0,0.0,0.0,-202.6873266957922,212.5,9.812673304207806,0.0,9.812673304207806,0.0,0.0,-102.03628154577136,107.3125,5.276218454228606,0.0,5.276218454228606
radiation,sun,510.0,8.5,300.1690546320976,270.0,1.0,1000.0,0.0,0.0,-202.69950863205824,212.5,9.80049136794176,0.0,9.80049136794176,0.0,0.0,-103.04977908893166,108.375,5.325220911068314,0.0,5.325220911068314
radiation,sun,515.0,8.583333,300.17060833437785,270.0,1.0,1000.0,0.0,0.0,-202.71167563435293,212.5,9.788324365647071,0.0,9.788324365647071,0.0,0.0,-104.06333746710341,109.4375,5.374162532896549,0.0,5.374162532896549
radiation,sun,520.0,8.666667,300.17216010775553,270.0,1.0,1000.0,0.0,0.0,-202.723827720513,212.5,9.776172279487014,0.0,9.776172279487014,0.0,0.0,-105.07695660570597,110.5,5.423043394293985,0.0,5.423043394293985
radiation,sun,525.0,8.75,300.1737099545955,270.0,1.0,1000.0,0.0,0.0,-202.73596490835516,212.5,9.764035091644843,0.0,9.764035091644843,0.0,0.0,-106.09063643024774,111.5625,5.471863569752209,0.0,5.471863569752209
radiation,sun,530.0,8.833333,300.1752578772597,270.0,1.0,1000.0,0.0,0.0,-202.7480872156768,212.5,9.751912784323196,0.0,9.751912784323196,0.0,0.0,-107.10437686632613,112.625,5.5206231336738245,0.0,5.5206231336738245
radiation,sun,535.0,8.916667,300.17680387810725,270.0,1.0,1000.0,0.0,0.0,-202.7601946602543,212.5,9.739805339745686,0.0,9.739805339745686,0.0,0.0,-108.1181778396274,113.6875,5.569322160372553,0.0,5.569322160372553
radiation,sun,540.0,9.0,300.1783479594946,270.0,1.0,1000.0,0.0,0.0,-202.77228725984386,212.5,9.727712740156136,0.0,9.727712740156136,0.0,0.0,-109.13203927592663,114.75,5.617960724073334,0.0,5.617960724073334
radiation,sun,545.0,9.083333,300.1798901237752,270.0,1.0,1000.0,0.0,0.0,-202.78436503218285,212.5,9.715634967817152,0.0,9.715634967817152,0.0,0.0,-110.14596110108754,115.8125,5.666538898912419,0.0,5.666538898912419
radiation,sun,550.0,9.166667,300.1814303732998,270.0,1.0,1000.0,0.0,0.0,-202.79642799498706,212.5,9.703572005012944,0.0,9.703572005012944,0.0,0.0,-111.15994324106248,116.875,5.715056758937484,0.0,5.715056758937484
radiation,sun,555.0,9.25,300.18296871041633,270.0,1.0,1000.0,0.0,0.0,-202.8084761659538,212.5,9.691523834046194,0.0,9.691523834046194,0.0,0.0,-112.17398562189224,117.9375,5.763514378107715,0.0,5.763514378107715
radiation,sun,560.0,9.333333,300.18450513746984,270.0,1.0,1000.0,0.0,0.0,-202.82050956275913,212.5,9.679490437240872,0.0,9.679490437240872,0.0,0.0,-113.18808816970602,119.0,5.811911830293919,0.0,5.811911830293919
radiation,sun,565.0,9.416667,300.1860396568027,270.0,1.0,1000.0,0.0,0.0,-202.83252820305947,212.5,9.667471796940532,0.0,9.667471796940532,0.0,0.0,-114.20225081072132,120.0625,5.860249189278622,0.0,5.860249189278622
radiation,sun,570.0,9.5,300.18757227075434,270.0,1.0,1000.0,0.0,0.0,-202.8445321044917,212.5,9.655467895508309,0.0,9.655467895508309,0.0,0.0,-115.21647347124377,121.125,5.9085265287561635,0.0,5.9085265287561635
radiation,sun,575.0,9.583333,300.18910298166156,270.0,1.0,1000.0,0.0,0.0,-202.85652128467257,212.5,9.643478715327433,0.0,9.643478715327433,0.0,0.0,-116.23075607766715,122.1875,5.9567439223328,0.0,5.9567439223328
radiation,sun,580.0,9.666667,300.1906317918582,270.0,1.0,1000.0,0.0,0.0,-202.86849576119894,212.5,9.631504238801057,0.0,9.631504238801057,0.0,0.0,-117.24509855647314,123.25,6.004901443526806,0.0,6.004901443526806
radiation,sun,585.0,9.75,300.19215870367543,270.0,1.0,1000.0,0.0,0.0,-202.88045555164732,212.5,9.619544448352684,0.0,9.619544448352684,0.0,0.0,-118.25950083423137,124.3125,6.0529991657685684,0.0,6.0529991657685684
radiation,sun,590.0,9.833333,300.19368371944154,270.0,1.0,1000.0,0.0,0.0,-202.8924006735749,212.5,9.607599326425088,0.0,9.607599326425088,0.0,0.0,-119.27396283759926,125.375,6.101037162400694,0.0,6.101037162400694
radiation,sun,595.0,9.916667,300.1952068414821,270.0,1.0,1000.0,0.0,0.0,-202.90433114451866,212.5,9.595668855481335,0.0,9.595668855481335,0.0,0.0,-120.28848449332186,126.4375,6.149015506678101,0.0,6.149015506678101
radiation,sun,600.0,10.0,300.19672807211987,270.0,1.0,1000.0,0.0,0.0,-202.916246981996,212.5,9.58375301800399,0.0,9.58375301800399,0.0,0.0,-121.30306572823184,127.5,6.1969342717681215,0.0,6.1969342717681215
radiation,sun,605.0,10.083333,300.1982474136749,270.0,1.0,1000.0,0.0,0.0,-202.92814820350415,212.5,9.57185179649585,0.0,9.57185179649585,0.0,0.0,-122.31770646924936,128.5625,6.2447935307506,0.0,6.2447935307506
radiation,sun,610.0,10.166667,300.19976486846434,270.0,1.0,1000.0,0.0,0.0,-202.94003482652138,212.5,9.559965173478616,0.0,9.559965173478616,0.0,0.0,-123.33240664338197,129.625,6.292593356617994,0.0,6.292593356617994
radiation,sun,615.0,10.25,300.20128043880266,270.0,1.0,1000.0,0.0,0.0,-202.95190686850503,212.5,9.548093131494966,0.0,9.548093131494966,0.0,0.0,-124.34716617772449,130.6875,6.340333822275468,0.0,6.340333822275468
radiation,sun,620.0,10.333333,300.20279412700154,270.0,1.0,1000.0,0.0,0.0,-202.9637643468932,212.5,9.536235653106786,0.0,9.536235653106786,0.0,0.0,-125.36198499945895,131.75,6.388015000541002,0.0,6.388015000541002
radiation,sun,625.0,10.416667,300.2043059353699,270.0,1.0,1000.0,0.0,0.0,-202.9756072791045,212.5,9.524392720895491,0.0,9.524392720895491,0.0,0.0,-126.37686303585447,132.8125,6.43563696414548,0.0,6.43563696414548
radiation,sun,630.0,10.5,300.205815866214,270.0,1.0,1000.0,0.0,0.0,-202.9874356825376,212.5,9.512564317462392,0.0,9.512564317462392,0.0,0.0,-127.39180021426716,133.875,6.483199785732792,0.0,6.483199785732792
radiation,sun,635.0,10.583333,300.2073239218371,270.0,1.0,1000.0,0.0,0.0,-202.99924957457193,212.5,9.500750425428066,0.0,9.500750425428066,0.0,0.0,-128.40679646214002,134.9375,6.5307035378599325,0.0,6.5307035378599325
radiation,sun,640.0,10.666667,300.20883010453986,270.0,1.0,1000.0,0.0,0.0,-203.01104897256627,212.5,9.488951027433728,0.0,9.488951027433728,0.0,0.0,-129.42185170700284,136.0,6.578148292997101,0.0,6.578148292997101
radiation,sun,645.0,10.75,300.2103344166202,270.0,1.0,1000.0,0.0,0.0,-203.02283389386025,212.5,9.477166106139748,0.0,9.477166106139748,0.0,0.0,-130.43696587647216,137.0625,6.6255341235278,0.0,6.6255341235278
radiation,sun,650.0,10.833333,300.21183686037324,270.0,1.0,1000.0,0.0,0.0,-203.0346043557739,212.5,9.465395644226106,0.0,9.465395644226106,0.0,0.0,-131.45213889825104,138.125,6.67286110174893,0.0,6.67286110174893
radiation,sun,655.0,10.916667,300.2133374380914,270.0,1.0,1000.0,0.0,0.0,-203.04636037560772,212.5,9.453639624392281,0.0,9.453639624392281,0.0,0.0,-132.46737070012907,139.1875,6.720129299870892,0.0,6.720129299870892
radiation,sun,660.0,11.0,300.2148361520643,270.0,1.0,1000.0,0.0,0.0,-203.0581019706424,212.5,9.441898029357588,0.0,9.441898029357588,0.0,0.0,-133.4826612099823,140.25,6.767338790017679,0.0,6.767338790017679
radiation,sun,665.0,11.083333,300.2163330045789,270.0,1.0,1000.0,0.0,0.0,-203.06982915813919,212.5,9.430170841860814,0.0,9.430170841860814,0.0,0.0,-134.498010355773,141.3125,6.814489644226984,0.0,6.814489644226984
radiation,sun,670.0,11.166667,300.21782799791936,270.0,1.0,1000.0,0.0,0.0,-203.0815419553399,212.5,9.418458044660099,0.0,9.418458044660099,0.0,0.0,-135.5134180655497,142.375,6.861581934450284,0.0,6.861581934450284
radiation,sun,675.0,11.25,300.2193211343671,270.0,1.0,1000.0,0.0,0.0,-203.09324037946615,212.5,9.406759620533848,0.0,9.406759620533848,0.0,0.0,-136.528884267447,143.4375,6.908615732552954,0.0,6.908615732552954
radiation,sun,680.0,11.333333,300.2208124162008,270.0,1.0,1000.0,0.0,0.0,-203.10492444772086,212.5,9.395075552279138,0.0,9.395075552279138,0.0,0.0,-137.5444088896856,144.5,6.95559111031435,0.0,6.95559111031435
radiation,sun,685.0,11.416667,300.22230184569645,270.0,1.0,1000.0,0.0,0.0,-203.11659417728683,212.5,9.383405822713172,0.0,9.383405822713172,0.0,0.0,-138.55999186057204,145.5625,7.002508139427916,0.0,7.002508139427916
radiation,sun,690.0,11.5,300.22378942512734,270.0,1.0,1000.0,0.0,0.0,-203.12824958532778,212.5,9.37175041467222,0.0,9.37175041467222,0.0,0.0,-139.57563310849866,146.625,7.049366891501276,0.0,7.049366891501276
radiation,sun,695.0,11.583333,300.225275156764,270.0,1.0,1000.0,0.0,0.0,-203.13989068898763,212.5,9.360109311012366,0.0,9.360109311012366,0.0,0.0,-140.59133256194363,147.6875,7.096167438056338,0.0,7.096167438056338
radiation,sun,700.0,11.666667,300.2267590428742,270.0,1.0,1000.0,0.0,0.0,-203.15151750539113,212.5,9.348482494608874,0.0,9.348482494608874,0.0,0.0,-141.60709014947057,148.75,7.142909850529382,0.0,7.142909850529382
radiation,sun,705.0,11.75,300.22824108572314,270.0,1.0,1000.0,0.0,0.0,-203.16313005164346,212.5,9.336869948356536,0.0,9.336869948356536,0.0,0.0,-142.62290579972878,149.8125,7.1895942002711655,0.0,7.1895942002711655
radiation,sun,710.0,11.833333,300.22972128757317,270.0,1.0,1000.0,0.0,0.0,-203.17472834483058,212.5,9.325271655169416,0.0,9.325271655169416,0.0,0.0,-143.63877944145293,150.875,7.2362205585470125,0.0,7.2362205585470125
radiation,sun,715.0,11.916667,300.23119965068395,270.0,1.0,1000.0,0.0,0.0,-203.18631240201898,212.5,9.313687597981016,0.0,9.313687597981016,0.0,0.0,-144.654711003463,151.9375,7.282788996536918,0.0,7.282788996536918
radiation,sun,720.0,12.0,300.2326761773125,270.0,1.0,1000.0,0.0,0.0,-203.19788224025552,212.5,9.302117759744476,0.0,9.302117759744476,0.0,0.0,-145.67070041466428,153.0,7.329299585335639,0.0,7.329299585335639
radiation,sun,725.0,12.083333,300.23415086971306,270.0,1.0,1000.0,0.0,0.0,-203.2094378765682,212.5,9.290562123431812,0.0,9.290562123431812,0.0,0.0,-146.68674760404713,154.0625,7.375752395952799,0.0,7.375752395952799
radiation,sun,730.0,12.166667,300.2356237301372,270.0,1.0,1000.0,0.0,0.0,-203.2209793279651,212.5,9.279020672034903,0.0,9.279020672034903,0.0,0.0,-147.70285250068696,155.125,7.422147499312973,0.0,7.422147499312973
radiation,sun,735.0,12.25,300.2370947608338,270.0,1.0,1000.0,0.0,0.0,-203.23250661143533,212.5,9.267493388564674,0.0,9.267493388564674,0.0,0.0,-148.71901503374414,156.1875,7.468484966255796,0.0,7.468484966255796
radiation,sun,740.0,12.333333,300.2385639640491,270.0,1.0,1000.0,0.0,0.0,-203.2440197439487,212.5,9.255980256051288,0.0,9.255980256051288,0.0,0.0,-149.73523513246388,157.25,7.514764867536052,0.0,7.514764867536052
radiation,sun,745.0,12.416667,300.2400313420265,270.0,1.0,1000.0,0.0,0.0,-203.25551874245568,212.5,9.244481257544322,0.0,9.244481257544322,0.0,0.0,-150.75151272617614,158.3125,7.560987273823773,0.0,7.560987273823773
radiation,sun,750.0,12.5,300.2414968970068,270.0,1.0,1000.0,0.0,0.0,-203.2670036238875,212.5,9.23299637611251,0.0,9.23299637611251,0.0,0.0,-151.76784774429558,159.375,7.607152255704336,0.0,7.607152255704336
radiation,sun,755.0,12.583333,300.24296063122824,270.0,1.0,1000.0,0.0,0.0,-203.27847440515572,212.5,9.22152559484428,0.0,9.22152559484428,0.0,0.0,-152.78424011632137,160.4375,7.653259883678557,0.0,7.653259883678557
radiation,sun,760.0,12.666667,300.24442254692616,270.0,1.0,1000.0,0.0,0.0,-203.28993110315403,212.5,9.210068896845968,0.0,9.210068896845968,0.0,0.0,-153.80068977183714,161.5,7.699310228162787,0.0,7.699310228162787
radiation,sun,765.0,12.75,300.2458826463333,270.0,1.0,1000.0,0.0,0.0,-203.30137373475534,212.5,9.198626265244656,0.0,9.198626265244656,0.0,0.0,-154.81719664051093,162.5625,7.74530335948901,0.0,7.74530335948901
radiation,sun,770.0,12.833333,300.24734093167984,270.0,1.0,1000.0,0.0,0.0,-203.312802316814,212.5,9.187197683186014,0.0,9.187197683186014,0.0,0.0,-155.83376065209498,163.625,7.79123934790494,0.0,7.79123934790494
radiation,sun,775.0,12.916667,300.24879740519316,270.0,1.0,1000.0,0.0,0.0,-203.32421686616567,212.5,9.17578313383433,0.0,9.17578313383433,0.0,0.0,-156.85038173642582,164.6875,7.837118263574112,0.0,7.837118263574112
radiation,sun,780.0,13.0,300.250252069098,270.0,1.0,1000.0,0.0,0.0,-203.33561739962647,212.5,9.164382600373528,0.0,9.164382600373528,0.0,0.0,-157.86705982342397,165.75,7.88294017657598,0.0,7.88294017657598
radiation,sun,785.0,13.083333,300.2517049256164,270.0,1.0,1000.0,0.0,0.0,-203.34700393399334,212.5,9.152996066006665,0.0,9.152996066006665,0.0,0.0,-158.88379484309394,166.8125,7.928705156906014,0.0,7.928705156906014
radiation,sun,790.0,13.166667,300.25315597696783,270.0,1.0,1000.0,0.0,0.0,-203.35837648604397,212.5,9.141623513956034,0.0,9.141623513956034,0.0,0.0,-159.90058672552416,167.875,7.974413274475794,0.0,7.974413274475794
radiation,sun,795.0,13.25,300.254605225369,270.0,1.0,1000.0,0.0,0.0,-203.36973507253714,212.5,9.13026492746286,0.0,9.13026492746286,0.0,0.0,-160.91743540088683,168.9375,8.020064599113109,0.0,8.020064599113109
radiation,sun,800.0,13.333333,300.25605267303405,270.0,1.0,1000.0,0.0,0.0,-203.38107971021276,212.5,9.11892028978724,0.0,9.11892028978724,0.0,0.0,-161.9343407994379,170.0,8.065659200562045,0.0,8.065659200562045
radiation,sun,805.0,13.416667,300.2574983221744,270.0,1.0,1000.0,0.0,0.0,-203.39241041579155,212.5,9.107589584208455,0.0,9.107589584208455,0.0,0.0,-162.95130285151683,171.0625,8.111197148483088,0.0,8.111197148483088
radiation,sun,810.0,13.5,300.2589421749988,270.0,1.0,1000.0,0.0,0.0,-203.4037272059752,212.5,9.096272794024799,0.0,9.096272794024799,0.0,0.0,-163.96832148754672,172.125,8.156678512453212,0.0,8.156678512453212
radiation,sun,815.0,13.583333,300.2603842337135,270.0,1.0,1000.0,0.0,0.0,-203.41503009744605,212.5,9.08496990255395,0.0,9.08496990255395,0.0,0.0,-164.98539663803393,173.1875,8.202103361965982,0.0,8.202103361965982
radiation,sun,820.0,13.666667,300.261824500522,270.0,1.0,1000.0,0.0,0.0,-203.42631910686845,212.5,9.073680893131552,0.0,9.073680893131552,0.0,0.0,-166.00252823356828,174.25,8.247471766431639,0.0,8.247471766431639
radiation,sun,825.0,13.75,300.263262977625,270.0,1.0,1000.0,0.0,0.0,-203.43759425088683,212.5,9.062405749113168,0.0,9.062405749113168,0.0,0.0,-167.0197162048227,175.3125,8.292783795177206,0.0,8.292783795177206
radiation,sun,830.0,13.833333,300.26469966722084,270.0,1.0,1000.0,0.0,0.0,-203.44885554612668,212.5,9.05114445387332,0.0,9.05114445387332,0.0,0.0,-168.03696048255335,176.375,8.338039517446573,0.0,8.338039517446573
radiation,sun,835.0,13.916667,300.2661345715051,270.0,1.0,1000.0,0.0,0.0,-203.46010300919494,212.5,9.039896990805062,0.0,9.039896990805062,0.0,0.0,-169.0542609975993,177.4375,8.383239002400598,0.0,8.383239002400598
radiation,sun,840.0,14.0,300.26756769267075,270.0,1.0,1000.0,0.0,0.0,-203.47133665667997,212.5,9.028663343320034,0.0,9.028663343320034,0.0,0.0,-170.07161768088272,178.5,8.428382319117198,0.0,8.428382319117198
radiation,sun,845.0,14.083333,300.268999032908,270.0,1.0,1000.0,0.0,0.0,-203.4825565051505,212.5,9.017443494849488,0.0,9.017443494849488,0.0,0.0,-171.08903046340848,179.5625,8.473469536591445,0.0,8.473469536591445
radiation,sun,850.0,14.166667,300.2704285944047,270.0,1.0,1000.0,0.0,0.0,-203.49376257115648,212.5,9.00623742884352,0.0,9.00623742884352,0.0,0.0,-172.10649927626426,180.625,8.518500723735663,0.0,8.518500723735663
radiation,sun,855.0,14.25,300.27185637934576,270.0,1.0,1000.0,0.0,0.0,-203.5049548712296,212.5,8.995045128770414,0.0,8.995045128770414,0.0,0.0,-173.1240240506204,181.6875,8.563475949379514,0.0,8.563475949379514
radiation,sun,860.0,14.333333,300.27328238991373,270.0,1.0,1000.0,0.0,0.0,-203.51613342188216,212.5,8.98386657811784,0.0,8.98386657811784,0.0,0.0,-174.1416047177298,182.75,8.608395282270102,0.0,8.608395282270102
radiation,sun,865.0,14.416667,300.2747066282884,270.0,1.0,1000.0,0.0,0.0,-203.5272982396079,212.5,8.972701760392113,0.0,8.972701760392113,0.0,0.0,-175.15924120892782,183.8125,8.653258791072064,0.0,8.653258791072064
radiation,sun,870.0,14.5,300.276129096647,270.0,1.0,1000.0,0.0,0.0,-203.53844934088158,212.5,8.961550659118416,0.0,8.961550659118416,0.0,0.0,-176.17693345563225,184.875,8.698066544367656,0.0,8.698066544367656
radiation,sun,875.0,14.583333,300.27754979716417,270.0,1.0,1000.0,0.0,0.0,-203.54958674215953,212.5,8.950413257840466,0.0,8.950413257840466,0.0,0.0,-177.19468138934306,185.9375,8.742818610656858,0.0,8.742818610656858
radiation,sun,880.0,14.666667,300.27896873201183,270.0,1.0,1000.0,0.0,0.0,-203.5607104598789,212.5,8.93928954012111,0.0,8.93928954012111,0.0,0.0,-178.21248494164243,187.0,8.787515058357464,0.0,8.787515058357464
radiation,sun,885.0,14.75,300.2803859033594,270.0,1.0,1000.0,0.0,0.0,-203.5718205104583,212.5,8.92817948954169,0.0,8.92817948954169,0.0,0.0,-179.23034404419474,188.0625,8.832155955805172,0.0,8.832155955805172
radiation,sun,890.0,14.833333,300.28180131337365,270.0,1.0,1000.0,0.0,0.0,-203.58291691029754,212.5,8.917083089702459,0.0,8.917083089702459,0.0,0.0,-180.24825862874624,189.125,8.876741371253683,0.0,8.876741371253683
radiation,sun,895.0,14.916667,300.28321496421876,270.0,1.0,1000.0,0.0,0.0,-203.59399967577792,212.5,8.906000324222077,0.0,8.906000324222077,0.0,0.0,-181.26622862712512,190.1875,8.921271372874795,0.0,8.921271372874795
radiation,sun,900.0,15.0,300.28462685805636,270.0,1.0,1000.0,0.0,0.0,-203.60506882326172,212.5,8.894931176738282,0.0,8.894931176738282,0.0,0.0,-182.28425397124144,191.25,8.965746028758486,0.0,8.965746028758486
radiation,sun,905.0,15.083333,300.2860369970454,270.0,1.0,1000.0,0.0,0.0,-203.61612436909311,212.5,8.883875630906886,0.0,8.883875630906886,0.0,0.0,-183.3023345930869,192.3125,9.010165406913021,0.0,9.010165406913021
radiation,sun,910.0,15.166667,300.2874453833423,270.0,1.0,1000.0,0.0,0.0,-203.62716632959717,212.5,8.872833670402827,0.0,8.872833670402827,0.0,0.0,-184.3204704247349,193.375,9.054529575265036,0.0,9.054529575265036
radiation,sun,915.0,15.25,300.28885201910083,270.0,1.0,1000.0,0.0,0.0,-203.63819472108003,212.5,8.861805278919974,0.0,8.861805278919974,0.0,0.0,-185.33866139834032,194.4375,9.098838601659637,0.0,9.098838601659637
radiation,sun,920.0,15.333333,300.2902569064723,270.0,1.0,1000.0,0.0,0.0,-203.64920955983,212.5,8.850790440169988,0.0,8.850790440169988,0.0,0.0,-186.35690744613947,195.5,9.143092553860486,0.0,9.143092553860486
radiation,sun,925.0,15.416667,300.29166004760526,270.0,1.0,1000.0,0.0,0.0,-203.66021086211651,212.5,8.839789137883486,0.0,8.839789137883486,0.0,0.0,-187.37520850045004,196.5625,9.187291499549904,0.0,9.187291499549904
radiation,sun,930.0,15.5,300.29306144464584,270.0,1.0,1000.0,0.0,0.0,-203.67119864419024,212.5,8.828801355809759,0.0,8.828801355809759,0.0,0.0,-188.393564493671,197.625,9.231435506328951,0.0,9.231435506328951
radiation,sun,935.0,15.583333,300.29446109973753,270.0,1.0,1000.0,0.0,0.0,-203.6821729222834,212.5,8.8178270777166,0.0,8.8178270777166,0.0,0.0,-189.41197535828243,198.6875,9.275524641717535,0.0,9.275524641717535
radiation,sun,940.0,15.666667,300.2958590150212,270.0,1.0,1000.0,0.0,0.0,-203.6931337126098,212.5,8.806866287390193,0.0,8.806866287390193,0.0,0.0,-190.43044102684547,199.75,9.319558973154486,0.0,9.319558973154486
radiation,sun,945.0,15.75,300.2972551926353,270.0,1.0,1000.0,0.0,0.0,-203.7040810313646,212.5,8.795918968635391,0.0,8.795918968635391,0.0,0.0,-191.4489614320023,200.8125,9.363538567997663,0.0,9.363538567997663
radiation,sun,950.0,15.833333,300.2986496347155,270.0,1.0,1000.0,0.0,0.0,-203.71501489472473,212.5,8.784985105275268,0.0,8.784985105275268,0.0,0.0,-192.46753650647594,201.875,9.40746349352404,0.0,9.40746349352404
radiation,sun,955.0,15.916667,300.30004234339503,270.0,1.0,1000.0,0.0,0.0,-203.725935318848,212.5,8.774064681151998,0.0,8.774064681151998,0.0,0.0,-193.4861661830702,202.9375,9.451333816929798,0.0,9.451333816929798
radiation,sun,960.0,16.0,300.30143332080456,270.0,1.0,1000.0,0.0,0.0,-203.73684231987437,212.5,8.76315768012563,0.0,8.76315768012563,0.0,0.0,-194.50485039466957,204.0,9.495149605330427,0.0,9.495149605330427
radiation,sun,965.0,16.083333,300.3028225690722,270.0,1.0,1000.0,0.0,0.0,-203.7477359139251,212.5,8.752264086074888,0.0,8.752264086074888,0.0,0.0,-195.5235890742392,205.0625,9.538910925760801,0.0,9.538910925760801
radiation,sun,970.0,16.166667,300.30421009032347,270.0,1.0,1000.0,0.0,0.0,-203.7586161171033,212.5,8.741383882896713,0.0,8.741383882896713,0.0,0.0,-196.5423821548247,206.125,9.582617845175285,0.0,9.582617845175285
radiation,sun,975.0,16.25,300.3055958866813,270.0,1.0,1000.0,0.0,0.0,-203.76948294549342,212.5,8.730517054506578,0.0,8.730517054506578,0.0,0.0,-197.56122956955218,207.1875,9.62627043044782,0.0,9.62627043044782
radiation,sun,980.0,16.333333,300.30697996026623,270.0,1.0,1000.0,0.0,0.0,-203.78033641516137,212.5,8.719663584838628,0.0,8.719663584838628,0.0,0.0,-198.580131251628,208.25,9.669868748372012,0.0,9.669868748372012
radiation,sun,985.0,16.416667,300.308362313196,270.0,1.0,1000.0,0.0,0.0,-203.79117654215517,212.5,8.70882345784483,0.0,8.70882345784483,0.0,0.0,-199.59908713433876,209.3125,9.713412865661237,0.0,9.713412865661237
radiation,sun,990.0,16.5,300.30974294758613,270.0,1.0,1000.0,0.0,0.0,-203.80200334250384,212.5,8.697996657496162,0.0,8.697996657496162,0.0,0.0,-200.61809715105127,210.375,9.75690284894872,0.0,9.75690284894872
radiation,sun,995.0,16.583333,300.3111218655493,270.0,1.0,1000.0,0.0,0.0,-203.81281683221903,212.5,8.687183167780972,0.0,8.687183167780972,0.0,0.0,-201.63716123521237,211.4375,9.800338764787623,0.0,9.800338764787623
radiation,sun,1000.0,16.666667,300.3124990691958,270.0,1.0,1000.0,0.0,0.0,-203.82361702729324,212.5,8.676382972706762,0.0,8.676382972706762,0.0,0.0,-202.65627932034883,212.5,9.843720679651158,0.0,9.843720679651158
radiation,sun,1005.0,16.75,300.3138745606333,270.0,1.0,1000.0,0.0,0.0,-203.83440394370098,212.5,8.665596056299023,0.0,8.665596056299023,0.0,0.0,-203.67545134006735,213.5625,9.887048659932654,0.0,9.887048659932654
radiation,sun,1010.0,16.833333,300.31524834196705,270.0,1.0,1000.0,0.0,0.0,-203.84517759739805,212.5,8.654822402601951,0.0,8.654822402601951,0.0,0.0,-204.69467722805433,214.625,9.930322771945665,0.0,9.930322771945665
radiation,sun,1015.0,16.916667,300.3166204152997,270.0,1.0,1000.0,0.0,0.0,-203.85593800432312,212.5,8.644061995676878,0.0,8.644061995676878,0.0,0.0,-205.71395691807595,215.6875,9.973543081924047,0.0,9.973543081924047
radiation,sun,1020.0,17.0,300.3179907827314,270.0,1.0,1000.0,0.0,0.0,-203.86668518039562,212.5,8.63331481960438,0.0,8.63331481960438,0.0,0.0,-206.73329034397793,216.75,10.016709656022071,0.0,10.016709656022071
radiation,sun,1025.0,17.083333,300.3193594463597,270.0,1.0,1000.0,0.0,0.0,-203.8774191415166,212.5,8.622580858483389,0.0,8.622580858483389,0.0,0.0,-207.7526774396855,217.8125,10.059822560314487,0.0,10.059822560314487
radiation,sun,1030.0,17.166667,300.32072640827977,270.0,1.0,1000.0,0.0,0.0,-203.88813990357013,212.5,8.611860096429865,0.0,8.611860096429865,0.0,0.0,-208.77211813920334,218.875,10.102881860796638,0.0,10.102881860796638
radiation,sun,1035.0,17.25,300.32209167058414,270.0,1.0,1000.0,0.0,0.0,-203.8988474824207,212.5,8.601152517579294,0.0,8.601152517579294,0.0,0.0,-209.79161237661546,219.9375,10.145887623384533,0.0,10.145887623384533
radiation,sun,1040.0,17.333333,300.32345523536287,270.0,1.0,1000.0,0.0,0.0,-203.90954189391587,212.5,8.590458106084128,0.0,8.590458106084128,0.0,0.0,-210.81116008608504,221.0,10.188839913914954,0.0,10.188839913914954
radiation,sun,1045.0,17.416667,300.3248171047035,270.0,1.0,1000.0,0.0,0.0,-203.92022315388417,212.5,8.579776846115834,0.0,8.579776846115834,0.0,0.0,-211.83076120185444,222.0625,10.231738798145532,0.0,10.231738798145532
radiation,sun,1050.0,17.5,300.3261772806911,270.0,1.0,1000.0,0.0,0.0,-203.9308912781365,212.5,8.5691087218635,0.0,8.5691087218635,0.0,0.0,-212.8504156582451,223.125,10.27458434175485,0.0,10.27458434175485
radiation,sun,1055.0,17.583333,300.3275357654082,270.0,1.0,1000.0,0.0,0.0,-203.94154628246537,212.5,8.558453717534633,0.0,8.558453717534633,0.0,0.0,-213.87012338965744,224.1875,10.317376610342523,0.0,10.317376610342523
radiation,sun,1060.0,17.666667,300.3288925609348,270.0,1.0,1000.0,0.0,0.0,-203.95218818264524,212.5,8.547811817354756,0.0,8.547811817354756,0.0,0.0,-214.88988433057068,225.25,10.360115669429296,0.0,10.360115669429296
radiation,sun,1065.0,17.75,300.33024766934835,270.0,1.0,1000.0,0.0,0.0,-203.96281699443287,212.5,8.53718300556713,0.0,8.53718300556713,0.0,0.0,-215.90969841554283,226.3125,10.402801584457134,0.0,10.402801584457134
radiation,sun,1070.0,17.833333,300.331601092724,270.0,1.0,1000.0,0.0,0.0,-203.97343273356628,212.5,8.526567266433716,0.0,8.526567266433716,0.0,0.0,-216.92956557921067,227.375,10.4454344207893,0.0,10.4454344207893
radiation,sun,1075.0,17.916667,300.3329528331342,270.0,1.0,1000.0,0.0,0.0,-203.98403541576613,212.5,8.51596458423387,0.0,8.51596458423387,0.0,0.0,-217.9494857562895,228.4375,10.48801424371047,0.0,10.48801424371047
radiation,sun,1080.0,18.0,300.33430289264896,270.0,1.0,1000.0,0.0,0.0,-203.9946250567346,212.5,8.505374943265394,0.0,8.505374943265394,0.0,0.0,-218.96945888157316,229.5,10.530541118426797,0.0,10.530541118426797
radiation,sun,1085.0,18.083333,300.33565127333594,270.0,1.0,1000.0,0.0,0.0,-204.00520167215598,212.5,8.494798327844023,0.0,8.494798327844023,0.0,0.0,-219.98948488993395,230.5625,10.573015110066017,0.0,10.573015110066017
radiation,sun,1090.0,18.166667,300.3369979772601,270.0,1.0,1000.0,0.0,0.0,-204.0157652776971,212.5,8.484234722302887,0.0,8.484234722302887,0.0,0.0,-221.00956371632245,231.625,10.61543628367753,0.0,10.61543628367753
radiation,sun,1095.0,18.25,300.3383430064841,270.0,1.0,1000.0,0.0,0.0,-204.02631588900613,212.5,8.473684110993872,0.0,8.473684110993872,0.0,0.0,-222.02969529576748,232.6875,10.6578047042325,0.0,10.6578047042325
radiation,sun,1100.0,18.333333,300.3396863630679,270.0,1.0,1000.0,0.0,0.0,-204.03685352171345,212.5,8.463146478286546,0.0,8.463146478286546,0.0,0.0,-223.04987956337604,233.75,10.700120436623932,0.0,10.700120436623932
radiation,sun,1105.0,18.416667,300.3410280490693,270.0,1.0,1000.0,0.0,0.0,-204.04737819143176,212.5,8.452621808568239,0.0,8.452621808568239,0.0,0.0,-224.0701164543332,234.8125,10.742383545666772,0.0,10.742383545666772
radiation,sun,1110.0,18.5,300.34236806654326,270.0,1.0,1000.0,0.0,0.0,-204.05788991375584,212.5,8.442110086244156,0.0,8.442110086244156,0.0,0.0,-225.090405903902,235.875,10.784594096097994,0.0,10.784594096097994
radiation,sun,1115.0,18.583333,300.3437064175426,270.0,1.0,1000.0,0.0,0.0,-204.06838870426222,212.5,8.431611295737781,0.0,8.431611295737781,0.0,0.0,-226.1107478474233,236.9375,10.826752152576683,0.0,10.826752152576683
radiation,sun,1120.0,18.666667,300.34504310411745,270.0,1.0,1000.0,0.0,0.0,-204.0788745785104,212.5,8.421125421489592,0.0,8.421125421489592,0.0,0.0,-227.13114222031587,238.0,10.86885777968413,0.0,10.86885777968413
radiation,sun,1125.0,18.75,300.34637812831556,270.0,1.0,1000.0,0.0,0.0,-204.0893475520412,212.5,8.410652447958796,0.0,8.410652447958796,0.0,0.0,-228.15158895807608,239.0625,10.910911041923924,0.0,10.910911041923924
radiation,sun,1130.0,18.833333,300.34771149218216,270.0,1.0,1000.0,0.0,0.0,-204.09980764037778,212.5,8.400192359622224,0.0,8.400192359622224,0.0,0.0,-229.17208799627798,240.125,10.952912003722034,0.0,10.952912003722034
radiation,sun,1135.0,18.916667,300.34904319776007,270.0,1.0,1000.0,0.0,0.0,-204.11025485902533,212.5,8.389745140974668,0.0,8.389745140974668,0.0,0.0,-230.19263927057312,241.1875,10.994860729426907,0.0,10.994860729426907
radiation,sun,1140.0,19.0,300.3503732470897,270.0,1.0,1000.0,0.0,0.0,-204.12068922347174,212.5,8.379310776528257,0.0,8.379310776528257,0.0,0.0,-231.2132427166905,242.25,11.03675728330955,0.0,11.03675728330955
radiation,sun,1145.0,19.083333,300.35170164220887,270.0,1.0,1000.0,0.0,0.0,-204.13111074918726,212.5,8.368889250812742,0.0,8.368889250812742,0.0,0.0,-232.23389827043644,243.3125,11.078601729563612,0.0,11.078601729563612
radiation,sun,1150.0,19.166667,300.35302838515304,270.0,1.0,1000.0,0.0,0.0,-204.14151945162354,212.5,8.358480548376463,0.0,8.358480548376463,0.0,0.0,-233.25460586769458,244.375,11.120394132305496,0.0,11.120394132305496
radiation,sun,1155.0,19.25,300.3543534779552,270.0,1.0,1000.0,0.0,0.0,-204.15191534621502,212.5,8.34808465378498,0.0,8.34808465378498,0.0,0.0,-234.27536544442563,245.4375,11.162134555574418,0.0,11.162134555574418
radiation,sun,1160.0,19.333333,300.35567692264596,270.0,1.0,1000.0,0.0,0.0,-204.16229844837852,212.5,8.337701551621478,0.0,8.337701551621478,0.0,0.0,-235.29617693666754,246.5,11.203823063332527,0.0,11.203823063332527
radiation,sun,1165.0,19.416667,300.3569987212533,270.0,1.0,1000.0,0.0,0.0,-204.17266877351312,212.5,8.327331226486876,0.0,8.327331226486876,0.0,0.0,-236.31704028053508,247.5625,11.24545971946496,0.0,11.24545971946496
radiation,sun,1170.0,19.5,300.358318875803,270.0,1.0,1000.0,0.0,0.0,-204.1830263369998,212.5,8.316973663000198,0.0,8.316973663000198,0.0,0.0,-237.33795541222008,248.625,11.287044587779963,0.0,11.287044587779963
radiation,sun,1175.0,19.583333,300.35963738831816,270.0,1.0,1000.0,0.0,0.0,-204.19337115420228,212.5,8.306628845797718,0.0,8.306628845797718,0.0,0.0,-238.35892226799112,249.6875,11.32857773200895,0.0,11.32857773200895
radiation,sun,1180.0,19.666667,300.36095426081965,270.0,1.0,1000.0,0.0,0.0,-204.20370324046664,212.5,8.296296759533362,0.0,8.296296759533362,0.0,0.0,-239.37994078419345,250.75,11.370059215806618,0.0,11.370059215806618
radiation,sun,1185.0,19.75,300.36226949532585,270.0,1.0,1000.0,0.0,0.0,-204.21402261112115,212.5,8.285977388878848,0.0,8.285977388878848,0.0,0.0,-240.40101089724908,251.8125,11.41148910275101,0.0,11.41148910275101
radiation,sun,1190.0,19.833333,300.3635830938526,270.0,1.0,1000.0,0.0,0.0,-204.22432928147697,212.5,8.275670718523031,0.0,8.275670718523031,0.0,0.0,-241.42213254365646,252.875,11.452867456343627,0.0,11.452867456343627
radiation,sun,1195.0,19.916667,300.3648950584134,270.0,1.0,1000.0,0.0,0.0,-204.23462326682656,212.5,8.26537673317344,0.0,8.26537673317344,0.0,0.0,-242.44330565999059,253.9375,11.494194340009495,0.0,11.494194340009495
radiation,sun,1200.0,20.0,300.3662053910194,270.0,1.0,1000.0,0.0,0.0,-204.24490458244614,212.5,8.25509541755386,0.0,8.25509541755386,0.0,0.0,-243.46453018290282,255.0,11.535469817097264,0.0,11.535469817097264
radiation,sun,1205.0,20.083333,300.3675140936791,270.0,1.0,1000.0,0.0,0.0,-204.2551732435931,212.5,8.244826756406894,0.0,8.244826756406894,0.0,0.0,-244.48580604912078,256.0625,11.576693950879298,0.0,11.576693950879298
radiation,sun,1210.0,20.166667,300.3688211683989,270.0,1.0,1000.0,0.0,0.0,-204.26542926550823,212.5,8.234570734491768,0.0,8.234570734491768,0.0,0.0,-245.50713319544832,257.125,11.617866804551756,0.0,11.617866804551756
radiation,sun,1215.0,20.25,300.37012661718245,270.0,1.0,1000.0,0.0,0.0,-204.27567266341455,212.5,8.224327336585446,0.0,8.224327336585446,0.0,0.0,-246.5285115587654,258.1875,11.658988441234683,0.0,11.658988441234683
radiation,sun,1220.0,20.333333,300.3714304420313,270.0,1.0,1000.0,0.0,0.0,-204.2859034525173,212.5,8.214096547482711,0.0,8.214096547482711,0.0,0.0,-247.54994107602798,259.25,11.700058923972097,0.0,11.700058923972097
radiation,sun,1225.0,20.416667,300.3727326449443,270.0,1.0,1000.0,0.0,0.0,-204.29612164800486,212.5,8.203878351995144,0.0,8.203878351995144,0.0,0.0,-248.57142168426802,260.3125,11.741078315732073,0.0,11.741078315732073
radiation,sun,1230.0,20.5,300.37403322791806,270.0,1.0,1000.0,0.0,0.0,-204.30632726504714,212.5,8.193672734952855,0.0,8.193672734952855,0.0,0.0,-249.59295332059327,261.375,11.782046679406838,0.0,11.782046679406838
radiation,sun,1235.0,20.583333,300.3753321929468,270.0,1.0,1000.0,0.0,0.0,-204.31652031879753,212.5,8.18347968120247,0.0,8.18347968120247,0.0,0.0,-250.61453592218723,262.4375,11.82296407781285,0.0,11.82296407781285
radiation,sun,1240.0,20.666667,300.37662954202233,270.0,1.0,1000.0,0.0,0.0,-204.32670082439174,212.5,8.173299175608264,0.0,8.173299175608264,0.0,0.0,-251.6361694263092,263.5,11.863830573690892,0.0,11.863830573690892
radiation,sun,1245.0,20.75,300.3779252771339,270.0,1.0,1000.0,0.0,0.0,-204.33686879694812,212.5,8.163131203051876,0.0,8.163131203051876,0.0,0.0,-252.65785377029394,264.5625,11.904646229706152,0.0,11.904646229706152
radiation,sun,1250.0,20.833333,300.3792194002686,270.0,1.0,1000.0,0.0,0.0,-204.3470242515669,212.5,8.152975748433107,0.0,8.152975748433107,0.0,0.0,-253.67958889155176,265.625,11.945411108448317,0.0,11.945411108448317
radiation,sun,1255.0,20.916667,300.38051191341094,270.0,1.0,1000.0,0.0,0.0,-204.3571672033323,212.5,8.142832796667705,0.0,8.142832796667705,0.0,0.0,-254.70137472756844,266.6875,11.986125272431657,0.0,11.986125272431657
radiation,sun,1260.0,21.0,300.3818028185431,270.0,1.0,1000.0,0.0,0.0,-204.36729766730997,212.5,8.13270233269003,0.0,8.13270233269003,0.0,0.0,-255.723211215905,267.75,12.026788784095107,0.0,12.026788784095107
radiation,sun,1265.0,21.083333,300.38309211764494,270.0,1.0,1000.0,0.0,0.0,-204.37741565854859,212.5,8.122584341451415,0.0,8.122584341451415,0.0,0.0,-256.74509829419776,268.8125,12.067401705802364,0.0,12.067401705802364
radiation,sun,1270.0,21.166667,300.3843798126938,270.0,1.0,1000.0,0.0,0.0,-204.38752119207965,212.5,8.112478807920354,0.0,8.112478807920354,0.0,0.0,-257.7670359001582,269.875,12.107964099841965,0.0,12.107964099841965
radiation,sun,1275.0,21.25,300.3856659056648,270.0,1.0,1000.0,0.0,0.0,-204.39761428291715,212.5,8.102385717082853,0.0,8.102385717082853,0.0,0.0,-258.78902397157276,270.9375,12.14847602842738,0.0,12.14847602842738
radiation,sun,1280.0,21.333333,300.3869503985305,270.0,1.0,1000.0,0.0,0.0,-204.40769494605843,212.5,8.092305053941573,0.0,8.092305053941573,0.0,0.0,-259.811062446303,272.0,12.188937553697087,0.0,12.188937553697087
radiation,sun,1285.0,21.416667,300.3882332932612,270.0,1.0,1000.0,0.0,0.0,-204.41776319648253,212.5,8.082236803517475,0.0,8.082236803517475,0.0,0.0,-260.83315126228547,273.0625,12.229348737714673,0.0,12.229348737714673
radiation,sun,1290.0,21.5,300.3895145918248,270.0,1.0,1000.0,0.0,0.0,-204.4278190491519,212.5,8.072180950848093,0.0,8.072180950848093,0.0,0.0,-261.85529035753126,274.125,12.269709642468916,0.0,12.269709642468916
radiation,sun,1295.0,21.583333,300.39079429618687,270.0,1.0,1000.0,0.0,0.0,-204.43786251901184,212.5,8.062137480988156,0.0,8.062137480988156,0.0,0.0,-262.8774796701263,275.1875,12.310020329873856,0.0,12.310020329873856
radiation,sun,1300.0,21.666667,300.3920724083105,270.0,1.0,1000.0,0.0,0.0,-204.44789362098993,212.5,8.05210637901007,0.0,8.05210637901007,0.0,0.0,-263.8997191382313,276.25,12.350280861768907,0.0,12.350280861768907
radiation,sun,1305.0,21.75,300.39334893015655,270.0,1.0,1000.0,0.0,0.0,-204.45791236999713,212.5,8.042087630002868,0.0,8.042087630002868,0.0,0.0,-264.9220087000813,277.3125,12.39049129991892,0.0,12.39049129991892
radiation,sun,1310.0,21.833333,300.39462386368336,270.0,1.0,1000.0,0.0,0.0,-204.46791878092662,212.5,8.032081219073376,0.0,8.032081219073376,0.0,0.0,-265.94434829398585,278.375,12.430651706014286,0.0,12.430651706014286
radiation,sun,1315.0,21.916667,300.39589721084707,270.0,1.0,1000.0,0.0,0.0,-204.4779128686549,212.5,8.022087131345103,0.0,8.022087131345103,0.0,0.0,-266.96673785832917,279.4375,12.470762141671011,0.0,12.470762141671011
radiation,sun,1320.0,22.0,300.39716897360137,270.0,1.0,1000.0,0.0,0.0,-204.4878946480412,212.5,8.012105351958809,0.0,8.012105351958809,0.0,0.0,-267.98917733156935,280.5,12.510822668430807,0.0,12.510822668430807
radiation,sun,1325.0,22.083333,300.3984391538976,270.0,1.0,1000.0,0.0,0.0,-204.49786413392775,212.5,8.002135866072251,0.0,8.002135866072251,0.0,0.0,-269.011666652239,281.5625,12.550833347761168,0.0,12.550833347761168
radiation,sun,1330.0,22.166667,300.3997077536847,270.0,1.0,1000.0,0.0,0.0,-204.5078213411393,212.5,7.992178658860695,0.0,7.992178658860695,0.0,0.0,-270.03420575894467,282.625,12.590794241055471,0.0,12.590794241055471
radiation,sun,1335.0,22.25,300.4009747749094,270.0,1.0,1000.0,0.0,0.0,-204.51776628448357,212.5,7.982233715516429,0.0,7.982233715516429,0.0,0.0,-271.05679459036713,283.6875,12.630705409633054,0.0,12.630705409633054
radiation,sun,1340.0,22.333333,300.40224021951593,270.0,1.0,1000.0,0.0,0.0,-204.52769897875152,212.5,7.972301021248484,0.0,7.972301021248484,0.0,0.0,-272.07943308526086,284.75,12.670566914739297,0.0,12.670566914739297
radiation,sun,1345.0,22.416667,300.4035040894463,270.0,1.0,1000.0,0.0,0.0,-204.53761943871666,212.5,7.962380561283339,0.0,7.962380561283339,0.0,0.0,-273.1021211824545,285.8125,12.710378817545713,0.0,12.710378817545713
radiation,sun,1350.0,22.5,300.40476638664006,270.0,1.0,1000.0,0.0,0.0,-204.54752767913604,212.5,7.952472320863961,0.0,7.952472320863961,0.0,0.0,-274.12485882085014,286.875,12.750141179150035,0.0,12.750141179150035
radiation,sun,1355.0,22.583333,300.40602711303455,270.0,1.0,1000.0,0.0,0.0,-204.55742371474895,212.5,7.94257628525105,0.0,7.94257628525105,0.0,0.0,-275.14764593942385,287.9375,12.78985406057629,0.0,12.78985406057629
radiation,sun,1360.0,22.666667,300.40728627056467,270.0,1.0,1000.0,0.0,0.0,-204.56730756027852,212.5,7.932692439721478,0.0,7.932692439721478,0.0,0.0,-276.1704824772252,289.0,12.829517522774896,0.0,12.829517522774896
radiation,sun,1365.0,22.75,300.408543861163,270.0,1.0,1000.0,0.0,0.0,-204.5771792304302,212.5,7.922820769569796,0.0,7.922820769569796,0.0,0.0,-277.19336837337744,290.0625,12.869131626622746,0.0,12.869131626622746
radiation,sun,1370.0,22.833333,300.40979988675986,270.0,1.0,1000.0,0.0,0.0,-204.58703873989285,212.5,7.912961260107153,0.0,7.912961260107153,0.0,0.0,-278.21630356707686,291.125,12.908696432923282,0.0,12.908696432923282
radiation,sun,1375.0,22.916667,300.4110543492831,270.0,1.0,1000.0,0.0,0.0,-204.5968861033379,212.5,7.9031138966620915,0.0,7.9031138966620915,0.0,0.0,-279.2392879975935,292.1875,12.948212002406592,0.0,12.948212002406592
radiation,sun,1380.0,23.0,300.41230725065844,270.0,1.0,1000.0,0.0,0.0,-204.60672133542045,212.5,7.8932786645795545,0.0,7.8932786645795545,0.0,0.0,-280.2623216042706,293.25,12.98767839572949,0.0,12.98767839572949
radiation,sun,1385.0,23.083333,300.4135585928091,270.0,1.0,1000.0,0.0,0.0,-204.6165444507784,212.5,7.883455549221594,0.0,7.883455549221594,0.0,0.0,-281.2854043265245,294.3125,13.027095673475598,0.0,13.027095673475598
radiation,sun,1390.0,23.166667,300.41480837765613,270.0,1.0,1000.0,0.0,0.0,-204.62635546403297,212.5,7.873644535967031,0.0,7.873644535967031,0.0,0.0,-282.30853610384463,295.375,13.066463896155433,0.0,13.066463896155433
radiation,sun,1395.0,23.25,300.4160566071181,270.0,1.0,1000.0,0.0,0.0,-204.6361543897882,212.5,7.863845610211797,0.0,7.863845610211797,0.0,0.0,-283.3317168757936,296.4375,13.105783124206493,0.0,13.105783124206493
radiation,sun,1400.0,23.333333,300.4173032831113,270.0,1.0,1000.0,0.0,0.0,-204.64594124263138,212.5,7.85405875736862,0.0,7.85405875736862,0.0,0.0,-284.35494658200673,297.5,13.145053417993337,0.0,13.145053417993337
radiation,sun,1405.0,23.416667,300.41854840754985,270.0,1.0,1000.0,0.0,0.0,-204.65571603713266,212.5,7.844283962867337,0.0,7.844283962867337,0.0,0.0,-285.37822516219245,298.5625,13.184274837807674,0.0,13.184274837807674
radiation,sun,1410.0,23.5,300.41979198234543,270.0,1.0,1000.0,0.0,0.0,-204.6654787878457,212.5,7.8345212121543,0.0,7.8345212121543,0.0,0.0,-286.40155255613166,299.625,13.223447443868444,0.0,13.223447443868444
radiation,sun,1415.0,23.583333,300.42103400940744,270.0,1.0,1000.0,0.0,0.0,-204.67522950930783,212.5,7.824770490692174,0.0,7.824770490692174,0.0,0.0,-287.4249287036782,300.6875,13.262571296321905,0.0,13.262571296321905
radiation,sun,1420.0,23.666667,300.42227449064296,270.0,1.0,1000.0,0.0,0.0,-204.68496821603856,212.5,7.8150317839614445,0.0,7.8150317839614445,0.0,0.0,-288.4483535447584,301.75,13.301646455241713,0.0,13.301646455241713
radiation,sun,1425.0,23.75,300.42351342795683,270.0,1.0,1000.0,0.0,0.0,-204.69469492254132,212.5,7.805305077458684,0.0,7.805305077458684,0.0,0.0,-289.4718270193711,302.8125,13.340672980629005,0.0,13.340672980629005
radiation,sun,1430.0,23.833333,300.42475082325154,270.0,1.0,1000.0,0.0,0.0,-204.7044096433027,212.5,7.795590356697289,0.0,7.795590356697289,0.0,0.0,-290.4953490675876,303.875,13.379650932412492,0.0,13.379650932412492
radiation,sun,1435.0,23.916667,300.4259866784273,270.0,1.0,1000.0,0.0,0.0,-204.71411239279246,212.5,7.785887607207542,0.0,7.785887607207542,0.0,0.0,-291.51891962955153,304.9375,13.41858037044853,0.0,13.41858037044853
radiation,sun,1440.0,24.0,300.427220995382,270.0,1.0,1000.0,0.0,0.0,-204.72380318546374,212.5,7.776196814536263,0.0,7.776196814536263,0.0,0.0,-292.5425386454788,306.0,13.457461354521211,0.0,13.457461354521211
radiation,sun,1445.0,24.083333,300.4284537760113,270.0,1.0,1000.0,0.0,0.0,-204.73348203575276,212.5,7.766517964247242,0.0,7.766517964247242,0.0,0.0,-293.5662060556576,307.0625,13.496293944342447,0.0,13.496293944342447
radiation,sun,1450.0,24.166667,300.4296850222084,270.0,1.0,1000.0,0.0,0.0,-204.74314895807905,212.5,7.756851041920953,0.0,7.756851041920953,0.0,0.0,-294.589921800448,308.125,13.535078199552052,0.0,13.535078199552052
radiation,sun,1455.0,24.25,300.43091473586446,270.0,1.0,1000.0,0.0,0.0,-204.75280396684536,212.5,7.747196033154637,0.0,7.747196033154637,0.0,0.0,-295.6136858202822,309.1875,13.573814179717825,0.0,13.573814179717825
radiation,sun,1460.0,24.333333,300.4321429188682,270.0,1.0,1000.0,0.0,0.0,-204.76244707643863,212.5,7.737552923561367,0.0,7.737552923561367,0.0,0.0,-296.6374980556644,310.25,13.612501944335632,0.0,13.612501944335632
radiation,sun,1465.0,24.416667,300.43336957310606,270.0,1.0,1000.0,0.0,0.0,-204.77207830122788,212.5,7.727921698772121,0.0,7.727921698772121,0.0,0.0,-297.6613584471706,311.3125,13.651141552829493,0.0,13.651141552829493
radiation,sun,1470.0,24.5,300.4345947004623,270.0,1.0,1000.0,0.0,0.0,-204.78169765556657,212.5,7.718302344433425,0.0,7.718302344433425,0.0,0.0,-298.6852669354484,312.375,13.689733064551659,0.0,13.689733064551659
radiation,sun,1475.0,24.583333,300.43581830281886,270.0,1.0,1000.0,0.0,0.0,-204.79130515379111,212.5,7.708694846208886,0.0,7.708694846208886,0.0,0.0,-299.7092234612174,313.4375,13.728276538782705,0.0,13.728276538782705
radiation,sun,1480.0,24.666667,300.43704038205533,270.0,1.0,1000.0,0.0,0.0,-204.80090081022178,212.5,7.699099189778224,0.0,7.699099189778224,0.0,0.0,-300.7332279652685,314.5,13.766772034731595,0.0,13.766772034731595
radiation,sun,1485.0,24.75,300.43826094004913,270.0,1.0,1000.0,0.0,0.0,-204.81048463916136,212.5,7.689515360838641,0.0,7.689515360838641,0.0,0.0,-301.75728038846427,315.5625,13.805219611535788,0.0,13.805219611535788
radiation,sun,1490.0,24.833333,300.43947997867537,270.0,1.0,1000.0,0.0,0.0,-204.820056654897,212.5,7.679943345102998,0.0,7.679943345102998,0.0,0.0,-302.78138067173876,316.625,13.843619328261305,0.0,13.843619328261305
radiation,sun,1495.0,24.916667,300.44069749980684,270.0,1.0,1000.0,0.0,0.0,-204.82961687169887,212.5,7.6703831283011255,0.0,7.6703831283011255,0.0,0.0,-303.80552875609726,317.6875,13.88197124390281,0.0,13.88197124390281
radiation,sun,1500.0,25.0,300.4419135053142,270.0,1.0,1000.0,0.0,0.0,-204.8391653038204,212.5,7.660834696179592,0.0,7.660834696179592,0.0,0.0,-304.82972458261634,318.75,13.920275417383708,0.0,13.920275417383708
radiation,sun,1505.0,25.083333,300.4431279970657,270.0,1.0,1000.0,0.0,0.0,-204.84870196549903,212.5,7.651298034500968,0.0,7.651298034500968,0.0,0.0,-305.85396809244384,319.8125,13.958531907556212,0.0,13.958531907556212
radiation,sun,1510.0,25.166667,300.44434097692744,270.0,1.0,1000.0,0.0,0.0,-204.85822687095563,212.5,7.641773129044367,0.0,7.641773129044367,0.0,0.0,-306.8782592267986,320.875,13.996740773201434,0.0,13.996740773201434
radiation,sun,1515.0,25.25,300.44555244676326,270.0,1.0,1000.0,0.0,0.0,-204.86774003439433,212.5,7.6322599656056695,0.0,7.6322599656056695,0.0,0.0,-307.90259792697054,321.9375,14.034902073029464,0.0,14.034902073029464
radiation,sun,1520.0,25.333333,300.44676240843467,270.0,1.0,1000.0,0.0,0.0,-204.87724147000324,212.5,7.622758529996759,0.0,7.622758529996759,0.0,0.0,-308.9269841343206,323.0,14.073015865679446,0.0,14.073015865679446
radiation,sun,1525.0,25.416667,300.447970863801,270.0,1.0,1000.0,0.0,0.0,-204.88673119195334,212.5,7.613268808046655,0.0,7.613268808046655,0.0,0.0,-309.95141779028035,324.0625,14.11108220971968,0.0,14.11108220971968
radiation,sun,1530.0,25.5,300.44917781471935,270.0,1.0,1000.0,0.0,0.0,-204.89620921440005,212.5,7.603790785599955,0.0,7.603790785599955,0.0,0.0,-310.9758988363523,325.125,14.14910116364768,0.0,14.14910116364768
radiation,sun,1535.0,25.583333,300.4503832630445,270.0,1.0,1000.0,0.0,0.0,-204.90567555148198,212.5,7.594324448518023,0.0,7.594324448518023,0.0,0.0,-312.0004272141097,326.1875,14.18707278589027,0.0,14.18707278589027
radiation,sun,1540.0,25.666667,300.45158721062904,270.0,1.0,1000.0,0.0,0.0,-204.91513021732135,212.5,7.584869782678652,0.0,7.584869782678652,0.0,0.0,-313.02500286519637,327.25,14.224997134803663,0.0,14.224997134803663
radiation,sun,1545.0,25.75,300.45278965932334,270.0,1.0,1000.0,0.0,0.0,-204.924573226024,212.5,7.575426773976005,0.0,7.575426773976005,0.0,0.0,-314.0496257313265,328.3125,14.262874268673544,0.0,14.262874268673544
radiation,sun,1550.0,25.833333,300.45399061097544,270.0,1.0,1000.0,0.0,0.0,-204.9340045916798,212.5,7.565995408320191,0.0,7.565995408320191,0.0,0.0,-315.07429575428495,329.375,14.300704245715146,0.0,14.300704245715146
radiation,sun,1555.0,25.916667,300.45519006743126,270.0,1.0,1000.0,0.0,0.0,-204.94342432836135,212.5,7.5565756716386545,0.0,7.5565756716386545,0.0,0.0,-316.09901287592675,330.4375,14.338487124073339,0.0,14.338487124073339
radiation,sun,1560.0,26.0,300.4563880305344,270.0,1.0,1000.0,0.0,0.0,-204.95283245012627,212.5,7.547167549873734,0.0,7.547167549873734,0.0,0.0,-317.12377703817737,331.5,14.376222961822709,0.0,14.376222961822709
radiation,sun,1565.0,26.083333,300.45758450212634,270.0,1.0,1000.0,0.0,0.0,-204.96222897101475,212.5,7.537771028985247,0.0,7.537771028985247,0.0,0.0,-318.1485881830324,332.5625,14.413911816967635,0.0,14.413911816967635
radiation,sun,1570.0,26.166667,300.45877948404615,270.0,1.0,1000.0,0.0,0.0,-204.9716139050515,212.5,7.528386094948502,0.0,7.528386094948502,0.0,0.0,-319.1734462525577,333.625,14.451553747442379,0.0,14.451553747442379
radiation,sun,1575.0,26.25,300.45997297813085,270.0,1.0,1000.0,0.0,0.0,-204.98098726624409,212.5,7.519012733755915,0.0,7.519012733755915,0.0,0.0,-320.19835118888886,334.6875,14.489148811111157,0.0,14.489148811111157
radiation,sun,1580.0,26.333333,300.4611649862152,270.0,1.0,1000.0,0.0,0.0,-204.9903490685848,212.5,7.5096509314151945,0.0,7.5096509314151945,0.0,0.0,-321.2233029342318,335.75,14.526697065768234,0.0,14.526697065768234
radiation,sun,1585.0,26.416667,300.46235551013166,270.0,1.0,1000.0,0.0,0.0,-204.9996993260492,212.5,7.50030067395079,0.0,7.50030067395079,0.0,0.0,-322.24830143086206,336.8125,14.56419856913799,0.0,14.56419856913799
radiation,sun,1590.0,26.5,300.4635445517106,270.0,1.0,1000.0,0.0,0.0,-205.0090380525968,212.5,7.490961947403207,0.0,7.490961947403207,0.0,0.0,-323.27334662112503,337.875,14.601653378875003,0.0,14.601653378875003
radiation,sun,1595.0,26.583333,300.4647321127801,270.0,1.0,1000.0,0.0,0.0,-205.01836526217085,212.5,7.481634737829154,0.0,7.481634737829154,0.0,0.0,-324.29843844743584,338.9375,14.639061552564149,0.0,14.639061552564149
radiation,sun,1600.0,26.666667,300.465918195166,270.0,1.0,1000.0,0.0,0.0,-205.02768096869875,212.5,7.472319031301254,0.0,7.472319031301254,0.0,0.0,-325.32357685227936,340.0,14.676423147720655,0.0,14.676423147720655
radiation,sun,1605.0,26.75,300.46710280069203,270.0,1.0,1000.0,0.0,0.0,-205.03698518609096,212.5,7.463014813909041,0.0,7.463014813909041,0.0,0.0,-326.34876177820985,341.0625,14.713738221790202,0.0,14.713738221790202
radiation,sun,1610.0,26.833333,300.4682859311796,270.0,1.0,1000.0,0.0,0.0,-205.0462779282426,212.5,7.453722071757397,0.0,7.453722071757397,0.0,0.0,-327.37399316785104,342.125,14.751006832148988,0.0,14.751006832148988
radiation,sun,1615.0,26.916667,300.469467588448,270.0,1.0,1000.0,0.0,0.0,-205.05555920903208,212.5,7.444440790967917,0.0,7.444440790967917,0.0,0.0,-328.39927096389624,343.1875,14.788229036103829,0.0,14.788229036103829
radiation,sun,1620.0,27.0,300.47064777431433,270.0,1.0,1000.0,0.0,0.0,-205.06482904232251,212.5,7.435170957677485,0.0,7.435170957677485,0.0,0.0,-329.4245951091078,344.25,14.825404890892216,0.0,14.825404890892216
radiation,sun,1625.0,27.083333,300.4718264905934,270.0,1.0,1000.0,0.0,0.0,-205.07408744195982,212.5,7.4259125580401815,0.0,7.4259125580401815,0.0,0.0,-330.4499655463176,345.3125,14.862534453682416,0.0,14.862534453682416
radiation,sun,1630.0,27.166667,300.47300373909786,270.0,1.0,1000.0,0.0,0.0,-205.08333442177485,212.5,7.41666557822515,0.0,7.41666557822515,0.0,0.0,-331.4753822184265,346.375,14.899617781573541,0.0,14.899617781573541
radiation,sun,1635.0,27.25,300.47417952163823,270.0,1.0,1000.0,0.0,0.0,-205.09256999558144,212.5,7.407430004418558,0.0,7.407430004418558,0.0,0.0,-332.5008450684044,347.4375,14.936654931595635,0.0,14.936654931595635
radiation,sun,1640.0,27.333333,300.4753538400228,270.0,1.0,1000.0,0.0,0.0,-205.10179417717848,212.5,7.398205822821524,0.0,7.398205822821524,0.0,0.0,-333.52635403929025,348.5,14.973645960709742,0.0,14.973645960709742
radiation,sun,1645.0,27.416667,300.4765266960577,270.0,1.0,1000.0,0.0,0.0,-205.11100698034826,212.5,7.3889930196517355,0.0,7.3889930196517355,0.0,0.0,-334.551909074192,349.5625,15.010590925808001,0.0,15.010590925808001
radiation,sun,1650.0,27.5,300.47769809154676,270.0,1.0,1000.0,0.0,0.0,-205.12020841885706,212.5,7.379791581142939,0.0,7.379791581142939,0.0,0.0,-335.5775101162863,350.625,15.047489883713716,0.0,15.047489883713716
radiation,sun,1655.0,27.583333,300.47886802829174,270.0,1.0,1000.0,0.0,0.0,-205.1293985064549,212.5,7.370601493545109,0.0,7.370601493545109,0.0,0.0,-336.60315710881855,351.6875,15.084342891181441,0.0,15.084342891181441
radiation,sun,1660.0,27.666667,300.4800365080922,270.0,1.0,1000.0,0.0,0.0,-205.1385772568765,212.5,7.361422743123512,0.0,7.361422743123512,0.0,0.0,-337.6288499951029,352.75,15.121150004897059,0.0,15.121150004897059
radiation,sun,1665.0,27.75,300.48120353274555,270.0,1.0,1000.0,0.0,0.0,-205.14774468384007,212.5,7.352255316159926,0.0,7.352255316159926,0.0,0.0,-338.6545887185221,353.8125,15.157911281477858,0.0,15.157911281477858
radiation,sun,1670.0,27.833333,300.482369104047,270.0,1.0,1000.0,0.0,0.0,-205.15690080104844,212.5,7.343099198951563,0.0,7.343099198951563,0.0,0.0,-339.68037322252735,354.875,15.194626777472617,0.0,15.194626777472617
radiation,sun,1675.0,27.916667,300.4835332237895,270.0,1.0,1000.0,0.0,0.0,-205.1660456221884,212.5,7.333954377811608,0.0,7.333954377811608,0.0,0.0,-340.70620345063827,355.9375,15.231296549361675,0.0,15.231296549361675
radiation,sun,1680.0,28.0,300.48469589376396,270.0,1.0,1000.0,0.0,0.0,-205.17517916092999,212.5,7.324820839070014,0.0,7.324820839070014,0.0,0.0,-341.73207934644296,357.0,15.267920653557026,0.0,15.267920653557026
radiation,sun,1685.0,28.083333,300.4858571157591,270.0,1.0,1000.0,0.0,0.0,-205.18430143092849,212.5,7.315698569071515,0.0,7.315698569071515,0.0,0.0,-342.7580008535976,358.0625,15.304499146402382,0.0,15.304499146402382
radiation,sun,1690.0,28.166667,300.4870168915613,270.0,1.0,1000.0,0.0,0.0,-205.19341244582284,212.5,7.306587554177156,0.0,7.306587554177156,0.0,0.0,-343.78396791582674,359.125,15.341032084173268,0.0,15.341032084173268
radiation,sun,1695.0,28.25,300.4881752229551,270.0,1.0,1000.0,0.0,0.0,-205.20251221923576,212.5,7.297487780764243,0.0,7.297487780764243,0.0,0.0,-344.8099804769229,360.1875,15.37751952307709,0.0,15.37751952307709
radiation,sun,1700.0,28.333333,300.48933211172255,270.0,1.0,1000.0,0.0,0.0,-205.2116007647746,212.5,7.288399235225398,0.0,7.288399235225398,0.0,0.0,-345.8360384807467,361.25,15.413961519253217,0.0,15.413961519253217
radiation,sun,1705.0,28.416667,300.49048755964384,270.0,1.0,1000.0,0.0,0.0,-205.22067809603092,212.5,7.279321903969077,0.0,7.279321903969077,0.0,0.0,-346.86214187122687,362.3125,15.450358128773061,0.0,15.450358128773061
radiation,sun,1710.0,28.5,300.4916415684968,270.0,1.0,1000.0,0.0,0.0,-205.22974422658078,212.5,7.270255773419223,0.0,7.270255773419223,0.0,0.0,-347.8882905923598,363.375,15.486709407640157,0.0,15.486709407640157
radiation,sun,1715.0,28.583333,300.49279414005713,270.0,1.0,1000.0,0.0,0.0,-205.23879916998362,212.5,7.261200830016378,0.0,7.261200830016378,0.0,0.0,-348.9144845882097,364.4375,15.523015411790238,0.0,15.523015411790238
radiation,sun,1720.0,28.666667,300.49394527609843,270.0,1.0,1000.0,0.0,0.0,-205.24784293978362,212.5,7.252157060216376,0.0,7.252157060216376,0.0,0.0,-349.9407238029086,365.5,15.55927619709132,0.0,15.55927619709132
radiation,sun,1725.0,28.75,300.49509497839216,270.0,1.0,1000.0,0.0,0.0,-205.2568755495089,212.5,7.243124450491109,0.0,7.243124450491109,0.0,0.0,-350.9670081806562,366.5625,15.595491819343776,0.0,15.595491819343776
radiation,sun,1730.0,28.833333,300.49624324870763,270.0,1.0,1000.0,0.0,0.0,-205.26589701267233,212.5,7.234102987327674,0.0,7.234102987327674,0.0,0.0,-351.99333766571954,367.625,15.631662334280414,0.0,15.631662334280414
radiation,sun,1735.0,28.916667,300.4973900888119,270.0,1.0,1000.0,0.0,0.0,-205.27490734277092,212.5,7.225092657229084,0.0,7.225092657229084,0.0,0.0,-353.0197122024334,368.6875,15.66778779756656,0.0,15.66778779756656
radiation,sun,1740.0,29.0,300.49853550047015,270.0,1.0,1000.0,0.0,0.0,-205.28390655328545,212.5,7.216093446714552,0.0,7.216093446714552,0.0,0.0,-354.0461317351999,369.75,15.703868264800132,0.0,15.703868264800132
radiation,sun,1745.0,29.083333,300.49967948544514,270.0,1.0,1000.0,0.0,0.0,-205.29289465768207,212.5,7.207105342317931,0.0,7.207105342317931,0.0,0.0,-355.0725962084883,370.8125,15.739903791511722,0.0,15.739903791511722
radiation,sun,1750.0,29.166667,300.5008220454976,270.0,1.0,1000.0,0.0,0.0,-205.3018716694103,212.5,7.198128330589697,0.0,7.198128330589697,0.0,0.0,-356.0991055668353,371.875,15.775894433164671,0.0,15.775894433164671
radiation,sun,1755.0,29.25,300.5019631823862,270.0,1.0,1000.0,0.0,0.0,-205.31083760190427,212.5,7.189162398095732,0.0,7.189162398095732,0.0,0.0,-357.12565975484483,372.9375,15.81184024515515,0.0,15.81184024515515
radiation,sun,1760.0,29.333333,300.5031028978674,270.0,1.0,1000.0,0.0,0.0,-205.3197924685826,212.5,7.180207531417409,0.0,7.180207531417409,0.0,0.0,-358.15225871718775,374.0,15.847741282812239,0.0,15.847741282812239
radiation,sun,1765.0,29.416667,300.5042411936955,270.0,1.0,1000.0,0.0,0.0,-205.32873628284858,212.5,7.171263717151419,0.0,7.171263717151419,0.0,0.0,-359.17890239860196,375.0625,15.883597601397994,0.0,15.883597601397994
radiation,sun,1770.0,29.5,300.50537807162283,270.0,1.0,1000.0,0.0,0.0,-205.33766905808926,212.5,7.162330941910739,0.0,7.162330941910739,0.0,0.0,-360.2055907438924,376.125,15.91940925610755,0.0,15.91940925610755
radiation,sun,1775.0,29.583333,300.5065135333994,270.0,1.0,1000.0,0.0,0.0,-205.34659080767662,212.5,7.15340919232338,0.0,7.15340919232338,0.0,0.0,-361.2323236979308,377.1875,15.955176302069166,0.0,15.955176302069166
radiation,sun,1780.0,29.666667,300.5076475807732,270.0,1.0,1000.0,0.0,0.0,-205.35550154496678,212.5,7.144498455033215,0.0,7.144498455033215,0.0,0.0,-362.2591012056556,378.25,15.990898794344332,0.0,15.990898794344332
radiation,sun,1785.0,29.75,300.50878021549016,270.0,1.0,1000.0,0.0,0.0,-205.36440128330014,212.5,7.13559871669986,0.0,7.13559871669986,0.0,0.0,-363.28592321207213,379.3125,16.026576787927834,0.0,16.026576787927834
radiation,sun,1790.0,29.833333,300.50991143929394,270.0,1.0,1000.0,0.0,0.0,-205.37329003600237,212.5,7.126709963997627,0.0,7.126709963997627,0.0,0.0,-364.3127896622521,380.375,16.06221033774782,0.0,16.06221033774782
radiation,sun,1795.0,29.916667,300.51104125392624,270.0,1.0,1000.0,0.0,0.0,-205.38216781638246,212.5,7.117832183617537,0.0,7.117832183617537,0.0,0.0,-365.33970050133405,381.4375,16.097799498665907,0.0,16.097799498665907
radiation,sun,1800.0,30.0,300.5121696611266,270.0,1.0,1000.0,0.0,0.0,-205.39103463773503,212.5,7.108965362264968,0.0,7.108965362264968,0.0,0.0,-366.36665567452275,382.5,16.133344325477232,0.0,16.133344325477232
radiation,sun,1805.0,30.083333,300.51329666263246,270.0,1.0,1000.0,0.0,0.0,-205.399890513339,212.5,7.100109486661012,0.0,7.100109486661012,0.0,0.0,-367.3936551270894,383.5625,16.168844872910537,0.0,16.168844872910537
radiation,sun,1810.0,30.166667,300.51442226017906,270.0,1.0,1000.0,0.0,0.0,-205.4087354564571,212.5,7.091264543542906,0.0,7.091264543542906,0.0,0.0,-368.4206988043717,384.625,16.20430119562825,0.0,16.20430119562825
radiation,sun,1815.0,30.25,300.51554645549965,270.0,1.0,1000.0,0.0,0.0,-205.41756948033708,212.5,7.082430519662921,0.0,7.082430519662921,0.0,0.0,-369.44778665177336,385.6875,16.239713348226566,0.0,16.239713348226566
radiation,sun,1820.0,30.333333,300.5166692503253,270.0,1.0,1000.0,0.0,0.0,-205.4263925982113,212.5,7.073607401788706,0.0,7.073607401788706,0.0,0.0,-370.4749186147644,386.75,16.275081385235513,0.0,16.275081385235513
radiation,sun,1825.0,30.416667,300.5177906463851,270.0,1.0,1000.0,0.0,0.0,-205.4352048232965,212.5,7.064795176703512,0.0,7.064795176703512,0.0,0.0,-371.50209463888086,387.8125,16.310405361119027,0.0,16.310405361119027
radiation,sun,1830.0,30.5,300.5189106454059,270.0,1.0,1000.0,0.0,0.0,-205.44400616879415,212.5,7.055993831205853,0.0,7.055993831205853,0.0,0.0,-372.52931466972484,388.875,16.345685330275057,0.0,16.345685330275057
radiation,sun,1835.0,30.583333,300.5200292491126,270.0,1.0,1000.0,0.0,0.0,-205.45279664789075,212.5,7.04720335210925,0.0,7.04720335210925,0.0,0.0,-373.55657865296433,389.9375,16.380921347035603,0.0,16.380921347035603
radiation,sun,1840.0,30.666667,300.5211464592279,270.0,1.0,1000.0,0.0,0.0,-205.46157627375675,212.5,7.038423726243252,0.0,7.038423726243252,0.0,0.0,-374.5838865343331,391.0,16.416113465666818,0.0,16.416113465666818
radiation,sun,1845.0,30.75,300.5222622774724,270.0,1.0,1000.0,0.0,0.0,-205.4703450595476,212.5,7.029654940452389,0.0,7.029654940452389,0.0,0.0,-375.61123825963085,392.0625,16.45126174036908,0.0,16.45126174036908
radiation,sun,1850.0,30.833333,300.5233767055647,270.0,1.0,1000.0,0.0,0.0,-205.4791030184031,212.5,7.020896981596906,0.0,7.020896981596906,0.0,0.0,-376.63863377472285,393.125,16.486366225277067,0.0,16.486366225277067
radiation,sun,1855.0,30.916667,300.52448974522133,270.0,1.0,1000.0,0.0,0.0,-205.48785016344817,212.5,7.012149836551828,0.0,7.012149836551828,0.0,0.0,-377.6660730255401,394.1875,16.521426974459825,0.0,16.521426974459825
radiation,sun,1860.0,31.0,300.5256013981566,270.0,1.0,1000.0,0.0,0.0,-205.49658650779236,212.5,7.003413492207642,0.0,7.003413492207642,0.0,0.0,-378.69355595807906,395.25,16.556444041920862,0.0,16.556444041920862
radiation,sun,1865.0,31.083333,300.52671166608286,270.0,1.0,1000.0,0.0,0.0,-205.5053120645295,212.5,6.994687935470495,0.0,6.994687935470495,0.0,0.0,-379.7210825184017,396.3125,16.591417481598214,0.0,16.591417481598214
radiation,sun,1870.0,31.166667,300.5278205507104,270.0,1.0,1000.0,0.0,0.0,-205.5140268467387,212.5,6.9859731532613125,0.0,6.9859731532613125,0.0,0.0,-380.7486526526354,397.375,16.626347347364522,0.0,16.626347347364522
radiation,sun,1875.0,31.25,300.5289280537473,270.0,1.0,1000.0,0.0,0.0,-205.52273086748343,212.5,6.977269132516568,0.0,6.977269132516568,0.0,0.0,-381.77626630697284,398.4375,16.661233693027103,0.0,16.661233693027103
radiation,sun,1880.0,31.333333,300.5300341768997,270.0,1.0,1000.0,0.0,0.0,-205.53142413981215,212.5,6.968575860187855,0.0,6.968575860187855,0.0,0.0,-382.8039234276719,399.5,16.696076572328046,0.0,16.696076572328046
radiation,sun,1885.0,31.416667,300.5311389218716,270.0,1.0,1000.0,0.0,0.0,-205.54010667675777,212.5,6.959893323242227,0.0,6.959893323242227,0.0,0.0,-383.8316239610557,400.5625,16.730876038944256,0.0,16.730876038944256
radiation,sun,1890.0,31.5,300.53224229036505,270.0,1.0,1000.0,0.0,0.0,-205.5487784913385,212.5,6.95122150866149,0.0,6.95122150866149,0.0,0.0,-384.8593678535124,401.625,16.765632146487565,0.0,16.765632146487565
radiation,sun,1895.0,31.583333,300.5333442840799,270.0,1.0,1000.0,0.0,0.0,-205.55743959655706,212.5,6.94256040344294,0.0,6.94256040344294,0.0,0.0,-385.8871550514952,402.6875,16.80034494850478,0.0,16.80034494850478
radiation,sun,1900.0,31.666667,300.53444490471395,270.0,1.0,1000.0,0.0,0.0,-205.56609000540098,212.5,6.93390999459902,0.0,6.93390999459902,0.0,0.0,-386.9149855015222,403.75,16.835014498477772,0.0,16.835014498477772
radiation,sun,1905.0,31.75,300.53554415396303,270.0,1.0,1000.0,0.0,0.0,-205.57472973084276,212.5,6.925270269157238,0.0,6.925270269157238,0.0,0.0,-387.9428591501764,404.8125,16.869640849823558,0.0,16.869640849823558
radiation,sun,1910.0,31.833333,300.5366420335208,270.0,1.0,1000.0,0.0,0.0,-205.58335878583972,212.5,6.916641214160279,0.0,6.916641214160279,0.0,0.0,-388.9707759441056,405.875,16.90422405589436,0.0,16.90422405589436
radiation,sun,1915.0,31.916667,300.53773854507904,270.0,1.0,1000.0,0.0,0.0,-205.59197718333368,212.5,6.908022816666318,0.0,6.908022816666318,0.0,0.0,-389.99873583002227,406.9375,16.93876416997769,0.0,16.93876416997769
radiation,sun,1920.0,32.0,300.53883369032724,270.0,1.0,1000.0,0.0,0.0,-205.60058493625223,212.5,6.899415063747767,0.0,6.899415063747767,0.0,0.0,-391.0267387547035,408.0,16.973261245296428,0.0,16.973261245296428
radiation,sun,1925.0,32.083333,300.53992747095305,270.0,1.0,1000.0,0.0,0.0,-205.6091820575068,212.5,6.890817942493186,0.0,6.890817942493186,0.0,0.0,-392.054784664991,409.0625,17.007715335008893,0.0,17.007715335008893
radiation,sun,1930.0,32.166667,300.5410198886419,270.0,1.0,1000.0,0.0,0.0,-205.61776855999483,212.5,6.882231440005171,0.0,6.882231440005171,0.0,0.0,-393.08287350779096,410.125,17.04212649220892,0.0,17.04212649220892
radiation,sun,1935.0,32.25,300.5421109450774,270.0,1.0,1000.0,0.0,0.0,-205.6263444565976,212.5,6.873655543402407,0.0,6.873655543402407,0.0,0.0,-394.11100523007394,411.1875,17.07649476992593,0.0,17.07649476992593
radiation,sun,1940.0,32.333333,300.54320064194087,270.0,1.0,1000.0,0.0,0.0,-205.63490976018238,212.5,6.865090239817619,0.0,6.865090239817619,0.0,0.0,-395.13917977887485,412.25,17.110820221125017,0.0,17.110820221125017
radiation,sun,1945.0,32.416667,300.54428898091174,270.0,1.0,1000.0,0.0,0.0,-205.64346448360058,212.5,6.856535516399418,0.0,6.856535516399418,0.0,0.0,-396.16739710129286,413.3125,17.145102898707012,0.0,17.145102898707012
radiation,sun,1950.0,32.5,300.54537596366737,270.0,1.0,1000.0,0.0,0.0,-205.65200863968917,212.5,6.847991360310829,0.0,6.847991360310829,0.0,0.0,-397.1956571444913,414.375,17.179342855508565,0.0,17.179342855508565
radiation,sun,1955.0,32.583333,300.54646159188303,270.0,1.0,1000.0,0.0,0.0,-205.66054224126984,212.5,6.839457758730163,0.0,6.839457758730163,0.0,0.0,-398.2239598556976,415.4375,17.21354014430222,0.0,17.21354014430222
radiation,sun,1960.0,32.666667,300.54754586723203,270.0,1.0,1000.0,0.0,0.0,-205.66906530114915,212.5,6.830934698850854,0.0,6.830934698850854,0.0,0.0,-399.2523051822034,416.5,17.247694817796468,0.0,17.247694817796468
radiation,sun,1965.0,32.75,300.5486287913857,270.0,1.0,1000.0,0.0,0.0,-205.6775778321189,212.5,6.822422167881086,0.0,6.822422167881086,0.0,0.0,-400.28069307136394,417.5625,17.281806928635874,0.0,17.281806928635874
radiation,sun,1970.0,32.833333,300.54971036601313,270.0,1.0,1000.0,0.0,0.0,-205.68607984695655,212.5,6.813920153043455,0.0,6.813920153043455,0.0,0.0,-401.3091234705987,418.625,17.31587652940109,0.0,17.31587652940109
radiation,sun,1975.0,32.916667,300.55079059278165,270.0,1.0,1000.0,0.0,0.0,-205.6945713584234,212.5,6.805428641576611,0.0,6.805428641576611,0.0,0.0,-402.3375963273908,419.6875,17.349903672608978,0.0,17.349903672608978
radiation,sun,1980.0,33.0,300.55186947335636,270.0,1.0,1000.0,0.0,0.0,-205.70305237926692,212.5,6.796947620733079,0.0,6.796947620733079,0.0,0.0,-403.3661115892872,420.75,17.383888410712643,0.0,17.383888410712643
radiation,sun,1985.0,33.083333,300.55294700940044,270.0,1.0,1000.0,0.0,0.0,-205.71152292221885,212.5,6.7884770777811525,0.0,6.7884770777811525,0.0,0.0,-404.3946692038983,421.8125,17.417830796101548,0.0,17.417830796101548
radiation,sun,1990.0,33.166667,300.554023202575,270.0,1.0,1000.0,0.0,0.0,-205.71998299999655,212.5,6.780017000003454,0.0,6.780017000003454,0.0,0.0,-405.42326911889825,422.875,17.451730881101565,0.0,17.451730881101565
radiation,sun,1995.0,33.25,300.55509805453926,270.0,1.0,1000.0,0.0,0.0,-205.72843262530233,212.5,6.771567374697668,0.0,6.771567374697668,0.0,0.0,-406.45191128202475,423.9375,17.48558871797505,0.0,17.48558871797505
radiation,sun,2000.0,33.333333,300.55617156695024,270.0,1.0,1000.0,0.0,0.0,-205.73687181082406,212.5,6.763128189175944,0.0,6.763128189175944,0.0,0.0,-407.4805956410789,425.0,17.519404358920934,0.0,17.519404358920934
radiation,sun,2005.0,33.416667,300.5572437414631,270.0,1.0,1000.0,0.0,0.0,-205.74530056923425,212.5,6.754699430765754,0.0,6.754699430765754,0.0,0.0,-408.5093221439251,426.0625,17.55317785607476,0.0,17.55317785607476
radiation,sun,2010.0,33.5,300.55831457973085,270.0,1.0,1000.0,0.0,0.0,-205.75371891319082,212.5,6.7462810868091765,0.0,6.7462810868091765,0.0,0.0,-409.53809073849106,427.125,17.586909261508808,0.0,17.586909261508808
radiation,sun,2015.0,33.583333,300.5593840834046,270.0,1.0,1000.0,0.0,0.0,-205.7621268553367,212.5,6.737873144663297,0.0,6.737873144663297,0.0,0.0,-410.5669013727677,428.1875,17.620598627232123,0.0,17.620598627232123
radiation,sun,2020.0,33.666667,300.56045225413345,270.0,1.0,1000.0,0.0,0.0,-205.7705244083001,212.5,6.729475591699895,0.0,6.729475591699895,0.0,0.0,-411.5957539948092,429.25,17.654246005190625,0.0,17.654246005190625
radiation,sun,2025.0,33.75,300.56151909356447,270.0,1.0,1000.0,0.0,0.0,-205.77891158469458,212.5,6.721088415305417,0.0,6.721088415305417,0.0,0.0,-412.62464855273265,430.3125,17.687851447267153,0.0,17.687851447267153
radiation,sun,2030.0,33.833333,300.5625846033427,270.0,1.0,1000.0,0.0,0.0,-205.78728839711908,212.5,6.7127116028809155,0.0,6.7127116028809155,0.0,0.0,-413.65358499471824,431.375,17.721415005281557,0.0,17.721415005281557
radiation,sun,2035.0,33.916667,300.56364878511124,270.0,1.0,1000.0,0.0,0.0,-205.7956548581574,212.5,6.704345141842595,0.0,6.704345141842595,0.0,0.0,-414.68256326900905,432.4375,17.754936730990767,0.0,17.754936730990767
radiation,sun,2040.0,34.0,300.5647116405112,270.0,1.0,1000.0,0.0,0.0,-205.8040109803787,212.5,6.695989019621294,0.0,6.695989019621294,0.0,0.0,-415.71158332391093,433.5,17.788416676088875,0.0,17.788416676088875
radiation,sun,2045.0,34.083333,300.5657731711816,270.0,1.0,1000.0,0.0,0.0,-205.81235677633785,212.5,6.68764322366215,0.0,6.68764322366215,0.0,0.0,-416.74064510779266,434.5625,17.821854892207185,0.0,17.821854892207185
radiation,sun,2050.0,34.166667,300.5668333787596,270.0,1.0,1000.0,0.0,0.0,-205.82069225857475,212.5,6.679307741425248,0.0,6.679307741425248,0.0,0.0,-417.7697485690855,435.625,17.85525143091431,0.0,17.85525143091431
radiation,sun,2055.0,34.25,300.5678922648803,270.0,1.0,1000.0,0.0,0.0,-205.82901743961446,212.5,6.670982560385539,0.0,6.670982560385539,0.0,0.0,-418.79889365628355,436.6875,17.88860634371624,0.0,17.88860634371624
radiation,sun,2060.0,34.333333,300.56894983117684,270.0,1.0,1000.0,0.0,0.0,-205.83733233196753,212.5,6.662667668032469,0.0,6.662667668032469,0.0,0.0,-419.82808031794343,437.75,17.9219196820564,0.0,17.9219196820564
radiation,sun,2065.0,34.416667,300.5700060792803,270.0,1.0,1000.0,0.0,0.0,-205.8456369481301,212.5,6.654363051869893,0.0,6.654363051869893,0.0,0.0,-420.8573085026841,438.8125,17.955191497315752,0.0,17.955191497315752
radiation,sun,2070.0,34.5,300.5710610108199,270.0,1.0,1000.0,0.0,0.0,-205.85393130058304,212.5,6.646068699416958,0.0,6.646068699416958,0.0,0.0,-421.88657815918697,439.875,17.988421840812837,0.0,17.988421840812837
radiation,sun,2075.0,34.583333,300.5721146274228,270.0,1.0,1000.0,0.0,0.0,-205.86221540179346,212.5,6.637784598206537,0.0,6.637784598206537,0.0,0.0,-422.91588923619594,440.9375,18.02161076380387,0.0,18.02161076380387
radiation,sun,2080.0,34.666667,300.5731669307142,270.0,1.0,1000.0,0.0,0.0,-205.87048926421332,212.5,6.629510735786681,0.0,6.629510735786681,0.0,0.0,-423.945241682517,442.0,18.054758317482804,0.0,18.054758317482804
radiation,sun,2085.0,34.75,300.5742179223173,270.0,1.0,1000.0,0.0,0.0,-205.87875290027958,212.5,6.621247099720421,0.0,6.621247099720421,0.0,0.0,-424.9746354470184,443.0625,18.087864552981404,0.0,18.087864552981404
radiation,sun,2090.0,34.833333,300.57526760385343,270.0,1.0,1000.0,0.0,0.0,-205.88700632241563,212.5,6.61299367758437,0.0,6.61299367758437,0.0,0.0,-426.0040704786304,444.125,18.120929521369327,0.0,18.120929521369327
radiation,sun,2095.0,34.916667,300.5763159769418,270.0,1.0,1000.0,0.0,0.0,-205.89524954302993,212.5,6.604750456970066,0.0,6.604750456970066,0.0,0.0,-427.03354672634555,445.1875,18.153953273654178,0.0,18.153953273654178
radiation,sun,2100.0,35.0,300.57736304319985,270.0,1.0,1000.0,0.0,0.0,-205.90348257451603,212.5,6.596517425483967,0.0,6.596517425483967,0.0,0.0,-428.0630641392181,446.25,18.186935860781595,0.0,18.186935860781595
radiation,sun,2105.0,35.083333,300.5784088042428,270.0,1.0,1000.0,0.0,0.0,-205.91170542925363,212.5,6.5882945707463705,0.0,6.5882945707463705,0.0,0.0,-429.09262266636443,447.3125,18.219877333635328,0.0,18.219877333635328
radiation,sun,2110.0,35.166667,300.57945326168414,270.0,1.0,1000.0,0.0,0.0,-205.91991811960722,212.5,6.5800818803927825,0.0,6.5800818803927825,0.0,0.0,-430.12222225696246,448.375,18.252777743037292,0.0,18.252777743037292
radiation,sun,2115.0,35.25,300.58049641713524,270.0,1.0,1000.0,0.0,0.0,-205.92812065792694,212.5,6.571879342073061,0.0,6.571879342073061,0.0,0.0,-431.1518628602521,449.4375,18.285637139747656,0.0,18.285637139747656
radiation,sun,2120.0,35.333333,300.58153827220565,270.0,1.0,1000.0,0.0,0.0,-205.93631305654898,212.5,6.563686943451017,0.0,6.563686943451017,0.0,0.0,-432.18154442553487,450.5,18.318455574464913,0.0,18.318455574464913
radiation,sun,2125.0,35.416667,300.58257882850285,270.0,1.0,1000.0,0.0,0.0,-205.944495327795,212.5,6.5555046722049894,0.0,6.5555046722049894,0.0,0.0,-433.2112669021738,451.5625,18.351233097825936,0.0,18.351233097825936
radiation,sun,2130.0,35.5,300.5836180876324,270.0,1.0,1000.0,0.0,0.0,-205.95266748397168,212.5,6.54733251602832,0.0,6.54733251602832,0.0,0.0,-434.24103023959367,452.625,18.383969760406078,0.0,18.383969760406078
radiation,sun,2135.0,35.583333,300.5846560511979,270.0,1.0,1000.0,0.0,0.0,-205.96082953737132,212.5,6.539170462628675,0.0,6.539170462628675,0.0,0.0,-435.2708343872805,453.6875,18.41666561271922,0.0,18.41666561271922
radiation,sun,2140.0,35.666667,300.58569272080103,270.0,1.0,1000.0,0.0,0.0,-205.96898150027238,212.5,6.531018499727622,0.0,6.531018499727622,0.0,0.0,-436.3006792947819,454.75,18.449320705217858,0.0,18.449320705217858
radiation,sun,2145.0,35.75,300.58672809804153,270.0,1.0,1000.0,0.0,0.0,-205.97712338493827,212.5,6.522876615061733,0.0,6.522876615061733,0.0,0.0,-437.3305649117066,455.8125,18.48193508829317,0.0,18.48193508829317
radiation,sun,2150.0,35.833333,300.58776218451715,270.0,1.0,1000.0,0.0,0.0,-205.98525520361855,212.5,6.51474479638145,0.0,6.51474479638145,0.0,0.0,-438.3604911877246,456.875,18.514508812275075,0.0,18.514508812275075
radiation,sun,2155.0,35.916667,300.58879498182375,270.0,1.0,1000.0,0.0,0.0,-205.99337696854806,212.5,6.506623031451937,0.0,6.506623031451937,0.0,0.0,-439.39045807256736,457.9375,18.547041927432335,0.0,18.547041927432335
radiation,sun,2160.0,36.0,300.5898264915552,270.0,1.0,1000.0,0.0,0.0,-206.00148869194777,212.5,6.49851130805223,0.0,6.49851130805223,0.0,0.0,-440.4204655160271,459.0,18.579534483972598,0.0,18.579534483972598
radiation,sun,2165.0,36.083333,300.59085671530346,270.0,1.0,1000.0,0.0,0.0,-206.0095903860235,212.5,6.49040961397651,0.0,6.49040961397651,0.0,0.0,-441.45051346795725,460.0625,18.61198653204248,0.0,18.61198653204248
radiation,sun,2170.0,36.166667,300.59188565465854,270.0,1.0,1000.0,0.0,0.0,-206.01768206296765,212.5,6.482317937032349,0.0,6.482317937032349,0.0,0.0,-442.48060187827207,461.125,18.64439812172764,0.0,18.64439812172764
radiation,sun,2175.0,36.25,300.5929133112085,270.0,1.0,1000.0,0.0,0.0,-206.02576373495762,212.5,6.474236265042379,0.0,6.474236265042379,0.0,0.0,-443.51073069694684,462.1875,18.676769303052854,0.0,18.676769303052854
radiation,sun,2180.0,36.333333,300.5939396865396,270.0,1.0,1000.0,0.0,0.0,-206.03383541415673,212.5,6.4661645858432735,0.0,6.4661645858432735,0.0,0.0,-444.5408998740176,463.25,18.70910012598207,0.0,18.70910012598207
radiation,sun,2185.0,36.416667,300.594964782236,270.0,1.0,1000.0,0.0,0.0,-206.0418971127146,212.5,6.458102887285406,0.0,6.458102887285406,0.0,0.0,-445.5711093595812,464.3125,18.741390640418498,0.0,18.741390640418498
radiation,sun,2190.0,36.5,300.59598859988,270.0,1.0,1000.0,0.0,0.0,-206.04994884276562,212.5,6.450051157234384,0.0,6.450051157234384,0.0,0.0,-446.601359103795,465.375,18.773640896204668,0.0,18.773640896204668
radiation,sun,2195.0,36.583333,300.597011141052,270.0,1.0,1000.0,0.0,0.0,-206.05799061643083,212.5,6.442009383569172,0.0,6.442009383569172,0.0,0.0,-447.63164905687717,466.4375,18.80585094312252,0.0,18.80585094312252
radiation,sun,2200.0,36.666667,300.59803240733044,270.0,1.0,1000.0,0.0,0.0,-206.06602244581654,212.5,6.433977554183457,0.0,6.433977554183457,0.0,0.0,-448.6619791691063,467.5,18.838020830893434,0.0,18.838020830893434
radiation,sun,2205.0,36.75,300.59905240029184,270.0,1.0,1000.0,0.0,0.0,-206.07404434301463,212.5,6.425955656985366,0.0,6.425955656985366,0.0,0.0,-449.69234939082133,468.5625,18.87015060917836,0.0,18.87015060917836
radiation,sun,2210.0,36.833333,300.6000711215109,270.0,1.0,1000.0,0.0,0.0,-206.08205632010333,212.5,6.417943679896666,0.0,6.417943679896666,0.0,0.0,-450.72275967242183,469.625,18.902240327577843,0.0,18.902240327577843
radiation,sun,2215.0,36.916667,300.60108857256023,270.0,1.0,1000.0,0.0,0.0,-206.09005838914692,212.5,6.409941610853082,0.0,6.409941610853082,0.0,0.0,-451.75320996436756,470.6875,18.93429003563211,0.0,18.93429003563211
radiation,sun,2220.0,37.0,300.60210475501066,270.0,1.0,1000.0,0.0,0.0,-206.0980505621944,212.5,6.401949437805598,0.0,6.401949437805598,0.0,0.0,-452.78370021717853,471.75,18.96629978282114,0.0,18.96629978282114
radiation,sun,2225.0,37.083333,300.6031196704311,270.0,1.0,1000.0,0.0,0.0,-206.1060328512815,212.5,6.393967148718502,0.0,6.393967148718502,0.0,0.0,-453.814230381435,472.8125,18.99826961856473,0.0,18.99826961856473
radiation,sun,2230.0,37.166667,300.6041333203885,270.0,1.0,1000.0,0.0,0.0,-206.11400526843005,212.5,6.3859947315699515,0.0,6.3859947315699515,0.0,0.0,-454.84480040777714,473.875,19.03019959222258,0.0,19.03019959222258
radiation,sun,2235.0,37.25,300.6051457064479,270.0,1.0,1000.0,0.0,0.0,-206.12196782564658,212.5,6.378032174353422,0.0,6.378032174353422,0.0,0.0,-455.87541024690535,474.9375,19.062089753094348,0.0,19.062089753094348
radiation,sun,2240.0,37.333333,300.6061568301725,270.0,1.0,1000.0,0.0,0.0,-206.12992053492476,212.5,6.370079465075236,0.0,6.370079465075236,0.0,0.0,-456.90605984958,476.0,19.093940150419723,0.0,19.093940150419723
radiation,sun,2245.0,37.416667,300.6071666931236,270.0,1.0,1000.0,0.0,0.0,-206.1378634082435,212.5,6.362136591756496,0.0,6.362136591756496,0.0,0.0,-457.9367491666212,477.0625,19.125750833378504,0.0,19.125750833378504
radiation,sun,2250.0,37.5,300.6081752968605,270.0,1.0,1000.0,0.0,0.0,-206.14579645756825,212.5,6.354203542431748,0.0,6.354203542431748,0.0,0.0,-458.96747814890904,478.125,19.157521851090664,0.0,19.157521851090664
radiation,sun,2255.0,37.583333,300.6091826429407,270.0,1.0,1000.0,0.0,0.0,-206.1537196948496,212.5,6.346280305150401,0.0,6.346280305150401,0.0,0.0,-459.99824674738335,479.1875,19.189253252616414,0.0,19.189253252616414
radiation,sun,2260.0,37.666667,300.61018873291977,270.0,1.0,1000.0,0.0,0.0,-206.16163313202452,212.5,6.3383668679754805,0.0,6.3383668679754805,0.0,0.0,-461.02905491304347,480.25,19.22094508695629,0.0,19.22094508695629
radiation,sun,2265.0,37.75,300.6111935683513,270.0,1.0,1000.0,0.0,0.0,-206.16953678101586,212.5,6.330463218984136,0.0,6.330463218984136,0.0,0.0,-462.0599025969486,481.3125,19.25259740305121,0.0,19.25259740305121
radiation,sun,2270.0,37.833333,300.61219715078727,270.0,1.0,1000.0,0.0,0.0,-206.1774306537323,212.5,6.322569346267699,0.0,6.322569346267699,0.0,0.0,-463.09078975021725,482.375,19.28421024978255,0.0,19.28421024978255
radiation,sun,2275.0,37.916667,300.61319948177743,270.0,1.0,1000.0,0.0,0.0,-206.18531476206937,212.5,6.314685237930632,0.0,6.314685237930632,0.0,0.0,-464.12171632402755,483.4375,19.315783675972206,0.0,19.315783675972206
radiation,sun,2280.0,38.0,300.6142005628698,270.0,1.0,1000.0,0.0,0.0,-206.19318911790756,212.5,6.306810882092435,0.0,6.306810882092435,0.0,0.0,-465.1526822696171,484.5,19.347317730382667,0.0,19.347317730382667
radiation,sun,2285.0,38.083333,300.6152003956106,270.0,1.0,1000.0,0.0,0.0,-206.20105373311372,212.5,6.298946266886276,0.0,6.298946266886276,0.0,0.0,-466.18368753828264,485.5625,19.378812461717096,0.0,19.378812461717096
radiation,sun,2290.0,38.166667,300.616198981544,270.0,1.0,1000.0,0.0,0.0,-206.20890861954112,212.5,6.29109138045888,0.0,6.29109138045888,0.0,0.0,-467.21473208138036,486.625,19.410267918619393,0.0,19.410267918619393
radiation,sun,2295.0,38.25,300.6171963222124,270.0,1.0,1000.0,0.0,0.0,-206.21675378902881,212.5,6.2832462109711855,0.0,6.2832462109711855,0.0,0.0,-468.2458158503255,487.6875,19.44168414967425,0.0,19.44168414967425
radiation,sun,2300.0,38.333333,300.6181924191563,270.0,1.0,1000.0,0.0,0.0,-206.22458925340172,212.5,6.275410746598283,0.0,6.275410746598283,0.0,0.0,-469.2769387965925,488.75,19.47306120340724,0.0,19.47306120340724
radiation,sun,2305.0,38.416667,300.6191872739143,270.0,1.0,1000.0,0.0,0.0,-206.23241502447118,212.5,6.26758497552882,0.0,6.26758497552882,0.0,0.0,-470.3081008717149,489.8125,19.504399128284884,0.0,19.504399128284884
radiation,sun,2310.0,38.5,300.6201808880232,270.0,1.0,1000.0,0.0,0.0,-206.24023111403474,212.5,6.259768885965258,0.0,6.259768885965258,0.0,0.0,-471.33930202728504,490.875,19.53569797271471,0.0,19.53569797271471
radiation,sun,2315.0,38.583333,300.6211732630178,270.0,1.0,1000.0,0.0,0.0,-206.24803753387602,212.5,6.2519624661239845,0.0,6.2519624661239845,0.0,0.0,-472.37054221495447,491.9375,19.566957785045332,0.0,19.566957785045332
radiation,sun,2320.0,38.666667,300.6221644004312,270.0,1.0,1000.0,0.0,0.0,-206.25583429576426,212.5,6.244165704235741,0.0,6.244165704235741,0.0,0.0,-473.40182138643326,493.0,19.59817861356651,0.0,19.59817861356651
radiation,sun,2325.0,38.75,300.62315430179444,270.0,1.0,1000.0,0.0,0.0,-206.26362141145572,212.5,6.236378588544284,0.0,6.236378588544284,0.0,0.0,-474.43313949349056,494.0625,19.62936050650923,0.0,19.62936050650923
radiation,sun,2330.0,38.833333,300.6241429686369,270.0,1.0,1000.0,0.0,0.0,-206.27139889269188,212.5,6.228601107308123,0.0,6.228601107308123,0.0,0.0,-475.464496487954,495.125,19.66050351204577,0.0,19.66050351204577
radiation,sun,2335.0,38.916667,300.62513040248587,270.0,1.0,1000.0,0.0,0.0,-206.27916675120113,212.5,6.2208332487988685,0.0,6.2208332487988685,0.0,0.0,-476.4958923217101,496.1875,19.691607678289767,0.0,19.691607678289767
radiation,sun,2340.0,39.0,300.62611660486704,270.0,1.0,1000.0,0.0,0.0,-206.28692499869766,212.5,6.213075001302343,0.0,6.213075001302343,0.0,0.0,-477.52732694670357,497.25,19.722673053296276,0.0,19.722673053296276
radiation,sun,2345.0,39.083333,300.627101577304,270.0,1.0,1000.0,0.0,0.0,-206.29467364688242,212.5,6.205326353117584,0.0,6.205326353117584,0.0,0.0,-478.55880031493797,498.3125,19.753699685061864,0.0,19.753699685061864
radiation,sun,2350.0,39.166667,300.62808532131874,270.0,1.0,1000.0,0.0,0.0,-206.30241270744176,212.5,6.197587292558239,0.0,6.197587292558239,0.0,0.0,-479.5903123784752,499.375,19.784687621524657,0.0,19.784687621524657
radiation,sun,2355.0,39.25,300.6290678384311,270.0,1.0,1000.0,0.0,0.0,-206.3101421920493,212.5,6.189857807950688,0.0,6.189857807950688,0.0,0.0,-480.6218630894354,500.4375,19.815636910564407,0.0,19.815636910564407
radiation,sun,2360.0,39.333333,300.6300491301593,270.0,1.0,1000.0,0.0,0.0,-206.31786211236397,212.5,6.182137887636031,0.0,6.182137887636031,0.0,0.0,-481.6534523999972,501.5,19.846547600002587,0.0,19.846547600002587
radiation,sun,2365.0,39.416667,300.63102919801963,270.0,1.0,1000.0,0.0,0.0,-206.3255724800311,212.5,6.174427519968901,0.0,6.174427519968901,0.0,0.0,-482.6850802623974,502.5625,19.87741973760243,0.0,19.87741973760243
radiation,sun,2370.0,39.5,300.6320080435265,270.0,1.0,1000.0,0.0,0.0,-206.33327330668314,212.5,6.1667266933168605,0.0,6.1667266933168605,0.0,0.0,-483.71674662893076,503.625,19.908253371069016,0.0,19.908253371069016
radiation,sun,2375.0,39.583333,300.6329856681926,270.0,1.0,1000.0,0.0,0.0,-206.34096460393803,212.5,6.159035396061967,0.0,6.159035396061967,0.0,0.0,-484.7484514519505,504.6875,19.939048548049325,0.0,19.939048548049325
radiation,sun,2380.0,39.666667,300.63396207352855,270.0,1.0,1000.0,0.0,0.0,-206.3486463834004,212.5,6.151353616599607,0.0,6.151353616599607,0.0,0.0,-485.7801946838674,505.75,19.969805316132327,0.0,19.969805316132327
radiation,sun,2385.0,39.75,300.6349372610434,270.0,1.0,1000.0,0.0,0.0,-206.35631865666068,212.5,6.143681343339324,0.0,6.143681343339324,0.0,0.0,-486.81197627715073,506.8125,20.00052372284902,0.0,20.00052372284902
radiation,sun,2390.0,39.833333,300.6359112322441,270.0,1.0,1000.0,0.0,0.0,-206.3639814352965,212.5,6.136018564703505,0.0,6.136018564703505,0.0,0.0,-487.84379618432723,507.875,20.03120381567254,0.0,20.03120381567254
radiation,sun,2395.0,39.916667,300.63688398863604,270.0,1.0,1000.0,0.0,0.0,-206.37163473087114,212.5,6.128365269128864,0.0,6.128365269128864,0.0,0.0,-488.8756543579816,508.9375,20.061845642018184,0.0,20.061845642018184
radiation,sun,2400.0,40.0,300.63785553172255,270.0,1.0,1000.0,0.0,0.0,-206.37927855493498,212.5,6.120721445065016,0.0,6.120721445065016,0.0,0.0,-489.90755075075623,510.0,20.092449249243508,0.0,20.092449249243508
radiation,sun,2405.0,40.083333,300.63882586300525,270.0,1.0,1000.0,0.0,0.0,-206.38691291902393,212.5,6.113087080976072,0.0,6.113087080976072,0.0,0.0,-490.93948531535136,511.0625,20.123014684648393,0.0,20.123014684648393
radiation,sun,2410.0,40.166667,300.6397949839839,270.0,1.0,1000.0,0.0,0.0,-206.39453783466107,212.5,6.105462165338935,0.0,6.105462165338935,0.0,0.0,-491.97145800452466,512.125,20.153541995475088,0.0,20.153541995475088
radiation,sun,2415.0,40.25,300.6407628961564,270.0,1.0,1000.0,0.0,0.0,-206.40215331335563,212.5,6.097846686644374,0.0,6.097846686644374,0.0,0.0,-493.00346877109143,513.1875,20.18403122890831,0.0,20.18403122890831
radiation,sun,2420.0,40.333333,300.6417296010188,270.0,1.0,1000.0,0.0,0.0,-206.4097593666028,212.5,6.090240633397201,0.0,6.090240633397201,0.0,0.0,-494.03551756792444,514.25,20.214482432075297,0.0,20.214482432075297
radiation,sun,2425.0,40.416667,300.6426951000655,270.0,1.0,1000.0,0.0,0.0,-206.4173560058849,212.5,6.082643994115102,0.0,6.082643994115102,0.0,0.0,-495.0676043479539,515.3125,20.24489565204587,0.0,20.24489565204587
radiation,sun,2430.0,40.5,300.64365939478887,270.0,1.0,1000.0,0.0,0.0,-206.42494324267062,212.5,6.075056757329378,0.0,6.075056757329378,0.0,0.0,-496.09972906416726,516.375,20.27527093583252,0.0,20.27527093583252
radiation,sun,2435.0,40.583333,300.6446224866796,270.0,1.0,1000.0,0.0,0.0,-206.43252108841472,212.5,6.067478911585283,0.0,6.067478911585283,0.0,0.0,-497.1318916696093,517.4375,20.305608330390445,0.0,20.305608330390445
radiation,sun,2440.0,40.666667,300.6455843772265,270.0,1.0,1000.0,0.0,0.0,-206.44008955455925,212.5,6.0599104454407495,0.0,6.0599104454407495,0.0,0.0,-498.1640921173821,518.5,20.335907882617647,0.0,20.335907882617647
radiation,sun,2445.0,40.75,300.6465450679166,270.0,1.0,1000.0,0.0,0.0,-206.44764865253165,212.5,6.0523513474683455,0.0,6.0523513474683455,0.0,0.0,-499.1963303606447,519.5625,20.36616963935499,0.0,20.36616963935499
radiation,sun,2450.0,40.833333,300.647504560235,270.0,1.0,1000.0,0.0,0.0,-206.45519839374703,212.5,6.044801606252975,0.0,6.044801606252975,0.0,0.0,-500.2286063526135,520.625,20.396393647386255,0.0,20.396393647386255
radiation,sun,2455.0,40.916667,300.64846285566523,270.0,1.0,1000.0,0.0,0.0,-206.46273878960605,212.5,6.03726121039395,0.0,6.03726121039395,0.0,0.0,-501.2609200465615,521.6875,20.426579953438225,0.0,20.426579953438225
radiation,sun,2460.0,41.0,300.6494199556888,270.0,1.0,1000.0,0.0,0.0,-206.47026985149682,212.5,6.029730148503177,0.0,6.029730148503177,0.0,0.0,-502.293271395819,522.75,20.45672860418074,0.0,20.45672860418074
radiation,sun,2465.0,41.083333,300.6503758617855,270.0,1.0,1000.0,0.0,0.0,-206.47779159079363,212.5,6.022208409206371,0.0,6.022208409206371,0.0,0.0,-503.32566035377295,523.8125,20.48683964622677,0.0,20.48683964622677
radiation,sun,2470.0,41.166667,300.6513305754333,270.0,1.0,1000.0,0.0,0.0,-206.48530401885688,212.5,6.01469598114312,0.0,6.01469598114312,0.0,0.0,-504.3580868738672,524.875,20.516913126132486,0.0,20.516913126132486
radiation,sun,2475.0,41.25,300.65228409810834,270.0,1.0,1000.0,0.0,0.0,-206.49280714703428,212.5,6.007192852965716,0.0,6.007192852965716,0.0,0.0,-505.3905509096024,525.9375,20.546949090397316,0.0,20.546949090397316
radiation,sun,2480.0,41.333333,300.65323643128505,270.0,1.0,1000.0,0.0,0.0,-206.50030098665988,212.5,5.99969901334012,0.0,5.99969901334012,0.0,0.0,-506.4230524145357,527.0,20.57694758546402,0.0,20.57694758546402
radiation,sun,2485.0,41.416667,300.654187576436,270.0,1.0,1000.0,0.0,0.0,-206.50778554905455,212.5,5.992214450945454,0.0,5.992214450945454,0.0,0.0,-507.4555913422809,528.0625,20.606908657718744,0.0,20.606908657718744
radiation,sun,2490.0,41.5,300.65513753503194,270.0,1.0,1000.0,0.0,0.0,-206.5152608455258,212.5,5.984739154474198,0.0,5.984739154474198,0.0,0.0,-508.48816764650854,529.125,20.636832353491116,0.0,20.636832353491116
radiation,sun,2495.0,41.583333,300.6560863085419,270.0,1.0,1000.0,0.0,0.0,-206.52272688736699,212.5,5.977273112633014,0.0,5.977273112633014,0.0,0.0,-509.5207812809454,530.1875,20.66671871905428,0.0,20.66671871905428
radiation,sun,2500.0,41.666667,300.65703389843304,270.0,1.0,1000.0,0.0,0.0,-206.5301836858595,212.5,5.969816314140502,0.0,5.969816314140502,0.0,0.0,-510.5534321993747,531.25,20.69656780062498,0.0,20.69656780062498
radiation,sun,2505.0,41.75,300.65798030617077,270.0,1.0,1000.0,0.0,0.0,-206.5376312522705,212.5,5.962368747729499,0.0,5.962368747729499,0.0,0.0,-511.58612035563607,532.3125,20.72637964436363,0.0,20.72637964436363
radiation,sun,2510.0,41.833333,300.65892553321873,270.0,1.0,1000.0,0.0,0.0,-206.5450695978539,212.5,5.95493040214609,0.0,5.95493040214609,0.0,0.0,-512.6188457036253,533.375,20.75615429637436,0.0,20.75615429637436
radiation,sun,2515.0,41.916667,300.6598695810388,270.0,1.0,1000.0,0.0,0.0,-206.55249873385065,212.5,5.947501266149345,0.0,5.947501266149345,0.0,0.0,-513.6516081972945,534.4375,20.78589180270511,0.0,20.78589180270511
radiation,sun,2520.0,42.0,300.6608124510909,270.0,1.0,1000.0,0.0,0.0,-206.55991867148845,212.5,5.940081328511553,0.0,5.940081328511553,0.0,0.0,-514.684407790652,535.5,20.815592209347667,0.0,20.815592209347667
radiation,sun,2525.0,42.083333,300.6617541448335,270.0,1.0,1000.0,0.0,0.0,-206.56732942198119,212.5,5.932670578018815,0.0,5.932670578018815,0.0,0.0,-515.7172444377619,536.5625,20.84525556223776,0.0,20.84525556223776
radiation,sun,2530.0,42.166667,300.6626946637229,270.0,1.0,1000.0,0.0,0.0,-206.57473099653043,212.5,5.925269003469566,0.0,5.925269003469566,0.0,0.0,-516.7501180927445,537.625,20.874881907255105,0.0,20.874881907255105
radiation,sun,2535.0,42.25,300.663634009214,270.0,1.0,1000.0,0.0,0.0,-206.58212340632343,212.5,5.917876593676567,0.0,5.917876593676567,0.0,0.0,-517.7830287097762,538.6875,20.90447129022349,0.0,20.90447129022349
radiation,sun,2540.0,42.333333,300.6645721827596,270.0,1.0,1000.0,0.0,0.0,-206.58950666253546,212.5,5.910493337464544,0.0,5.910493337464544,0.0,0.0,-518.8159762430888,539.75,20.934023756910815,0.0,20.934023756910815
radiation,sun,2545.0,42.416667,300.665509185811,270.0,1.0,1000.0,0.0,0.0,-206.59688077632774,212.5,5.903119223672263,0.0,5.903119223672263,0.0,0.0,-519.8489606469705,540.8125,20.963539353029176,0.0,20.963539353029176
radiation,sun,2550.0,42.5,300.66644501981756,270.0,1.0,1000.0,0.0,0.0,-206.6042457588482,212.5,5.895754241151792,0.0,5.895754241151792,0.0,0.0,-520.8819818757647,541.875,20.993018124234936,0.0,20.993018124234936
radiation,sun,2555.0,42.583333,300.66737968622687,270.0,1.0,1000.0,0.0,0.0,-206.6116016212325,212.5,5.888398378767505,0.0,5.888398378767505,0.0,0.0,-521.9150398838709,542.9375,21.022460116128773,0.0,21.022460116128773
radiation,sun,2560.0,42.666667,300.66831318648485,270.0,1.0,1000.0,0.0,0.0,-206.61894837460187,212.5,5.881051625398129,0.0,5.881051625398129,0.0,0.0,-522.9481346257439,544.0,21.05186537425576,0.0,21.05186537425576
radiation,sun,2565.0,42.75,300.6692455220356,270.0,1.0,1000.0,0.0,0.0,-206.62628603006567,212.5,5.873713969934329,0.0,5.873713969934329,0.0,0.0,-523.9812660558943,545.0625,21.08123394410543,0.0,21.08123394410543
radiation,sun,2570.0,42.833333,300.6701766943215,270.0,1.0,1000.0,0.0,0.0,-206.6336145987195,212.5,5.866385401280496,0.0,5.866385401280496,0.0,0.0,-525.0144341288878,546.125,21.110565871111834,0.0,21.110565871111834
radiation,sun,2575.0,42.916667,300.67110670478314,270.0,1.0,1000.0,0.0,0.0,-206.64093409164596,212.5,5.85906590835404,0.0,5.85906590835404,0.0,0.0,-526.047638799346,547.1875,21.139861200653606,0.0,21.139861200653606
radiation,sun,2580.0,43.0,300.67203555485935,270.0,1.0,1000.0,0.0,0.0,-206.64824451991436,212.5,5.851755480085643,0.0,5.851755480085643,0.0,0.0,-527.0808800219455,548.25,21.169119978054034,0.0,21.169119978054034
radiation,sun,2585.0,43.083333,300.6729632459872,270.0,1.0,1000.0,0.0,0.0,-206.65554589458162,212.5,5.844454105418379,0.0,5.844454105418379,0.0,0.0,-528.1141577514186,549.3125,21.198342248581124,0.0,21.198342248581124
radiation,sun,2590.0,43.166667,300.673889779602,270.0,1.0,1000.0,0.0,0.0,-206.66283822669078,212.5,5.837161773309219,0.0,5.837161773309219,0.0,0.0,-529.147471942552,550.375,21.22752805744767,0.0,21.22752805744767
radiation,sun,2595.0,43.25,300.67481515713735,270.0,1.0,1000.0,0.0,0.0,-206.67012152727207,212.5,5.829878472727927,0.0,5.829878472727927,0.0,0.0,-530.1808225501884,551.4375,21.256677449811313,0.0,21.256677449811313
radiation,sun,2600.0,43.333333,300.67573938002505,270.0,1.0,1000.0,0.0,0.0,-206.67739580734283,212.5,5.822604192657167,0.0,5.822604192657167,0.0,0.0,-531.2142095292252,552.5,21.285790470774597,0.0,21.285790470774597
radiation,sun,2605.0,43.416667,300.67666244969524,270.0,1.0,1000.0,0.0,0.0,-206.68466107790732,212.5,5.815338922092678,0.0,5.815338922092678,0.0,0.0,-532.2476328346147,553.5625,21.31486716538506,0.0,21.31486716538506
radiation,sun,2610.0,43.5,300.67758436757623,270.0,1.0,1000.0,0.0,0.0,-206.69191734995715,212.5,5.808082650042849,0.0,5.808082650042849,0.0,0.0,-533.2810924213645,554.625,21.343907578635278,0.0,21.343907578635278
radiation,sun,2615.0,43.583333,300.67850513509455,270.0,1.0,1000.0,0.0,0.0,-206.69916463447035,212.5,5.80083536552965,0.0,5.80083536552965,0.0,0.0,-534.3145882445369,555.6875,21.372911755462926,0.0,21.372911755462926
radiation,sun,2620.0,43.666667,300.6794247536751,270.0,1.0,1000.0,0.0,0.0,-206.70640294241187,212.5,5.79359705758813,0.0,5.79359705758813,0.0,0.0,-535.348120259249,556.75,21.401879740750868,0.0,21.401879740750868
radiation,sun,2625.0,43.75,300.680343224741,270.0,1.0,1000.0,0.0,0.0,-206.71363228473427,212.5,5.786367715265726,0.0,5.786367715265726,0.0,0.0,-536.3816884206726,557.8125,21.430811579327198,0.0,21.430811579327198
radiation,sun,2630.0,43.833333,300.68126054971367,270.0,1.0,1000.0,0.0,0.0,-206.72085267237708,212.5,5.779147327622923,0.0,5.779147327622923,0.0,0.0,-537.4152926840345,558.875,21.45970731596531,0.0,21.45970731596531
radiation,sun,2635.0,43.916667,300.68217673001266,270.0,1.0,1000.0,0.0,0.0,-206.72806411626664,212.5,5.771935883733363,0.0,5.771935883733363,0.0,0.0,-538.4489330046159,559.9375,21.48856699538398,0.0,21.48856699538398
radiation,sun,2640.0,44.0,300.68309176705594,270.0,1.0,1000.0,0.0,0.0,-206.73526662731635,212.5,5.764733372683651,0.0,5.764733372683651,0.0,0.0,-539.4826093377526,561.0,21.517390662247397,0.0,21.517390662247397
radiation,sun,2645.0,44.083333,300.68400566225966,270.0,1.0,1000.0,0.0,0.0,-206.74246021642716,212.5,5.757539783572838,0.0,5.757539783572838,0.0,0.0,-540.5163216388347,562.0625,21.546178361165264,0.0,21.546178361165264
radiation,sun,2650.0,44.166667,300.6849184170383,270.0,1.0,1000.0,0.0,0.0,-206.7496448944864,212.5,5.7503551055135915,0.0,5.7503551055135915,0.0,0.0,-541.550069863307,563.125,21.574930136692835,0.0,21.574930136692835
radiation,sun,2655.0,44.25,300.68583003280463,270.0,1.0,1000.0,0.0,0.0,-206.75682067236937,212.5,5.743179327630628,0.0,5.743179327630628,0.0,0.0,-542.5838539666689,564.1875,21.60364603333099,0.0,21.60364603333099
radiation,sun,2660.0,44.333333,300.68674051096957,270.0,1.0,1000.0,0.0,0.0,-206.76398756093792,212.5,5.73601243906208,0.0,5.73601243906208,0.0,0.0,-543.6176739044737,565.25,21.6323260955263,0.0,21.6323260955263
radiation,sun,2665.0,44.416667,300.6876498529424,270.0,1.0,1000.0,0.0,0.0,-206.77114557104105,212.5,5.728854428958954,0.0,5.728854428958954,0.0,0.0,-544.6515296323289,566.3125,21.660970367671094,0.0,21.660970367671094
radiation,sun,2670.0,44.5,300.68855806013073,270.0,1.0,1000.0,0.0,0.0,-206.77829471351484,212.5,5.721705286485161,0.0,5.721705286485161,0.0,0.0,-545.6854211058965,567.375,21.68957889410352,0.0,21.68957889410352
radiation,sun,2675.0,44.583333,300.68946513394036,270.0,1.0,1000.0,0.0,0.0,-206.7854349991833,212.5,5.714565000816691,0.0,5.714565000816691,0.0,0.0,-546.7193482808924,568.4375,21.718151719107606,0.0,21.718151719107606
radiation,sun,2680.0,44.666667,300.6903710757755,270.0,1.0,1000.0,0.0,0.0,-206.79256643885665,212.5,5.707433561143347,0.0,5.707433561143347,0.0,0.0,-547.7533111130866,569.5,21.746688886913322,0.0,21.746688886913322
radiation,sun,2685.0,44.75,300.69127588703844,270.0,1.0,1000.0,0.0,0.0,-206.7996890433335,212.5,5.700310956666499,0.0,5.700310956666499,0.0,0.0,-548.7873095583034,570.5625,21.775190441696655,0.0,21.775190441696655
radiation,sun,2690.0,44.833333,300.69217956912996,270.0,1.0,1000.0,0.0,0.0,-206.8068028233982,212.5,5.693197176601814,0.0,5.693197176601814,0.0,0.0,-549.8213435724203,571.625,21.803656427579664,0.0,21.803656427579664
radiation,sun,2695.0,44.916667,300.693082123449,270.0,1.0,1000.0,0.0,0.0,-206.81390778982336,212.5,5.686092210176639,0.0,5.686092210176639,0.0,0.0,-550.8554131113694,572.6875,21.832086888630545,0.0,21.832086888630545
radiation,sun,2700.0,45.0,300.69398355139293,270.0,1.0,1000.0,0.0,0.0,-206.8210039533686,212.5,5.678996046631397,0.0,5.678996046631397,0.0,0.0,-551.8895181311364,573.75,21.8604818688637,0.0,21.8604818688637
radiation,sun,2705.0,45.083333,300.6948838543573,270.0,1.0,1000.0,0.0,0.0,-206.82809132478096,212.5,5.6719086752190435,0.0,5.6719086752190435,0.0,0.0,-552.9236585877602,574.8125,21.8888414122398,0.0,21.8888414122398
radiation,sun,2710.0,45.166667,300.6957830337359,270.0,1.0,1000.0,0.0,0.0,-206.8351699147946,212.5,5.664830085205409,0.0,5.664830085205409,0.0,0.0,-553.9578344373341,575.875,21.917165562665826,0.0,21.917165562665826
radiation,sun,2715.0,45.25,300.69668109092095,270.0,1.0,1000.0,0.0,0.0,-206.84223973413077,212.5,5.6577602658692285,0.0,5.6577602658692285,0.0,0.0,-554.9920456360047,576.9375,21.94545436399517,0.0,21.94545436399517
radiation,sun,2720.0,45.333333,300.69757802730294,270.0,1.0,1000.0,0.0,0.0,-206.84930079349803,212.5,5.650699206501969,0.0,5.650699206501969,0.0,0.0,-556.0262921399722,578.0,21.97370786002768,0.0,21.97370786002768
radiation,sun,2725.0,45.416667,300.6984738442706,270.0,1.0,1000.0,0.0,0.0,-206.85635310359282,212.5,5.643646896407176,0.0,5.643646896407176,0.0,0.0,-557.0605739054902,579.0625,22.001926094509717,0.0,22.001926094509717
radiation,sun,2730.0,45.5,300.69936854321105,270.0,1.0,1000.0,0.0,0.0,-206.86339667509827,212.5,5.636603324901728,0.0,5.636603324901728,0.0,0.0,-558.0948908888657,580.125,22.030109111134223,0.0,22.030109111134223
radiation,sun,2735.0,45.583333,300.70026212550965,270.0,1.0,1000.0,0.0,0.0,-206.8704315186852,212.5,5.629568481314806,0.0,5.629568481314806,0.0,0.0,-559.1292430464591,581.1875,22.0582569535408,0.0,22.0582569535408
radiation,sun,2740.0,45.666667,300.70115459255015,270.0,1.0,1000.0,0.0,0.0,-206.8774576450118,212.5,5.622542354988212,0.0,5.622542354988212,0.0,0.0,-560.1636303346843,582.25,22.086369665315743,0.0,22.086369665315743
radiation,sun,2745.0,45.75,300.7020459457145,270.0,1.0,1000.0,0.0,0.0,-206.8844750647239,212.5,5.615524935276113,0.0,5.615524935276113,0.0,0.0,-561.1980527100079,583.3125,22.114447289992125,0.0,22.114447289992125
radiation,sun,2750.0,45.833333,300.702936186383,270.0,1.0,1000.0,0.0,0.0,-206.89148378845374,212.5,5.6085162115462595,0.0,5.6085162115462595,0.0,0.0,-562.2325101289501,584.375,22.142489871049857,0.0,22.142489871049857
radiation,sun,2755.0,45.916667,300.7038253159343,270.0,1.0,1000.0,0.0,0.0,-206.89848382682214,212.5,5.601516173177856,0.0,5.601516173177856,0.0,0.0,-563.2670025480843,585.4375,22.170497451915743,0.0,22.170497451915743
radiation,sun,2760.0,46.0,300.70471333574534,270.0,1.0,1000.0,0.0,0.0,-206.9054751904365,212.5,5.594524809563495,0.0,5.594524809563495,0.0,0.0,-564.3015299240365,586.5,22.19847007596356,0.0,22.19847007596356
radiation,sun,2765.0,46.083333,300.7056002471914,270.0,1.0,1000.0,0.0,0.0,-206.91245788989198,212.5,5.587542110108018,0.0,5.587542110108018,0.0,0.0,-565.3360922134859,587.5625,22.226407786514102,0.0,22.226407786514102
radiation,sun,2770.0,46.166667,300.70648605164604,270.0,1.0,1000.0,0.0,0.0,-206.9194319357713,212.5,5.580568064228686,0.0,5.580568064228686,0.0,0.0,-566.3706893731647,588.625,22.254310626835245,0.0,22.254310626835245
radiation,sun,2775.0,46.25,300.7073707504812,270.0,1.0,1000.0,0.0,0.0,-206.92639733864445,212.5,5.573602661355551,0.0,5.573602661355551,0.0,0.0,-567.405321359858,589.6875,22.282178640142025,0.0,22.282178640142025
radiation,sun,2780.0,46.333333,300.708254345067,270.0,1.0,1000.0,0.0,0.0,-206.93335410906886,212.5,5.566645890931142,0.0,5.566645890931142,0.0,0.0,-568.4399881304033,590.75,22.310011869596682,0.0,22.310011869596682
radiation,sun,2785.0,46.416667,300.7091368367722,270.0,1.0,1000.0,0.0,0.0,-206.94030225758948,212.5,5.5596977424105205,0.0,5.5596977424105205,0.0,0.0,-569.4746896416913,591.8125,22.337810358308733,0.0,22.337810358308733
radiation,sun,2790.0,46.5,300.7100182269635,270.0,1.0,1000.0,0.0,0.0,-206.94724179473937,212.5,5.552758205260631,0.0,5.552758205260631,0.0,0.0,-570.5094258506649,592.875,22.365574149335036,0.0,22.365574149335036
radiation,sun,2795.0,46.583333,300.71089851700617,270.0,1.0,1000.0,0.0,0.0,-206.95417273103777,212.5,5.545827268962228,0.0,5.545827268962228,0.0,0.0,-571.5441967143202,593.9375,22.393303285679846,0.0,22.393303285679846
radiation,sun,2800.0,46.666667,300.7117777082638,270.0,1.0,1000.0,0.0,0.0,-206.96109507699276,212.5,5.538904923007237,0.0,5.538904923007237,0.0,0.0,-572.5790021897051,595.0,22.42099781029488,0.0,22.42099781029488
radiation,sun,2805.0,46.75,300.71265580209825,270.0,1.0,1000.0,0.0,0.0,-206.96800884309948,212.5,5.531991156900517,0.0,5.531991156900517,0.0,0.0,-573.6138422339205,596.0625,22.448657766079386,0.0,22.448657766079386
radiation,sun,2810.0,46.833333,300.7135327998697,270.0,1.0,1000.0,0.0,0.0,-206.97491403984046,212.5,5.525085960159544,0.0,5.525085960159544,0.0,0.0,-574.6487168041198,597.125,22.476283195880182,0.0,22.476283195880182
radiation,sun,2815.0,46.916667,300.71440870293674,270.0,1.0,1000.0,0.0,0.0,-206.98181067768573,212.5,5.518189322314271,0.0,5.518189322314271,0.0,0.0,-575.6836258575081,598.1875,22.503874142491753,0.0,22.503874142491753
radiation,sun,2820.0,47.0,300.71528351265624,270.0,1.0,1000.0,0.0,0.0,-206.9886987670932,212.5,5.5113012329067885,0.0,5.5113012329067885,0.0,0.0,-576.7185693513437,599.25,22.53143064865629,0.0,22.53143064865629
radiation,sun,2825.0,47.083333,300.7161572303835,270.0,1.0,1000.0,0.0,0.0,-206.99557831850842,212.5,5.5044216814915785,0.0,5.5044216814915785,0.0,0.0,-577.7535472429362,600.3125,22.558952757063746,0.0,22.558952757063746
radiation,sun,2830.0,47.166667,300.717029857472,270.0,1.0,1000.0,0.0,0.0,-207.00244934236457,212.5,5.497550657635429,0.0,5.497550657635429,0.0,0.0,-578.788559489648,601.375,22.586440510351924,0.0,22.586440510351924
radiation,sun,2835.0,47.25,300.71790139527377,270.0,1.0,1000.0,0.0,0.0,-207.00931184908217,212.5,5.490688150917833,0.0,5.490688150917833,0.0,0.0,-579.8236060488936,602.4375,22.613893951106515,0.0,22.613893951106515
radiation,sun,2840.0,47.333333,300.718771845139,270.0,1.0,1000.0,0.0,0.0,-207.0161658490693,212.5,5.483834150930704,0.0,5.483834150930704,0.0,0.0,-580.8586868781389,603.5,22.641313121861167,0.0,22.641313121861167
radiation,sun,2845.0,47.416667,300.7196412084163,270.0,1.0,1000.0,0.0,0.0,-207.0230113527217,212.5,5.47698864727829,0.0,5.47698864727829,0.0,0.0,-581.8938019349025,604.5625,22.66869806509756,0.0,22.66869806509756
radiation,sun,2850.0,47.5,300.7205094864527,270.0,1.0,1000.0,0.0,0.0,-207.0298483704235,212.5,5.470151629576492,0.0,5.470151629576492,0.0,0.0,-582.9289511767547,605.625,22.69604882324544,0.0,22.69604882324544
radiation,sun,2855.0,47.583333,300.7213766805936,270.0,1.0,1000.0,0.0,0.0,-207.03667691254583,212.5,5.463323087454171,0.0,5.463323087454171,0.0,0.0,-583.9641345613173,606.6875,22.723365438682713,0.0,22.723365438682713
radiation,sun,2860.0,47.666667,300.72224279218256,270.0,1.0,1000.0,0.0,0.0,-207.04349698944796,212.5,5.456503010552041,0.0,5.456503010552041,0.0,0.0,-584.9993520462647,607.75,22.75064795373547,0.0,22.75064795373547
radiation,sun,2865.0,47.75,300.7231078225617,270.0,1.0,1000.0,0.0,0.0,-207.05030861147594,212.5,5.449691388524059,0.0,5.449691388524059,0.0,0.0,-586.034603589322,608.8125,22.777896410678093,0.0,22.777896410678093
radiation,sun,2870.0,47.833333,300.7239717730714,270.0,1.0,1000.0,0.0,0.0,-207.057111788965,212.5,5.442888211035012,0.0,5.442888211035012,0.0,0.0,-587.0698891482668,609.875,22.805110851733264,0.0,22.805110851733264
radiation,sun,2875.0,47.916667,300.7248346450504,270.0,1.0,1000.0,0.0,0.0,-207.06390653223687,212.5,5.436093467763129,0.0,5.436093467763129,0.0,0.0,-588.1052086809281,610.9375,22.83229131907208,0.0,22.83229131907208
radiation,sun,2880.0,48.0,300.7256964398359,270.0,1.0,1000.0,0.0,0.0,-207.0706928516012,212.5,5.429307148398806,0.0,5.429307148398806,0.0,0.0,-589.1405621451861,612.0,22.859437854814075,0.0,22.859437854814075
radiation,sun,2885.0,48.083333,300.7265571587633,270.0,1.0,1000.0,0.0,0.0,-207.07747075735614,212.5,5.422529242643861,0.0,5.422529242643861,0.0,0.0,-590.1759494989728,613.0625,22.886550501027294,0.0,22.886550501027294
radiation,sun,2890.0,48.166667,300.7274168031665,270.0,1.0,1000.0,0.0,0.0,-207.08424025978692,212.5,5.415759740213076,0.0,5.415759740213076,0.0,0.0,-591.2113707002718,614.125,22.91362929972836,0.0,22.91362929972836
radiation,sun,2895.0,48.25,300.72827537437774,270.0,1.0,1000.0,0.0,0.0,-207.0910013691666,212.5,5.408998630833395,0.0,5.408998630833395,0.0,0.0,-592.2468257071176,615.1875,22.940674292882527,0.0,22.940674292882527
radiation,sun,2900.0,48.333333,300.7291328737276,270.0,1.0,1000.0,0.0,0.0,-207.09775409575687,212.5,5.402245904243131,0.0,5.402245904243131,0.0,0.0,-593.2823144775964,616.25,22.96768552240374,0.0,22.96768552240374
radiation,sun,2905.0,48.416667,300.7299893025451,270.0,1.0,1000.0,0.0,0.0,-207.1044984498058,212.5,5.395501550194211,0.0,5.395501550194211,0.0,0.0,-594.3178369698454,617.3125,22.99466303015471,0.0,22.99466303015471
radiation,sun,2910.0,48.5,300.73084466215755,270.0,1.0,1000.0,0.0,0.0,-207.11123444155044,212.5,5.388765558449563,0.0,5.388765558449563,0.0,0.0,-595.3533931420532,618.375,23.02160685794696,0.0,23.02160685794696
radiation,sun,2915.0,48.583333,300.7316989538907,270.0,1.0,1000.0,0.0,0.0,-207.1179620812153,212.5,5.382037918784704,0.0,5.382037918784704,0.0,0.0,-596.3889829524593,619.4375,23.048517047540884,0.0,23.048517047540884
radiation,sun,2920.0,48.666667,300.73255217906865,270.0,1.0,1000.0,0.0,0.0,-207.12468137901305,212.5,5.3753186209869455,0.0,5.3753186209869455,0.0,0.0,-597.4246063593544,620.5,23.07539364064582,0.0,23.07539364064582
radiation,sun,2925.0,48.75,300.7334043390139,270.0,1.0,1000.0,0.0,0.0,-207.13139234514352,212.5,5.368607654856476,0.0,5.368607654856476,0.0,0.0,-598.46026332108,621.5625,23.1022366789201,0.0,23.1022366789201
radiation,sun,2930.0,48.833333,300.73425543504726,270.0,1.0,1000.0,0.0,0.0,-207.13809498979515,212.5,5.36190501020485,0.0,5.36190501020485,0.0,0.0,-599.495953796029,622.625,23.129046203971125,0.0,23.129046203971125
radiation,sun,2935.0,48.916667,300.73510546848803,270.0,1.0,1000.0,0.0,0.0,-207.1447893231439,212.5,5.355210676856103,0.0,5.355210676856103,0.0,0.0,-600.5316777426447,623.6875,23.155822257355403,0.0,23.155822257355403
radiation,sun,2940.0,49.0,300.73595444065387,270.0,1.0,1000.0,0.0,0.0,-207.15147535535363,212.5,5.348524644646375,0.0,5.348524644646375,0.0,0.0,-601.5674351194215,624.75,23.182564880578635,0.0,23.182564880578635
radiation,sun,2945.0,49.083333,300.73680235286076,270.0,1.0,1000.0,0.0,0.0,-207.15815309657648,212.5,5.341846903423516,0.0,5.341846903423516,0.0,0.0,-602.6032258849044,625.8125,23.209274115095756,0.0,23.209274115095756
radiation,sun,2950.0,49.166667,300.73764920642316,270.0,1.0,1000.0,0.0,0.0,-207.16482255695192,212.5,5.335177443048082,0.0,5.335177443048082,0.0,0.0,-603.6390499976892,626.875,23.235950002310993,0.0,23.235950002310993
radiation,sun,2955.0,49.25,300.73849500265385,270.0,1.0,1000.0,0.0,0.0,-207.17148374660798,212.5,5.328516253392024,0.0,5.328516253392024,0.0,0.0,-604.6749074164222,627.9375,23.262592583577952,0.0,23.262592583577952
radiation,sun,2960.0,49.333333,300.73933974286405,270.0,1.0,1000.0,0.0,0.0,-207.17813667566028,212.5,5.321863324339716,0.0,5.321863324339716,0.0,0.0,-605.7107980998006,629.0,23.289201900199654,0.0,23.289201900199654
radiation,sun,2965.0,49.416667,300.74018342836337,270.0,1.0,1000.0,0.0,0.0,-207.18478135421256,212.5,5.315218645787439,0.0,5.315218645787439,0.0,0.0,-606.7467220065718,630.0625,23.31577799342859,0.0,23.31577799342859
radiation,sun,2970.0,49.5,300.74102606045983,270.0,1.0,1000.0,0.0,0.0,-207.19141779235662,212.5,5.308582207643383,0.0,5.308582207643383,0.0,0.0,-607.7826790955335,631.125,23.342320904466806,0.0,23.342320904466806
radiation,sun,2975.0,49.583333,300.7418676404598,270.0,1.0,1000.0,0.0,0.0,-207.19804600017233,212.5,5.301953999827674,0.0,5.301953999827674,0.0,0.0,-608.8186693255343,632.1875,23.368830674465947,0.0,23.368830674465947
radiation,sun,2980.0,49.666667,300.7427081696681,270.0,1.0,1000.0,0.0,0.0,-207.20466598772728,212.5,5.295334012272718,0.0,5.295334012272718,0.0,0.0,-609.854692655473,633.25,23.395307344527307,0.0,23.395307344527307
radiation,sun,2985.0,49.75,300.74354764938795,270.0,1.0,1000.0,0.0,0.0,-207.21127776507706,212.5,5.288722234922943,0.0,5.288722234922943,0.0,0.0,-610.8907490442983,634.3125,23.42175095570192,0.0,23.42175095570192
radiation,sun,2990.0,49.833333,300.74438608092095,270.0,1.0,1000.0,0.0,0.0,-207.21788134226588,212.5,5.282118657734117,0.0,5.282118657734117,0.0,0.0,-611.9268384510096,635.375,23.448161548990594,0.0,23.448161548990594
radiation,sun,2995.0,49.916667,300.7452234655671,270.0,1.0,1000.0,0.0,0.0,-207.2244767293255,212.5,5.275523270674512,0.0,5.275523270674512,0.0,0.0,-612.9629608346563,636.4375,23.474539165343966,0.0,23.474539165343966
radiation,sun,3000.0,50.0,300.74605980462485,270.0,1.0,1000.0,0.0,0.0,-207.23106393627572,212.5,5.268936063724283,0.0,5.268936063724283,0.0,0.0,-613.9991161543377,637.5,23.500883845662585,0.0,23.500883845662585
radiation,sun,3005.0,50.083333,300.746895099391,270.0,1.0,1000.0,0.0,0.0,-207.23764297312457,212.5,5.262357026875435,0.0,5.262357026875435,0.0,0.0,-615.0353043692032,638.5625,23.527195630796964,0.0,23.527195630796964
radiation,sun,3010.0,50.166667,300.74772935116084,270.0,1.0,1000.0,0.0,0.0,-207.24421384986795,212.5,5.255786150132053,0.0,5.255786150132053,0.0,0.0,-616.0715254384526,639.625,23.553474561547624,0.0,23.553474561547624
radiation,sun,3015.0,50.25,300.7485625612281,270.0,1.0,1000.0,0.0,0.0,-207.2507765764906,212.5,5.249223423509392,0.0,5.249223423509392,0.0,0.0,-617.107779321335,640.6875,23.57972067866517,0.0,23.57972067866517
radiation,sun,3020.0,50.333333,300.7493947308848,270.0,1.0,1000.0,0.0,0.0,-207.25733116296496,212.5,5.2426688370350405,0.0,5.2426688370350405,0.0,0.0,-618.1440659771499,641.75,23.605934022850345,0.0,23.605934022850345
radiation,sun,3025.0,50.416667,300.7502258614214,270.0,1.0,1000.0,0.0,0.0,-207.26387761925125,212.5,5.236122380748753,0.0,5.236122380748753,0.0,0.0,-619.1803853652461,642.8125,23.63211463475409,0.0,23.63211463475409
radiation,sun,3030.0,50.5,300.7510559541269,270.0,1.0,1000.0,0.0,0.0,-207.2704159552984,212.5,5.229584044701596,0.0,5.229584044701596,0.0,0.0,-620.2167374450225,643.875,23.658262554977597,0.0,23.658262554977597
radiation,sun,3035.0,50.583333,300.7518850102887,270.0,1.0,1000.0,0.0,0.0,-207.2769461810426,212.5,5.223053818957396,0.0,5.223053818957396,0.0,0.0,-621.2531221759277,644.9375,23.684377824072385,0.0,23.684377824072385
radiation,sun,3040.0,50.666667,300.7527130311924,270.0,1.0,1000.0,0.0,0.0,-207.28346830640973,212.5,5.2165316935902695,0.0,5.2165316935902695,0.0,0.0,-622.2895395174598,646.0,23.710460482540338,0.0,23.710460482540338
radiation,sun,3045.0,50.75,300.75354001812235,270.0,1.0,1000.0,0.0,0.0,-207.28998234131225,212.5,5.210017658687747,0.0,5.210017658687747,0.0,0.0,-623.3259894291664,647.0625,23.736510570833776,0.0,23.736510570833776
radiation,sun,3050.0,50.833333,300.75436597236114,270.0,1.0,1000.0,0.0,0.0,-207.2964882956521,212.5,5.203511704347903,0.0,5.203511704347903,0.0,0.0,-624.3624718706448,648.125,23.762528129355516,0.0,23.762528129355516
radiation,sun,3055.0,50.916667,300.7551908951898,270.0,1.0,1000.0,0.0,0.0,-207.3029861793187,212.5,5.197013820681292,0.0,5.197013820681292,0.0,0.0,-625.3989868015412,649.1875,23.788513198458926,0.0,23.788513198458926
radiation,sun,3060.0,51.0,300.75601478788786,270.0,1.0,1000.0,0.0,0.0,-207.30947600218983,212.5,5.190523997810175,0.0,5.190523997810175,0.0,0.0,-626.4355341815523,650.25,23.814465818447974,0.0,23.814465818447974
radiation,sun,3065.0,51.083333,300.75683765173324,270.0,1.0,1000.0,0.0,0.0,-207.31595777413185,212.5,5.184042225868154,0.0,5.184042225868154,0.0,0.0,-627.4721139704229,651.3125,23.840386029577317,0.0,23.840386029577317
radiation,sun,3070.0,51.166667,300.7576594880023,270.0,1.0,1000.0,0.0,0.0,-207.32243150499895,212.5,5.177568495001054,0.0,5.177568495001054,0.0,0.0,-628.508726127948,652.375,23.866273872052318,0.0,23.866273872052318
radiation,sun,3075.0,51.25,300.7584802979698,270.0,1.0,1000.0,0.0,0.0,-207.32889720463382,212.5,5.171102795366181,0.0,5.171102795366181,0.0,0.0,-629.545370613971,653.4375,23.89212938602915,0.0,23.89212938602915
radiation,sun,3080.0,51.333333,300.759300082909,270.0,1.0,1000.0,0.0,0.0,-207.33535488286753,212.5,5.164645117132466,0.0,5.164645117132466,0.0,0.0,-630.5820473883854,654.5,23.917952611614815,0.0,23.917952611614815
radiation,sun,3085.0,51.416667,300.76011884409166,270.0,1.0,1000.0,0.0,0.0,-207.34180454951888,212.5,5.1581954504811165,0.0,5.1581954504811165,0.0,0.0,-631.618756411133,655.5625,23.94374358886722,0.0,23.94374358886722
radiation,sun,3090.0,51.5,300.7609365827878,270.0,1.0,1000.0,0.0,0.0,-207.34824621439608,212.5,5.1517537856039155,0.0,5.1517537856039155,0.0,0.0,-632.655497642205,656.625,23.969502357795243,0.0,23.969502357795243
radiation,sun,3095.0,51.583333,300.761753300266,270.0,1.0,1000.0,0.0,0.0,-207.35467988729434,212.5,5.145320112705662,0.0,5.145320112705662,0.0,0.0,-633.6922710416414,657.6875,23.99522895835877,0.0,23.99522895835877
radiation,sun,3100.0,51.666667,300.76256899779327,270.0,1.0,1000.0,0.0,0.0,-207.36110557799793,212.5,5.138894422002068,0.0,5.138894422002068,0.0,0.0,-634.7290765695315,658.75,24.02092343046878,0.0,24.02092343046878
radiation,sun,3105.0,51.75,300.7633836766351,270.0,1.0,1000.0,0.0,0.0,-207.36752329627956,212.5,5.132476703720442,0.0,5.132476703720442,0.0,0.0,-635.7659141860128,659.8125,24.046585813987384,0.0,24.046585813987384
radiation,sun,3110.0,51.833333,300.76419733805545,270.0,1.0,1000.0,0.0,0.0,-207.37393305190008,212.5,5.126066948099918,0.0,5.126066948099918,0.0,0.0,-636.8027838512724,660.875,24.072216148727886,0.0,24.072216148727886
radiation,sun,3115.0,51.916667,300.76500998331665,270.0,1.0,1000.0,0.0,0.0,-207.38033485460917,212.5,5.119665145390826,0.0,5.119665145390826,0.0,0.0,-637.8396855255454,661.9375,24.09781447445484,0.0,24.09781447445484
radiation,sun,3120.0,52.0,300.76582161367946,270.0,1.0,1000.0,0.0,0.0,-207.3867287141441,212.5,5.1132712858558875,0.0,5.1132712858558875,0.0,0.0,-638.8766191691161,663.0,24.123380830884123,0.0,24.123380830884123
radiation,sun,3125.0,52.083333,300.7666322304032,270.0,1.0,1000.0,0.0,0.0,-207.3931146402307,212.5,5.106885359769308,0.0,5.106885359769308,0.0,0.0,-639.9135847423173,664.0625,24.14891525768297,0.0,24.14891525768297
radiation,sun,3130.0,52.166667,300.7674418347457,270.0,1.0,1000.0,0.0,0.0,-207.3994926425838,212.5,5.100507357416205,0.0,5.100507357416205,0.0,0.0,-640.9505822055303,665.125,24.17441779447005,0.0,24.17441779447005
radiation,sun,3135.0,52.25,300.768250427963,270.0,1.0,1000.0,0.0,0.0,-207.40586273090645,212.5,5.094137269093551,0.0,5.094137269093551,0.0,0.0,-641.9876115191847,666.1875,24.199888480815517,0.0,24.199888480815517
radiation,sun,3140.0,52.333333,300.7690580113098,270.0,1.0,1000.0,0.0,0.0,-207.41222491488955,212.5,5.087775085110451,0.0,5.087775085110451,0.0,0.0,-643.0246726437591,667.25,24.225327356241067,0.0,24.225327356241067
radiation,sun,3145.0,52.416667,300.7698645860393,270.0,1.0,1000.0,0.0,0.0,-207.41857920421336,212.5,5.0814207957866415,0.0,5.0814207957866415,0.0,0.0,-644.0617655397803,668.3125,24.250734460220002,0.0,24.250734460220002
radiation,sun,3150.0,52.5,300.77067015340305,270.0,1.0,1000.0,0.0,0.0,-207.42492560854595,212.5,5.075074391454052,0.0,5.075074391454052,0.0,0.0,-645.0988901678229,669.375,24.276109832177273,0.0,24.276109832177273
radiation,sun,3155.0,52.583333,300.77147471465105,270.0,1.0,1000.0,0.0,0.0,-207.43126413754413,212.5,5.068735862455867,0.0,5.068735862455867,0.0,0.0,-646.1360464885107,670.4375,24.30145351148955,0.0,24.30145351148955
radiation,sun,3160.0,52.666667,300.7722782710319,270.0,1.0,1000.0,0.0,0.0,-207.437594800853,212.5,5.062405199147008,0.0,5.062405199147008,0.0,0.0,-647.173234462515,671.5,24.326765537485286,0.0,24.326765537485286
radiation,sun,3165.0,52.75,300.7730808237925,270.0,1.0,1000.0,0.0,0.0,-207.4439176081066,212.5,5.056082391893398,0.0,5.056082391893398,0.0,0.0,-648.2104540505554,672.5625,24.352045949444754,0.0,24.352045949444754
radiation,sun,3170.0,52.833333,300.77388237417836,270.0,1.0,1000.0,0.0,0.0,-207.45023256892676,212.5,5.049767431073235,0.0,5.049767431073235,0.0,0.0,-649.2477052134001,673.625,24.37729478660012,0.0,24.37729478660012
radiation,sun,3175.0,52.916667,300.77468292343343,270.0,1.0,1000.0,0.0,0.0,-207.45653969292445,212.5,5.043460307075549,0.0,5.043460307075549,0.0,0.0,-650.2849879118646,674.6875,24.402512088135495,0.0,24.402512088135495
radiation,sun,3180.0,53.0,300.77548247280015,270.0,1.0,1000.0,0.0,0.0,-207.46283898969918,212.5,5.037161010300821,0.0,5.037161010300821,0.0,0.0,-651.3223021068131,675.75,24.427697893187,0.0,24.427697893187
radiation,sun,3185.0,53.083333,300.7762810235194,270.0,1.0,1000.0,0.0,0.0,-207.46913046883896,212.5,5.030869531161045,0.0,5.030869531161045,0.0,0.0,-652.3596477591574,676.8125,24.4528522408428,0.0,24.4528522408428
radiation,sun,3190.0,53.166667,300.77707857683055,270.0,1.0,1000.0,0.0,0.0,-207.47541413992016,212.5,5.0245858600798385,0.0,5.0245858600798385,0.0,0.0,-653.397024829857,677.875,24.477975170143203,0.0,24.477975170143203
radiation,sun,3195.0,53.25,300.7778751339714,270.0,1.0,1000.0,0.0,0.0,-207.48169001250778,212.5,5.018309987492216,0.0,5.018309987492216,0.0,0.0,-654.4344332799194,678.9375,24.503066720080664,0.0,24.503066720080664
radiation,sun,3200.0,53.333333,300.7786706961784,270.0,1.0,1000.0,0.0,0.0,-207.48795809615518,212.5,5.012041903844818,0.0,5.012041903844818,0.0,0.0,-655.4718730704002,680.0,24.528126929599885,0.0,24.528126929599885
radiation,sun,3205.0,53.416667,300.7794652646863,270.0,1.0,1000.0,0.0,0.0,-207.49421840040517,212.5,5.005781599594826,0.0,5.005781599594826,0.0,0.0,-656.5093441624022,681.0625,24.55315583759786,0.0,24.55315583759786
radiation,sun,3210.0,53.5,300.7802588407284,270.0,1.0,1000.0,0.0,0.0,-207.5004709347884,212.5,4.99952906521159,0.0,4.99952906521159,0.0,0.0,-657.5468465170761,682.125,24.578153482923916,0.0,24.578153482923916
radiation,sun,3215.0,53.583333,300.7810514255365,270.0,1.0,1000.0,0.0,0.0,-207.50671570882417,212.5,4.993284291175826,0.0,4.993284291175826,0.0,0.0,-658.5843800956203,683.1875,24.603119904379795,0.0,24.603119904379795
radiation,sun,3220.0,53.666667,300.78184302034094,270.0,1.0,1000.0,0.0,0.0,-207.51295273202055,212.5,4.987047267979449,0.0,4.987047267979449,0.0,0.0,-659.6219448592803,684.25,24.628055140719695,0.0,24.628055140719695
radiation,sun,3225.0,53.75,300.7826336263705,270.0,1.0,1000.0,0.0,0.0,-207.51918201387505,212.5,4.980817986124947,0.0,4.980817986124947,0.0,0.0,-660.6595407693497,685.3125,24.652959230650318,0.0,24.652959230650318
radiation,sun,3230.0,53.833333,300.78342324485243,270.0,1.0,1000.0,0.0,0.0,-207.52540356387274,212.5,4.974596436127257,0.0,4.974596436127257,0.0,0.0,-661.6971677871691,686.375,24.677832212830957,0.0,24.677832212830957
radiation,sun,3235.0,53.916667,300.7842118770125,270.0,1.0,1000.0,0.0,0.0,-207.53161739148754,212.5,4.9683826085124565,0.0,4.9683826085124565,0.0,0.0,-662.7348258741265,687.4375,24.702674125873518,0.0,24.702674125873518
radiation,sun,3240.0,54.0,300.78499952407503,270.0,1.0,1000.0,0.0,0.0,-207.53782350618275,212.5,4.962176493817253,0.0,4.962176493817253,0.0,0.0,-663.7725149916574,688.5,24.7274850083426,0.0,24.7274850083426
radiation,sun,3245.0,54.083333,300.7857861872628,270.0,1.0,1000.0,0.0,0.0,-207.54402191740965,212.5,4.955978082590349,0.0,4.955978082590349,0.0,0.0,-664.8102351012445,689.5625,24.752264898755556,0.0,24.752264898755556
radiation,sun,3250.0,54.166667,300.78657186779697,270.0,1.0,1000.0,0.0,0.0,-207.55021263460893,212.5,4.9497873653910744,0.0,4.9497873653910744,0.0,0.0,-665.8479861644175,690.625,24.777013835582512,0.0,24.777013835582512
radiation,sun,3255.0,54.25,300.7873565668974,270.0,1.0,1000.0,0.0,0.0,-207.5563956672092,212.5,4.943604332790812,0.0,4.943604332790812,0.0,0.0,-666.8857681427536,691.6875,24.801731857246466,0.0,24.801731857246466
radiation,sun,3260.0,54.333333,300.7881402857824,270.0,1.0,1000.0,0.0,0.0,-207.56257102462848,212.5,4.9374289753715175,0.0,4.9374289753715175,0.0,0.0,-667.9235809978768,692.75,24.826419002123323,0.0,24.826419002123323
radiation,sun,3265.0,54.416667,300.7889230256687,270.0,1.0,1000.0,0.0,0.0,-207.5687387162732,212.5,4.931261283726798,0.0,4.931261283726798,0.0,0.0,-668.9614246914582,693.8125,24.851075308541958,0.0,24.851075308541958
radiation,sun,3270.0,54.5,300.7897047877716,270.0,1.0,1000.0,0.0,0.0,-207.57489875153874,212.5,4.92510124846126,0.0,4.92510124846126,0.0,0.0,-669.9992991852159,694.875,24.875700814784263,0.0,24.875700814784263
radiation,sun,3275.0,54.583333,300.790485573305,270.0,1.0,1000.0,0.0,0.0,-207.5810511398092,212.5,4.918948860190795,0.0,4.918948860190795,0.0,0.0,-671.037204440915,695.9375,24.90029555908522,0.0,24.90029555908522
radiation,sun,3280.0,54.666667,300.7912653834811,270.0,1.0,1000.0,0.0,0.0,-207.58719589045785,212.5,4.912804109542151,0.0,4.912804109542151,0.0,0.0,-672.0751404203673,697.0,24.92485957963293,0.0,24.92485957963293
radiation,sun,3285.0,54.75,300.79204421951084,270.0,1.0,1000.0,0.0,0.0,-207.59333301284616,212.5,4.906666987153841,0.0,4.906666987153841,0.0,0.0,-673.1131070854316,698.0625,24.949392914568698,0.0,24.949392914568698
radiation,sun,3290.0,54.833333,300.7928220826035,270.0,1.0,1000.0,0.0,0.0,-207.59946251632462,212.5,4.900537483675379,0.0,4.900537483675379,0.0,0.0,-674.1511043980132,699.125,24.973895601987074,0.0,24.973895601987074
radiation,sun,3295.0,54.916667,300.79359897396694,270.0,1.0,1000.0,0.0,0.0,-207.60558441023252,212.5,4.894415589767476,0.0,4.894415589767476,0.0,0.0,-675.1891323200643,700.1875,24.998367679935914,0.0,24.998367679935914
radiation,sun,3300.0,55.0,300.79437489480756,270.0,1.0,1000.0,0.0,0.0,-207.61169870389807,212.5,4.888301296101929,0.0,4.888301296101929,0.0,0.0,-676.2271908135838,701.25,25.022809186416424,0.0,25.022809186416424
radiation,sun,3305.0,55.083333,300.79514984633033,270.0,1.0,1000.0,0.0,0.0,-207.61780540663838,212.5,4.882194593361618,0.0,4.882194593361618,0.0,0.0,-677.2652798406169,702.3125,25.047220159383233,0.0,25.047220159383233
radiation,sun,3310.0,55.166667,300.7959238297386,270.0,1.0,1000.0,0.0,0.0,-207.62390452776,212.5,4.876095472239996,0.0,4.876095472239996,0.0,0.0,-678.3033993632558,703.375,25.07160063674443,0.0,25.07160063674443
radiation,sun,3315.0,55.25,300.7966968462344,270.0,1.0,1000.0,0.0,0.0,-207.62999607655712,212.5,4.87000392344288,0.0,4.87000392344288,0.0,0.0,-679.3415493436386,704.4375,25.095950656361644,0.0,25.095950656361644
radiation,sun,3320.0,55.333333,300.7974688970182,270.0,1.0,1000.0,0.0,0.0,-207.63608006231365,212.5,4.863919937686347,0.0,4.863919937686347,0.0,0.0,-680.3797297439502,705.5,25.120270256050077,0.0,25.120270256050077
radiation,sun,3325.0,55.416667,300.7982399832889,270.0,1.0,1000.0,0.0,0.0,-207.64215649430264,212.5,4.85784350569736,0.0,4.85784350569736,0.0,0.0,-681.4179405264216,706.5625,25.144559473578564,0.0,25.144559473578564
radiation,sun,3330.0,55.5,300.79901010624417,270.0,1.0,1000.0,0.0,0.0,-207.6482253817851,212.5,4.851774618214904,0.0,4.851774618214904,0.0,0.0,-682.4561816533305,707.625,25.16881834666964,0.0,25.16881834666964
radiation,sun,3335.0,55.583333,300.79977926708005,270.0,1.0,1000.0,0.0,0.0,-207.6542867340119,212.5,4.84571326598811,0.0,4.84571326598811,0.0,0.0,-683.4944530870007,708.6875,25.19304691299958,0.0,25.19304691299958
radiation,sun,3340.0,55.666667,300.80054746699113,270.0,1.0,1000.0,0.0,0.0,-207.66034056022264,212.5,4.839659439777364,0.0,4.839659439777364,0.0,0.0,-684.5327547898017,709.75,25.217245210198467,0.0,25.217245210198467
radiation,sun,3345.0,55.75,300.80131470717055,270.0,1.0,1000.0,0.0,0.0,-207.66638686964555,212.5,4.8336131303544505,0.0,4.8336131303544505,0.0,0.0,-685.57108672415,710.8125,25.24141327585024,0.0,25.24141327585024
radiation,sun,3350.0,55.833333,300.80208098881,270.0,1.0,1000.0,0.0,0.0,-207.67242567149805,212.5,4.827574328501953,0.0,4.827574328501953,0.0,0.0,-686.6094488525075,711.875,25.265551147492747,0.0,25.265551147492747
radiation,sun,3355.0,55.916667,300.8028463130997,270.0,1.0,1000.0,0.0,0.0,-207.6784569749868,212.5,4.821543025013199,0.0,4.821543025013199,0.0,0.0,-687.6478411373824,712.9375,25.289658862617813,0.0,25.289658862617813
radiation,sun,3360.0,56.0,300.80361068122835,270.0,1.0,1000.0,0.0,0.0,-207.68448078930663,212.5,4.815519210693367,0.0,4.815519210693367,0.0,0.0,-688.6862635413289,714.0,25.31373645867128,0.0,25.31373645867128
radiation,sun,3365.0,56.083333,300.8043740943833,270.0,1.0,1000.0,0.0,0.0,-207.6904971236425,212.5,4.809502876357499,0.0,4.809502876357499,0.0,0.0,-689.7247160269471,715.0625,25.337783973053064,0.0,25.337783973053064
radiation,sun,3370.0,56.166667,300.80513655375046,270.0,1.0,1000.0,0.0,0.0,-207.6965059871676,212.5,4.803494012832402,0.0,4.803494012832402,0.0,0.0,-690.763198556883,716.125,25.361801443117226,0.0,25.361801443117226
radiation,sun,3375.0,56.25,300.8058980605141,270.0,1.0,1000.0,0.0,0.0,-207.70250738904483,212.5,4.7974926109551745,0.0,4.7974926109551745,0.0,0.0,-691.8017110938282,717.1875,25.385788906172003,0.0,25.385788906172003
radiation,sun,3380.0,56.333333,300.8066586158572,270.0,1.0,1000.0,0.0,0.0,-207.70850133842518,212.5,4.7914986615748205,0.0,4.7914986615748205,0.0,0.0,-692.8402536005203,718.25,25.409746399479875,0.0,25.409746399479875
radiation,sun,3385.0,56.416667,300.80741822096127,270.0,1.0,1000.0,0.0,0.0,-207.71448784444942,212.5,4.7855121555505775,0.0,4.7855121555505775,0.0,0.0,-693.8788260397425,719.3125,25.43367396025763,0.0,25.43367396025763
radiation,sun,3390.0,56.5,300.8081768770063,270.0,1.0,1000.0,0.0,0.0,-207.72046691624737,212.5,4.779533083752625,0.0,4.779533083752625,0.0,0.0,-694.9174283743238,720.375,25.45757162567639,0.0,25.45757162567639
radiation,sun,3395.0,56.583333,300.8089345851709,270.0,1.0,1000.0,0.0,0.0,-207.72643856293752,212.5,4.773561437062483,0.0,4.773561437062483,0.0,0.0,-695.9560605671385,721.4375,25.481439432861706,0.0,25.481439432861706
radiation,sun,3400.0,56.666667,300.80969134663223,270.0,1.0,1000.0,0.0,0.0,-207.73240279362778,212.5,4.767597206372216,0.0,4.767597206372216,0.0,0.0,-696.9947225811065,722.5,25.505277418893566,0.0,25.505277418893566
radiation,sun,3405.0,56.75,300.810447162566,270.0,1.0,1000.0,0.0,0.0,-207.73835961741537,212.5,4.7616403825846305,0.0,4.7616403825846305,0.0,0.0,-698.0334143791937,723.5625,25.529085620806487,0.0,25.529085620806487
radiation,sun,3410.0,56.833333,300.8112020341464,270.0,1.0,1000.0,0.0,0.0,-207.74430904338618,212.5,4.755690956613819,0.0,4.755690956613819,0.0,0.0,-699.0721359244106,724.625,25.552864075589557,0.0,25.552864075589557
radiation,sun,3415.0,56.916667,300.8119559625463,270.0,1.0,1000.0,0.0,0.0,-207.75025108061521,212.5,4.7497489193847855,0.0,4.7497489193847855,0.0,0.0,-700.1108871798137,725.6875,25.57661282018648,0.0,25.57661282018648
radiation,sun,3420.0,57.0,300.81270894893703,270.0,1.0,1000.0,0.0,0.0,-207.75618573816712,212.5,4.743814261832881,0.0,4.743814261832881,0.0,0.0,-701.1496681085044,726.75,25.600331891495646,0.0,25.600331891495646
radiation,sun,3425.0,57.083333,300.8134609944886,270.0,1.0,1000.0,0.0,0.0,-207.76211302509532,212.5,4.737886974904683,0.0,4.737886974904683,0.0,0.0,-702.1884786736299,727.8125,25.62402132637017,0.0,25.62402132637017
radiation,sun,3430.0,57.166667,300.8142121003695,270.0,1.0,1000.0,0.0,0.0,-207.76803295044257,212.5,4.731967049557426,0.0,4.731967049557426,0.0,0.0,-703.2273188383822,728.875,25.647681161617957,0.0,25.647681161617957
radiation,sun,3435.0,57.25,300.81496226774675,270.0,1.0,1000.0,0.0,0.0,-207.773945523241,212.5,4.726054476759003,0.0,4.726054476759003,0.0,0.0,-704.2661885659984,729.9375,25.67131143400175,0.0,25.67131143400175
radiation,sun,3440.0,57.333333,300.815711497786,270.0,1.0,1000.0,0.0,0.0,-207.77985075251115,212.5,4.720149247488848,0.0,4.720149247488848,0.0,0.0,-705.3050878197608,731.0,25.694912180239196,0.0,25.694912180239196
radiation,sun,3445.0,57.416667,300.81645979165154,270.0,1.0,1000.0,0.0,0.0,-207.78574864726355,212.5,4.714251352736454,0.0,4.714251352736454,0.0,0.0,-706.3440165629972,732.0625,25.71848343700288,0.0,25.71848343700288
radiation,sun,3450.0,57.5,300.8172071505061,270.0,1.0,1000.0,0.0,0.0,-207.79163921649788,212.5,4.7083607835021155,0.0,4.7083607835021155,0.0,0.0,-707.3829747590797,733.125,25.74202524092039,0.0,25.74202524092039
radiation,sun,3455.0,57.583333,300.81795357551096,270.0,1.0,1000.0,0.0,0.0,-207.7975224692028,212.5,4.702477530797211,0.0,4.702477530797211,0.0,0.0,-708.4219623714258,734.1875,25.76553762857438,0.0,25.76553762857438
radiation,sun,3460.0,57.666667,300.8186990678261,270.0,1.0,1000.0,0.0,0.0,-207.80339841435597,212.5,4.696601585644032,0.0,4.696601585644032,0.0,0.0,-709.4609793634976,735.25,25.7890206365026,0.0,25.7890206365026
radiation,sun,3465.0,57.75,300.8194436286101,270.0,1.0,1000.0,0.0,0.0,-207.80926706092495,212.5,4.690732939075048,0.0,4.690732939075048,0.0,0.0,-710.5000256988022,736.3125,25.812474301197973,0.0,25.812474301197973
radiation,sun,3470.0,57.833333,300.82018725902,270.0,1.0,1000.0,0.0,0.0,-207.81512841786616,212.5,4.684871582133837,0.0,4.684871582133837,0.0,0.0,-711.5391013408915,737.375,25.835898659108643,0.0,25.835898659108643
radiation,sun,3475.0,57.916667,300.8209299602114,270.0,1.0,1000.0,0.0,0.0,-207.82098249412576,212.5,4.679017505874242,0.0,4.679017505874242,0.0,0.0,-712.5782062533623,738.4375,25.859293746638013,0.0,25.859293746638013
radiation,sun,3480.0,58.0,300.8216717333386,270.0,1.0,1000.0,0.0,0.0,-207.82682929863844,212.5,4.673170701361556,0.0,4.673170701361556,0.0,0.0,-713.6173403998554,739.5,25.88265960014482,0.0,25.88265960014482
radiation,sun,3485.0,58.083333,300.8224125795544,270.0,1.0,1000.0,0.0,0.0,-207.83266884032835,212.5,4.667331159671647,0.0,4.667331159671647,0.0,0.0,-714.656503744057,740.5625,25.905996255943176,0.0,25.905996255943176
radiation,sun,3490.0,58.166667,300.8231525000102,270.0,1.0,1000.0,0.0,0.0,-207.8385011281097,212.5,4.661498871890302,0.0,4.661498871890302,0.0,0.0,-715.6956962496976,741.625,25.92930375030263,0.0,25.92930375030263
radiation,sun,3495.0,58.25,300.8238914958561,270.0,1.0,1000.0,0.0,0.0,-207.84432617088518,212.5,4.655673829114818,0.0,4.655673829114818,0.0,0.0,-716.734917880552,742.6875,25.952582119448202,0.0,25.952582119448202
radiation,sun,3500.0,58.333333,300.82462956824065,270.0,1.0,1000.0,0.0,0.0,-207.8501439775476,212.5,4.649856022452411,0.0,4.649856022452411,0.0,0.0,-717.7741686004398,743.75,25.975831399560462,0.0,25.975831399560462
radiation,sun,3505.0,58.416667,300.825366718311,270.0,1.0,1000.0,0.0,0.0,-207.85595455697853,212.5,4.644045443021469,0.0,4.644045443021469,0.0,0.0,-718.8134483732247,744.8125,25.99905162677557,0.0,25.99905162677557
radiation,sun,3510.0,58.5,300.82610294721286,270.0,1.0,1000.0,0.0,0.0,-207.86175791804905,212.5,4.638242081950949,0.0,4.638242081950949,0.0,0.0,-719.852757162815,745.875,26.022242837185324,0.0,26.022242837185324
radiation,sun,3515.0,58.583333,300.8268382560907,270.0,1.0,1000.0,0.0,0.0,-207.86755406961922,212.5,4.632445930380783,0.0,4.632445930380783,0.0,0.0,-720.892094933163,746.9375,26.04540506683723,0.0,26.04540506683723
radiation,sun,3520.0,58.666667,300.82757264608745,270.0,1.0,1000.0,0.0,0.0,-207.87334302053955,212.5,4.626656979460449,0.0,4.626656979460449,0.0,0.0,-721.9314616482657,748.0,26.06853835173453,0.0,26.06853835173453
radiation,sun,3525.0,58.75,300.82830611834464,270.0,1.0,1000.0,0.0,0.0,-207.87912477964915,212.5,4.620875220350854,0.0,4.620875220350854,0.0,0.0,-722.9708572721639,749.0625,26.091642727836287,0.0,26.091642727836287
radiation,sun,3530.0,58.833333,300.82903867400245,270.0,1.0,1000.0,0.0,0.0,-207.88489935577655,212.5,4.615100644223446,0.0,4.615100644223446,0.0,0.0,-724.0102817689428,750.125,26.114718231057402,0.0,26.114718231057402
radiation,sun,3535.0,58.916667,300.8297703141996,270.0,1.0,1000.0,0.0,0.0,-207.89066675773995,212.5,4.60933324226005,0.0,4.60933324226005,0.0,0.0,-725.0497351027315,751.1875,26.137764897268703,0.0,26.137764897268703
radiation,sun,3540.0,59.0,300.8305010400735,270.0,1.0,1000.0,0.0,0.0,-207.89642699434677,212.5,4.603573005653232,0.0,4.603573005653232,0.0,0.0,-726.0892172377032,752.25,26.160782762296968,0.0,26.160782762296968
radiation,sun,3545.0,59.083333,300.8312308527601,270.0,1.0,1000.0,0.0,0.0,-207.90218007439424,212.5,4.597819925605762,0.0,4.597819925605762,0.0,0.0,-727.1287281380752,753.3125,26.183771861924996,0.0,26.183771861924996
radiation,sun,3550.0,59.166667,300.83195975339396,270.0,1.0,1000.0,0.0,0.0,-207.9079260066688,212.5,4.592073993331212,0.0,4.592073993331212,0.0,0.0,-728.1682677681085,754.375,26.206732231891653,0.0,26.206732231891653
radiation,sun,3555.0,59.25,300.83268774310824,270.0,1.0,1000.0,0.0,0.0,-207.91366479994656,212.5,4.5863352000534405,0.0,4.5863352000534405,0.0,0.0,-729.2078360921083,755.4375,26.22966390789192,0.0,26.22966390789192
radiation,sun,3560.0,59.333333,300.83341482303473,270.0,1.0,1000.0,0.0,0.0,-207.91939646299264,212.5,4.580603537007363,0.0,4.580603537007363,0.0,0.0,-730.2474330744233,756.5,26.252566925576954,0.0,26.252566925576954
radiation,sun,3565.0,59.416667,300.8341409943038,270.0,1.0,1000.0,0.0,0.0,-207.92512100456204,212.5,4.574878995437956,0.0,4.574878995437956,0.0,0.0,-731.287058679446,757.5625,26.275441320554144,0.0,26.275441320554144
radiation,sun,3570.0,59.5,300.83486625804454,270.0,1.0,1000.0,0.0,0.0,-207.93083843339926,212.5,4.569161566600741,0.0,4.569161566600741,0.0,0.0,-732.3267128716129,758.625,26.298287128387145,0.0,26.298287128387145
radiation,sun,3575.0,59.583333,300.8355906153845,270.0,1.0,1000.0,0.0,0.0,-207.93654875823836,212.5,4.563451241761641,0.0,4.563451241761641,0.0,0.0,-733.3663956154041,759.6875,26.321104384595955,0.0,26.321104384595955
radiation,sun,3580.0,59.666667,300.8363140674499,270.0,1.0,1000.0,0.0,0.0,-207.9422519878028,212.5,4.557748012197209,0.0,4.557748012197209,0.0,0.0,-734.4061068753431,760.75,26.34389312465694,0.0,26.34389312465694
radiation,sun,3585.0,59.75,300.83703661536566,270.0,1.0,1000.0,0.0,0.0,-207.94794813080554,212.5,4.552051869194457,0.0,4.552051869194457,0.0,0.0,-735.4458466159972,761.8125,26.366653384002912,0.0,26.366653384002912
radiation,sun,3590.0,59.833333,300.8377582602552,270.0,1.0,1000.0,0.0,0.0,-207.9536371959495,212.5,4.546362804050489,0.0,4.546362804050489,0.0,0.0,-736.4856148019769,762.875,26.389385198023163,0.0,26.389385198023163
radiation,sun,3595.0,59.916667,300.83847900324065,270.0,1.0,1000.0,0.0,0.0,-207.95931919192665,212.5,4.540680808073347,0.0,4.540680808073347,0.0,0.0,-737.5254113979366,763.9375,26.41208860206353,0.0,26.41208860206353
radiation,sun,3600.0,60.0,300.83919884544264,270.0,1.0,1000.0,0.0,0.0,-207.96499412741878,212.5,4.535005872581223,0.0,4.535005872581223,0.0,0.0,-738.5652363685738,765.0,26.434763631426435,0.0,26.434763631426435
radiation,sun,3605.0,60.083333,300.83991778798054,270.0,1.0,1000.0,0.0,0.0,-207.97066201109686,212.5,4.529337988903137,0.0,4.529337988903137,0.0,0.0,-739.6050896786292,766.0625,26.45741032137095,0.0,26.45741032137095
radiation,sun,3610.0,60.166667,300.84063583197235,270.0,1.0,1000.0,0.0,0.0,-207.97632285162211,212.5,4.523677148377885,0.0,4.523677148377885,0.0,0.0,-740.6449712928874,767.125,26.48002870711284,0.0,26.48002870711284
radiation,sun,3615.0,60.25,300.84135297853464,270.0,1.0,1000.0,0.0,0.0,-207.98197665764536,212.5,4.518023342354638,0.0,4.518023342354638,0.0,0.0,-741.6848811761755,768.1875,26.502618823824616,0.0,26.502618823824616
radiation,sun,3620.0,60.333333,300.84206922878263,270.0,1.0,1000.0,0.0,0.0,-207.9876234378067,212.5,4.51237656219331,0.0,4.51237656219331,0.0,0.0,-742.7248192933646,769.25,26.52518070663558,0.0,26.52518070663558
radiation,sun,3625.0,60.416667,300.8427845838301,270.0,1.0,1000.0,0.0,0.0,-207.9932632007359,212.5,4.506736799264104,0.0,4.506736799264104,0.0,0.0,-743.7647856093682,770.3125,26.5477143906319,0.0,26.5477143906319
radiation,sun,3630.0,60.5,300.8434990447896,270.0,1.0,1000.0,0.0,0.0,-207.99889595505206,212.5,4.501104044947937,0.0,4.501104044947937,0.0,0.0,-744.8047800891435,771.375,26.57021991085664,0.0,26.57021991085664
radiation,sun,3635.0,60.583333,300.84421261277225,270.0,1.0,1000.0,0.0,0.0,-208.0045217093649,212.5,4.495478290635106,0.0,4.495478290635106,0.0,0.0,-745.8448026976903,772.4375,26.592697302309816,0.0,26.592697302309816
radiation,sun,3640.0,60.666667,300.8449252888878,270.0,1.0,1000.0,0.0,0.0,-208.01014047227318,212.5,4.489859527726821,0.0,4.489859527726821,0.0,0.0,-746.8848534000517,773.5,26.61514659994845,0.0,26.61514659994845
radiation,sun,3645.0,60.75,300.84563707424456,270.0,1.0,1000.0,0.0,0.0,-208.01575225236556,212.5,4.484247747634441,0.0,4.484247747634441,0.0,0.0,-747.9249321613134,774.5625,26.637567838686625,0.0,26.637567838686625
radiation,sun,3650.0,60.833333,300.8463479699496,270.0,1.0,1000.0,0.0,0.0,-208.02135705821982,212.5,4.47864294178018,0.0,4.47864294178018,0.0,0.0,-748.9650389466046,775.625,26.659961053395524,0.0,26.659961053395524
radiation,sun,3655.0,60.916667,300.8470579771086,270.0,1.0,1000.0,0.0,0.0,-208.02695489840406,212.5,4.473045101595943,0.0,4.473045101595943,0.0,0.0,-750.0051737210966,776.6875,26.682326278903503,0.0,26.682326278903503
radiation,sun,3660.0,61.0,300.8477670968258,270.0,1.0,1000.0,0.0,0.0,-208.03254578147616,212.5,4.467454218523841,0.0,4.467454218523841,0.0,0.0,-751.045336450004,777.75,26.704663549996123,0.0,26.704663549996123
radiation,sun,3665.0,61.083333,300.8484753302042,270.0,1.0,1000.0,0.0,0.0,-208.03812971598322,212.5,4.461870284016783,0.0,4.461870284016783,0.0,0.0,-752.085527098584,778.8125,26.726972901416207,0.0,26.726972901416207
radiation,sun,3670.0,61.166667,300.8491826783454,270.0,1.0,1000.0,0.0,0.0,-208.04370671046266,212.5,4.456293289537342,0.0,4.456293289537342,0.0,0.0,-753.1257456321364,779.875,26.749254367863895,0.0,26.749254367863895
radiation,sun,3675.0,61.25,300.84988914234964,270.0,1.0,1000.0,0.0,0.0,-208.0492767734412,212.5,4.450723226558807,0.0,4.450723226558807,0.0,0.0,-754.1659920160035,780.9375,26.77150798399669,0.0,26.77150798399669
radiation,sun,3680.0,61.333333,300.85059472331574,270.0,1.0,1000.0,0.0,0.0,-208.05483991343561,212.5,4.445160086564385,0.0,4.445160086564385,0.0,0.0,-755.2062662155707,782.0,26.79373378442951,0.0,26.79373378442951
radiation,sun,3685.0,61.416667,300.8512994223413,270.0,1.0,1000.0,0.0,0.0,-208.0603961389521,212.5,4.439603861047914,0.0,4.439603861047914,0.0,0.0,-756.2465681962655,783.0625,26.815931803734752,0.0,26.815931803734752
radiation,sun,3690.0,61.5,300.8520032405225,270.0,1.0,1000.0,0.0,0.0,-208.06594545848728,212.5,4.434054541512722,0.0,4.434054541512722,0.0,0.0,-757.286897923558,784.125,26.838102076442315,0.0,26.838102076442315
radiation,sun,3695.0,61.583333,300.8527061789542,270.0,1.0,1000.0,0.0,0.0,-208.07148788052712,212.5,4.4285121194728845,0.0,4.4285121194728845,0.0,0.0,-758.3272553629605,785.1875,26.860244637039678,0.0,26.860244637039678
radiation,sun,3700.0,61.666667,300.8534082387298,270.0,1.0,1000.0,0.0,0.0,-208.07702341354755,212.5,4.4229765864524495,0.0,4.4229765864524495,0.0,0.0,-759.3676404800283,786.25,26.882359519971942,0.0,26.882359519971942
radiation,sun,3705.0,61.75,300.85410942094154,270.0,1.0,1000.0,0.0,0.0,-208.08255206601387,212.5,4.417447933986125,0.0,4.417447933986125,0.0,0.0,-760.4080532403583,787.3125,26.90444675964187,0.0,26.90444675964187
radiation,sun,3710.0,61.833333,300.85480972668023,270.0,1.0,1000.0,0.0,0.0,-208.0880738463819,212.5,4.411926153618111,0.0,4.411926153618111,0.0,0.0,-761.4484936095901,788.375,26.926506390409962,0.0,26.926506390409962
radiation,sun,3715.0,61.916667,300.85550915703527,270.0,1.0,1000.0,0.0,0.0,-208.09358876309724,212.5,4.4064112369027555,0.0,4.4064112369027555,0.0,0.0,-762.4889615534056,789.4375,26.948538446594476,0.0,26.948538446594476
radiation,sun,3720.0,62.0,300.8562077130949,270.0,1.0,1000.0,0.0,0.0,-208.09909682459457,212.5,4.400903175405432,0.0,4.400903175405432,0.0,0.0,-763.5294570375286,790.5,26.970542962471505,0.0,26.970542962471505
radiation,sun,3725.0,62.083333,300.8569053959458,270.0,1.0,1000.0,0.0,0.0,-208.1045980392996,212.5,4.395401960700411,0.0,4.395401960700411,0.0,0.0,-764.5699800277251,791.5625,26.992519972275005,0.0,26.992519972275005
radiation,sun,3730.0,62.166667,300.85760220667345,270.0,1.0,1000.0,0.0,0.0,-208.11009241562698,212.5,4.38990758437302,0.0,4.38990758437302,0.0,0.0,-765.6105304898033,792.625,27.014469510196868,0.0,27.014469510196868
radiation,sun,3735.0,62.25,300.858298146362,270.0,1.0,1000.0,0.0,0.0,-208.11557996198167,212.5,4.384420038018334,0.0,4.384420038018334,0.0,0.0,-766.6511083896132,793.6875,27.03639161038696,0.0,27.03639161038696
radiation,sun,3740.0,62.333333,300.8589932160943,270.0,1.0,1000.0,0.0,0.0,-208.12106068675863,212.5,4.378939313241375,0.0,4.378939313241375,0.0,0.0,-767.6917136930471,794.75,27.058286306953168,0.0,27.058286306953168
radiation,sun,3745.0,62.416667,300.8596874169517,270.0,1.0,1000.0,0.0,0.0,-208.12653459834263,212.5,4.37346540165737,0.0,4.37346540165737,0.0,0.0,-768.7323463660388,795.8125,27.080153633961455,0.0,27.080153633961455
radiation,sun,3750.0,62.5,300.8603807500144,270.0,1.0,1000.0,0.0,0.0,-208.13200170510822,212.5,4.367998294891777,0.0,4.367998294891777,0.0,0.0,-769.7730063745644,796.875,27.101993625435913,0.0,27.101993625435913
radiation,sun,3755.0,62.583333,300.86107321636115,270.0,1.0,1000.0,0.0,0.0,-208.13746201541974,212.5,4.362537984580257,0.0,4.362537984580257,0.0,0.0,-770.8136936846415,797.9375,27.123806315358816,0.0,27.123806315358816
radiation,sun,3760.0,62.666667,300.86176481706946,270.0,1.0,1000.0,0.0,0.0,-208.14291553763238,212.5,4.357084462367624,0.0,4.357084462367624,0.0,0.0,-771.8544082623297,799.0,27.145591737670653,0.0,27.145591737670653
radiation,sun,3765.0,62.75,300.86245555321545,270.0,1.0,1000.0,0.0,0.0,-208.14836228009017,212.5,4.3516377199098315,0.0,4.3516377199098315,0.0,0.0,-772.8951500737301,800.0625,27.1673499262702,0.0,27.1673499262702
radiation,sun,3770.0,62.833333,300.863145425874,270.0,1.0,1000.0,0.0,0.0,-208.15380225112762,212.5,4.346197748872385,0.0,4.346197748872385,0.0,0.0,-773.9359190849856,801.125,27.189080915014564,0.0,27.189080915014564
radiation,sun,3775.0,62.916667,300.86383443611857,270.0,1.0,1000.0,0.0,0.0,-208.15923545906946,212.5,4.340764540930536,0.0,4.340764540930536,0.0,0.0,-774.976715262281,802.1875,27.21078473771922,0.0,27.21078473771922
radiation,sun,3780.0,63.0,300.8645225850214,270.0,1.0,1000.0,0.0,0.0,-208.16466191223014,212.5,4.3353380877698555,0.0,4.3353380877698555,0.0,0.0,-776.0175385718421,803.25,27.232461428158068,0.0,27.232461428158068
radiation,sun,3785.0,63.083333,300.8652098736533,270.0,1.0,1000.0,0.0,0.0,-208.17008161891445,212.5,4.329918381085548,0.0,4.329918381085548,0.0,0.0,-777.0583889799367,804.3125,27.254111020063498,0.0,27.254111020063498
radiation,sun,3790.0,63.166667,300.8658963030839,270.0,1.0,1000.0,0.0,0.0,-208.17549458741647,212.5,4.324505412583534,0.0,4.324505412583534,0.0,0.0,-778.0992664528738,805.375,27.275733547126414,0.0,27.275733547126414
radiation,sun,3795.0,63.25,300.8665818743814,270.0,1.0,1000.0,0.0,0.0,-208.18090082602106,212.5,4.319099173978941,0.0,4.319099173978941,0.0,0.0,-779.140170957004,806.4375,27.29732904299631,0.0,27.29732904299631
radiation,sun,3800.0,63.333333,300.86726658861267,270.0,1.0,1000.0,0.0,0.0,-208.18630034300278,212.5,4.3136996569972155,0.0,4.3136996569972155,0.0,0.0,-780.1811024587189,807.5,27.318897541281295,0.0,27.318897541281295
radiation,sun,3805.0,63.416667,300.86795044684334,270.0,1.0,1000.0,0.0,0.0,-208.19169314662628,212.5,4.308306853373722,0.0,4.308306853373722,0.0,0.0,-781.2220609244521,808.5625,27.34043907554816,0.0,27.34043907554816
radiation,sun,3810.0,63.5,300.86863345013774,270.0,1.0,1000.0,0.0,0.0,-208.197079245146,212.5,4.302920754854,0.0,4.302920754854,0.0,0.0,-782.2630463206777,809.625,27.361953679322433,0.0,27.361953679322433
radiation,sun,3815.0,63.583333,300.8693155995589,270.0,1.0,1000.0,0.0,0.0,-208.202458646807,212.5,4.297541353192997,0.0,4.297541353192997,0.0,0.0,-783.3040586139117,810.6875,27.383441386088396,0.0,27.383441386088396
radiation,sun,3820.0,63.666667,300.86999689616846,270.0,1.0,1000.0,0.0,0.0,-208.2078313598446,212.5,4.29216864015541,0.0,4.29216864015541,0.0,0.0,-784.3450977707109,811.75,27.404902229289174,0.0,27.404902229289174
radiation,sun,3825.0,63.75,300.8706773410268,270.0,1.0,1000.0,0.0,0.0,-208.21319739248355,212.5,4.286802607516449,0.0,4.286802607516449,0.0,0.0,-785.3861637576733,812.8125,27.42633624232676,0.0,27.42633624232676
radiation,sun,3830.0,63.833333,300.871356935193,270.0,1.0,1000.0,0.0,0.0,-208.21855675293884,212.5,4.281443247061162,0.0,4.281443247061162,0.0,0.0,-786.427256541438,813.875,27.447743458562062,0.0,27.447743458562062
radiation,sun,3835.0,63.916667,300.87203567972483,270.0,1.0,1000.0,0.0,0.0,-208.22390944941546,212.5,4.2760905505845415,0.0,4.2760905505845415,0.0,0.0,-787.4683760886851,814.9375,27.46912391131498,0.0,27.46912391131498
radiation,sun,3840.0,64.0,300.8727135756788,270.0,1.0,1000.0,0.0,0.0,-208.22925549010952,212.5,4.270744509890477,0.0,4.270744509890477,0.0,0.0,-788.5095223661356,816.0,27.490477633864433,0.0,27.490477633864433
radiation,sun,3845.0,64.083333,300.87339062411,270.0,1.0,1000.0,0.0,0.0,-208.2345948832063,212.5,4.265405116793687,0.0,4.265405116793687,0.0,0.0,-789.5506953405517,817.0625,27.5118046594484,0.0,27.5118046594484
radiation,sun,3850.0,64.166667,300.8740668260724,270.0,1.0,1000.0,0.0,0.0,-208.23992763688105,212.5,4.260072363118951,0.0,4.260072363118951,0.0,0.0,-790.591894978736,818.125,27.533105021263996,0.0,27.533105021263996
radiation,sun,3855.0,64.25,300.87474218261855,270.0,1.0,1000.0,0.0,0.0,-208.2452537593002,212.5,4.254746240699802,0.0,4.254746240699802,0.0,0.0,-791.6331212475326,819.1875,27.554378752467496,0.0,27.554378752467496
radiation,sun,3860.0,64.333333,300.8754166947997,270.0,1.0,1000.0,0.0,0.0,-208.25057325861962,212.5,4.2494267413803755,0.0,4.2494267413803755,0.0,0.0,-792.6743741138256,820.25,27.5756258861744,0.0,27.5756258861744
radiation,sun,3865.0,64.416667,300.87609036366587,270.0,1.0,1000.0,0.0,0.0,-208.25588614298545,212.5,4.244113857014554,0.0,4.244113857014554,0.0,0.0,-793.7156535445405,821.3125,27.59684645545947,0.0,27.59684645545947
radiation,sun,3870.0,64.5,300.87676319026576,270.0,1.0,1000.0,0.0,0.0,-208.26119242053426,212.5,4.2388075794657425,0.0,4.2388075794657425,0.0,0.0,-794.7569595066433,822.375,27.6180404933568,0.0,27.6180404933568
radiation,sun,3875.0,64.583333,300.87743517564684,270.0,1.0,1000.0,0.0,0.0,-208.2664920993928,212.5,4.233507900607208,0.0,4.233507900607208,0.0,0.0,-795.7982919671401,823.4375,27.639208032859838,0.0,27.639208032859838
radiation,sun,3880.0,64.666667,300.8781063208551,270.0,1.0,1000.0,0.0,0.0,-208.2717851876783,212.5,4.22821481232171,0.0,4.22821481232171,0.0,0.0,-796.8396508930786,824.5,27.660349106921448,0.0,27.660349106921448
radiation,sun,3885.0,64.75,300.8787766269355,270.0,1.0,1000.0,0.0,0.0,-208.2770716934972,212.5,4.2229283065028085,0.0,4.2229283065028085,0.0,0.0,-797.881036251546,825.5625,27.68146374845396,0.0,27.68146374845396
radiation,sun,3890.0,64.833333,300.87944609493155,270.0,1.0,1000.0,0.0,0.0,-208.28235162494727,212.5,4.2176483750527325,0.0,4.2176483750527325,0.0,0.0,-798.9224480096707,826.625,27.702551990329223,0.0,27.702551990329223
radiation,sun,3895.0,64.916667,300.8801147258855,270.0,1.0,1000.0,0.0,0.0,-208.28762499011611,212.5,4.2123750098838855,0.0,4.2123750098838855,0.0,0.0,-799.9638861346214,827.6875,27.723613865378642,0.0,27.723613865378642
radiation,sun,3900.0,65.0,300.88078252083835,270.0,1.0,1000.0,0.0,0.0,-208.2928917970817,212.5,4.207108202918306,0.0,4.207108202918306,0.0,0.0,-801.0053505936067,828.75,27.744649406393233,0.0,27.744649406393233
radiation,sun,3905.0,65.083333,300.8814494808298,270.0,1.0,1000.0,0.0,0.0,-208.2981520539122,212.5,4.20184794608781,0.0,4.20184794608781,0.0,0.0,-802.0468413538763,829.8125,27.765658646123672,0.0,27.765658646123672
radiation,sun,3910.0,65.166667,300.88211560689825,270.0,1.0,1000.0,0.0,0.0,-208.30340576866627,212.5,4.196594231333734,0.0,4.196594231333734,0.0,0.0,-803.0883583827195,830.875,27.786641617280342,0.0,27.786641617280342
radiation,sun,3915.0,65.25,300.8827809000809,270.0,1.0,1000.0,0.0,0.0,-208.30865294939215,212.5,4.191347050607845,0.0,4.191347050607845,0.0,0.0,-804.1299016474666,831.9375,27.80759835253338,0.0,27.80759835253338
radiation,sun,3920.0,65.333333,300.8834453614136,270.0,1.0,1000.0,0.0,0.0,-208.31389360412948,212.5,4.1861063958705245,0.0,4.1861063958705245,0.0,0.0,-805.1714711154873,833.0,27.828528884512732,0.0,27.828528884512732
radiation,sun,3925.0,65.416667,300.8841089919309,270.0,1.0,1000.0,0.0,0.0,-208.31912774090776,212.5,4.18087225909224,0.0,4.18087225909224,0.0,0.0,-806.2130667541918,834.0625,27.849433245808196,0.0,27.849433245808196
radiation,sun,3930.0,65.5,300.88477179266613,270.0,1.0,1000.0,0.0,0.0,-208.32435536774636,212.5,4.175644632253636,0.0,4.175644632253636,0.0,0.0,-807.2546885310305,835.125,27.87031146896946,0.0,27.87031146896946
radiation,sun,3935.0,65.583333,300.8854337646514,270.0,1.0,1000.0,0.0,0.0,-208.32957649265563,212.5,4.170423507344367,0.0,4.170423507344367,0.0,0.0,-808.2963364134938,836.1875,27.891163586506185,0.0,27.891163586506185
radiation,sun,3940.0,65.666667,300.88609490891747,270.0,1.0,1000.0,0.0,0.0,-208.33479112363602,212.5,4.165208876363977,0.0,4.165208876363977,0.0,0.0,-809.338010369112,837.25,27.911989630888005,0.0,27.911989630888005
radiation,sun,3945.0,65.75,300.88675522649385,270.0,1.0,1000.0,0.0,0.0,-208.33999926867858,212.5,4.160000731321418,0.0,4.160000731321418,0.0,0.0,-810.3797103654554,838.3125,27.932789634544612,0.0,27.932789634544612
radiation,sun,3950.0,65.833333,300.8874147184088,270.0,1.0,1000.0,0.0,0.0,-208.34520093576438,212.5,4.154799064235618,0.0,4.154799064235618,0.0,0.0,-811.4214363701342,839.375,27.95356362986579,0.0,27.95356362986579
radiation,sun,3955.0,65.916667,300.8880733856893,270.0,1.0,1000.0,0.0,0.0,-208.35039613286554,212.5,4.149603867134459,0.0,4.149603867134459,0.0,0.0,-812.4631883507985,840.4375,27.974311649201464,0.0,27.974311649201464
radiation,sun,3960.0,66.0,300.8887312293611,270.0,1.0,1000.0,0.0,0.0,-208.35558486794352,212.5,4.14441513205648,0.0,4.14441513205648,0.0,0.0,-813.5049662751383,841.5,27.99503372486175,0.0,27.99503372486175
radiation,sun,3965.0,66.083333,300.8893882504486,270.0,1.0,1000.0,0.0,0.0,-208.36076714895117,212.5,4.139232851048831,0.0,4.139232851048831,0.0,0.0,-814.546770110883,842.5625,28.015729889116994,0.0,28.015729889116994
radiation,sun,3970.0,66.166667,300.89004444997494,270.0,1.0,1000.0,0.0,0.0,-208.36594298383105,212.5,4.134057016168953,0.0,4.134057016168953,0.0,0.0,-815.5885998258022,843.625,28.036400174197837,0.0,28.036400174197837
radiation,sun,3975.0,66.25,300.89069982896217,270.0,1.0,1000.0,0.0,0.0,-208.37111238051648,212.5,4.128887619483521,0.0,4.128887619483521,0.0,0.0,-816.6304553877048,844.6875,28.057044612295254,0.0,28.057044612295254
radiation,sun,3980.0,66.333333,300.8913543884309,270.0,1.0,1000.0,0.0,0.0,-208.37627534693164,212.5,4.123724653068365,0.0,4.123724653068365,0.0,0.0,-817.6723367644396,845.75,28.077663235560593,0.0,28.077663235560593
radiation,sun,3985.0,66.416667,300.8920081294006,270.0,1.0,1000.0,0.0,0.0,-208.38143189099026,212.5,4.118568109009743,0.0,4.118568109009743,0.0,0.0,-818.7142439238946,846.8125,28.098256076105645,0.0,28.098256076105645
radiation,sun,3990.0,66.5,300.8926610528894,270.0,1.0,1000.0,0.0,0.0,-208.38658202059764,212.5,4.113417979402357,0.0,4.113417979402357,0.0,0.0,-819.7561768339976,847.875,28.118823166002656,0.0,28.118823166002656
radiation,sun,3995.0,66.583333,300.8933131599142,270.0,1.0,1000.0,0.0,0.0,-208.39172574364858,212.5,4.108274256351422,0.0,4.108274256351422,0.0,0.0,-820.7981354627159,848.9375,28.139364537284415,0.0,28.139364537284415
radiation,sun,4000.0,66.666667,300.8939644514907,270.0,1.0,1000.0,0.0,0.0,-208.39686306802852,212.5,4.103136931971477,0.0,4.103136931971477,0.0,0.0,-821.8401197780561,850.0,28.159880221944274,0.0,28.159880221944274
radiation,sun,4005.0,66.75,300.8946149286333,270.0,1.0,1000.0,0.0,0.0,-208.4019940016141,212.5,4.098005998385901,0.0,4.098005998385901,0.0,0.0,-822.8821297480641,851.0625,28.1803702519362,0.0,28.1803702519362
radiation,sun,4010.0,66.833333,300.89526459235515,270.0,1.0,1000.0,0.0,0.0,-208.40711855227175,212.5,4.092881447728246,0.0,4.092881447728246,0.0,0.0,-823.9241653408254,852.125,28.20083465917484,0.0,28.20083465917484
radiation,sun,4015.0,66.916667,300.8959134436682,270.0,1.0,1000.0,0.0,0.0,-208.41223672785884,212.5,4.08776327214116,0.0,4.08776327214116,0.0,0.0,-824.9662265244648,853.1875,28.221273475535547,0.0,28.221273475535547
radiation,sun,4020.0,67.0,300.89656148358307,270.0,1.0,1000.0,0.0,0.0,-208.41734853622324,212.5,4.082651463776756,0.0,4.082651463776756,0.0,0.0,-826.0083132671459,854.25,28.241686732854433,0.0,28.241686732854433
radiation,sun,4025.0,67.083333,300.89720871310925,270.0,1.0,1000.0,0.0,0.0,-208.4224539852032,212.5,4.077546014796809,0.0,4.077546014796809,0.0,0.0,-827.0504255370719,855.3125,28.262074462928418,0.0,28.262074462928418
radiation,sun,4030.0,67.166667,300.8978551332549,270.0,1.0,1000.0,0.0,0.0,-208.4275530826276,212.5,4.072446917372389,0.0,4.072446917372389,0.0,0.0,-828.092563302485,856.375,28.282436697515276,0.0,28.282436697515276
radiation,sun,4035.0,67.25,300.8985007450269,270.0,1.0,1000.0,0.0,0.0,-208.43264583631594,212.5,4.067354163684058,0.0,4.067354163684058,0.0,0.0,-829.1347265316666,857.4375,28.302773468333697,0.0,28.302773468333697
radiation,sun,4040.0,67.333333,300.899145549431,270.0,1.0,1000.0,0.0,0.0,-208.43773225407796,212.5,4.062267745922043,0.0,4.062267745922043,0.0,0.0,-830.176915192937,858.5,28.323084807063307,0.0,28.323084807063307
radiation,sun,4045.0,67.416667,300.8997895474717,270.0,1.0,1000.0,0.0,0.0,-208.44281234371414,212.5,4.057187656285862,0.0,4.057187656285862,0.0,0.0,-831.2191292546555,859.5625,28.343370745344735,0.0,28.343370745344735
radiation,sun,4050.0,67.5,300.90043274015216,270.0,1.0,1000.0,0.0,0.0,-208.44788611301612,212.5,4.052113886983875,0.0,4.052113886983875,0.0,0.0,-832.2613686852206,860.625,28.363631314779653,0.0,28.363631314779653
radiation,sun,4055.0,67.583333,300.9010751284744,270.0,1.0,1000.0,0.0,0.0,-208.45295356976544,212.5,4.047046430234559,0.0,4.047046430234559,0.0,0.0,-833.3036334530693,861.6875,28.383866546930825,0.0,28.383866546930825
radiation,sun,4060.0,67.666667,300.9017167134392,270.0,1.0,1000.0,0.0,0.0,-208.4580147217348,212.5,4.0419852782652015,0.0,4.0419852782652015,0.0,0.0,-834.345923526678,862.75,28.404076473322153,0.0,28.404076473322153
radiation,sun,4065.0,67.75,300.9023574960461,270.0,1.0,1000.0,0.0,0.0,-208.46306957668702,212.5,4.036930423312981,0.0,4.036930423312981,0.0,0.0,-835.3882388745614,863.8125,28.424261125438715,0.0,28.424261125438715
radiation,sun,4070.0,67.833333,300.9029974772933,270.0,1.0,1000.0,0.0,0.0,-208.46811814237597,212.5,4.031881857624029,0.0,4.031881857624029,0.0,0.0,-836.4305794652734,864.875,28.444420534726838,0.0,28.444420534726838
radiation,sun,4075.0,67.916667,300.90363665817796,270.0,1.0,1000.0,0.0,0.0,-208.4731604265459,212.5,4.026839573454112,0.0,4.026839573454112,0.0,0.0,-837.4729452674061,865.9375,28.46455473259411,0.0,28.46455473259411
radiation,sun,4080.0,68.0,300.9042750396959,270.0,1.0,1000.0,0.0,0.0,-208.4781964369319,212.5,4.02180356306809,0.0,4.02180356306809,0.0,0.0,-838.5153362495907,867.0,28.484663750409446,0.0,28.484663750409446
radiation,sun,4085.0,68.083333,300.9049126228417,270.0,1.0,1000.0,0.0,0.0,-208.48322618126,212.5,4.016773818740006,0.0,4.016773818740006,0.0,0.0,-839.557752380497,868.0625,28.50474761950315,0.0,28.50474761950315
radiation,sun,4090.0,68.166667,300.9055494086088,270.0,1.0,1000.0,0.0,0.0,-208.48824966724615,212.5,4.011750332753849,0.0,4.011750332753849,0.0,0.0,-840.6001936288333,869.125,28.524806371166918,0.0,28.524806371166918
radiation,sun,4095.0,68.25,300.90618539798936,270.0,1.0,1000.0,0.0,0.0,-208.4932669025976,212.5,4.006733097402389,0.0,4.006733097402389,0.0,0.0,-841.6426599633463,870.1875,28.544840036653927,0.0,28.544840036653927
radiation,sun,4100.0,68.333333,300.9068205919743,270.0,1.0,1000.0,0.0,0.0,-208.4982778950125,212.5,4.001722104987493,0.0,4.001722104987493,0.0,0.0,-842.6851513528214,871.25,28.564848647178863,0.0,28.564848647178863
radiation,sun,4105.0,68.416667,300.9074549915533,270.0,1.0,1000.0,0.0,0.0,-208.50328265217902,212.5,3.996717347820976,0.0,3.996717347820976,0.0,0.0,-843.7276677660823,872.3125,28.584832233917968,0.0,28.584832233917968
radiation,sun,4110.0,68.5,300.90808859771494,270.0,1.0,1000.0,0.0,0.0,-208.50828118177665,212.5,3.9917188182233474,0.0,3.9917188182233474,0.0,0.0,-844.7702091719913,873.375,28.604790828009087,0.0,28.604790828009087
radiation,sun,4115.0,68.583333,300.90872141144644,270.0,1.0,1000.0,0.0,0.0,-208.513273491475,212.5,3.9867265085250096,0.0,3.9867265085250096,0.0,0.0,-845.8127755394486,874.4375,28.62472446055171,0.0,28.62472446055171
radiation,sun,4120.0,68.666667,300.9093534337339,270.0,1.0,1000.0,0.0,0.0,-208.51825958893497,212.5,3.981740411065033,0.0,3.981740411065033,0.0,0.0,-846.8553668373933,875.5,28.644633162607036,0.0,28.644633162607036
radiation,sun,4125.0,68.75,300.90998466556215,270.0,1.0,1000.0,0.0,0.0,-208.5232394818082,212.5,3.97676051819181,0.0,3.97676051819181,0.0,0.0,-847.8979830348022,876.5625,28.664516965197997,0.0,28.664516965197997
radiation,sun,4130.0,68.833333,300.9106151079149,270.0,1.0,1000.0,0.0,0.0,-208.52821317773692,212.5,3.971786822263084,0.0,3.971786822263084,0.0,0.0,-848.9406241006909,877.625,28.68437589930931,0.0,28.68437589930931
radiation,sun,4135.0,68.916667,300.9112447617745,270.0,1.0,1000.0,0.0,0.0,-208.53318068435456,212.5,3.966819315645438,0.0,3.966819315645438,0.0,0.0,-849.9832900041127,878.6875,28.70420999588754,0.0,28.70420999588754
radiation,sun,4140.0,69.0,300.91187362812224,270.0,1.0,1000.0,0.0,0.0,-208.53814200928448,212.5,3.961857990715515,0.0,3.961857990715515,0.0,0.0,-851.0259807141592,879.75,28.724019285841113,0.0,28.724019285841113
radiation,sun,4145.0,69.083333,300.9125017079381,270.0,1.0,1000.0,0.0,0.0,-208.54309716014143,212.5,3.9569028398585715,0.0,3.9569028398585715,0.0,0.0,-852.06869619996,880.8125,28.743803800040403,0.0,28.743803800040403
radiation,sun,4150.0,69.166667,300.91312900220083,270.0,1.0,1000.0,0.0,0.0,-208.54804614453107,212.5,3.951953855468929,0.0,3.951953855468929,0.0,0.0,-853.1114364306827,881.875,28.76356356931775,0.0,28.76356356931775
radiation,sun,4155.0,69.25,300.9137555118881,270.0,1.0,1000.0,0.0,0.0,-208.55298897004965,212.5,3.947011029950346,0.0,3.947011029950346,0.0,0.0,-854.1542013755329,882.9375,28.783298624467502,0.0,28.783298624467502
radiation,sun,4160.0,69.333333,300.91438123797633,270.0,1.0,1000.0,0.0,0.0,-208.55792564428418,212.5,3.9420743557158175,0.0,3.9420743557158175,0.0,0.0,-855.1969910037543,884.0,28.80300899624608,0.0,28.80300899624608
radiation,sun,4165.0,69.416667,300.9150061814406,270.0,1.0,1000.0,0.0,0.0,-208.56285617481325,212.5,3.9371438251867517,0.0,3.9371438251867517,0.0,0.0,-856.2398052846285,885.0625,28.822694715372013,0.0,28.822694715372013
radiation,sun,4170.0,69.5,300.91563034325503,270.0,1.0,1000.0,0.0,0.0,-208.56778056920487,212.5,3.9322194307951293,0.0,3.9322194307951293,0.0,0.0,-857.2826441874744,886.125,28.842355812525987,0.0,28.842355812525987
radiation,sun,4175.0,69.583333,300.91625372439233,270.0,1.0,1000.0,0.0,0.0,-208.57269883501942,212.5,3.9273011649805767,0.0,3.9273011649805767,0.0,0.0,-858.3255076816496,887.1875,28.86199231835089,0.0,28.86199231835089
radiation,sun,4180.0,69.666667,300.9168763258241,270.0,1.0,1000.0,0.0,0.0,-208.5776109798072,212.5,3.92238902019281,0.0,3.92238902019281,0.0,0.0,-859.3683957365486,888.25,28.881604263451855,0.0,28.881604263451855
radiation,sun,4185.0,69.75,300.91749814852074,270.0,1.0,1000.0,0.0,0.0,-208.58251701110962,212.5,3.9174829888903844,0.0,3.9174829888903844,0.0,0.0,-860.4113083216041,889.3125,28.90119167839631,0.0,28.90119167839631
radiation,sun,4190.0,69.833333,300.91811919345145,270.0,1.0,1000.0,0.0,0.0,-208.58741693645933,212.5,3.9125830635406658,0.0,3.9125830635406658,0.0,0.0,-861.4542454062864,890.375,28.920754593714012,0.0,28.920754593714012
radiation,sun,4195.0,69.916667,300.91873946158427,270.0,1.0,1000.0,0.0,0.0,-208.59231076337937,212.5,3.9076892366206266,0.0,3.9076892366206266,0.0,0.0,-862.4972069601033,891.4375,28.940293039897114,0.0,28.940293039897114
radiation,sun,4200.0,70.0,300.91935895388593,270.0,1.0,1000.0,0.0,0.0,-208.5971984993845,212.5,3.90280150061551,0.0,3.90280150061551,0.0,0.0,-863.5401929526004,892.5,28.95980704740019,0.0,28.95980704740019
radiation,sun,4205.0,70.083333,300.9199776713221,270.0,1.0,1000.0,0.0,0.0,-208.60208015197904,212.5,3.897919848020962,0.0,3.897919848020962,0.0,0.0,-864.5832033533602,893.5625,28.979296646640293,0.0,28.979296646640293
radiation,sun,4210.0,70.166667,300.92059561485723,270.0,1.0,1000.0,0.0,0.0,-208.60695572865947,212.5,3.8930442713405284,0.0,3.8930442713405284,0.0,0.0,-865.6262381320034,894.625,28.998761867996997,0.0,28.998761867996997
radiation,sun,4215.0,70.25,300.92121278545454,270.0,1.0,1000.0,0.0,0.0,-208.61182523691312,212.5,3.88817476308688,0.0,3.88817476308688,0.0,0.0,-866.6692972581881,895.6875,29.01820274181243,0.0,29.01820274181243
radiation,sun,4220.0,70.333333,300.9218291840761,270.0,1.0,1000.0,0.0,0.0,-208.61668868421762,212.5,3.883311315782379,0.0,3.883311315782379,0.0,0.0,-867.712380701609,896.75,29.03761929839134,0.0,29.03761929839134
radiation,sun,4225.0,70.416667,300.92244481168274,270.0,1.0,1000.0,0.0,0.0,-208.62154607804231,212.5,3.8784539219576857,0.0,3.8784539219576857,0.0,0.0,-868.7554884319992,897.8125,29.05701156800113,0.0,29.05701156800113
radiation,sun,4230.0,70.5,300.9230596692342,270.0,1.0,1000.0,0.0,0.0,-208.62639742584662,212.5,3.873602574153381,0.0,3.873602574153381,0.0,0.0,-869.7986204191285,898.875,29.076379580871897,0.0,29.076379580871897
radiation,sun,4235.0,70.583333,300.92367375768896,270.0,1.0,1000.0,0.0,0.0,-208.63124273508205,212.5,3.868757264917946,0.0,3.868757264917946,0.0,0.0,-870.8417766328039,899.9375,29.095723367196484,0.0,29.095723367196484
radiation,sun,4240.0,70.666667,300.92428707800434,270.0,1.0,1000.0,0.0,0.0,-208.6360820131905,212.5,3.863917986809497,0.0,3.863917986809497,0.0,0.0,-871.8849570428698,901.0,29.115042957130534,0.0,29.115042957130534
radiation,sun,4245.0,70.75,300.92489963113644,270.0,1.0,1000.0,0.0,0.0,-208.64091526760478,212.5,3.8590847323952175,0.0,3.8590847323952175,0.0,0.0,-872.9281616192078,902.0625,29.13433838079251,0.0,29.13433838079251
radiation,sun,4250.0,70.833333,300.9255114180403,270.0,1.0,1000.0,0.0,0.0,-208.6457425057486,212.5,3.8542574942514136,0.0,3.8542574942514136,0.0,0.0,-873.9713903317365,903.125,29.153609668263766,0.0,29.153609668263766
radiation,sun,4255.0,70.916667,300.92612243966965,270.0,1.0,1000.0,0.0,0.0,-208.65056373503742,212.5,3.849436264962577,0.0,3.849436264962577,0.0,0.0,-875.0146431504116,904.1875,29.172856849588577,0.0,29.172856849588577
radiation,sun,4260.0,71.0,300.9267326969771,270.0,1.0,1000.0,0.0,0.0,-208.65537896287734,212.5,3.844621037122664,0.0,3.844621037122664,0.0,0.0,-876.057920045226,905.25,29.19207995477419,0.0,29.19207995477419
radiation,sun,4265.0,71.083333,300.92734219091415,270.0,1.0,1000.0,0.0,0.0,-208.66018819666525,212.5,3.8398118033347544,0.0,3.8398118033347544,0.0,0.0,-877.1012209862093,906.3125,29.211279013790868,0.0,29.211279013790868
radiation,sun,4270.0,71.166667,300.927950922431,270.0,1.0,1000.0,0.0,0.0,-208.66499144378938,212.5,3.8350085562106244,0.0,3.8350085562106244,0.0,0.0,-878.1445459434283,907.375,29.230454056571922,0.0,29.230454056571922
radiation,sun,4275.0,71.25,300.9285588924768,270.0,1.0,1000.0,0.0,0.0,-208.6697887116294,212.5,3.830211288370606,0.0,3.830211288370606,0.0,0.0,-879.1878948869864,908.4375,29.249605113013775,0.0,29.249605113013775
radiation,sun,4280.0,71.333333,300.92916610199944,270.0,1.0,1000.0,0.0,0.0,-208.67458000755545,212.5,3.8254199924445516,0.0,3.8254199924445516,0.0,0.0,-880.2312677870243,909.5,29.268732212975998,0.0,29.268732212975998
radiation,sun,4285.0,71.416667,300.92977255194563,270.0,1.0,1000.0,0.0,0.0,-208.6793653389289,212.5,3.8206346610710966,0.0,3.8206346610710966,0.0,0.0,-881.2746646137189,910.5625,29.28783538628135,0.0,29.28783538628135
radiation,sun,4290.0,71.5,300.93037824326103,270.0,1.0,1000.0,0.0,0.0,-208.68414471310214,212.5,3.8158552868978575,0.0,3.8158552868978575,0.0,0.0,-882.3180853372844,911.625,29.30691466271584,0.0,29.30691466271584
radiation,sun,4295.0,71.583333,300.93098317689004,270.0,1.0,1000.0,0.0,0.0,-208.68891813741936,212.5,3.811081862580636,0.0,3.811081862580636,0.0,0.0,-883.3615299279714,912.6875,29.325970072028746,0.0,29.325970072028746
radiation,sun,4300.0,71.666667,300.93158735377585,270.0,1.0,1000.0,0.0,0.0,-208.69368561921516,212.5,3.8063143807848405,0.0,3.8063143807848405,0.0,0.0,-884.4049983560675,913.75,29.34500164393267,0.0,29.34500164393267
radiation,sun,4305.0,71.75,300.93219077486066,270.0,1.0,1000.0,0.0,0.0,-208.6984471658151,212.5,3.801552834184889,0.0,3.801552834184889,0.0,0.0,-885.4484905918965,914.8125,29.364009408103595,0.0,29.364009408103595
radiation,sun,4310.0,71.833333,300.9327934410853,270.0,1.0,1000.0,0.0,0.0,-208.70320278453687,212.5,3.7967972154631298,0.0,3.7967972154631298,0.0,0.0,-886.4920066058193,915.875,29.38299339418091,0.0,29.38299339418091
radiation,sun,4315.0,71.916667,300.93339535338964,270.0,1.0,1000.0,0.0,0.0,-208.70795248268846,212.5,3.792047517311545,0.0,3.792047517311545,0.0,0.0,-887.5355463682326,916.9375,29.40195363176747,0.0,29.40195363176747
radiation,sun,4320.0,72.0,300.93399651271227,270.0,1.0,1000.0,0.0,0.0,-208.71269626756924,212.5,3.7873037324307575,0.0,3.7873037324307575,0.0,0.0,-888.5791098495705,918.0,29.420890150429624,0.0,29.420890150429624
radiation,sun,4325.0,72.083333,300.9345969199906,270.0,1.0,1000.0,0.0,0.0,-208.71743414647025,212.5,3.7825658535297464,0.0,3.7825658535297464,0.0,0.0,-889.6226970203029,919.0625,29.439802979697273,0.0,29.439802979697273
radiation,sun,4330.0,72.166667,300.935196576161,270.0,1.0,1000.0,0.0,0.0,-208.72216612667287,212.5,3.7778338733271255,0.0,3.7778338733271255,0.0,0.0,-890.6663078509362,920.125,29.45869214906391,0.0,29.45869214906391
radiation,sun,4335.0,72.25,300.93579548215854,270.0,1.0,1000.0,0.0,0.0,-208.7268922154503,212.5,3.773107784549694,0.0,3.773107784549694,0.0,0.0,-891.7099423120135,921.1875,29.47755768798666,0.0,29.47755768798666
radiation,sun,4340.0,72.333333,300.93639363891725,270.0,1.0,1000.0,0.0,0.0,-208.7316124200667,212.5,3.7683875799332895,0.0,3.7683875799332895,0.0,0.0,-892.7536003741137,922.25,29.496399625886326,0.0,29.496399625886326
radiation,sun,4345.0,72.416667,300.93699104737,270.0,1.0,1000.0,0.0,0.0,-208.7363267477774,212.5,3.7636732522225884,0.0,3.7636732522225884,0.0,0.0,-893.7972820078527,923.3125,29.515217992147438,0.0,29.515217992147438
radiation,sun,4350.0,72.5,300.9375877084484,270.0,1.0,1000.0,0.0,0.0,-208.7410352058292,212.5,3.7589647941707938,0.0,3.7589647941707938,0.0,0.0,-894.8409871838818,924.375,29.53401281611829,0.0,29.53401281611829
radiation,sun,4355.0,72.583333,300.9381836230831,270.0,1.0,1000.0,0.0,0.0,-208.74573780145982,212.5,3.754262198540175,0.0,3.754262198540175,0.0,0.0,-895.8847158728892,925.4375,29.552784127110993,0.0,29.552784127110993
radiation,sun,4360.0,72.666667,300.93877879220344,270.0,1.0,1000.0,0.0,0.0,-208.75043454189876,212.5,3.7495654581012445,0.0,3.7495654581012445,0.0,0.0,-896.9284680455986,926.5,29.5715319544015,0.0,29.5715319544015
radiation,sun,4365.0,72.75,300.93937321673764,270.0,1.0,1000.0,0.0,0.0,-208.7551254343664,212.5,3.7448745656336087,0.0,3.7448745656336087,0.0,0.0,-897.9722436727704,927.5625,29.590256327229667,0.0,29.590256327229667
radiation,sun,4370.0,72.833333,300.93996689761286,270.0,1.0,1000.0,0.0,0.0,-208.75981048607395,212.5,3.7401895139260546,0.0,3.7401895139260546,0.0,0.0,-899.0160427252008,928.625,29.608957274799298,0.0,29.608957274799298
radiation,sun,4375.0,72.916667,300.94055983575504,270.0,1.0,1000.0,0.0,0.0,-208.76448970422496,212.5,3.7355102957750432,0.0,3.7355102957750432,0.0,0.0,-900.059865173722,929.6875,29.62763482627817,0.0,29.62763482627817
radiation,sun,4380.0,73.0,300.941152032089,270.0,1.0,1000.0,0.0,0.0,-208.7691630960134,212.5,3.7308369039866136,0.0,3.7308369039866136,0.0,0.0,-901.103710989202,930.75,29.646289010798103,0.0,29.646289010798103
radiation,sun,4385.0,73.083333,300.9417434875384,270.0,1.0,1000.0,0.0,0.0,-208.77383066862492,212.5,3.7261693313750754,0.0,3.7261693313750754,0.0,0.0,-902.1475801425452,931.8125,29.66491985745498,0.0,29.66491985745498
radiation,sun,4390.0,73.166667,300.94233420302584,270.0,1.0,1000.0,0.0,0.0,-208.77849242923628,212.5,3.7215075707637197,0.0,3.7215075707637197,0.0,0.0,-903.1914726046914,932.875,29.6835273953088,0.0,29.6835273953088
radiation,sun,4395.0,73.25,300.94292417947264,270.0,1.0,1000.0,0.0,0.0,-208.7831483850159,212.5,3.716851614984108,0.0,3.716851614984108,0.0,0.0,-904.2353883466166,933.9375,29.70211165338372,0.0,29.70211165338372
radiation,sun,4400.0,73.333333,300.9435134177991,270.0,1.0,1000.0,0.0,0.0,-208.78779854312296,212.5,3.7122014568770396,0.0,3.7122014568770396,0.0,0.0,-905.2793273393321,935.0,29.720672660668104,0.0,29.720672660668104
radiation,sun,4405.0,73.416667,300.9441019189244,270.0,1.0,1000.0,0.0,0.0,-208.79244291070873,212.5,3.707557089291271,0.0,3.707557089291271,0.0,0.0,-906.3232895538856,936.0625,29.739210446114562,0.0,29.739210446114562
radiation,sun,4410.0,73.5,300.94468968376646,270.0,1.0,1000.0,0.0,0.0,-208.79708149491512,212.5,3.702918505084881,0.0,3.702918505084881,0.0,0.0,-907.3672749613602,937.125,29.757725038639986,0.0,29.757725038639986
radiation,sun,4415.0,73.583333,300.9452767132422,270.0,1.0,1000.0,0.0,0.0,-208.8017143028759,212.5,3.6982856971241063,0.0,3.6982856971241063,0.0,0.0,-908.4112835328746,938.1875,29.776216467125607,0.0,29.776216467125607
radiation,sun,4420.0,73.666667,300.94586300826734,270.0,1.0,1000.0,0.0,0.0,-208.8063413417162,212.5,3.6936586582837947,0.0,3.6936586582837947,0.0,0.0,-909.4553152395831,939.25,29.794684760417024,0.0,29.794684760417024
radiation,sun,4425.0,73.75,300.94644856975646,270.0,1.0,1000.0,0.0,0.0,-208.810962618552,212.5,3.689037381448003,0.0,3.689037381448003,0.0,0.0,-910.499370052676,940.3125,29.813129947324263,0.0,29.813129947324263
radiation,sun,4430.0,73.833333,300.94703339862303,270.0,1.0,1000.0,0.0,0.0,-208.81557814049114,212.5,3.684421859508859,0.0,3.684421859508859,0.0,0.0,-911.5434479433784,941.375,29.83155205662181,0.0,29.83155205662181
radiation,sun,4435.0,73.916667,300.94761749577947,270.0,1.0,1000.0,0.0,0.0,-208.8201879146327,212.5,3.6798120853673026,0.0,3.6798120853673026,0.0,0.0,-912.5875488829515,942.4375,29.849951117048647,0.0,29.849951117048647
radiation,sun,4440.0,74.0,300.9482008621369,270.0,1.0,1000.0,0.0,0.0,-208.82479194806757,212.5,3.6752080519324295,0.0,3.6752080519324295,0.0,0.0,-913.6316728426918,943.5,29.86832715730831,0.0,29.86832715730831
radiation,sun,4445.0,74.083333,300.9487834986055,270.0,1.0,1000.0,0.0,0.0,-208.829390247877,212.5,3.6706097521229992,0.0,3.6706097521229992,0.0,0.0,-914.6758197939313,944.5625,29.886680206068927,0.0,29.886680206068927
radiation,sun,4450.0,74.166667,300.9493654060942,270.0,1.0,1000.0,0.0,0.0,-208.83398282113512,212.5,3.6660171788648768,0.0,3.6660171788648768,0.0,0.0,-915.719989708037,945.625,29.90501029196325,0.0,29.90501029196325
radiation,sun,4455.0,74.25,300.9499465855109,270.0,1.0,1000.0,0.0,0.0,-208.83856967490638,212.5,3.661430325093619,0.0,3.661430325093619,0.0,0.0,-916.7641825564115,946.6875,29.92331744358872,0.0,29.92331744358872
radiation,sun,4460.0,74.333333,300.95052703776224,270.0,1.0,1000.0,0.0,0.0,-208.8431508162469,212.5,3.65684918375311,0.0,3.65684918375311,0.0,0.0,-917.8083983104927,947.75,29.941601689507486,0.0,29.941601689507486
radiation,sun,4465.0,74.416667,300.95110676375396,270.0,1.0,1000.0,0.0,0.0,-208.84772625220472,212.5,3.6522737477952774,0.0,3.6522737477952774,0.0,0.0,-918.8526369417538,948.8125,29.959863058246462,0.0,29.959863058246462
radiation,sun,4470.0,74.5,300.9516857643905,270.0,1.0,1000.0,0.0,0.0,-208.85229598981917,212.5,3.6477040101808313,0.0,3.6477040101808313,0.0,0.0,-919.8968984217029,949.875,29.978101578297366,0.0,29.978101578297366
radiation,sun,4475.0,74.583333,300.95226404057524,270.0,1.0,1000.0,0.0,0.0,-208.85686003612085,212.5,3.6431399638791504,0.0,3.6431399638791504,0.0,0.0,-920.9411827218835,950.9375,29.996317278116763,0.0,29.996317278116763
radiation,sun,4480.0,74.666667,300.95284159321045,270.0,1.0,1000.0,0.0,0.0,-208.8614183981318,212.5,3.6385816018681965,0.0,3.6385816018681965,0.0,0.0,-921.9854898138741,952.0,30.014510186126103,0.0,30.014510186126103
radiation,sun,4485.0,74.75,300.9534184231973,270.0,1.0,1000.0,0.0,0.0,-208.86597108286574,212.5,3.634028917134259,0.0,3.634028917134259,0.0,0.0,-923.0298196692885,953.0625,30.032680330711774,0.0,30.032680330711774
radiation,sun,4490.0,74.833333,300.95399453143585,270.0,1.0,1000.0,0.0,0.0,-208.87051809732822,212.5,3.6294819026717846,0.0,3.6294819026717846,0.0,0.0,-924.0741722597751,954.125,30.050827740225134,0.0,30.050827740225134
radiation,sun,4495.0,74.916667,300.954569918825,270.0,1.0,1000.0,0.0,0.0,-208.87505944851563,212.5,3.6249405514843716,0.0,3.6249405514843716,0.0,0.0,-925.1185475570177,955.1875,30.068952442982553,0.0,30.068952442982553
radiation,sun,4500.0,75.0,300.9551445862625,270.0,1.0,1000.0,0.0,0.0,-208.87959514341614,212.5,3.6204048565838605,0.0,3.6204048565838605,0.0,0.0,-926.1629455327347,956.25,30.08705446726547,0.0,30.08705446726547
radiation,sun,4505.0,75.083333,300.9557185346452,270.0,1.0,1000.0,0.0,0.0,-208.88412518900958,212.5,3.6158748109904195,0.0,3.6158748109904195,0.0,0.0,-927.2073661586799,957.3125,30.105133841320423,0.0,30.105133841320423
radiation,sun,4510.0,75.166667,300.95629176486864,270.0,1.0,1000.0,0.0,0.0,-208.88864959226743,212.5,3.611350407732573,0.0,3.611350407732573,0.0,0.0,-928.2518094066412,958.375,30.123190593359087,0.0,30.123190593359087
radiation,sun,4515.0,75.25,300.9568642778273,270.0,1.0,1000.0,0.0,0.0,-208.89316836015254,212.5,3.6068316398474565,0.0,3.6068316398474565,0.0,0.0,-929.2962752484419,959.4375,30.141224751558322,0.0,30.141224751558322
radiation,sun,4520.0,75.333333,300.95743607441466,270.0,1.0,1000.0,0.0,0.0,-208.89768149961935,212.5,3.6023185003806475,0.0,3.6023185003806475,0.0,0.0,-930.3407636559401,960.5,30.159236344060226,0.0,30.159236344060226
radiation,sun,4525.0,75.416667,300.958007155523,270.0,1.0,1000.0,0.0,0.0,-208.9021890176139,212.5,3.5978109823861075,0.0,3.5978109823861075,0.0,0.0,-931.3852746010282,961.5625,30.177225398972155,0.0,30.177225398972155
radiation,sun,4530.0,75.5,300.95857752204347,270.0,1.0,1000.0,0.0,0.0,-208.90669092107416,212.5,3.5933090789258415,0.0,3.5933090789258415,0.0,0.0,-932.4298080556335,962.625,30.195191944366783,0.0,30.195191944366783
radiation,sun,4535.0,75.583333,300.9591471748662,270.0,1.0,1000.0,0.0,0.0,-208.91118721692933,212.5,3.588812783070665,0.0,3.588812783070665,0.0,0.0,-933.4743639917182,963.6875,30.213136008282138,0.0,30.213136008282138
radiation,sun,4540.0,75.666667,300.95971611488017,270.0,1.0,1000.0,0.0,0.0,-208.91567791209988,212.5,3.5843220879001194,0.0,3.5843220879001194,0.0,0.0,-934.5189423812786,964.75,30.23105761872164,0.0,30.23105761872164
radiation,sun,4545.0,75.75,300.96028434297324,270.0,1.0,1000.0,0.0,0.0,-208.9201630134986,212.5,3.579836986501391,0.0,3.579836986501391,0.0,0.0,-935.5635431963461,965.8125,30.248956803654146,0.0,30.248956803654146
radiation,sun,4550.0,75.833333,300.9608518600323,270.0,1.0,1000.0,0.0,0.0,-208.92464252802907,212.5,3.575357471970932,0.0,3.575357471970932,0.0,0.0,-936.6081664089863,966.875,30.266833591014002,0.0,30.266833591014002
radiation,sun,4555.0,75.916667,300.96141866694296,270.0,1.0,1000.0,0.0,0.0,-208.92911646258756,212.5,3.570883537412442,0.0,3.570883537412442,0.0,0.0,-937.6528119912992,967.9375,30.284688008701064,0.0,30.284688008701064
radiation,sun,4560.0,76.0,300.96198476458994,270.0,1.0,1000.0,0.0,0.0,-208.93358482406114,212.5,3.5664151759388574,0.0,3.5664151759388574,0.0,0.0,-938.6974799154196,969.0,30.30252008458076,0.0,30.30252008458076
radiation,sun,4565.0,76.083333,300.96255015385674,270.0,1.0,1000.0,0.0,0.0,-208.9380476193292,212.5,3.561952380670789,0.0,3.561952380670789,0.0,0.0,-939.7421701535162,970.0625,30.320329846484114,0.0,30.320329846484114
radiation,sun,4570.0,76.166667,300.96311483562573,270.0,1.0,1000.0,0.0,0.0,-208.9425048552624,212.5,3.557495144737601,0.0,3.557495144737601,0.0,0.0,-940.7868826777926,971.125,30.338117322207804,0.0,30.338117322207804
radiation,sun,4575.0,76.25,300.96367881077833,270.0,1.0,1000.0,0.0,0.0,-208.94695653872267,212.5,3.5530434612773263,0.0,3.5530434612773263,0.0,0.0,-941.8316174604861,972.1875,30.35588253951419,0.0,30.35588253951419
radiation,sun,4580.0,76.333333,300.96424208019477,270.0,1.0,1000.0,0.0,0.0,-208.95140267656464,212.5,3.5485973234353594,0.0,3.5485973234353594,0.0,0.0,-942.876374473869,973.25,30.373625526131367,0.0,30.373625526131367
radiation,sun,4585.0,76.416667,300.96480464475417,270.0,1.0,1000.0,0.0,0.0,-208.95584327563387,212.5,3.5441567243661325,0.0,3.5441567243661325,0.0,0.0,-943.9211536902471,974.3125,30.391346309753196,0.0,30.391346309753196
radiation,sun,4590.0,76.5,300.96536650533466,270.0,1.0,1000.0,0.0,0.0,-208.96027834276742,212.5,3.539721657232576,0.0,3.539721657232576,0.0,0.0,-944.9659550819608,975.375,30.40904491803936,0.0,30.40904491803936
radiation,sun,4595.0,76.583333,300.9659276628133,270.0,1.0,1000.0,0.0,0.0,-208.9647078847949,212.5,3.5352921152050953,0.0,3.5352921152050953,0.0,0.0,-946.0107786213849,976.4375,30.426721378615383,0.0,30.426721378615383
radiation,sun,4600.0,76.666667,300.9664881180659,270.0,1.0,1000.0,0.0,0.0,-208.96913190853746,212.5,3.530868091462537,0.0,3.530868091462537,0.0,0.0,-947.0556242809275,977.5,30.4443757190727,0.0,30.4443757190727
radiation,sun,4605.0,76.75,300.9670478719674,270.0,1.0,1000.0,0.0,0.0,-208.9735504208076,212.5,3.5264495791923878,0.0,3.5264495791923878,0.0,0.0,-948.1004920330316,978.5625,30.46200796696866,0.0,30.46200796696866
radiation,sun,4610.0,76.833333,300.96760692539146,270.0,1.0,1000.0,0.0,0.0,-208.97796342840957,212.5,3.5220365715904336,0.0,3.5220365715904336,0.0,0.0,-949.1453818501737,979.625,30.479618149826614,0.0,30.479618149826614
radiation,sun,4615.0,76.916667,300.9681652792108,270.0,1.0,1000.0,0.0,0.0,-208.98237093813947,212.5,3.517629061860532,0.0,3.517629061860532,0.0,0.0,-950.1902937048643,980.6875,30.497206295135914,0.0,30.497206295135914
radiation,sun,4620.0,77.0,300.968722934297,270.0,1.0,1000.0,0.0,0.0,-208.98677295678493,212.5,3.5132270432150676,0.0,3.5132270432150676,0.0,0.0,-951.2352275696483,981.75,30.51477243035199,0.0,30.51477243035199
radiation,sun,4625.0,77.083333,300.9692798915206,270.0,1.0,1000.0,0.0,0.0,-208.99116949112604,212.5,3.508830508873956,0.0,3.508830508873956,0.0,0.0,-952.2801834171039,982.8125,30.53231658289636,0.0,30.53231658289636
radiation,sun,4630.0,77.166667,300.9698361517511,270.0,1.0,1000.0,0.0,0.0,-208.99556054793453,212.5,3.504439452065469,0.0,3.504439452065469,0.0,0.0,-953.3251612198436,983.875,30.54983878015669,0.0,30.54983878015669
radiation,sun,4635.0,77.25,300.9703917158568,270.0,1.0,1000.0,0.0,0.0,-208.99994613397334,212.5,3.5000538660266614,0.0,3.5000538660266614,0.0,0.0,-954.3701609505135,984.9375,30.567339049486822,0.0,30.567339049486822
radiation,sun,4640.0,77.333333,300.9709465847051,270.0,1.0,1000.0,0.0,0.0,-209.0043262559973,212.5,3.495673744002687,0.0,3.495673744002687,0.0,0.0,-955.4151825817935,986.0,30.584817418206836,0.0,30.584817418206836
radiation,sun,4645.0,77.416667,300.9715007591621,270.0,1.0,1000.0,0.0,0.0,-209.00870092075385,212.5,3.491299079246147,0.0,3.491299079246147,0.0,0.0,-956.4602260863973,987.0625,30.602273913603064,0.0,30.602273913603064
radiation,sun,4650.0,77.5,300.97205424009303,270.0,1.0,1000.0,0.0,0.0,-209.01307013498132,212.5,3.4869298650186806,0.0,3.4869298650186806,0.0,0.0,-957.5052914370722,988.125,30.619708562928157,0.0,30.619708562928157
radiation,sun,4655.0,77.583333,300.972607028362,270.0,1.0,1000.0,0.0,0.0,-209.01743390541006,212.5,3.4825660945899415,0.0,3.4825660945899415,0.0,0.0,-958.5503786065993,989.1875,30.637121393401106,0.0,30.637121393401106
radiation,sun,4660.0,77.666667,300.973159124832,270.0,1.0,1000.0,0.0,0.0,-209.02179223876283,212.5,3.4782077612371722,0.0,3.4782077612371722,0.0,0.0,-959.5954875677932,990.25,30.65451243220729,0.0,30.65451243220729
radiation,sun,4665.0,77.75,300.97371053036505,270.0,1.0,1000.0,0.0,0.0,-209.0261451417536,212.5,3.4738548582463977,0.0,3.4738548582463977,0.0,0.0,-960.6406182935019,991.3125,30.671881706498525,0.0,30.671881706498525
radiation,sun,4670.0,77.833333,300.97426124582205,270.0,1.0,1000.0,0.0,0.0,-209.03049262108848,212.5,3.4695073789115156,0.0,3.4695073789115156,0.0,0.0,-961.6857707566073,992.375,30.689229243393083,0.0,30.689229243393083
radiation,sun,4675.0,77.916667,300.97481127206277,270.0,1.0,1000.0,0.0,0.0,-209.03483468346593,212.5,3.465165316534069,0.0,3.465165316534069,0.0,0.0,-962.7309449300246,993.4375,30.706555069975753,0.0,30.706555069975753
radiation,sun,4680.0,78.0,300.975360609946,270.0,1.0,1000.0,0.0,0.0,-209.03917133557505,212.5,3.4608286644249517,0.0,3.4608286644249517,0.0,0.0,-963.7761407867025,994.5,30.723859213297878,0.0,30.723859213297878
radiation,sun,4685.0,78.083333,300.97590926032944,270.0,1.0,1000.0,0.0,0.0,-209.04350258409784,212.5,3.456497415902163,0.0,3.456497415902163,0.0,0.0,-964.8213582996231,995.5625,30.74114170037739,0.0,30.74114170037739
radiation,sun,4690.0,78.166667,300.9764572240698,270.0,1.0,1000.0,0.0,0.0,-209.04782843570771,212.5,3.4521715642922857,0.0,3.4521715642922857,0.0,0.0,-965.8665974418016,996.625,30.75840255819885,0.0,30.75840255819885
radiation,sun,4695.0,78.25,300.9770045020226,270.0,1.0,1000.0,0.0,0.0,-209.0521488970706,212.5,3.4478511029294054,0.0,3.4478511029294054,0.0,0.0,-966.9118581862868,997.6875,30.7756418137135,0.0,30.7756418137135
radiation,sun,4700.0,78.333333,300.9775510950425,270.0,1.0,1000.0,0.0,0.0,-209.05646397484352,212.5,3.443536025156476,0.0,3.443536025156476,0.0,0.0,-967.9571405061612,998.75,30.792859493839277,0.0,30.792859493839277
radiation,sun,4705.0,78.416667,300.97809700398284,270.0,1.0,1000.0,0.0,0.0,-209.06077367567624,212.5,3.439226324323755,0.0,3.439226324323755,0.0,0.0,-969.0024443745396,999.8125,30.810055625460897,0.0,30.810055625460897
radiation,sun,4710.0,78.5,300.97864222969616,270.0,1.0,1000.0,0.0,0.0,-209.06507800620972,212.5,3.434921993790283,0.0,3.434921993790283,0.0,0.0,-970.0477697645706,1000.875,30.827230235429848,0.0,30.827230235429848
radiation,sun,4715.0,78.583333,300.97918677303375,270.0,1.0,1000.0,0.0,0.0,-209.06937697307762,212.5,3.430623026922376,0.0,3.430623026922376,0.0,0.0,-971.0931166494361,1001.9375,30.844383350564463,0.0,30.844383350564463
radiation,sun,4720.0,78.666667,300.97973063484596,270.0,1.0,1000.0,0.0,0.0,-209.07367058290444,212.5,3.426329417095559,0.0,3.426329417095559,0.0,0.0,-972.1384850023506,1003.0,30.861514997649937,0.0,30.861514997649937
radiation,sun,4725.0,78.75,300.9802738159821,270.0,1.0,1000.0,0.0,0.0,-209.07795884230777,212.5,3.4220411576922345,0.0,3.4220411576922345,0.0,0.0,-973.1838747965621,1004.0625,30.878625203438396,0.0,30.878625203438396
radiation,sun,4730.0,78.833333,300.98081631729036,270.0,1.0,1000.0,0.0,0.0,-209.08224175789687,212.5,3.417758242103133,0.0,3.417758242103133,0.0,0.0,-974.2292860053516,1005.125,30.895713994648915,0.0,30.895713994648915
radiation,sun,4735.0,78.916667,300.98135813961795,270.0,1.0,1000.0,0.0,0.0,-209.08651933627246,212.5,3.4134806637275403,0.0,3.4134806637275403,0.0,0.0,-975.274718602033,1006.1875,30.912781397967553,0.0,30.912781397967553
radiation,sun,4740.0,79.0,300.98189928381095,270.0,1.0,1000.0,0.0,0.0,-209.09079158402812,212.5,3.409208415971875,0.0,3.409208415971875,0.0,0.0,-976.3201725599532,1007.25,30.92982744004741,0.0,30.92982744004741
radiation,sun,4745.0,79.083333,300.9824397507145,270.0,1.0,1000.0,0.0,0.0,-209.09505850774846,212.5,3.404941492251538,0.0,3.404941492251538,0.0,0.0,-977.365647852492,1008.3125,30.946852147508668,0.0,30.946852147508668
radiation,sun,4750.0,79.166667,300.9829795411726,270.0,1.0,1000.0,0.0,0.0,-209.09932011401096,212.5,3.4006798859890353,0.0,3.4006798859890353,0.0,0.0,-978.411144453062,1009.375,30.96385554693861,0.0,30.96385554693861
radiation,sun,4755.0,79.25,300.98351865602825,270.0,1.0,1000.0,0.0,0.0,-209.10357640938471,212.5,3.396423590615285,0.0,3.396423590615285,0.0,0.0,-979.4566623351088,1010.4375,30.980837664891688,0.0,30.980837664891688
radiation,sun,4760.0,79.333333,300.9840570961234,270.0,1.0,1000.0,0.0,0.0,-209.1078274004306,212.5,3.392172599569392,0.0,3.392172599569392,0.0,0.0,-980.5022014721111,1011.5,30.997798527889536,0.0,30.997798527889536
radiation,sun,4765.0,79.416667,300.98459486229905,270.0,1.0,1000.0,0.0,0.0,-209.11207309370204,212.5,3.387926906297963,0.0,3.387926906297963,0.0,0.0,-981.5477618375795,1012.5625,31.014738162421025,0.0,31.014738162421025
radiation,sun,4770.0,79.5,300.98513195539493,270.0,1.0,1000.0,0.0,0.0,-209.11631349574432,212.5,3.383686504255678,0.0,3.383686504255678,0.0,0.0,-982.5933434050582,1013.625,31.0316565949423,0.0,31.0316565949423
radiation,sun,4775.0,79.583333,300.98566837625,270.0,1.0,1000.0,0.0,0.0,-209.12054861309431,212.5,3.3794513869056857,0.0,3.3794513869056857,0.0,0.0,-983.6389461481238,1014.6875,31.04855385187683,0.0,31.04855385187683
radiation,sun,4780.0,79.666667,300.986204125702,270.0,1.0,1000.0,0.0,0.0,-209.12477845228167,212.5,3.3752215477183256,0.0,3.3752215477183256,0.0,0.0,-984.6845700403851,1015.75,31.06542995961542,0.0,31.06542995961542
radiation,sun,4785.0,79.75,300.9867392045877,270.0,1.0,1000.0,0.0,0.0,-209.12900301982802,212.5,3.370996980171981,0.0,3.370996980171981,0.0,0.0,-985.7302150554842,1016.8125,31.08228494451628,0.0,31.08228494451628
radiation,sun,4790.0,79.833333,300.9872736137429,270.0,1.0,1000.0,0.0,0.0,-209.13322232224664,212.5,3.366777677753362,0.0,3.366777677753362,0.0,0.0,-986.7758811670953,1017.875,31.09911883290505,0.0,31.09911883290505
radiation,sun,4795.0,79.916667,300.98780735400226,270.0,1.0,1000.0,0.0,0.0,-209.13743636604335,212.5,3.362563633956654,0.0,3.362563633956654,0.0,0.0,-987.8215683489256,1018.9375,31.11593165107483,0.0,31.11593165107483
radiation,sun,4800.0,80.0,300.98834042619944,270.0,1.0,1000.0,0.0,0.0,-209.14164515771583,212.5,3.3583548422841716,0.0,3.3583548422841716,0.0,0.0,-988.8672765747141,1020.0,31.132723425286255,0.0,31.132723425286255
radiation,sun,4805.0,80.083333,300.9888728311671,270.0,1.0,1000.0,0.0,0.0,-209.14584870375387,212.5,3.3541512962461297,0.0,3.3541512962461297,0.0,0.0,-989.9130058182329,1021.0625,31.149494181767484,0.0,31.149494181767484
radiation,sun,4810.0,80.166667,300.98940456973685,270.0,1.0,1000.0,0.0,0.0,-209.15004701063938,212.5,3.3499529893606166,0.0,3.3499529893606166,0.0,0.0,-990.9587560532862,1022.125,31.166243946714285,0.0,31.166243946714285
radiation,sun,4815.0,80.25,300.9899356427392,270.0,1.0,1000.0,0.0,0.0,-209.15424008484658,212.5,3.3457599151534225,0.0,3.3457599151534225,0.0,0.0,-992.0045272537103,1023.1875,31.182972746290055,0.0,31.182972746290055
radiation,sun,4820.0,80.333333,300.99046605100386,270.0,1.0,1000.0,0.0,0.0,-209.15842793284122,212.5,3.341572067158779,0.0,3.341572067158779,0.0,0.0,-993.0503193933745,1024.25,31.19968060662585,0.0,31.19968060662585
radiation,sun,4825.0,80.416667,300.99099579535925,270.0,1.0,1000.0,0.0,0.0,-209.16261056108243,212.5,3.337389438917569,0.0,3.337389438917569,0.0,0.0,-994.0961324461798,1025.3125,31.216367553820437,0.0,31.216367553820437
radiation,sun,4830.0,80.5,300.9915248766329,270.0,1.0,1000.0,0.0,0.0,-209.1667879760203,212.5,3.333212023979712,0.0,3.333212023979712,0.0,0.0,-995.14196638606,1026.375,31.233033613940336,0.0,31.233033613940336
radiation,sun,4835.0,80.583333,300.9920532956513,270.0,1.0,1000.0,0.0,0.0,-209.17096018409765,212.5,3.329039815902348,0.0,3.329039815902348,0.0,0.0,-996.1878211869805,1027.4375,31.249678813019848,0.0,31.249678813019848
radiation,sun,4840.0,80.666667,300.9925810532399,270.0,1.0,1000.0,0.0,0.0,-209.17512719174917,212.5,3.3248728082508308,0.0,3.3248728082508308,0.0,0.0,-997.2336968229392,1028.5,31.2663031770611,0.0,31.2663031770611
radiation,sun,4845.0,80.75,300.9931081502232,270.0,1.0,1000.0,0.0,0.0,-209.179289005402,212.5,3.320710994597988,0.0,3.320710994597988,0.0,0.0,-998.2795932679662,1029.5625,31.282906732034093,0.0,31.282906732034093
radiation,sun,4850.0,80.833333,300.99363458742454,270.0,1.0,1000.0,0.0,0.0,-209.18344563147537,212.5,3.316554368524635,0.0,3.316554368524635,0.0,0.0,-999.3255104961236,1030.625,31.299489503876714,0.0,31.299489503876714
radiation,sun,4855.0,80.916667,300.9941603656664,270.0,1.0,1000.0,0.0,0.0,-209.18759707638102,212.5,3.3124029236189756,0.0,3.3124029236189756,0.0,0.0,-1000.3714484815055,1031.6875,31.31605151849481,0.0,31.31605151849481
radiation,sun,4860.0,81.0,300.9946854857701,270.0,1.0,1000.0,0.0,0.0,-209.19174334652243,212.5,3.308256653477571,0.0,3.308256653477571,0.0,0.0,-1001.417407198238,1032.75,31.332592801762196,0.0,31.332592801762196
radiation,sun,4865.0,81.083333,300.99520994855607,270.0,1.0,1000.0,0.0,0.0,-209.19588444829523,212.5,3.3041155517047684,0.0,3.3041155517047684,0.0,0.0,-1002.4633866204795,1033.8125,31.34911337952072,0.0,31.34911337952072
radiation,sun,4870.0,81.166667,300.9957337548437,270.0,1.0,1000.0,0.0,0.0,-209.20002038808772,212.5,3.2999796119122777,0.0,3.2999796119122777,0.0,0.0,-1003.50938672242,1034.875,31.365613277580284,0.0,31.365613277580284
radiation,sun,4875.0,81.25,300.9962569054513,270.0,1.0,1000.0,0.0,0.0,-209.20415117228063,212.5,3.295848827719368,0.0,3.295848827719368,0.0,0.0,-1004.5554074782814,1035.9375,31.38209252171888,0.0,31.38209252171888
radiation,sun,4880.0,81.333333,300.99677940119614,270.0,1.0,1000.0,0.0,0.0,-209.2082768072463,212.5,3.291723192753693,0.0,3.291723192753693,0.0,0.0,-1005.6014488623176,1037.0,31.398551137682652,0.0,31.398551137682652
radiation,sun,4885.0,81.416667,300.99730124289465,270.0,1.0,1000.0,0.0,0.0,-209.2123972993493,212.5,3.2876027006506945,0.0,3.2876027006506945,0.0,0.0,-1006.6475108488144,1038.0625,31.414989151185907,0.0,31.414989151185907
radiation,sun,4890.0,81.5,300.9978224313621,270.0,1.0,1000.0,0.0,0.0,-209.21651265494722,212.5,3.2834873450527766,0.0,3.2834873450527766,0.0,0.0,-1007.6935934120892,1039.125,31.43140658791117,0.0,31.43140658791117
radiation,sun,4895.0,81.583333,300.99834296741284,270.0,1.0,1000.0,0.0,0.0,-209.22062288038939,212.5,3.279377119610615,0.0,3.279377119610615,0.0,0.0,-1008.7396965264911,1040.1875,31.44780347350922,0.0,31.44780347350922
radiation,sun,4900.0,81.666667,300.9988628518601,270.0,1.0,1000.0,0.0,0.0,-209.22472798201724,212.5,3.2752720179827577,0.0,3.2752720179827577,0.0,0.0,-1009.7858201664012,1041.25,31.464179833599136,0.0,31.464179833599136
radiation,sun,4905.0,81.75,300.9993820855163,270.0,1.0,1000.0,0.0,0.0,-209.22882796616489,212.5,3.2711720338351142,0.0,3.2711720338351142,0.0,0.0,-1010.8319643062321,1042.3125,31.480535693768314,0.0,31.480535693768314
radiation,sun,4910.0,81.833333,300.9999006691926,270.0,1.0,1000.0,0.0,0.0,-209.23292283915902,212.5,3.2670771608409837,0.0,3.2670771608409837,0.0,0.0,-1011.8781289204279,1043.375,31.49687107957252,0.0,31.49687107957252
radiation,sun,4915.0,81.916667,301.00041860369936,270.0,1.0,1000.0,0.0,0.0,-209.2370126073176,212.5,3.2629873926823905,0.0,3.2629873926823905,0.0,0.0,-1012.9243139834645,1044.4375,31.513186016535933,0.0,31.513186016535933
radiation,sun,4920.0,82.0,301.0009358898459,270.0,1.0,1000.0,0.0,0.0,-209.2410972769522,212.5,3.258902723047811,0.0,3.258902723047811,0.0,0.0,-1013.9705194698493,1045.5,31.52948053015117,0.0,31.52948053015117
radiation,sun,4925.0,82.083333,301.00145252844044,270.0,1.0,1000.0,0.0,0.0,-209.2451768543659,212.5,3.2548231456341057,0.0,3.2548231456341057,0.0,0.0,-1015.0167453541211,1046.5625,31.54575464587934,0.0,31.54575464587934
radiation,sun,4930.0,82.166667,301.0019685202903,270.0,1.0,1000.0,0.0,0.0,-209.24925134585402,212.5,3.25074865414598,0.0,3.25074865414598,0.0,0.0,-1016.0629916108503,1047.625,31.56200838915007,0.0,31.56200838915007
radiation,sun,4935.0,82.25,301.00248386620177,270.0,1.0,1000.0,0.0,0.0,-209.25332075770467,212.5,3.246679242295329,0.0,3.246679242295329,0.0,0.0,-1017.1092582146388,1048.6875,31.578241785361545,0.0,31.578241785361545
radiation,sun,4940.0,82.333333,301.0029985669801,270.0,1.0,1000.0,0.0,0.0,-209.25738509619828,212.5,3.242614903801723,0.0,3.242614903801723,0.0,0.0,-1018.1555451401198,1049.75,31.594454859880553,0.0,31.594454859880553
radiation,sun,4945.0,82.416667,301.0035126234297,270.0,1.0,1000.0,0.0,0.0,-209.2614443676072,212.5,3.238555632392803,0.0,3.238555632392803,0.0,0.0,-1019.2018523619578,1050.8125,31.610647638042515,0.0,31.610647638042515
radiation,sun,4950.0,82.5,301.00402603635376,270.0,1.0,1000.0,0.0,0.0,-209.26549857819668,212.5,3.2345014218033157,0.0,3.2345014218033157,0.0,0.0,-1020.2481798548488,1051.875,31.62682014515153,0.0,31.62682014515153
radiation,sun,4955.0,82.583333,301.0045388065547,270.0,1.0,1000.0,0.0,0.0,-209.26954773422432,212.5,3.230452265775682,0.0,3.230452265775682,0.0,0.0,-1021.2945275935199,1052.9375,31.64297240648041,0.0,31.64297240648041
radiation,sun,4960.0,82.666667,301.0050509348338,270.0,1.0,1000.0,0.0,0.0,-209.27359184194015,212.5,3.2264081580598543,0.0,3.2264081580598543,0.0,0.0,-1022.3408955527296,1054.0,31.65910444727071,0.0,31.65910444727071
radiation,sun,4965.0,82.75,301.0055624219913,270.0,1.0,1000.0,0.0,0.0,-209.27763090758603,212.5,3.2223690924139703,0.0,3.2223690924139703,0.0,0.0,-1023.3872837072674,1055.0625,31.67521629273278,0.0,31.67521629273278
radiation,sun,4970.0,82.833333,301.00607326882664,270.0,1.0,1000.0,0.0,0.0,-209.28166493739673,212.5,3.2183350626032734,0.0,3.2183350626032734,0.0,0.0,-1024.4336920319545,1056.125,31.691307968045795,0.0,31.691307968045795
radiation,sun,4975.0,82.916667,301.00658347613813,270.0,1.0,1000.0,0.0,0.0,-209.28569393759884,212.5,3.214306062401164,0.0,3.214306062401164,0.0,0.0,-1025.4801205016424,1057.1875,31.707379498357803,0.0,31.707379498357803
radiation,sun,4980.0,83.0,301.00709304472315,270.0,1.0,1000.0,0.0,0.0,-209.28971791441253,212.5,3.2102820855874654,0.0,3.2102820855874654,0.0,0.0,-1026.5265690912145,1058.25,31.72343090878574,0.0,31.72343090878574
radiation,sun,4985.0,83.083333,301.00760197537807,270.0,1.0,1000.0,0.0,0.0,-209.29373687404944,212.5,3.2062631259505565,0.0,3.2062631259505565,0.0,0.0,-1027.573037775585,1059.3125,31.739462224415494,0.0,31.739462224415494
radiation,sun,4990.0,83.166667,301.0081102688983,270.0,1.0,1000.0,0.0,0.0,-209.29775082271394,212.5,3.2022491772860633,0.0,3.2022491772860633,0.0,0.0,-1028.6195265296983,1060.375,31.755473470301926,0.0,31.755473470301926
radiation,sun,4995.0,83.25,301.0086179260782,270.0,1.0,1000.0,0.0,0.0,-209.30175976660308,212.5,3.198240233396916,0.0,3.198240233396916,0.0,0.0,-1029.6660353285315,1061.4375,31.77146467146891,0.0,31.77146467146891
radiation,sun,5000.0,83.333333,301.00912494771126,270.0,1.0,1000.0,0.0,0.0,-209.30576371190597,212.5,3.1942362880940323,0.0,3.1942362880940323,0.0,0.0,-1030.712564147091,1062.5,31.787435852909375,0.0,31.787435852909375
radiation,sun,5005.0,83.416667,301.00963133458987,270.0,1.0,1000.0,0.0,0.0,-209.3097626648043,212.5,3.1902373351956896,0.0,3.1902373351956896,0.0,0.0,-1031.759112960415,1063.5625,31.803387039585356,0.0,31.803387039585356
radiation,sun,5010.0,83.5,301.0101370875055,270.0,1.0,1000.0,0.0,0.0,-209.31375663147242,212.5,3.1862433685275846,0.0,3.1862433685275846,0.0,0.0,-1032.8056817435724,1064.625,31.81931825642799,0.0,31.81931825642799
radiation,sun,5015.0,83.583333,301.0106422072486,270.0,1.0,1000.0,0.0,0.0,-209.3177456180768,212.5,3.182254381923201,0.0,3.182254381923201,0.0,0.0,-1033.8522704716627,1065.6875,31.835229528337607,0.0,31.835229528337607
radiation,sun,5020.0,83.666667,301.01114669460884,270.0,1.0,1000.0,0.0,0.0,-209.32172963077696,212.5,3.1782703692230427,0.0,3.1782703692230427,0.0,0.0,-1034.8988791198167,1066.75,31.851120880183725,0.0,31.851120880183725
radiation,sun,5025.0,83.75,301.0116505503746,270.0,1.0,1000.0,0.0,0.0,-209.325708675725,212.5,3.1742913242750035,0.0,3.1742913242750035,0.0,0.0,-1035.9455076631953,1067.8125,31.866992336805097,0.0,31.866992336805097
radiation,sun,5030.0,83.833333,301.0121537753335,270.0,1.0,1000.0,0.0,0.0,-209.3296827590648,212.5,3.1703172409351907,0.0,3.1703172409351907,0.0,0.0,-1036.9921560769906,1068.875,31.882843923009776,0.0,31.882843923009776
radiation,sun,5035.0,83.916667,301.0126563702721,270.0,1.0,1000.0,0.0,0.0,-209.33365188693318,212.5,3.1663481130668174,0.0,3.1663481130668174,0.0,0.0,-1038.0388243364253,1069.9375,31.89867566357511,0.0,31.89867566357511
radiation,sun,5040.0,84.0,301.013158335976,270.0,1.0,1000.0,0.0,0.0,-209.3376160654596,212.5,3.162383934540401,0.0,3.162383934540401,0.0,0.0,-1039.0855124167524,1071.0,31.91448758324781,0.0,31.91448758324781
radiation,sun,5045.0,84.083333,301.0136596732299,270.0,1.0,1000.0,0.0,0.0,-209.3415753007657,212.5,3.1584246992343026,0.0,3.1584246992343026,0.0,0.0,-1040.1322202932563,1072.0625,31.93027970674398,0.0,31.93027970674398
radiation,sun,5050.0,84.166667,301.01416038281735,270.0,1.0,1000.0,0.0,0.0,-209.34552959896612,212.5,3.154470401033876,0.0,3.154470401033876,0.0,0.0,-1041.1789479412512,1073.125,31.946052058749153,0.0,31.946052058749153
radiation,sun,5055.0,84.25,301.01466046552116,270.0,1.0,1000.0,0.0,0.0,-209.34947896616765,212.5,3.150521033832348,0.0,3.150521033832348,0.0,0.0,-1042.225695336082,1074.1875,31.96180466391831,0.0,31.96180466391831
radiation,sun,5060.0,84.333333,301.015159922123,270.0,1.0,1000.0,0.0,0.0,-209.35342340847015,212.5,3.1465765915298505,0.0,3.1465765915298505,0.0,0.0,-1043.2724624531243,1075.25,31.97753754687596,0.0,31.97753754687596
radiation,sun,5065.0,84.416667,301.01565875340367,270.0,1.0,1000.0,0.0,0.0,-209.35736293196558,212.5,3.142637068034418,0.0,3.142637068034418,0.0,0.0,-1044.3192492677842,1076.3125,31.993250732216136,0.0,31.993250732216136
radiation,sun,5070.0,84.5,301.0161569601429,270.0,1.0,1000.0,0.0,0.0,-209.36129754273853,212.5,3.1387024572614735,0.0,3.1387024572614735,0.0,0.0,-1045.3660557554979,1077.375,32.008944244502445,0.0,32.008944244502445
radiation,sun,5075.0,84.583333,301.01665454311956,270.0,1.0,1000.0,0.0,0.0,-209.36522724686617,212.5,3.1347727531338307,0.0,3.1347727531338307,0.0,0.0,-1046.4128818917322,1078.4375,32.024618108268115,0.0,32.024618108268115
radiation,sun,5080.0,84.666667,301.01715150311156,270.0,1.0,1000.0,0.0,0.0,-209.36915205041873,212.5,3.130847949581266,0.0,3.130847949581266,0.0,0.0,-1047.4597276519844,1079.5,32.04027234801602,0.0,32.04027234801602
radiation,sun,5085.0,84.75,301.0176478408958,270.0,1.0,1000.0,0.0,0.0,-209.37307195945897,212.5,3.1269280405410314,0.0,3.1269280405410314,0.0,0.0,-1048.5065930117817,1080.5625,32.05590698821872,0.0,32.05590698821872
radiation,sun,5090.0,84.833333,301.01814355724815,270.0,1.0,1000.0,0.0,0.0,-209.37698698004183,212.5,3.123013019958165,0.0,3.123013019958165,0.0,0.0,-1049.5534779466816,1081.625,32.07152205331852,0.0,32.07152205331852
radiation,sun,5095.0,84.916667,301.01863865294365,270.0,1.0,1000.0,0.0,0.0,-209.3808971182149,212.5,3.1191028817850963,0.0,3.1191028817850963,0.0,0.0,-1050.6003824322727,1082.6875,32.08711756772744,0.0,32.08711756772744
radiation,sun,5100.0,85.0,301.0191331287563,270.0,1.0,1000.0,0.0,0.0,-209.3848023800187,212.5,3.115197619981302,0.0,3.115197619981302,0.0,0.0,-1051.6473064441727,1083.75,32.102693555827344,0.0,32.102693555827344
radiation,sun,5105.0,85.083333,301.01962698545924,270.0,1.0,1000.0,0.0,0.0,-209.3887027714864,212.5,3.1112972285135925,0.0,3.1112972285135925,0.0,0.0,-1052.6942499580302,1084.8125,32.118250041969915,0.0,32.118250041969915
radiation,sun,5110.0,85.166667,301.02012022382456,270.0,1.0,1000.0,0.0,0.0,-209.39259829864378,212.5,3.107401701356224,0.0,3.107401701356224,0.0,0.0,-1053.7412129495235,1085.875,32.13378705047669,0.0,32.13378705047669
radiation,sun,5115.0,85.25,301.0206128446234,270.0,1.0,1000.0,0.0,0.0,-209.39648896750964,212.5,3.10351103249036,0.0,3.10351103249036,0.0,0.0,-1054.7881953943609,1086.9375,32.149304605639145,0.0,32.149304605639145
radiation,sun,5120.0,85.333333,301.0211048486259,270.0,1.0,1000.0,0.0,0.0,-209.40037478409437,212.5,3.0996252159056326,0.0,3.0996252159056326,0.0,0.0,-1055.8351972682813,1088.0,32.16480273171867,0.0,32.16480273171867
radiation,sun,5125.0,85.416667,301.0215962366014,270.0,1.0,1000.0,0.0,0.0,-209.40425575440193,212.5,3.0957442455980697,0.0,3.0957442455980697,0.0,0.0,-1056.8822185470533,1089.0625,32.180281452946666,0.0,32.180281452946666
radiation,sun,5130.0,85.5,301.02208700931817,270.0,1.0,1000.0,0.0,0.0,-209.4081318844289,212.5,3.0918681155710885,0.0,3.0918681155710885,0.0,0.0,-1057.9292592064755,1090.125,32.19574079352452,0.0,32.19574079352452
radiation,sun,5135.0,85.583333,301.02257716754355,270.0,1.0,1000.0,0.0,0.0,-209.4120031801645,212.5,3.087996819835496,0.0,3.087996819835496,0.0,0.0,-1058.976319222376,1091.1875,32.2111807776237,0.0,32.2111807776237
radiation,sun,5140.0,85.666667,301.02306671204394,270.0,1.0,1000.0,0.0,0.0,-209.41586964759034,212.5,3.084130352409659,0.0,3.084130352409659,0.0,0.0,-1060.023398570614,1092.25,32.226601429385745,0.0,32.226601429385745
radiation,sun,5145.0,85.75,301.0235556435848,270.0,1.0,1000.0,0.0,0.0,-209.4197312926811,212.5,3.0802687073189077,0.0,3.0802687073189077,0.0,0.0,-1061.0704972270776,1093.3125,32.24200277292234,0.0,32.24200277292234
radiation,sun,5150.0,85.833333,301.02404396293065,270.0,1.0,1000.0,0.0,0.0,-209.42358812140424,212.5,3.0764118785957635,0.0,3.0764118785957635,0.0,0.0,-1062.1176151676846,1094.375,32.257384832315324,0.0,32.257384832315324
radiation,sun,5155.0,85.916667,301.02453167084496,270.0,1.0,1000.0,0.0,0.0,-209.42744013971958,212.5,3.072559860280421,0.0,3.072559860280421,0.0,0.0,-1063.164752368383,1095.4375,32.272747631616724,0.0,32.272747631616724
radiation,sun,5160.0,86.0,301.02501876809043,270.0,1.0,1000.0,0.0,0.0,-209.43128735357973,212.5,3.0687126464202663,0.0,3.0687126464202663,0.0,0.0,-1064.211908805151,1096.5,32.288091194848825,0.0,32.288091194848825
radiation,sun,5165.0,86.083333,301.0255052554287,270.0,1.0,1000.0,0.0,0.0,-209.4351297689305,212.5,3.0648702310695057,0.0,3.0648702310695057,0.0,0.0,-1065.2590844539957,1097.5625,32.303415546004175,0.0,32.303415546004175
radiation,sun,5170.0,86.166667,301.0259911336205,270.0,1.0,1000.0,0.0,0.0,-209.43896739171015,212.5,3.0610326082898496,0.0,3.0610326082898496,0.0,0.0,-1066.306279290954,1098.625,32.31872070904562,0.0,32.31872070904562
radiation,sun,5175.0,86.25,301.0264764034256,270.0,1.0,1000.0,0.0,0.0,-209.44280022784972,212.5,3.057199772150284,0.0,3.057199772150284,0.0,0.0,-1067.3534932920934,1099.6875,32.334006707906376,0.0,32.334006707906376
radiation,sun,5180.0,86.333333,301.02696106560285,270.0,1.0,1000.0,0.0,0.0,-209.446628283273,212.5,3.053371716727014,0.0,3.053371716727014,0.0,0.0,-1068.4007264335098,1100.75,32.34927356649001,0.0,32.34927356649001
radiation,sun,5185.0,86.416667,301.02744512091016,270.0,1.0,1000.0,0.0,0.0,-209.45045156389662,212.5,3.049548436103379,0.0,3.049548436103379,0.0,0.0,-1069.4479786913294,1101.8125,32.364521308670525,0.0,32.364521308670525
radiation,sun,5190.0,86.5,301.0279285701045,270.0,1.0,1000.0,0.0,0.0,-209.45427007562998,212.5,3.045729924370022,0.0,3.045729924370022,0.0,0.0,-1070.4952500417073,1102.875,32.37974995829238,0.0,32.37974995829238
radiation,sun,5195.0,86.583333,301.0284114139419,270.0,1.0,1000.0,0.0,0.0,-209.4580838243755,212.5,3.0419161756244932,0.0,3.0419161756244932,0.0,0.0,-1071.5425404608293,1103.9375,32.3949595391705,0.0,32.3949595391705
radiation,sun,5200.0,86.666667,301.0288936531775,270.0,1.0,1000.0,0.0,0.0,-209.46189281602796,212.5,3.038107183972045,0.0,3.038107183972045,0.0,0.0,-1072.5898499249095,1105.0,32.410150075090364,0.0,32.410150075090364
radiation,sun,5205.0,86.75,301.02937528856535,270.0,1.0,1000.0,0.0,0.0,-209.46569705647545,212.5,3.034302943524551,0.0,3.034302943524551,0.0,0.0,-1073.6371784101918,1106.0625,32.425321589807986,0.0,32.425321589807986
radiation,sun,5210.0,86.833333,301.02985632085876,270.0,1.0,1000.0,0.0,0.0,-209.4694965515984,212.5,3.030503448401589,0.0,3.030503448401589,0.0,0.0,-1074.6845258929498,1107.125,32.440474107049994,0.0,32.440474107049994
radiation,sun,5215.0,86.916667,301.03033675080997,270.0,1.0,1000.0,0.0,0.0,-209.4732913072704,212.5,3.0267086927296134,0.0,3.0267086927296134,0.0,0.0,-1075.731892349486,1108.1875,32.45560765051364,0.0,32.45560765051364
radiation,sun,5220.0,87.0,301.0308165791704,270.0,1.0,1000.0,0.0,0.0,-209.47708132935762,212.5,3.022918670642383,0.0,3.022918670642383,0.0,0.0,-1076.7792777561328,1109.25,32.47072224386685,0.0,32.47072224386685
radiation,sun,5225.0,87.083333,301.0312958066904,270.0,1.0,1000.0,0.0,0.0,-209.48086662371966,212.5,3.0191333762803367,0.0,3.0191333762803367,0.0,0.0,-1077.8266820892516,1110.3125,32.48581791074826,0.0,32.48581791074826
radiation,sun,5230.0,87.166667,301.0317744341196,270.0,1.0,1000.0,0.0,0.0,-209.4846471962082,212.5,3.0153528037918136,0.0,3.0153528037918136,0.0,0.0,-1078.8741053252324,1111.375,32.50089467476722,0.0,32.50089467476722
radiation,sun,5235.0,87.25,301.0322524622065,270.0,1.0,1000.0,0.0,0.0,-209.48842305266845,212.5,3.011576947331548,0.0,3.011576947331548,0.0,0.0,-1079.9215474404957,1112.4375,32.51595255950387,0.0,32.51595255950387
radiation,sun,5240.0,87.333333,301.0327298916987,270.0,1.0,1000.0,0.0,0.0,-209.4921941989383,212.5,3.007805801061693,0.0,3.007805801061693,0.0,0.0,-1080.9690084114907,1113.5,32.53099158850918,0.0,32.53099158850918
radiation,sun,5245.0,87.416667,301.033206723343,270.0,1.0,1000.0,0.0,0.0,-209.49596064084795,212.5,3.0040393591520456,0.0,3.0040393591520456,0.0,0.0,-1082.0164882146948,1114.5625,32.54601178530494,0.0,32.54601178530494
radiation,sun,5250.0,87.5,301.0336829578852,270.0,1.0,1000.0,0.0,0.0,-209.49972238422177,212.5,3.0002776157782307,0.0,3.0002776157782307,0.0,0.0,-1083.0639868266162,1115.625,32.561013173383834,0.0,32.561013173383834
radiation,sun,5255.0,87.583333,301.03415859607014,270.0,1.0,1000.0,0.0,0.0,-209.50347943487566,212.5,2.9965205651243423,0.0,2.9965205651243423,0.0,0.0,-1084.1115042237905,1116.6875,32.57599577620945,0.0,32.57599577620945
radiation,sun,5260.0,87.666667,301.03463363864176,270.0,1.0,1000.0,0.0,0.0,-209.507231798619,212.5,2.9927682013810113,0.0,2.9927682013810113,0.0,0.0,-1085.1590403827836,1117.75,32.590959617216356,0.0,32.590959617216356
radiation,sun,5265.0,87.75,301.03510808634314,270.0,1.0,1000.0,0.0,0.0,-209.51097948125428,212.5,2.9890205187457184,0.0,2.9890205187457184,0.0,0.0,-1086.20659528019,1118.8125,32.605904719810084,0.0,32.605904719810084
radiation,sun,5270.0,87.833333,301.03558193991637,270.0,1.0,1000.0,0.0,0.0,-209.51472248857698,212.5,2.9852775114230212,0.0,2.9852775114230212,0.0,0.0,-1087.2541688926328,1119.875,32.6208311073672,0.0,32.6208311073672
radiation,sun,5275.0,87.916667,301.0360552001027,270.0,1.0,1000.0,0.0,0.0,-209.51846082637513,212.5,2.981539173624867,0.0,2.981539173624867,0.0,0.0,-1088.3017611967648,1120.9375,32.63573880323533,0.0,32.63573880323533
radiation,sun,5280.0,88.0,301.0365278676423,270.0,1.0,1000.0,0.0,0.0,-209.52219450043006,212.5,2.9778054995699392,0.0,2.9778054995699392,0.0,0.0,-1089.3493721692669,1122.0,32.65062783073318,0.0,32.65062783073318
radiation,sun,5285.0,88.083333,301.03699994327457,270.0,1.0,1000.0,0.0,0.0,-209.5259235165156,212.5,2.974076483484396,0.0,2.974076483484396,0.0,0.0,-1090.3970017868494,1123.0625,32.6654982131506,0.0,32.6654982131506
radiation,sun,5290.0,88.166667,301.037471427738,270.0,1.0,1000.0,0.0,0.0,-209.52964788039867,212.5,2.97035211960133,0.0,2.97035211960133,0.0,0.0,-1091.4446500262516,1124.125,32.680349973748605,0.0,32.680349973748605
radiation,sun,5295.0,88.25,301.0379423217701,270.0,1.0,1000.0,0.0,0.0,-209.53336759783983,212.5,2.9666324021601724,0.0,2.9666324021601724,0.0,0.0,-1092.4923168642406,1125.1875,32.69518313575941,0.0,32.69518313575941
radiation,sun,5300.0,88.333333,301.03841262610746,270.0,1.0,1000.0,0.0,0.0,-209.53708267459183,212.5,2.9629173254081707,0.0,2.9629173254081707,0.0,0.0,-1093.5400022776137,1126.25,32.70999772238645,0.0,32.70999772238645
radiation,sun,5305.0,88.416667,301.0388823414858,270.0,1.0,1000.0,0.0,0.0,-209.5407931164003,212.5,2.9592068835997054,0.0,2.9592068835997054,0.0,0.0,-1094.5877062431955,1127.3125,32.724793756804445,0.0,32.724793756804445
radiation,sun,5310.0,88.5,301.03935146863995,270.0,1.0,1000.0,0.0,0.0,-209.54449892900476,212.5,2.95550107099524,0.0,2.95550107099524,0.0,0.0,-1095.6354287378406,1128.375,32.73957126215942,0.0,32.73957126215942
radiation,sun,5315.0,88.583333,301.03982000830376,270.0,1.0,1000.0,0.0,0.0,-209.548200118137,212.5,2.9517998818629962,0.0,2.9517998818629962,0.0,0.0,-1096.6831697384312,1129.4375,32.75433026156874,0.0,32.75433026156874
radiation,sun,5320.0,88.666667,301.0402879612102,270.0,1.0,1000.0,0.0,0.0,-209.55189668952218,212.5,2.948103310477819,0.0,2.948103310477819,0.0,0.0,-1097.7309292218788,1130.5,32.76907077812113,0.0,32.76907077812113
radiation,sun,5325.0,88.75,301.04075532809134,270.0,1.0,1000.0,0.0,0.0,-209.555588648878,212.5,2.9444113511219996,0.0,2.9444113511219996,0.0,0.0,-1098.7787071651233,1131.5625,32.783792834876735,0.0,32.783792834876735
radiation,sun,5330.0,88.833333,301.04122210967836,270.0,1.0,1000.0,0.0,0.0,-209.55927600191572,212.5,2.9407239980842803,0.0,2.9407239980842803,0.0,0.0,-1099.8265035451327,1132.625,32.798496454867156,0.0,32.798496454867156
radiation,sun,5335.0,88.916667,301.0416883067015,270.0,1.0,1000.0,0.0,0.0,-209.5629587543394,212.5,2.9370412456605948,0.0,2.9370412456605948,0.0,0.0,-1100.8743183389042,1133.6875,32.813181661095456,0.0,32.813181661095456
radiation,sun,5340.0,89.0,301.0421539198901,270.0,1.0,1000.0,0.0,0.0,-209.56663691184602,212.5,2.933363088153982,0.0,2.933363088153982,0.0,0.0,-1101.9221515234635,1134.75,32.827848476536225,0.0,32.827848476536225
radiation,sun,5345.0,89.083333,301.0426189499726,270.0,1.0,1000.0,0.0,0.0,-209.57031048012615,212.5,2.929689519873847,0.0,2.929689519873847,0.0,0.0,-1102.9700030758643,1135.8125,32.842496924135595,0.0,32.842496924135595
radiation,sun,5350.0,89.166667,301.0430833976766,270.0,1.0,1000.0,0.0,0.0,-209.57397946486248,212.5,2.926020535137525,0.0,2.926020535137525,0.0,0.0,-1104.0178729731886,1136.875,32.85712702681128,0.0,32.85712702681128
radiation,sun,5355.0,89.25,301.04354726372867,270.0,1.0,1000.0,0.0,0.0,-209.57764387173148,212.5,2.922356128268518,0.0,2.922356128268518,0.0,0.0,-1105.0657611925471,1137.9375,32.87173880745262,0.0,32.87173880745262
radiation,sun,5360.0,89.333333,301.04401054885466,270.0,1.0,1000.0,0.0,0.0,-209.5813037064027,212.5,2.918696293597293,0.0,2.918696293597293,0.0,0.0,-1106.1136677110792,1139.0,32.88633228892061,0.0,32.88633228892061
radiation,sun,5365.0,89.416667,301.04447325377936,270.0,1.0,1000.0,0.0,0.0,-209.58495897453895,212.5,2.9150410254610506,0.0,2.9150410254610506,0.0,0.0,-1107.1615925059518,1140.0625,32.90090749404792,0.0,32.90090749404792
radiation,sun,5370.0,89.5,301.0449353792267,270.0,1.0,1000.0,0.0,0.0,-209.58860968179553,212.5,2.911390318204468,0.0,2.911390318204468,0.0,0.0,-1108.2095355543609,1141.125,32.915464445638946,0.0,32.915464445638946
radiation,sun,5375.0,89.583333,301.0453969259197,270.0,1.0,1000.0,0.0,0.0,-209.5922558338206,212.5,2.9077441661794126,0.0,2.9077441661794126,0.0,0.0,-1109.25749683353,1142.1875,32.93000316646984,0.0,32.93000316646984
radiation,sun,5380.0,89.666667,301.0458578945806,270.0,1.0,1000.0,0.0,0.0,-209.59589743625648,212.5,2.904102563743521,0.0,2.904102563743521,0.0,0.0,-1110.3054763207113,1143.25,32.94452367928856,0.0,32.94452367928856
radiation,sun,5385.0,89.75,301.0463182859306,270.0,1.0,1000.0,0.0,0.0,-209.59953449473784,212.5,2.9004655052621615,0.0,2.9004655052621615,0.0,0.0,-1111.353473993185,1144.3125,32.95902600681487,0.0,32.95902600681487
radiation,sun,5390.0,89.833333,301.0467781006902,270.0,1.0,1000.0,0.0,0.0,-209.60316701489293,212.5,2.8968329851070678,0.0,2.8968329851070678,0.0,0.0,-1112.4014898282594,1145.375,32.973510171740394,0.0,32.973510171740394
radiation,sun,5395.0,89.916667,301.0472373395787,270.0,1.0,1000.0,0.0,0.0,-209.60679500234303,212.5,2.893204997656966,0.0,2.893204997656966,0.0,0.0,-1113.4495238032712,1146.4375,32.98797619672868,0.0,32.98797619672868
radiation,sun,5400.0,90.0,301.0476960033148,270.0,1.0,1000.0,0.0,0.0,-209.6104184627023,212.5,2.889581537297687,0.0,2.889581537297687,0.0,0.0,-1114.4975758955848,1147.5,33.00242410441517,0.0,33.00242410441517
radiation,sun,5405.0,90.083333,301.04815409261613,270.0,1.0,1000.0,0.0,0.0,-209.614037401578,212.5,2.8859625984219974,0.0,2.8859625984219974,0.0,0.0,-1115.5456460825924,1148.5625,33.01685391740728,0.0,33.01685391740728
radiation,sun,5410.0,90.166667,301.0486116081995,270.0,1.0,1000.0,0.0,0.0,-209.61765182457077,212.5,2.882348175429229,0.0,2.882348175429229,0.0,0.0,-1116.5937343417152,1149.625,33.031265658284426,0.0,33.031265658284426
radiation,sun,5415.0,90.25,301.0490685507809,270.0,1.0,1000.0,0.0,0.0,-209.6212617372743,212.5,2.8787382627257045,0.0,2.8787382627257045,0.0,0.0,-1117.6418406504015,1150.6875,33.045659349598054,0.0,33.045659349598054
radiation,sun,5420.0,90.333333,301.04952492107526,270.0,1.0,1000.0,0.0,0.0,-209.62486714527583,212.5,2.8751328547241712,0.0,2.8751328547241712,0.0,0.0,-1118.689964986128,1151.75,33.060035013871676,0.0,33.060035013871676
radiation,sun,5425.0,90.416667,301.04998071979685,270.0,1.0,1000.0,0.0,0.0,-209.62846805415535,212.5,2.8715319458446515,0.0,2.8715319458446515,0.0,0.0,-1119.738107326399,1152.8125,33.074392673600904,0.0,33.074392673600904
radiation,sun,5430.0,90.5,301.05043594765885,270.0,1.0,1000.0,0.0,0.0,-209.63206446948655,212.5,2.8679355305134493,0.0,2.8679355305134493,0.0,0.0,-1120.7862676487462,1153.875,33.08873235125347,0.0,33.08873235125347
radiation,sun,5435.0,90.583333,301.05089060537364,270.0,1.0,1000.0,0.0,0.0,-209.6356563968356,212.5,2.8643436031644,0.0,2.8643436031644,0.0,0.0,-1121.8344459307305,1154.9375,33.1030540692693,0.0,33.1030540692693
radiation,sun,5440.0,90.666667,301.0513446936527,270.0,1.0,1000.0,0.0,0.0,-209.63924384176207,212.5,2.8607561582379333,0.0,2.8607561582379333,0.0,0.0,-1122.8826421499393,1156.0,33.117357850060486,0.0,33.117357850060486
radiation,sun,5445.0,90.75,301.0517982132067,270.0,1.0,1000.0,0.0,0.0,-209.64282680981896,212.5,2.8571731901810438,0.0,2.8571731901810438,0.0,0.0,-1123.9308562839885,1157.0625,33.131643716011396,0.0,33.131643716011396
radiation,sun,5450.0,90.833333,301.05225116474537,270.0,1.0,1000.0,0.0,0.0,-209.6464053065529,212.5,2.853594693447093,0.0,2.853594693447093,0.0,0.0,-1124.9790883105213,1158.125,33.14591168947863,0.0,33.14591168947863
radiation,sun,5455.0,90.916667,301.0527035489775,270.0,1.0,1000.0,0.0,0.0,-209.64997933750283,212.5,2.8500206624971725,0.0,2.8500206624971725,0.0,0.0,-1126.0273382072087,1159.1875,33.160161792791115,0.0,33.160161792791115
radiation,sun,5460.0,91.0,301.0531553666111,270.0,1.0,1000.0,0.0,0.0,-209.65354890820132,212.5,2.8464510917986843,0.0,2.8464510917986843,0.0,0.0,-1127.0756059517498,1160.25,33.17439404825011,0.0,33.17439404825011
radiation,sun,5465.0,91.083333,301.05360661835334,270.0,1.0,1000.0,0.0,0.0,-209.6571140241747,212.5,2.842885975825311,0.0,2.842885975825311,0.0,0.0,-1128.1238915218705,1161.3125,33.18860847812923,0.0,33.18860847812923
radiation,sun,5470.0,91.166667,301.0540573049103,270.0,1.0,1000.0,0.0,0.0,-209.66067469094202,212.5,2.8393253090579833,0.0,2.8393253090579833,0.0,0.0,-1129.1721948953252,1162.375,33.20280510467452,0.0,33.20280510467452
radiation,sun,5475.0,91.25,301.05450742698747,270.0,1.0,1000.0,0.0,0.0,-209.66423091401515,212.5,2.8357690859848503,0.0,2.8357690859848503,0.0,0.0,-1130.2205160498952,1163.4375,33.21698395010444,0.0,33.21698395010444
radiation,sun,5480.0,91.333333,301.0549569852892,270.0,1.0,1000.0,0.0,0.0,-209.66778269890045,212.5,2.832217301099547,0.0,2.832217301099547,0.0,0.0,-1131.2688549633897,1164.5,33.23114503660994,0.0,33.23114503660994
radiation,sun,5485.0,91.416667,301.0554059805192,270.0,1.0,1000.0,0.0,0.0,-209.67133005109625,212.5,2.8286699489037517,0.0,2.8286699489037517,0.0,0.0,-1132.317211613645,1165.5625,33.24528838635445,0.0,33.24528838635445
radiation,sun,5490.0,91.5,301.05585441338013,270.0,1.0,1000.0,0.0,0.0,-209.67487297609534,212.5,2.825127023904656,0.0,2.825127023904656,0.0,0.0,-1133.3655859785254,1166.625,33.25941402147398,0.0,33.25941402147398
radiation,sun,5495.0,91.583333,301.05630228457386,270.0,1.0,1000.0,0.0,0.0,-209.678411479383,212.5,2.821588520617013,0.0,2.821588520617013,0.0,0.0,-1134.4139780359224,1167.6875,33.27352196407707,0.0,33.27352196407707
radiation,sun,5500.0,91.666667,301.05674959480143,270.0,1.0,1000.0,0.0,0.0,-209.68194556643792,212.5,2.8180544335620823,0.0,2.8180544335620823,0.0,0.0,-1135.4623877637548,1168.75,33.28761223624488,0.0,33.28761223624488
radiation,sun,5505.0,91.75,301.05719634476293,270.0,1.0,1000.0,0.0,0.0,-209.6854752427328,212.5,2.8145247572672076,0.0,2.8145247572672076,0.0,0.0,-1136.5108151399684,1169.8125,33.301684860031216,0.0,33.301684860031216
radiation,sun,5510.0,91.833333,301.0576425351576,270.0,1.0,1000.0,0.0,0.0,-209.68900051373276,212.5,2.810999486267235,0.0,2.810999486267235,0.0,0.0,-1137.5592601425371,1170.875,33.315739857462546,0.0,33.315739857462546
radiation,sun,5515.0,91.916667,301.0580881666838,270.0,1.0,1000.0,0.0,0.0,-209.69252138489642,212.5,2.8074786151035767,0.0,2.8074786151035767,0.0,0.0,-1138.6077227494616,1171.9375,33.329777250538065,0.0,33.329777250538065
radiation,sun,5520.0,92.0,301.0585332400391,270.0,1.0,1000.0,0.0,0.0,-209.69603786167585,212.5,2.8039621383241524,0.0,2.8039621383241524,0.0,0.0,-1139.6562029387699,1173.0,33.34379706122969,0.0,33.34379706122969
radiation,sun,5525.0,92.083333,301.0589777559201,270.0,1.0,1000.0,0.0,0.0,-209.69954994951706,212.5,2.8004500504829366,0.0,2.8004500504829366,0.0,0.0,-1140.7047006885175,1174.0625,33.3577993114821,0.0,33.3577993114821
radiation,sun,5530.0,92.166667,301.05942171502267,270.0,1.0,1000.0,0.0,0.0,-209.70305765385848,212.5,2.7969423461415204,0.0,2.7969423461415204,0.0,0.0,-1141.7532159767868,1175.125,33.371784023212804,0.0,33.371784023212804
radiation,sun,5535.0,92.25,301.05986511804167,270.0,1.0,1000.0,0.0,0.0,-209.70656098013205,212.5,2.7934390198679466,0.0,2.7934390198679466,0.0,0.0,-1142.8017487816874,1176.1875,33.385751218312144,0.0,33.385751218312144
radiation,sun,5540.0,92.333333,301.06030796567126,270.0,1.0,1000.0,0.0,0.0,-209.7100599337636,212.5,2.7899400662363973,0.0,2.7899400662363973,0.0,0.0,-1143.8502990813563,1177.25,33.399700918643326,0.0,33.399700918643326
radiation,sun,5545.0,92.416667,301.06075025860457,270.0,1.0,1000.0,0.0,0.0,-209.71355452017244,212.5,2.786445479827563,0.0,2.786445479827563,0.0,0.0,-1144.898866853957,1178.3125,33.413633146042464,0.0,33.413633146042464
radiation,sun,5550.0,92.5,301.06119199753397,270.0,1.0,1000.0,0.0,0.0,-209.71704474477036,212.5,2.7829552552296377,0.0,2.7829552552296377,0.0,0.0,-1145.947452077681,1179.375,33.42754792231861,0.0,33.42754792231861
radiation,sun,5555.0,92.583333,301.06163318315095,270.0,1.0,1000.0,0.0,0.0,-209.72053061296313,212.5,2.779469387036869,0.0,2.779469387036869,0.0,0.0,-1146.9960547307458,1180.4375,33.4414452692538,0.0,33.4414452692538
radiation,sun,5560.0,92.666667,301.06207381614615,270.0,1.0,1000.0,0.0,0.0,-209.72401213014976,212.5,2.7759878698502405,0.0,2.7759878698502405,0.0,0.0,-1148.0446747913966,1181.5,33.45532520860305,0.0,33.45532520860305
radiation,sun,5565.0,92.75,301.0625138972094,270.0,1.0,1000.0,0.0,0.0,-209.72748930172295,212.5,2.7725106982770455,0.0,2.7725106982770455,0.0,0.0,-1149.0933122379051,1182.5625,33.469187762094435,0.0,33.469187762094435
radiation,sun,5570.0,92.833333,301.0629534270295,270.0,1.0,1000.0,0.0,0.0,-209.73096213306866,212.5,2.769037866931342,0.0,2.769037866931342,0.0,0.0,-1150.1419670485705,1183.625,33.483032951429095,0.0,33.483032951429095
radiation,sun,5575.0,92.916667,301.06339240629467,270.0,1.0,1000.0,0.0,0.0,-209.73443062956596,212.5,2.7655693704340365,0.0,2.7655693704340365,0.0,0.0,-1151.1906392017183,1184.6875,33.49686079828126,0.0,33.49686079828126
radiation,sun,5580.0,93.0,301.06383083569204,270.0,1.0,1000.0,0.0,0.0,-209.73789479658765,212.5,2.7621052034123466,0.0,2.7621052034123466,0.0,0.0,-1152.2393286757012,1185.75,33.51067132429832,0.0,33.51067132429832
radiation,sun,5585.0,93.083333,301.064268715908,270.0,1.0,1000.0,0.0,0.0,-209.74135463950014,212.5,2.7586453604998553,0.0,2.7586453604998553,0.0,0.0,-1153.2880354488989,1186.8125,33.52446455110082,0.0,33.52446455110082
radiation,sun,5590.0,93.166667,301.064706047628,270.0,1.0,1000.0,0.0,0.0,-209.74481016366275,212.5,2.7551898363372516,0.0,2.7551898363372516,0.0,0.0,-1154.3367594997171,1187.875,33.538240500282505,0.0,33.538240500282505
radiation,sun,5595.0,93.25,301.06514283153683,270.0,1.0,1000.0,0.0,0.0,-209.74826137442872,212.5,2.751738625571278,0.0,2.751738625571278,0.0,0.0,-1155.385500806589,1188.9375,33.55199919341036,0.0,33.55199919341036
radiation,sun,5600.0,93.333333,301.06557906831824,270.0,1.0,1000.0,0.0,0.0,-209.7517082771446,212.5,2.748291722855413,0.0,2.748291722855413,0.0,0.0,-1156.4342593479748,1190.0,33.56574065202464,0.0,33.56574065202464
radiation,sun,5605.0,93.416667,301.06601475865523,270.0,1.0,1000.0,0.0,0.0,-209.75515087715058,212.5,2.7448491228494163,0.0,2.7448491228494163,0.0,0.0,-1157.4830351023606,1191.0625,33.579464897638886,0.0,33.579464897638886
radiation,sun,5610.0,93.5,301.06644990322985,270.0,1.0,1000.0,0.0,0.0,-209.7585891797801,212.5,2.7414108202198975,0.0,2.7414108202198975,0.0,0.0,-1158.5318280482595,1192.125,33.59317195173998,0.0,33.59317195173998
radiation,sun,5615.0,93.583333,301.06688450272344,270.0,1.0,1000.0,0.0,0.0,-209.7620231903597,212.5,2.737976809640287,0.0,2.737976809640287,0.0,0.0,-1159.5806381642112,1193.1875,33.60686183578819,0.0,33.60686183578819
radiation,sun,5620.0,93.666667,301.0673185578164,270.0,1.0,1000.0,0.0,0.0,-209.76545291421024,212.5,2.7345470857897567,0.0,2.7345470857897567,0.0,0.0,-1160.6294654287824,1194.25,33.620534571217135,0.0,33.620534571217135
radiation,sun,5625.0,93.75,301.0677520691884,270.0,1.0,1000.0,0.0,0.0,-209.7688783566455,212.5,2.7311216433544985,0.0,2.7311216433544985,0.0,0.0,-1161.6783098205656,1195.3125,33.63419017943391,0.0,33.63419017943391
radiation,sun,5630.0,93.833333,301.06818503751805,270.0,1.0,1000.0,0.0,0.0,-209.77229952297319,212.5,2.727700477026815,0.0,2.727700477026815,0.0,0.0,-1162.7271713181804,1196.375,33.647828681819036,0.0,33.647828681819036
radiation,sun,5635.0,93.916667,301.06861746348335,270.0,1.0,1000.0,0.0,0.0,-209.77571641849391,212.5,2.7242835815060857,0.0,2.7242835815060857,0.0,0.0,-1163.776049900273,1197.4375,33.66145009972657,0.0,33.66145009972657
radiation,sun,5640.0,94.0,301.0690493477614,270.0,1.0,1000.0,0.0,0.0,-209.77912904850245,212.5,2.7208709514975453,0.0,2.7208709514975453,0.0,0.0,-1164.8249455455152,1198.5,33.67505445448406,0.0,33.67505445448406
radiation,sun,5645.0,94.083333,301.06948069102833,270.0,1.0,1000.0,0.0,0.0,-209.78253741828706,212.5,2.7174625817129368,0.0,2.7174625817129368,0.0,0.0,-1165.8738582326066,1199.5625,33.688641767392625,0.0,33.688641767392625
radiation,sun,5650.0,94.166667,301.0699114939596,270.0,1.0,1000.0,0.0,0.0,-209.78594153312878,212.5,2.714058466871222,0.0,2.714058466871222,0.0,0.0,-1166.9227879402724,1200.625,33.70221205972698,0.0,33.70221205972698
radiation,sun,5655.0,94.25,301.0703417572297,270.0,1.0,1000.0,0.0,0.0,-209.78934139830298,212.5,2.7106586016970198,0.0,2.7106586016970198,0.0,0.0,-1167.9717346472637,1201.6875,33.715765352735474,0.0,33.715765352735474
radiation,sun,5660.0,94.333333,301.0707714815124,270.0,1.0,1000.0,0.0,0.0,-209.7927370190784,212.5,2.7072629809215982,0.0,2.7072629809215982,0.0,0.0,-1169.0206983323592,1202.75,33.72930166764008,0.0,33.72930166764008
radiation,sun,5665.0,94.416667,301.0712006674805,270.0,1.0,1000.0,0.0,0.0,-209.79612840071712,212.5,2.703871599282877,0.0,2.703871599282877,0.0,0.0,-1170.0696789743627,1203.8125,33.742821025636495,0.0,33.742821025636495
radiation,sun,5670.0,94.5,301.07162931580615,270.0,1.0,1000.0,0.0,0.0,-209.79951554847483,212.5,2.7004844515251705,0.0,2.7004844515251705,0.0,0.0,-1171.118676552105,1204.875,33.756323447894125,0.0,33.756323447894125
radiation,sun,5675.0,94.583333,301.0720574271605,270.0,1.0,1000.0,0.0,0.0,-209.80289846760098,212.5,2.6971015323990173,0.0,2.6971015323990173,0.0,0.0,-1172.167691044443,1205.9375,33.769808955556115,0.0,33.769808955556115
radiation,sun,5680.0,94.666667,301.0724850022139,270.0,1.0,1000.0,0.0,0.0,-209.8062771633385,212.5,2.693722836661493,0.0,2.693722836661493,0.0,0.0,-1173.2167224302598,1207.0,33.783277569739425,0.0,33.783277569739425
radiation,sun,5685.0,94.75,301.07291204163596,270.0,1.0,1000.0,0.0,0.0,-209.80965164092416,212.5,2.6903483590758412,0.0,2.6903483590758412,0.0,0.0,-1174.2657706884645,1208.0625,33.7967293115348,0.0,33.7967293115348
radiation,sun,5690.0,94.833333,301.0733385460954,270.0,1.0,1000.0,0.0,0.0,-209.81302190558773,212.5,2.686978094412268,0.0,2.686978094412268,0.0,0.0,-1175.3148357979924,1209.125,33.81016420200686,0.0,33.81016420200686
radiation,sun,5695.0,94.916667,301.07376451626004,270.0,1.0,1000.0,0.0,0.0,-209.8163879625533,212.5,2.683612037446693,0.0,2.683612037446693,0.0,0.0,-1176.363917737805,1210.1875,33.823582262194094,0.0,33.823582262194094
radiation,sun,5700.0,95.0,301.07418995279704,270.0,1.0,1000.0,0.0,0.0,-209.819749817038,212.5,2.6802501829619985,0.0,2.6802501829619985,0.0,0.0,-1177.4130164868902,1211.25,33.836983513108905,0.0,33.836983513108905
radiation,sun,5705.0,95.083333,301.07461485637253,270.0,1.0,1000.0,0.0,0.0,-209.82310747425316,212.5,2.676892525746837,0.0,2.676892525746837,0.0,0.0,-1178.4621320242613,1212.3125,33.85036797573764,0.0,33.85036797573764
radiation,sun,5710.0,95.166667,301.075039227652,270.0,1.0,1000.0,0.0,0.0,-209.82646093940278,212.5,2.6735390605972214,0.0,2.6735390605972214,0.0,0.0,-1179.5112643289585,1213.375,33.86373567104062,0.0,33.86373567104062
radiation,sun,5715.0,95.25,301.07546306729995,270.0,1.0,1000.0,0.0,0.0,-209.8298102176855,212.5,2.670189782314509,0.0,2.670189782314509,0.0,0.0,-1180.5604133800468,1214.4375,33.8770866199522,0.0,33.8770866199522
radiation,sun,5720.0,95.333333,301.07588637598025,270.0,1.0,1000.0,0.0,0.0,-209.83315531429307,212.5,2.666844685706934,0.0,2.666844685706934,0.0,0.0,-1181.6095791566183,1215.5,33.89042084338074,0.0,33.89042084338074
radiation,sun,5725.0,95.416667,301.0763091543557,270.0,1.0,1000.0,0.0,0.0,-209.8364962344114,212.5,2.6635037655885867,0.0,2.6635037655885867,0.0,0.0,-1182.6587616377903,1216.5625,33.90373836220868,0.0,33.90373836220868
radiation,sun,5730.0,95.5,301.07673140308856,270.0,1.0,1000.0,0.0,0.0,-209.83983298321905,212.5,2.660167016780946,0.0,2.660167016780946,0.0,0.0,-1183.7079608027063,1217.625,33.91703919729259,0.0,33.91703919729259
radiation,sun,5735.0,95.583333,301.07715312284,270.0,1.0,1000.0,0.0,0.0,-209.84316556588936,212.5,2.6568344341106354,0.0,2.6568344341106354,0.0,0.0,-1184.757176630536,1218.6875,33.93032336946314,0.0,33.93032336946314
radiation,sun,5740.0,95.666667,301.0775743142705,270.0,1.0,1000.0,0.0,0.0,-209.84649398758856,212.5,2.653506012411441,0.0,2.653506012411441,0.0,0.0,-1185.806409100474,1219.75,33.9435908995252,0.0,33.9435908995252
radiation,sun,5745.0,95.75,301.0779949780398,270.0,1.0,1000.0,0.0,0.0,-209.8498182534768,212.5,2.6501817465232023,0.0,2.6501817465232023,0.0,0.0,-1186.8556581917412,1220.8125,33.95684180825781,0.0,33.95684180825781
radiation,sun,5750.0,95.833333,301.07841511480666,270.0,1.0,1000.0,0.0,0.0,-209.8531383687081,212.5,2.646861631291898,0.0,2.646861631291898,0.0,0.0,-1187.9049238835848,1221.875,33.970076116414276,0.0,33.970076116414276
radiation,sun,5755.0,95.916667,301.0788347252291,270.0,1.0,1000.0,0.0,0.0,-209.8564543384304,212.5,2.64354566156959,0.0,2.64354566156959,0.0,0.0,-1188.9542061552768,1222.9375,33.98329384472213,0.0,33.98329384472213
radiation,sun,5760.0,96.0,301.07925380996437,270.0,1.0,1000.0,0.0,0.0,-209.85976616778453,212.5,2.640233832215472,0.0,2.640233832215472,0.0,0.0,-1190.0035049861158,1224.0,33.9964950138832,0.0,33.9964950138832
radiation,sun,5765.0,96.083333,301.07967236966886,270.0,1.0,1000.0,0.0,0.0,-209.86307386190566,212.5,2.6369261380943385,0.0,2.6369261380943385,0.0,0.0,-1191.0528203554254,1225.0625,34.009679644573666,0.0,34.009679644573666
radiation,sun,5770.0,96.166667,301.0800904049981,270.0,1.0,1000.0,0.0,0.0,-209.86637742592293,212.5,2.633622574077066,0.0,2.633622574077066,0.0,0.0,-1192.1021522425551,1226.125,34.022847757444055,0.0,34.022847757444055
radiation,sun,5775.0,96.25,301.08050791660685,270.0,1.0,1000.0,0.0,0.0,-209.86967686495825,212.5,2.630323135041749,0.0,2.630323135041749,0.0,0.0,-1193.1515006268799,1227.1875,34.03599937311927,0.0,34.03599937311927
radiation,sun,5780.0,96.333333,301.08092490514906,270.0,1.0,1000.0,0.0,0.0,-209.872972184128,212.5,2.6270278158719975,0.0,2.6270278158719975,0.0,0.0,-1194.2008654878005,1228.25,34.04913451219862,0.0,34.04913451219862
radiation,sun,5785.0,96.416667,301.08134137127786,270.0,1.0,1000.0,0.0,0.0,-209.876263388542,212.5,2.623736611458014,0.0,2.623736611458014,0.0,0.0,-1195.250246804743,1229.3125,34.06225319525591,0.0,34.06225319525591
radiation,sun,5790.0,96.5,301.0817573156456,270.0,1.0,1000.0,0.0,0.0,-209.8795504833039,212.5,2.6204495166961124,0.0,2.6204495166961124,0.0,0.0,-1196.2996445571596,1230.375,34.075355442839395,0.0,34.075355442839395
radiation,sun,5795.0,96.583333,301.08217273890375,270.0,1.0,1000.0,0.0,0.0,-209.8828334735111,212.5,2.6171665264888873,0.0,2.6171665264888873,0.0,0.0,-1197.3490587245271,1231.4375,34.088441275471844,0.0,34.088441275471844
radiation,sun,5800.0,96.666667,301.08258764170307,270.0,1.0,1000.0,0.0,0.0,-209.88611236425504,212.5,2.613887635744959,0.0,2.613887635744959,0.0,0.0,-1198.3984892863484,1232.5,34.10151071365057,0.0,34.10151071365057
radiation,sun,5805.0,96.75,301.0830020246934,270.0,1.0,1000.0,0.0,0.0,-209.88938716062052,212.5,2.6106128393794847,0.0,2.6106128393794847,0.0,0.0,-1199.4479362221516,1233.5625,34.114563777847465,0.0,34.114563777847465
radiation,sun,5810.0,96.833333,301.083415888524,270.0,1.0,1000.0,0.0,0.0,-209.89265786768618,212.5,2.6073421323138177,0.0,2.6073421323138177,0.0,0.0,-1200.4973995114901,1234.625,34.12760048850903,0.0,34.12760048850903
radiation,sun,5815.0,96.916667,301.08382923384295,270.0,1.0,1000.0,0.0,0.0,-209.895924490525,212.5,2.6040755094749954,0.0,2.6040755094749954,0.0,0.0,-1201.5468791339426,1235.6875,34.14062086605641,0.0,34.14062086605641
radiation,sun,5820.0,97.0,301.08424206129786,270.0,1.0,1000.0,0.0,0.0,-209.89918703420295,212.5,2.600812965797047,0.0,2.600812965797047,0.0,0.0,-1202.5963750691135,1236.75,34.15362493088539,0.0,34.15362493088539
radiation,sun,5825.0,97.083333,301.08465437153535,270.0,1.0,1000.0,0.0,0.0,-209.9024455037803,212.5,2.5975544962196864,0.0,2.5975544962196864,0.0,0.0,-1203.6458872966325,1237.8125,34.166612703366496,0.0,34.166612703366496
radiation,sun,5830.0,97.166667,301.08506616520134,270.0,1.0,1000.0,0.0,0.0,-209.90569990431067,212.5,2.5943000956893343,0.0,2.5943000956893343,0.0,0.0,-1204.6954157961538,1238.875,34.17958420384494,0.0,34.17958420384494
radiation,sun,5835.0,97.25,301.0854774429409,270.0,1.0,1000.0,0.0,0.0,-209.90895024084205,212.5,2.591049759157954,0.0,2.591049759157954,0.0,0.0,-1205.7449605473582,1239.9375,34.19253945264073,0.0,34.19253945264073
radiation,sun,5840.0,97.333333,301.0858882053983,270.0,1.0,1000.0,0.0,0.0,-209.9121965184158,212.5,2.5878034815841886,0.0,2.5878034815841886,0.0,0.0,-1206.7945215299505,1241.0,34.205478470048654,0.0,34.205478470048654
radiation,sun,5845.0,97.416667,301.086298453217,270.0,1.0,1000.0,0.0,0.0,-209.91543874206786,212.5,2.584561257932137,0.0,2.584561257932137,0.0,0.0,-1207.8440987236606,1242.0625,34.21840127633831,0.0,34.21840127633831
radiation,sun,5850.0,97.5,301.08670818703973,270.0,1.0,1000.0,0.0,0.0,-209.91867691682668,212.5,2.5813230831733165,0.0,2.5813230831733165,0.0,0.0,-1208.893692108245,1243.125,34.23130789175418,0.0,34.23130789175418
radiation,sun,5855.0,97.583333,301.08711740750834,270.0,1.0,1000.0,0.0,0.0,-209.9219110477158,212.5,2.5780889522841903,0.0,2.5780889522841903,0.0,0.0,-1209.9433016634835,1244.1875,34.244198336515595,0.0,34.244198336515595
radiation,sun,5860.0,97.666667,301.0875261152639,270.0,1.0,1000.0,0.0,0.0,-209.92514113975207,212.5,2.5748588602479288,0.0,2.5748588602479288,0.0,0.0,-1210.9929273691823,1245.25,34.257072630816836,0.0,34.257072630816836
radiation,sun,5865.0,97.75,301.0879343109468,270.0,1.0,1000.0,0.0,0.0,-209.92836719794624,212.5,2.571632802053756,0.0,2.571632802053756,0.0,0.0,-1212.042569205172,1246.3125,34.26993079482711,0.0,34.26993079482711
radiation,sun,5870.0,97.833333,301.08834199519646,270.0,1.0,1000.0,0.0,0.0,-209.93158922730333,212.5,2.568410772696666,0.0,2.568410772696666,0.0,0.0,-1213.0922271513084,1247.375,34.28277284869059,0.0,34.28277284869059
radiation,sun,5875.0,97.916667,301.0887491686516,270.0,1.0,1000.0,0.0,0.0,-209.93480723282138,212.5,2.5651927671786154,0.0,2.5651927671786154,0.0,0.0,-1214.1419011874725,1248.4375,34.295598812526485,0.0,34.295598812526485
radiation,sun,5880.0,98.0,301.0891558319501,270.0,1.0,1000.0,0.0,0.0,-209.9380212194931,212.5,2.561978780506905,0.0,2.561978780506905,0.0,0.0,-1215.19159129357,1249.5,34.30840870642902,0.0,34.30840870642902
radiation,sun,5885.0,98.083333,301.0895619857291,270.0,1.0,1000.0,0.0,0.0,-209.94123119230466,212.5,2.558768807695344,0.0,2.558768807695344,0.0,0.0,-1216.2412974495314,1250.5625,34.3212025504675,0.0,34.3212025504675
radiation,sun,5890.0,98.166667,301.089967630625,270.0,1.0,1000.0,0.0,0.0,-209.94443715623612,212.5,2.55556284376388,0.0,2.55556284376388,0.0,0.0,-1217.2910196353128,1251.625,34.33398036468631,0.0,34.33398036468631
radiation,sun,5895.0,98.25,301.0903727672732,270.0,1.0,1000.0,0.0,0.0,-209.94763911626188,212.5,2.5523608837381175,0.0,2.5523608837381175,0.0,0.0,-1218.340757830894,1252.6875,34.346742169105006,0.0,34.346742169105006
radiation,sun,5900.0,98.333333,301.09077739630857,270.0,1.0,1000.0,0.0,0.0,-209.95083707734958,212.5,2.5491629226504244,0.0,2.5491629226504244,0.0,0.0,-1219.3905120162808,1253.75,34.35948798371825,0.0,34.35948798371825
radiation,sun,5905.0,98.416667,301.091181518365,270.0,1.0,1000.0,0.0,0.0,-209.95403104446135,212.5,2.5459689555386547,0.0,2.5459689555386547,0.0,0.0,-1220.4402821715032,1254.8125,34.37221782849594,0.0,34.37221782849594
radiation,sun,5910.0,98.5,301.0915851340757,270.0,1.0,1000.0,0.0,0.0,-209.95722102255266,212.5,2.542778977447341,0.0,2.542778977447341,0.0,0.0,-1221.490068276616,1255.875,34.38493172338318,0.0,34.38493172338318
radiation,sun,5915.0,98.583333,301.09198824407304,270.0,1.0,1000.0,0.0,0.0,-209.96040701657375,212.5,2.539592983426246,0.0,2.539592983426246,0.0,0.0,-1222.539870311699,1256.9375,34.39762968830031,0.0,34.39762968830031
radiation,sun,5920.0,98.666667,301.09239084898866,270.0,1.0,1000.0,0.0,0.0,-209.96358903146822,212.5,2.536410968531783,0.0,2.536410968531783,0.0,0.0,-1223.5896882568563,1258.0,34.41031174314298,0.0,34.41031174314298
radiation,sun,5925.0,98.75,301.0927929494534,270.0,1.0,1000.0,0.0,0.0,-209.9667670721736,212.5,2.53323292782639,0.0,2.53323292782639,0.0,0.0,-1224.639522092217,1259.0625,34.422977907782105,0.0,34.422977907782105
radiation,sun,5930.0,98.833333,301.09319454609727,270.0,1.0,1000.0,0.0,0.0,-209.96994114362175,212.5,2.530058856378247,0.0,2.530058856378247,0.0,0.0,-1225.6893717979353,1260.125,34.435628202064,0.0,34.435628202064
radiation,sun,5935.0,98.916667,301.0935956395495,270.0,1.0,1000.0,0.0,0.0,-209.97311125073824,212.5,2.526888749261758,0.0,2.526888749261758,0.0,0.0,-1226.7392373541888,1261.1875,34.44826264581031,0.0,34.44826264581031
radiation,sun,5940.0,99.0,301.0939962304386,270.0,1.0,1000.0,0.0,0.0,-209.97627739844225,212.5,2.5237226015577505,0.0,2.5237226015577505,0.0,0.0,-1227.7891187411813,1262.25,34.460881258818105,0.0,34.460881258818105
radiation,sun,5945.0,99.083333,301.09439631939233,270.0,1.0,1000.0,0.0,0.0,-209.97943959164746,212.5,2.5205604083525373,0.0,2.5205604083525373,0.0,0.0,-1228.8390159391395,1263.3125,34.47348406085987,0.0,34.47348406085987
radiation,sun,5950.0,99.166667,301.0947959070375,270.0,1.0,1000.0,0.0,0.0,-209.98259783526174,212.5,2.5174021647382574,0.0,2.5174021647382574,0.0,0.0,-1229.8889289283159,1264.375,34.48607107168356,0.0,34.48607107168356
radiation,sun,5955.0,99.25,301.09519499400034,270.0,1.0,1000.0,0.0,0.0,-209.98575213418604,212.5,2.5142478658139567,0.0,2.5142478658139567,0.0,0.0,-1230.9388576889867,1265.4375,34.498642311012624,0.0,34.498642311012624
radiation,sun,5960.0,99.333333,301.09559358090615,270.0,1.0,1000.0,0.0,0.0,-209.9889024933163,212.5,2.5110975066837113,0.0,2.5110975066837113,0.0,0.0,-1231.9888022014534,1266.5,34.51119779854605,0.0,34.51119779854605
radiation,sun,5965.0,99.416667,301.09599166837955,270.0,1.0,1000.0,0.0,0.0,-209.9920489175416,212.5,2.5079510824583906,0.0,2.5079510824583906,0.0,0.0,-1233.038762446041,1267.5625,34.523737553958334,0.0,34.523737553958334
radiation,sun,5970.0,99.5,301.09638925704434,270.0,1.0,1000.0,0.0,0.0,-209.99519141174576,212.5,2.5048085882542352,0.0,2.5048085882542352,0.0,0.0,-1234.0887384030998,1268.625,34.536261596899614,0.0,34.536261596899614
radiation,sun,5975.0,99.583333,301.09678634752356,270.0,1.0,1000.0,0.0,0.0,-209.99832998080598,212.5,2.501670019194023,0.0,2.501670019194023,0.0,0.0,-1235.1387300530039,1269.6875,34.548769946995584,0.0,34.548769946995584
radiation,sun,5980.0,99.666667,301.0971829404395,270.0,1.0,1000.0,0.0,0.0,-210.0014646295941,212.5,2.4985353704059037,0.0,2.4985353704059037,0.0,0.0,-1236.188737376152,1270.75,34.56126262384762,0.0,34.56126262384762
radiation,sun,5985.0,99.75,301.0975790364136,270.0,1.0,1000.0,0.0,0.0,-210.00459536297558,212.5,2.4954046370244214,0.0,2.4954046370244214,0.0,0.0,-1237.2387603529667,1271.8125,34.57373964703274,0.0,34.57373964703274
radiation,sun,5990.0,99.833333,301.0979746360666,270.0,1.0,1000.0,0.0,0.0,-210.00772218580994,212.5,2.492277814190061,0.0,2.492277814190061,0.0,0.0,-1238.2887989638957,1272.875,34.58620103610369,0.0,34.58620103610369
radiation,sun,5995.0,99.916667,301.09836974001854,270.0,1.0,1000.0,0.0,0.0,-210.0108451029508,212.5,2.4891548970491897,0.0,2.4891548970491897,0.0,0.0,-1239.3388531894104,1273.9375,34.59864681058894,0.0,34.59864681058894
radiation,sun,6000.0,100.0,301.0987643488885,270.0,1.0,1000.0,0.0,0.0,-210.0139641192463,212.5,2.4860358807536898,0.0,2.4860358807536898,0.0,0.0,-1240.3889230100065,1275.0,34.6110769899927,0.0,34.6110769899927
radiation,sun,6005.0,100.083333,301.09915846329494,270.0,1.0,1000.0,0.0,0.0,-210.01707923953785,212.5,2.48292076046215,0.0,2.48292076046215,0.0,0.0,-1241.4390084062043,1276.0625,34.623491593795016,0.0,34.623491593795016
radiation,sun,6010.0,100.166667,301.0995520838555,270.0,1.0,1000.0,0.0,0.0,-210.02019046866158,212.5,2.479809531338418,0.0,2.479809531338418,0.0,0.0,-1242.4891093585475,1277.125,34.6358906414517,0.0,34.6358906414517
radiation,sun,6015.0,100.25,301.099945211187,270.0,1.0,1000.0,0.0,0.0,-210.02329781144704,212.5,2.476702188552963,0.0,2.476702188552963,0.0,0.0,-1243.5392258476047,1278.1875,34.64827415239447,0.0,34.64827415239447
radiation,sun,6020.0,100.333333,301.1003378459056,270.0,1.0,1000.0,0.0,0.0,-210.02640127271823,212.5,2.473598727281768,0.0,2.473598727281768,0.0,0.0,-1244.589357853968,1279.25,34.66064214603088,0.0,34.66064214603088
radiation,sun,6025.0,100.416667,301.10072998862665,270.0,1.0,1000.0,0.0,0.0,-210.02950085729321,212.5,2.4704991427067853,0.0,2.4704991427067853,0.0,0.0,-1245.6395053582546,1280.3125,34.67299464174441,0.0,34.67299464174441
radiation,sun,6030.0,100.5,301.10112163996473,270.0,1.0,1000.0,0.0,0.0,-210.03259656998458,212.5,2.4674034300154233,0.0,2.4674034300154233,0.0,0.0,-1246.6896683411044,1281.375,34.68533165889449,0.0,34.68533165889449
radiation,sun,6035.0,100.583333,301.10151280053367,270.0,1.0,1000.0,0.0,0.0,-210.03568841559812,212.5,2.4643115844018837,0.0,2.4643115844018837,0.0,0.0,-1247.7398467831824,1282.4375,34.6976532168165,0.0,34.6976532168165
radiation,sun,6040.0,100.666667,301.1019034709465,270.0,1.0,1000.0,0.0,0.0,-210.03877639893452,212.5,2.461223601065484,0.0,2.461223601065484,0.0,0.0,-1248.790040665177,1283.5,34.709959334821825,0.0,34.709959334821825
radiation,sun,6045.0,100.75,301.1022936518156,270.0,1.0,1000.0,0.0,0.0,-210.04186052478818,212.5,2.458139475211823,0.0,2.458139475211823,0.0,0.0,-1249.840249967801,1284.5625,34.72225003219789,0.0,34.72225003219789
radiation,sun,6050.0,100.833333,301.10268334375246,270.0,1.0,1000.0,0.0,0.0,-210.04494079794804,212.5,2.455059202051956,0.0,2.455059202051956,0.0,0.0,-1250.8904746717906,1285.625,34.73452532820815,0.0,34.73452532820815
radiation,sun,6055.0,100.916667,301.10307254736784,270.0,1.0,1000.0,0.0,0.0,-210.04801722319658,212.5,2.451982776803419,0.0,2.451982776803419,0.0,0.0,-1251.9407147579066,1286.6875,34.746785242092166,0.0,34.746785242092166
radiation,sun,6060.0,101.0,301.10346126327175,270.0,1.0,1000.0,0.0,0.0,-210.0510898053108,212.5,2.448910194689205,0.0,2.448910194689205,0.0,0.0,-1252.990970206933,1287.75,34.75902979306561,0.0,34.75902979306561
radiation,sun,6065.0,101.083333,301.1038494920735,270.0,1.0,1000.0,0.0,0.0,-210.0541585490614,212.5,2.4458414509385875,0.0,2.4458414509385875,0.0,0.0,-1254.0412409996784,1288.8125,34.7712590003203,0.0,34.7712590003203
radiation,sun,6070.0,101.166667,301.10423723438157,270.0,1.0,1000.0,0.0,0.0,-210.057223459214,212.5,2.4427765407860136,0.0,2.4427765407860136,0.0,0.0,-1255.0915271169742,1289.875,34.78347288302423,0.0,34.78347288302423
radiation,sun,6075.0,101.25,301.1046244908037,270.0,1.0,1000.0,0.0,0.0,-210.0602845405279,212.5,2.4397154594720973,0.0,2.4397154594720973,0.0,0.0,-1256.141828539677,1290.9375,34.79567146032159,0.0,34.79567146032159
radiation,sun,6080.0,101.333333,301.1050112619469,270.0,1.0,1000.0,0.0,0.0,-210.0633417977563,212.5,2.4366582022437058,0.0,2.4366582022437058,0.0,0.0,-1257.1921452486656,1292.0,34.80785475133282,0.0,34.80785475133282
radiation,sun,6085.0,101.416667,301.10539754841744,270.0,1.0,1000.0,0.0,0.0,-210.06639523564726,212.5,2.4336047643527365,0.0,2.4336047643527365,0.0,0.0,-1258.2424772248442,1293.0625,34.820022775154584,0.0,34.820022775154584
radiation,sun,6090.0,101.5,301.1057833508208,270.0,1.0,1000.0,0.0,0.0,-210.06944485894246,212.5,2.430555141057539,0.0,2.430555141057539,0.0,0.0,-1259.2928244491386,1294.125,34.83217555085987,0.0,34.83217555085987
radiation,sun,6095.0,101.583333,301.1061686697617,270.0,1.0,1000.0,0.0,0.0,-210.0724906723781,212.5,2.427509327621891,0.0,2.427509327621891,0.0,0.0,-1260.3431869025007,1295.1875,34.84431309749798,0.0,34.84431309749798
radiation,sun,6100.0,101.666667,301.10655350584415,270.0,1.0,1000.0,0.0,0.0,-210.07553268068446,212.5,2.4244673193155393,0.0,2.4244673193155393,0.0,0.0,-1261.3935645659042,1296.25,34.85643543409456,0.0,34.85643543409456
radiation,sun,6105.0,101.75,301.10693785967135,270.0,1.0,1000.0,0.0,0.0,-210.07857088858592,212.5,2.421429111414085,0.0,2.421429111414085,0.0,0.0,-1262.443957420347,1297.3125,34.86854257965163,0.0,34.86854257965163
radiation,sun,6110.0,101.833333,301.10732173184584,270.0,1.0,1000.0,0.0,0.0,-210.0816053008009,212.5,2.418394699199098,0.0,2.418394699199098,0.0,0.0,-1263.4943654468511,1298.375,34.88063455314762,0.0,34.88063455314762
radiation,sun,6115.0,101.916667,301.1077051229693,270.0,1.0,1000.0,0.0,0.0,-210.08463592204276,212.5,2.4153640779572356,0.0,2.4153640779572356,0.0,0.0,-1264.5447886264612,1299.4375,34.892711373537416,0.0,34.892711373537416
radiation,sun,6120.0,102.0,301.1080880336428,270.0,1.0,1000.0,0.0,0.0,-210.08766275701805,212.5,2.4123372429819483,0.0,2.4123372429819483,0.0,0.0,-1265.5952269402462,1300.5,34.90477305975232,0.0,34.90477305975232
radiation,sun,6125.0,102.083333,301.1084704644665,270.0,1.0,1000.0,0.0,0.0,-210.09068581042837,212.5,2.4093141895716315,0.0,2.4093141895716315,0.0,0.0,-1266.6456803692984,1301.5625,34.91681963070018,0.0,34.91681963070018
radiation,sun,6130.0,102.166667,301.10885241604,270.0,1.0,1000.0,0.0,0.0,-210.09370508696927,212.5,2.4062949130307345,0.0,2.4062949130307345,0.0,0.0,-1267.6961488947334,1302.625,34.92885110526534,0.0,34.92885110526534
radiation,sun,6135.0,102.25,301.109233888962,270.0,1.0,1000.0,0.0,0.0,-210.0967205913308,212.5,2.403279408669192,0.0,2.403279408669192,0.0,0.0,-1268.74663249769,1303.6875,34.94086750230869,0.0,34.94086750230869
radiation,sun,6140.0,102.333333,301.10961488383055,270.0,1.0,1000.0,0.0,0.0,-210.09973232819684,212.5,2.4002676718031637,0.0,2.4002676718031637,0.0,0.0,-1269.797131159331,1304.75,34.95286884066771,0.0,34.95286884066771
radiation,sun,6145.0,102.416667,301.1099954012429,270.0,1.0,1000.0,0.0,0.0,-210.10274030224545,212.5,2.3972596977545493,0.0,2.3972596977545493,0.0,0.0,-1270.8476448608424,1305.8125,34.964855139156484,0.0,34.964855139156484
radiation,sun,6150.0,102.5,301.11037544179555,270.0,1.0,1000.0,0.0,0.0,-210.10574451814958,212.5,2.394255481850422,0.0,2.394255481850422,0.0,0.0,-1271.898173583433,1306.875,34.976826416565736,0.0,34.976826416565736
radiation,sun,6155.0,102.583333,301.11075500608433,270.0,1.0,1000.0,0.0,0.0,-210.1087449805759,212.5,2.391255019424108,0.0,2.391255019424108,0.0,0.0,-1272.948717308336,1307.9375,34.98878269166286,0.0,34.98878269166286
radiation,sun,6160.0,102.666667,301.1111340947043,270.0,1.0,1000.0,0.0,0.0,-210.1117416941854,212.5,2.3882583058145883,0.0,2.3882583058145883,0.0,0.0,-1273.999276016807,1309.0,35.00072398319194,0.0,35.00072398319194
radiation,sun,6165.0,102.75,301.1115127082498,270.0,1.0,1000.0,0.0,0.0,-210.1147346636339,212.5,2.3852653363661034,0.0,2.3852653363661034,0.0,0.0,-1275.049849690125,1310.0625,35.01265030987377,0.0,35.01265030987377
radiation,sun,6170.0,102.833333,301.1118908473143,270.0,1.0,1000.0,0.0,0.0,-210.11772389357088,212.5,2.382276106429117,0.0,2.382276106429117,0.0,0.0,-1276.1004383095928,1311.125,35.02456169040591,0.0,35.02456169040591
radiation,sun,6175.0,102.916667,301.11226851249074,270.0,1.0,1000.0,0.0,0.0,-210.1207093886403,212.5,2.3792906113596928,0.0,2.3792906113596928,0.0,0.0,-1277.1510418565363,1312.1875,35.03645814346271,0.0,35.03645814346271
radiation,sun,6180.0,103.0,301.1126457043711,270.0,1.0,1000.0,0.0,0.0,-210.1236911534803,212.5,2.3763088465196915,0.0,2.3763088465196915,0.0,0.0,-1278.2016603123036,1313.25,35.04833968769531,0.0,35.04833968769531
radiation,sun,6185.0,103.083333,301.11302242354685,270.0,1.0,1000.0,0.0,0.0,-210.12666919272334,212.5,2.373330807276659,0.0,2.373330807276659,0.0,0.0,-1279.2522936582673,1314.3125,35.0602063417317,0.0,35.0602063417317
radiation,sun,6190.0,103.166667,301.1133986706086,270.0,1.0,1000.0,0.0,0.0,-210.1296435109966,212.5,2.370356489003399,0.0,2.370356489003399,0.0,0.0,-1280.3029418758222,1315.375,35.07205812417671,0.0,35.07205812417671
radiation,sun,6195.0,103.25,301.11377444614624,270.0,1.0,1000.0,0.0,0.0,-210.13261411292157,212.5,2.3673858870784272,0.0,2.3673858870784272,0.0,0.0,-1281.3536049463867,1316.4375,35.0838950536121,0.0,35.0838950536121
radiation,sun,6200.0,103.333333,301.11414975074894,270.0,1.0,1000.0,0.0,0.0,-210.13558100311354,212.5,2.3644189968864566,0.0,2.3644189968864566,0.0,0.0,-1282.4042828514025,1317.5,35.095717148596535,0.0,35.095717148596535
radiation,sun,6205.0,103.416667,301.1145245850051,270.0,1.0,1000.0,0.0,0.0,-210.13854418618257,212.5,2.361455813817429,0.0,2.361455813817429,0.0,0.0,-1283.4549755723335,1318.5625,35.10752442766562,0.0,35.10752442766562
radiation,sun,6210.0,103.5,301.11489894950245,270.0,1.0,1000.0,0.0,0.0,-210.1415036667327,212.5,2.3584963332673112,0.0,2.3584963332673112,0.0,0.0,-1284.505683090667,1319.625,35.11931690933196,0.0,35.11931690933196
radiation,sun,6215.0,103.583333,301.1152728448279,270.0,1.0,1000.0,0.0,0.0,-210.14445944936273,212.5,2.355540550637272,0.0,2.355540550637272,0.0,0.0,-1285.5564053879139,1320.6875,35.13109461208514,0.0,35.13109461208514
radiation,sun,6220.0,103.666667,301.1156462715678,270.0,1.0,1000.0,0.0,0.0,-210.14741153866532,212.5,2.352588461334676,0.0,2.352588461334676,0.0,0.0,-1286.6071424456072,1321.75,35.14285755439182,0.0,35.14285755439182
radiation,sun,6225.0,103.75,301.11601923030764,270.0,1.0,1000.0,0.0,0.0,-210.15035993922808,212.5,2.349640060771918,0.0,2.349640060771918,0.0,0.0,-1287.6578942453032,1322.8125,35.15460575469568,0.0,35.15460575469568
radiation,sun,6230.0,103.833333,301.11639172163217,270.0,1.0,1000.0,0.0,0.0,-210.153304655633,212.5,2.3466953443669922,0.0,2.3466953443669922,0.0,0.0,-1288.7086607685812,1323.875,35.16633923141752,0.0,35.16633923141752
radiation,sun,6235.0,103.916667,301.11676374612546,270.0,1.0,1000.0,0.0,0.0,-210.1562456924558,212.5,2.343754307544202,0.0,2.343754307544202,0.0,0.0,-1289.7594419970435,1324.9375,35.17805800295524,0.0,35.17805800295524
radiation,sun,6240.0,104.0,301.11713530437083,270.0,1.0,1000.0,0.0,0.0,-210.15918305426695,212.5,2.340816945733053,0.0,2.340816945733053,0.0,0.0,-1290.810237912315,1326.0,35.189762087683896,0.0,35.189762087683896
radiation,sun,6245.0,104.083333,301.1175063969509,270.0,1.0,1000.0,0.0,0.0,-210.16211674563132,212.5,2.337883254368677,0.0,2.337883254368677,0.0,0.0,-1291.8610484960432,1327.0625,35.201451503955745,0.0,35.201451503955745
radiation,sun,6250.0,104.166667,301.1178770244475,270.0,1.0,1000.0,0.0,0.0,-210.16504677110788,212.5,2.334953228892118,0.0,2.334953228892118,0.0,0.0,-1292.9118737298986,1328.125,35.213126270100204,0.0,35.213126270100204
radiation,sun,6255.0,104.25,301.1182471874419,270.0,1.0,1000.0,0.0,0.0,-210.16797313525058,212.5,2.332026864749423,0.0,2.332026864749423,0.0,0.0,-1293.962713595575,1329.1875,35.22478640442395,0.0,35.22478640442395
radiation,sun,6260.0,104.333333,301.11861688651453,270.0,1.0,1000.0,0.0,0.0,-210.17089584260748,212.5,2.3291041573925213,0.0,2.3291041573925213,0.0,0.0,-1295.013568074788,1330.25,35.23643192521092,0.0,35.23643192521092
radiation,sun,6265.0,104.416667,301.1189861222451,270.0,1.0,1000.0,0.0,0.0,-210.17381489772131,212.5,2.3261851022786857,0.0,2.3261851022786857,0.0,0.0,-1296.0644371492765,1331.3125,35.24806285072231,0.0,35.24806285072231
radiation,sun,6270.0,104.5,301.1193548952125,270.0,1.0,1000.0,0.0,0.0,-210.17673030512879,212.5,2.3232696948712146,0.0,2.3232696948712146,0.0,0.0,-1297.1153208008022,1332.375,35.259679199196675,0.0,35.259679199196675
radiation,sun,6275.0,104.583333,301.1197232059951,270.0,1.0,1000.0,0.0,0.0,-210.17964206936094,212.5,2.3203579306390623,0.0,2.3203579306390623,0.0,0.0,-1298.166219011149,1333.4375,35.27128098884987,0.0,35.27128098884987
radiation,sun,6280.0,104.666667,301.1200910551705,270.0,1.0,1000.0,0.0,0.0,-210.18255019494381,212.5,2.317449805056185,0.0,2.317449805056185,0.0,0.0,-1299.2171317621237,1334.5,35.28286823787515,0.0,35.28286823787515
radiation,sun,6285.0,104.75,301.12045844331556,270.0,1.0,1000.0,0.0,0.0,-210.18545468639783,212.5,2.314545313602167,0.0,2.314545313602167,0.0,0.0,-1300.2680590355558,1335.5625,35.294440964443154,0.0,35.294440964443154
radiation,sun,6290.0,104.833333,301.12082537100633,270.0,1.0,1000.0,0.0,0.0,-210.18835554823767,212.5,2.3116444517623336,0.0,2.3116444517623336,0.0,0.0,-1301.319000813297,1336.625,35.30599918670197,0.0,35.30599918670197
radiation,sun,6295.0,104.916667,301.1211918388182,270.0,1.0,1000.0,0.0,0.0,-210.19125278497228,212.5,2.308747215027722,0.0,2.308747215027722,0.0,0.0,-1302.369957077222,1337.6875,35.31754292277711,0.0,35.31754292277711
radiation,sun,6300.0,105.0,301.12155784732596,270.0,1.0,1000.0,0.0,0.0,-210.194146401105,212.5,2.3058535988949984,0.0,2.3058535988949984,0.0,0.0,-1303.4209278092276,1338.75,35.32907219077158,0.0,35.32907219077158
radiation,sun,6305.0,105.083333,301.12192339710356,270.0,1.0,1000.0,0.0,0.0,-210.1970364011342,212.5,2.3029635988658015,0.0,2.3029635988658015,0.0,0.0,-1304.4719129912332,1339.8125,35.340587008765915,0.0,35.340587008765915
radiation,sun,6310.0,105.166667,301.1222884887243,270.0,1.0,1000.0,0.0,0.0,-210.1999227895526,212.5,2.300077210447398,0.0,2.300077210447398,0.0,0.0,-1305.5229126051809,1340.875,35.35208739481815,0.0,35.35208739481815
radiation,sun,6315.0,105.25,301.12265312276065,270.0,1.0,1000.0,0.0,0.0,-210.20280557084723,212.5,2.2971944291527677,0.0,2.2971944291527677,0.0,0.0,-1306.5739266330352,1341.9375,35.363573366963905,0.0,35.363573366963905
radiation,sun,6320.0,105.333333,301.1230172997845,270.0,1.0,1000.0,0.0,0.0,-210.20568474949934,212.5,2.2943152505006594,0.0,2.2943152505006594,0.0,0.0,-1307.6249550567825,1343.0,35.37504494321641,0.0,35.37504494321641
radiation,sun,6325.0,105.416667,301.12338102036705,270.0,1.0,1000.0,0.0,0.0,-210.2085603299849,212.5,2.2914396700151087,0.0,2.2914396700151087,0.0,0.0,-1308.6759978584325,1344.0625,35.38650214156649,0.0,35.38650214156649
radiation,sun,6330.0,105.5,301.12374428507866,270.0,1.0,1000.0,0.0,0.0,-210.2114323167747,212.5,2.2885676832252955,0.0,2.2885676832252955,0.0,0.0,-1309.7270550200165,1345.125,35.39794497998262,0.0,35.39794497998262
radiation,sun,6335.0,105.583333,301.1241070944891,270.0,1.0,1000.0,0.0,0.0,-210.21430071433372,212.5,2.2856992856662828,0.0,2.2856992856662828,0.0,0.0,-1310.778126523588,1346.1875,35.40937347641095,0.0,35.40937347641095
radiation,sun,6340.0,105.666667,301.12446944916735,270.0,1.0,1000.0,0.0,0.0,-210.2171655271217,212.5,2.2828344728783065,0.0,2.2828344728783065,0.0,0.0,-1311.8292123512238,1347.25,35.42078764877534,0.0,35.42078764877534
radiation,sun,6345.0,105.75,301.1248313496817,270.0,1.0,1000.0,0.0,0.0,-210.22002675959268,212.5,2.2799732404073154,0.0,2.2799732404073154,0.0,0.0,-1312.8803124850215,1348.3125,35.43218751497738,0.0,35.43218751497738
radiation,sun,6350.0,105.833333,301.1251927965998,270.0,1.0,1000.0,0.0,0.0,-210.222884416195,212.5,2.2771155838049992,0.0,2.2771155838049992,0.0,0.0,-1313.9314269071026,1349.375,35.4435730928964,0.0,35.4435730928964
radiation,sun,6355.0,105.916667,301.1255537904884,270.0,1.0,1000.0,0.0,0.0,-210.22573850137198,212.5,2.2742614986280216,0.0,2.2742614986280216,0.0,0.0,-1314.9825555996094,1350.4375,35.45494440038954,0.0,35.45494440038954
radiation,sun,6360.0,106.0,301.1259143319139,270.0,1.0,1000.0,0.0,0.0,-210.2285890195611,212.5,2.271410980438901,0.0,2.271410980438901,0.0,0.0,-1316.0336985447072,1351.5,35.466301455291735,0.0,35.466301455291735
radiation,sun,6365.0,106.083333,301.1262744214417,270.0,1.0,1000.0,0.0,0.0,-210.2314359751951,212.5,2.2685640248049026,0.0,2.2685640248049026,0.0,0.0,-1317.0848557245831,1352.5625,35.47764427541576,0.0,35.47764427541576
radiation,sun,6370.0,106.166667,301.1266340596365,270.0,1.0,1000.0,0.0,0.0,-210.23427937270046,212.5,2.265720627299544,0.0,2.265720627299544,0.0,0.0,-1318.1360271214467,1353.625,35.48897287855226,0.0,35.48897287855226
radiation,sun,6375.0,106.25,301.12699324706244,270.0,1.0,1000.0,0.0,0.0,-210.23711921649863,212.5,2.262880783501373,0.0,2.262880783501373,0.0,0.0,-1319.187212717529,1354.6875,35.50028728246977,0.0,35.50028728246977
radiation,sun,6380.0,106.333333,301.12735198428294,270.0,1.0,1000.0,0.0,0.0,-210.23995551100523,212.5,2.2600444889947653,0.0,2.2600444889947653,0.0,0.0,-1320.238412495084,1355.75,35.51158750491474,0.0,35.51158750491474
radiation,sun,6385.0,106.416667,301.1277102718606,270.0,1.0,1000.0,0.0,0.0,-210.2427882606314,212.5,2.257211739368614,0.0,2.257211739368614,0.0,0.0,-1321.2896264363872,1356.8125,35.52287356361159,0.0,35.52287356361159
radiation,sun,6390.0,106.5,301.1280681103575,270.0,1.0,1000.0,0.0,0.0,-210.2456174697817,212.5,2.254382530218294,0.0,2.254382530218294,0.0,0.0,-1322.340854523736,1357.875,35.53414547626268,0.0,35.53414547626268
radiation,sun,6395.0,106.583333,301.12842550033486,270.0,1.0,1000.0,0.0,0.0,-210.2484431428562,212.5,2.251556857143811,0.0,2.251556857143811,0.0,0.0,-1323.3920967394502,1358.9375,35.545403260548404,0.0,35.545403260548404
radiation,sun,6400.0,106.666667,301.1287824423532,270.0,1.0,1000.0,0.0,0.0,-210.25126528424906,212.5,2.248734715750942,0.0,2.248734715750942,0.0,0.0,-1324.4433530658714,1360.0,35.55664693412716,0.0,35.55664693412716
radiation,sun,6405.0,106.75,301.12913893697254,270.0,1.0,1000.0,0.0,0.0,-210.25408389834874,212.5,2.245916101651261,0.0,2.245916101651261,0.0,0.0,-1325.494623485363,1361.0625,35.567876514635415,0.0,35.567876514635415
radiation,sun,6410.0,106.833333,301.129494984752,270.0,1.0,1000.0,0.0,0.0,-210.2568989895394,212.5,2.243101010460606,0.0,2.243101010460606,0.0,0.0,-1326.5459079803106,1362.125,35.579092019687714,0.0,35.579092019687714
radiation,sun,6415.0,106.916667,301.1298505862501,270.0,1.0,1000.0,0.0,0.0,-210.25971056219882,212.5,2.240289437801181,0.0,2.240289437801181,0.0,0.0,-1327.5972065331216,1363.1875,35.590293466876716,0.0,35.590293466876716
radiation,sun,6420.0,107.0,301.1302057420246,270.0,1.0,1000.0,0.0,0.0,-210.2625186206999,212.5,2.2374813793001067,0.0,2.2374813793001067,0.0,0.0,-1328.648519126225,1364.25,35.60148087377322,0.0,35.60148087377322
radiation,sun,6425.0,107.083333,301.1305604526326,270.0,1.0,1000.0,0.0,0.0,-210.26532316940984,212.5,2.2346768305901605,0.0,2.2346768305901605,0.0,0.0,-1329.699845742072,1365.3125,35.61265425792617,0.0,35.61265425792617
radiation,sun,6430.0,107.166667,301.1309147186306,270.0,1.0,1000.0,0.0,0.0,-210.2681242126903,212.5,2.23187578730969,0.0,2.23187578730969,0.0,0.0,-1330.7511863631355,1366.375,35.623813636862714,0.0,35.623813636862714
radiation,sun,6435.0,107.25,301.1312685405743,270.0,1.0,1000.0,0.0,0.0,-210.27092175489867,212.5,2.2290782451013342,0.0,2.2290782451013342,0.0,0.0,-1331.8025409719098,1367.4375,35.634959028088225,0.0,35.634959028088225
radiation,sun,6440.0,107.333333,301.1316219190187,270.0,1.0,1000.0,0.0,0.0,-210.27371580038587,212.5,2.2262841996141276,0.0,2.2262841996141276,0.0,0.0,-1332.8539095509118,1368.5,35.646090449086294,0.0,35.646090449086294
radiation,sun,6445.0,107.416667,301.13197485451815,270.0,1.0,1000.0,0.0,0.0,-210.27650635349784,212.5,2.2234936465021633,0.0,2.2234936465021633,0.0,0.0,-1333.9052920826791,1369.5625,35.6572079173188,0.0,35.6572079173188
radiation,sun,6450.0,107.5,301.1323273476263,270.0,1.0,1000.0,0.0,0.0,-210.27929341857507,212.5,2.2207065814249347,0.0,2.2207065814249347,0.0,0.0,-1334.956688549772,1370.625,35.66831145022593,0.0,35.66831145022593
radiation,sun,6455.0,107.583333,301.13267939889613,270.0,1.0,1000.0,0.0,0.0,-210.28207699995278,212.5,2.2179230000472216,0.0,2.2179230000472216,0.0,0.0,-1336.0080989347719,1371.6875,35.679401065226166,0.0,35.679401065226166
radiation,sun,6460.0,107.666667,301.1330310088799,270.0,1.0,1000.0,0.0,0.0,-210.28485710196108,212.5,2.21514289803892,0.0,2.21514289803892,0.0,0.0,-1337.0595232202818,1372.75,35.690476779716356,0.0,35.690476779716356
radiation,sun,6465.0,107.75,301.1333821781293,270.0,1.0,1000.0,0.0,0.0,-210.2876337289245,212.5,2.2123662710754957,0.0,2.2123662710754957,0.0,0.0,-1338.1109613889264,1373.8125,35.70153861107174,0.0,35.70153861107174
radiation,sun,6470.0,107.833333,301.13373290719517,270.0,1.0,1000.0,0.0,0.0,-210.2904068851626,212.5,2.2095931148373893,0.0,2.2095931148373893,0.0,0.0,-1339.1624134233525,1374.875,35.712586576645926,0.0,35.712586576645926
radiation,sun,6475.0,107.916667,301.1340831966277,270.0,1.0,1000.0,0.0,0.0,-210.2931765749895,212.5,2.206823425010498,0.0,2.206823425010498,0.0,0.0,-1340.2138793062275,1375.9375,35.72362069377098,0.0,35.72362069377098
radiation,sun,6480.0,108.0,301.1344330469765,270.0,1.0,1000.0,0.0,0.0,-210.2959428027135,212.5,2.204057197286488,0.0,2.204057197286488,0.0,0.0,-1341.265359020241,1377.0,35.73464097975741,0.0,35.73464097975741
radiation,sun,6485.0,108.083333,301.13478245879037,270.0,1.0,1000.0,0.0,0.0,-210.29870557263783,212.5,2.2012944273621713,0.0,2.2012944273621713,0.0,0.0,-1342.3168525481042,1378.0625,35.74564745189422,0.0,35.74564745189422
radiation,sun,6490.0,108.166667,301.1351314326175,270.0,1.0,1000.0,0.0,0.0,-210.3014648890612,212.5,2.198535110938792,0.0,2.198535110938792,0.0,0.0,-1343.3683598725495,1379.125,35.75664012744891,0.0,35.75664012744891
radiation,sun,6495.0,108.25,301.1354799690054,270.0,1.0,1000.0,0.0,0.0,-210.3042207562762,212.5,2.1957792437237913,0.0,2.1957792437237913,0.0,0.0,-1344.419880976331,1380.1875,35.767619023667535,0.0,35.767619023667535
radiation,sun,6500.0,108.333333,301.13582806850087,270.0,1.0,1000.0,0.0,0.0,-210.30697317857013,212.5,2.193026821429868,0.0,2.193026821429868,0.0,0.0,-1345.471415842224,1381.25,35.77858415777468,0.0,35.77858415777468
radiation,sun,6505.0,108.416667,301.13617573165004,270.0,1.0,1000.0,0.0,0.0,-210.30972216022542,212.5,2.1902778397745806,0.0,2.1902778397745806,0.0,0.0,-1346.522964453025,1382.3125,35.78953554697356,0.0,35.78953554697356
radiation,sun,6510.0,108.5,301.1365229589984,270.0,1.0,1000.0,0.0,0.0,-210.31246770551917,212.5,2.1875322944808318,0.0,2.1875322944808318,0.0,0.0,-1347.5745267915524,1383.375,35.80047320844596,0.0,35.80047320844596
radiation,sun,6515.0,108.583333,301.13686975109067,270.0,1.0,1000.0,0.0,0.0,-210.31520981872345,212.5,2.184790181276554,0.0,2.184790181276554,0.0,0.0,-1348.6261028406461,1384.4375,35.811397159352346,0.0,35.811397159352346
radiation,sun,6520.0,108.666667,301.13721610847097,270.0,1.0,1000.0,0.0,0.0,-210.3179485041042,212.5,2.1820514958957915,0.0,2.1820514958957915,0.0,0.0,-1349.6776925831668,1385.5,35.822307416831826,0.0,35.822307416831826
radiation,sun,6525.0,108.75,301.1375620316827,270.0,1.0,1000.0,0.0,0.0,-210.3206837659229,212.5,2.179316234077106,0.0,2.179316234077106,0.0,0.0,-1350.7292960019963,1386.5625,35.83320399800221,0.0,35.83320399800221
radiation,sun,6530.0,108.833333,301.1379075212687,270.0,1.0,1000.0,0.0,0.0,-210.3234156084356,212.5,2.176584391564404,0.0,2.176584391564404,0.0,0.0,-1351.7809130800385,1387.625,35.844086919960034,0.0,35.844086919960034
radiation,sun,6535.0,108.916667,301.1382525777709,270.0,1.0,1000.0,0.0,0.0,-210.32614403589338,212.5,2.1738559641066217,0.0,2.1738559641066217,0.0,0.0,-1352.832543800218,1388.6875,35.85495619978057,0.0,35.85495619978057
radiation,sun,6540.0,109.0,301.1385972017308,270.0,1.0,1000.0,0.0,0.0,-210.3288690525413,212.5,2.1711309474586926,0.0,2.1711309474586926,0.0,0.0,-1353.8841881454807,1389.75,35.86581185451786,0.0,35.86581185451786
radiation,sun,6545.0,109.083333,301.13894139368915,270.0,1.0,1000.0,0.0,0.0,-210.33159066262016,212.5,2.168409337379842,0.0,2.168409337379842,0.0,0.0,-1354.935846098794,1390.8125,35.876653901204755,0.0,35.876653901204755
radiation,sun,6550.0,109.166667,301.1392851541859,270.0,1.0,1000.0,0.0,0.0,-210.33430887036508,212.5,2.165691129634922,0.0,2.165691129634922,0.0,0.0,-1355.9875176431458,1391.875,35.887482356852935,0.0,35.887482356852935
radiation,sun,6555.0,109.25,301.13962848376053,270.0,1.0,1000.0,0.0,0.0,-210.3370236800058,212.5,2.1629763199941863,0.0,2.1629763199941863,0.0,0.0,-1357.0392027615458,1392.9375,35.898297238452905,0.0,35.898297238452905
radiation,sun,6560.0,109.333333,301.13997138295167,270.0,1.0,1000.0,0.0,0.0,-210.33973509576714,212.5,2.1602649042328608,0.0,2.1602649042328608,0.0,0.0,-1358.0909014370245,1394.0,35.909098562974066,0.0,35.909098562974066
radiation,sun,6565.0,109.416667,301.1403138522974,270.0,1.0,1000.0,0.0,0.0,-210.3424431218685,212.5,2.157556878131487,0.0,2.157556878131487,0.0,0.0,-1359.142613652634,1395.0625,35.91988634736473,0.0,35.91988634736473
radiation,sun,6570.0,109.5,301.14065589233513,270.0,1.0,1000.0,0.0,0.0,-210.3451477625247,212.5,2.1548522374752963,0.0,2.1548522374752963,0.0,0.0,-1360.1943393914466,1396.125,35.9306606085521,0.0,35.9306606085521
radiation,sun,6575.0,109.583333,301.1409975036015,270.0,1.0,1000.0,0.0,0.0,-210.34784902194448,212.5,2.1521509780555164,0.0,2.1521509780555164,0.0,0.0,-1361.2460786365564,1397.1875,35.94142136344238,0.0,35.94142136344238
radiation,sun,6580.0,109.666667,301.1413386866326,270.0,1.0,1000.0,0.0,0.0,-210.35054690433202,212.5,2.1494530956679796,0.0,2.1494530956679796,0.0,0.0,-1362.297831371078,1398.25,35.952168628920724,0.0,35.952168628920724
radiation,sun,6585.0,109.75,301.14167944196373,270.0,1.0,1000.0,0.0,0.0,-210.35324141388614,212.5,2.1467585861138616,0.0,2.1467585861138616,0.0,0.0,-1363.3495975781475,1399.3125,35.9629024218513,0.0,35.9629024218513
radiation,sun,6590.0,109.833333,301.14201977012965,270.0,1.0,1000.0,0.0,0.0,-210.35593255480038,212.5,2.1440674451996244,0.0,2.1440674451996244,0.0,0.0,-1364.4013772409214,1400.375,35.97362275907729,0.0,35.97362275907729
radiation,sun,6595.0,109.916667,301.1423596716644,270.0,1.0,1000.0,0.0,0.0,-210.35862033126338,212.5,2.1413796687366187,0.0,2.1413796687366187,0.0,0.0,-1365.4531703425776,1401.4375,35.98432965742097,0.0,35.98432965742097
radiation,sun,6600.0,110.0,301.1426991471013,270.0,1.0,1000.0,0.0,0.0,-210.3613047474585,212.5,2.1386952525415097,0.0,2.1386952525415097,0.0,0.0,-1366.5049768663148,1402.5,35.99502313368368,0.0,35.99502313368368
radiation,sun,6605.0,110.083333,301.1430381969731,270.0,1.0,1000.0,0.0,0.0,-210.36398580756392,212.5,2.136014192436079,0.0,2.136014192436079,0.0,0.0,-1367.5567967953525,1403.5625,36.00570320464586,0.0,36.00570320464586
radiation,sun,6610.0,110.166667,301.1433768218119,270.0,1.0,1000.0,0.0,0.0,-210.36666351575246,212.5,2.133336484247536,0.0,2.133336484247536,0.0,0.0,-1368.6086301129315,1404.625,36.0163698870671,0.0,36.0163698870671
radiation,sun,6615.0,110.25,301.143715022149,270.0,1.0,1000.0,0.0,0.0,-210.36933787619247,212.5,2.130662123807525,0.0,2.130662123807525,0.0,0.0,-1369.6604768023124,1405.6875,36.02702319768614,0.0,36.02702319768614
radiation,sun,6620.0,110.333333,301.1440527985152,270.0,1.0,1000.0,0.0,0.0,-210.37200889304677,212.5,2.127991106953232,0.0,2.127991106953232,0.0,0.0,-1370.7123368467774,1406.75,36.037663153220905,0.0,36.037663153220905
radiation,sun,6625.0,110.416667,301.1443901514405,270.0,1.0,1000.0,0.0,0.0,-210.37467657047264,212.5,2.1253234295273558,0.0,2.1253234295273558,0.0,0.0,-1371.76421022963,1407.8125,36.04828977036855,0.0,36.04828977036855
radiation,sun,6630.0,110.5,301.1447270814544,270.0,1.0,1000.0,0.0,0.0,-210.37734091262317,212.5,2.1226590873768316,0.0,2.1226590873768316,0.0,0.0,-1372.816096934193,1408.875,36.05890306580543,0.0,36.05890306580543
radiation,sun,6635.0,110.583333,301.14506358908557,270.0,1.0,1000.0,0.0,0.0,-210.38000192364558,212.5,2.1199980763544204,0.0,2.1199980763544204,0.0,0.0,-1373.8679969438112,1409.9375,36.0695030561872,0.0,36.0695030561872
radiation,sun,6640.0,110.666667,301.1453996748621,270.0,1.0,1000.0,0.0,0.0,-210.38265960768237,212.5,2.1173403923176295,0.0,2.1173403923176295,0.0,0.0,-1374.9199102418495,1411.0,36.080089758148794,0.0,36.080089758148794
radiation,sun,6645.0,110.75,301.1457353393115,270.0,1.0,1000.0,0.0,0.0,-210.38531396887066,212.5,2.114686031129338,0.0,2.114686031129338,0.0,0.0,-1375.971836811694,1412.0625,36.09066318830444,0.0,36.09066318830444
radiation,sun,6650.0,110.833333,301.1460705829605,270.0,1.0,1000.0,0.0,0.0,-210.3879650113428,212.5,2.1120349886572,0.0,2.1120349886572,0.0,0.0,-1377.0237766367507,1413.125,36.10122336324772,0.0,36.10122336324772
radiation,sun,6655.0,110.916667,301.1464054063352,270.0,1.0,1000.0,0.0,0.0,-210.39061273922573,212.5,2.1093872607742696,0.0,2.1093872607742696,0.0,0.0,-1378.0757297004468,1414.1875,36.111770299551594,0.0,36.111770299551594
radiation,sun,6660.0,111.0,301.1467398099611,270.0,1.0,1000.0,0.0,0.0,-210.39325715664168,212.5,2.106742843358319,0.0,2.106742843358319,0.0,0.0,-1379.12769598623,1415.25,36.122304013768385,0.0,36.122304013768385
radiation,sun,6665.0,111.083333,301.14707379436305,270.0,1.0,1000.0,0.0,0.0,-210.39589826770745,212.5,2.1041017322925484,0.0,2.1041017322925484,0.0,0.0,-1380.1796754775685,1416.3125,36.13282452242985,0.0,36.13282452242985
radiation,sun,6670.0,111.166667,301.1474073600652,270.0,1.0,1000.0,0.0,0.0,-210.3985360765352,212.5,2.1014639234647916,0.0,2.1014639234647916,0.0,0.0,-1381.2316681579512,1417.375,36.143331842047175,0.0,36.143331842047175
radiation,sun,6675.0,111.25,301.14774050759104,270.0,1.0,1000.0,0.0,0.0,-210.40117058723163,212.5,2.0988294127683673,0.0,2.0988294127683673,0.0,0.0,-1382.2836740108874,1418.4375,36.15382598911102,0.0,36.15382598911102
radiation,sun,6680.0,111.333333,301.14807323746345,270.0,1.0,1000.0,0.0,0.0,-210.40380180389866,212.5,2.0961981961013407,0.0,2.0961981961013407,0.0,0.0,-1383.3356930199068,1419.5,36.164306980091524,0.0,36.164306980091524
radiation,sun,6685.0,111.416667,301.14840555020464,270.0,1.0,1000.0,0.0,0.0,-210.40642973063288,212.5,2.0935702693671203,0.0,2.0935702693671203,0.0,0.0,-1384.3877251685599,1420.5625,36.17477483143836,0.0,36.17477483143836
radiation,sun,6690.0,111.5,301.14873744633616,270.0,1.0,1000.0,0.0,0.0,-210.40905437152614,212.5,2.090945628473861,0.0,2.090945628473861,0.0,0.0,-1385.4397704404175,1421.625,36.18522955958074,0.0,36.18522955958074
radiation,sun,6695.0,111.583333,301.1490689263789,270.0,1.0,1000.0,0.0,0.0,-210.41167573066485,212.5,2.0883242693351463,0.0,2.0883242693351463,0.0,0.0,-1386.4918288190709,1422.6875,36.19567118092741,0.0,36.19567118092741
radiation,sun,6700.0,111.666667,301.14939999085317,270.0,1.0,1000.0,0.0,0.0,-210.41429381213067,212.5,2.0857061878693344,0.0,2.0857061878693344,0.0,0.0,-1387.5439002881315,1423.75,36.206099711866756,0.0,36.206099711866756
radiation,sun,6705.0,111.75,301.14973064027856,270.0,1.0,1000.0,0.0,0.0,-210.4169086200004,212.5,2.083091379999587,0.0,2.083091379999587,0.0,0.0,-1388.5959848312316,1424.8125,36.216515168766755,0.0,36.216515168766755
radiation,sun,6710.0,111.833333,301.15006087517406,270.0,1.0,1000.0,0.0,0.0,-210.41952015834562,212.5,2.0804798416543804,0.0,2.0804798416543804,0.0,0.0,-1389.6480824320236,1425.875,36.22691756797503,0.0,36.22691756797503
radiation,sun,6715.0,111.916667,301.15039069605797,270.0,1.0,1000.0,0.0,0.0,-210.42212843123284,212.5,2.077871568767165,0.0,2.077871568767165,0.0,0.0,-1390.7001930741797,1426.9375,36.237306925818864,0.0,36.237306925818864
radiation,sun,6720.0,112.0,301.150720103448,270.0,1.0,1000.0,0.0,0.0,-210.42473344272352,212.5,2.0752665572764784,0.0,2.0752665572764784,0.0,0.0,-1391.752316741393,1428.0,36.24768325860525,0.0,36.24768325860525
radiation,sun,6725.0,112.083333,301.1510490978612,270.0,1.0,1000.0,0.0,0.0,-210.42733519687465,212.5,2.072664803125349,0.0,2.072664803125349,0.0,0.0,-1392.8044534173775,1429.0625,36.25804658262088,0.0,36.25804658262088
radiation,sun,6730.0,112.166667,301.1513776798139,270.0,1.0,1000.0,0.0,0.0,-210.42993369773748,212.5,2.070066302262518,0.0,2.070066302262518,0.0,0.0,-1393.8566030858663,1430.125,36.26839691413219,0.0,36.26839691413219
radiation,sun,6735.0,112.25,301.15170584982195,270.0,1.0,1000.0,0.0,0.0,-210.43252894935875,212.5,2.0674710506412453,0.0,2.0674710506412453,0.0,0.0,-1394.908765730613,1431.1875,36.278734269385396,0.0,36.278734269385396
radiation,sun,6740.0,112.333333,301.1520336084004,270.0,1.0,1000.0,0.0,0.0,-210.4351209557805,212.5,2.0648790442195093,0.0,2.0648790442195093,0.0,0.0,-1395.9609413353917,1432.25,36.28905866460649,0.0,36.28905866460649
radiation,sun,6745.0,112.416667,301.1523609560637,270.0,1.0,1000.0,0.0,0.0,-210.437709721039,212.5,2.062290278961001,0.0,2.062290278961001,0.0,0.0,-1397.013129883997,1433.3125,36.29937011600129,0.0,36.29937011600129
radiation,sun,6750.0,112.5,301.1526878933258,270.0,1.0,1000.0,0.0,0.0,-210.44029524916564,212.5,2.0597047508343564,0.0,2.0597047508343564,0.0,0.0,-1398.065331360243,1434.375,36.309668639755465,0.0,36.309668639755465
radiation,sun,6755.0,112.583333,301.1530144206997,270.0,1.0,1000.0,0.0,0.0,-210.4428775441878,212.5,2.057122455812191,0.0,2.057122455812191,0.0,0.0,-1399.1175457479637,1435.4375,36.31995425203453,0.0,36.31995425203453
radiation,sun,6760.0,112.666667,301.1533405386981,270.0,1.0,1000.0,0.0,0.0,-210.4454566101268,212.5,2.054543389873203,0.0,2.054543389873203,0.0,0.0,-1400.1697730310143,1436.5,36.330226968983894,0.0,36.330226968983894
radiation,sun,6765.0,112.75,301.15366624783286,270.0,1.0,1000.0,0.0,0.0,-210.4480324509995,212.5,2.0519675490004943,0.0,2.0519675490004943,0.0,0.0,-1401.2220131932693,1437.5625,36.3404868067289,0.0,36.3404868067289
radiation,sun,6770.0,112.833333,301.1539915486153,270.0,1.0,1000.0,0.0,0.0,-210.45060507081794,212.5,2.049394929182057,0.0,2.049394929182057,0.0,0.0,-1402.2742662186233,1438.625,36.35073378137481,0.0,36.35073378137481
radiation,sun,6775.0,112.916667,301.154316441556,270.0,1.0,1000.0,0.0,0.0,-210.45317447358929,212.5,2.0468255264107142,0.0,2.0468255264107142,0.0,0.0,-1403.3265320909913,1439.6875,36.36096790900686,0.0,36.36096790900686
radiation,sun,6780.0,113.0,301.15464092716496,270.0,1.0,1000.0,0.0,0.0,-210.4557406633149,212.5,2.044259336685087,0.0,2.044259336685087,0.0,0.0,-1404.3788107943078,1440.75,36.371189205690285,0.0,36.371189205690285
radiation,sun,6785.0,113.083333,301.1549650059516,270.0,1.0,1000.0,0.0,0.0,-210.4583036439923,212.5,2.041696356007691,0.0,2.041696356007691,0.0,0.0,-1405.4311023125279,1441.8125,36.38139768747032,0.0,36.38139768747032
radiation,sun,6790.0,113.166667,301.1552886784247,270.0,1.0,1000.0,0.0,0.0,-210.4608634196136,212.5,2.039136580386412,0.0,2.039136580386412,0.0,0.0,-1406.483406629626,1442.875,36.391593370372256,0.0,36.391593370372256
radiation,sun,6795.0,113.25,301.1556119450923,270.0,1.0,1000.0,0.0,0.0,-210.46341999416623,212.5,2.0365800058337697,0.0,2.0365800058337697,0.0,0.0,-1407.5357237295966,1443.9375,36.40177627040143,0.0,36.40177627040143
radiation,sun,6800.0,113.333333,301.15593480646186,270.0,1.0,1000.0,0.0,0.0,-210.46597337163212,212.5,2.034026628367883,0.0,2.034026628367883,0.0,0.0,-1408.588053596455,1445.0,36.41194640354326,0.0,36.41194640354326
radiation,sun,6805.0,113.416667,301.1562572630403,270.0,1.0,1000.0,0.0,0.0,-210.468523555989,212.5,2.031476444010991,0.0,2.031476444010991,0.0,0.0,-1409.640396214235,1446.0625,36.42210378576331,0.0,36.42210378576331
radiation,sun,6810.0,113.5,301.1565793153338,270.0,1.0,1000.0,0.0,0.0,-210.47107055120964,212.5,2.0289294487903646,0.0,2.0289294487903646,0.0,0.0,-1410.6927515669909,1447.125,36.43224843300726,0.0,36.43224843300726
radiation,sun,6815.0,113.583333,301.1569009638479,270.0,1.0,1000.0,0.0,0.0,-210.47361436126144,212.5,2.02638563873856,0.0,2.02638563873856,0.0,0.0,-1411.7451196387974,1448.1875,36.44238036120096,0.0,36.44238036120096
radiation,sun,6820.0,113.666667,301.15722220908754,270.0,1.0,1000.0,0.0,0.0,-210.47615499010706,212.5,2.0238450098929377,0.0,2.0238450098929377,0.0,0.0,-1412.797500413748,1449.25,36.452499586250426,0.0,36.452499586250426
radiation,sun,6825.0,113.75,301.1575430515571,270.0,1.0,1000.0,0.0,0.0,-210.4786924417044,212.5,2.0213075582956037,0.0,2.0213075582956037,0.0,0.0,-1413.8498938759565,1450.3125,36.4626061240419,0.0,36.4626061240419
radiation,sun,6830.0,113.833333,301.1578634917603,270.0,1.0,1000.0,0.0,0.0,-210.48122672000665,212.5,2.018773279993354,0.0,2.018773279993354,0.0,0.0,-1414.9023000095565,1451.375,36.47269999044187,0.0,36.47269999044187
radiation,sun,6835.0,113.916667,301.1581835302001,270.0,1.0,1000.0,0.0,0.0,-210.48375782896161,212.5,2.0162421710383853,0.0,2.0162421710383853,0.0,0.0,-1415.9547187987014,1452.4375,36.48278120129706,0.0,36.48278120129706
radiation,sun,6840.0,114.0,301.1585031673791,270.0,1.0,1000.0,0.0,0.0,-210.48628577251299,212.5,2.0137142274870143,0.0,2.0137142274870143,0.0,0.0,-1417.007150227564,1453.5,36.49284977243449,0.0,36.49284977243449
radiation,sun,6845.0,114.083333,301.158822403799,270.0,1.0,1000.0,0.0,0.0,-210.48881055459896,212.5,2.011189445401044,0.0,2.011189445401044,0.0,0.0,-1418.059594280337,1454.5625,36.5029057196615,0.0,36.5029057196615
radiation,sun,6850.0,114.166667,301.159141239961,270.0,1.0,1000.0,0.0,0.0,-210.4913321791533,212.5,2.0086678208467106,0.0,2.0086678208467106,0.0,0.0,-1419.1120509412328,1455.625,36.51294905876573,0.0,36.51294905876573
radiation,sun,6855.0,114.25,301.15945967636577,270.0,1.0,1000.0,0.0,0.0,-210.49385065010455,212.5,2.006149349895452,0.0,2.006149349895452,0.0,0.0,-1420.1645201944834,1456.6875,36.522979805515206,0.0,36.522979805515206
radiation,sun,6860.0,114.333333,301.15977771351317,270.0,1.0,1000.0,0.0,0.0,-210.49636597137703,212.5,2.003634028622969,0.0,2.003634028622969,0.0,0.0,-1421.2170020243404,1457.75,36.53299797565832,0.0,36.53299797565832
radiation,sun,6865.0,114.416667,301.16009535190256,270.0,1.0,1000.0,0.0,0.0,-210.49887814688927,212.5,2.0011218531107318,0.0,2.0011218531107318,0.0,0.0,-1422.2694964150749,1458.8125,36.54300358492387,0.0,36.54300358492387
radiation,sun,6870.0,114.5,301.1604125920326,270.0,1.0,1000.0,0.0,0.0,-210.5013871805559,212.5,1.998612819444105,0.0,1.998612819444105,0.0,0.0,-1423.3220033509779,1459.875,36.5529966490211,0.0,36.5529966490211
radiation,sun,6875.0,114.583333,301.16072943440145,270.0,1.0,1000.0,0.0,0.0,-210.50389307628615,212.5,1.9961069237138531,0.0,1.9961069237138531,0.0,0.0,-1424.3745228163593,1460.9375,36.56297718363966,0.0,36.56297718363966
radiation,sun,6880.0,114.666667,301.1610458795065,270.0,1.0,1000.0,0.0,0.0,-210.50639583798443,212.5,1.993604162015572,0.0,1.993604162015572,0.0,0.0,-1425.4270547955493,1462.0,36.57294520444974,0.0,36.57294520444974
radiation,sun,6885.0,114.75,301.16136192784467,270.0,1.0,1000.0,0.0,0.0,-210.50889546955085,212.5,1.9911045304491495,0.0,1.9911045304491495,0.0,0.0,-1426.479599272897,1463.0625,36.58290072710198,0.0,36.58290072710198
radiation,sun,6890.0,114.833333,301.1616775799121,270.0,1.0,1000.0,0.0,0.0,-210.51139197488047,212.5,1.9886080251195324,0.0,1.9886080251195324,0.0,0.0,-1427.5321562327715,1464.125,36.59284376722758,0.0,36.59284376722758
radiation,sun,6895.0,114.916667,301.16199283620455,270.0,1.0,1000.0,0.0,0.0,-210.51388535786322,212.5,1.9861146421367835,0.0,1.9861146421367835,0.0,0.0,-1428.584725659561,1465.1875,36.60277434043826,0.0,36.60277434043826
radiation,sun,6900.0,115.0,301.1623076972169,270.0,1.0,1000.0,0.0,0.0,-210.51637562238508,212.5,1.983624377614916,0.0,1.983624377614916,0.0,0.0,-1429.6373075376728,1466.25,36.612692462326336,0.0,36.612692462326336
radiation,sun,6905.0,115.083333,301.1626221634435,270.0,1.0,1000.0,0.0,0.0,-210.51886277232606,212.5,1.9811372276739405,0.0,1.9811372276739405,0.0,0.0,-1430.6899018515344,1467.3125,36.622598148464704,0.0,36.622598148464704
radiation,sun,6910.0,115.166667,301.16293623537814,270.0,1.0,1000.0,0.0,0.0,-210.52134681156204,212.5,1.97865318843796,0.0,1.97865318843796,0.0,0.0,-1431.7425085855923,1468.375,36.6324914144069,0.0,36.6324914144069
radiation,sun,6915.0,115.25,301.163249913514,270.0,1.0,1000.0,0.0,0.0,-210.5238277439643,212.5,1.97617225603571,0.0,1.97617225603571,0.0,0.0,-1432.7951277243121,1469.4375,36.64237227568708,0.0,36.64237227568708
radiation,sun,6920.0,115.333333,301.16356319834364,270.0,1.0,1000.0,0.0,0.0,-210.52630557339896,212.5,1.9736944266010426,0.0,1.9736944266010426,0.0,0.0,-1433.847759252179,1470.5,36.65224074782008,0.0,36.65224074782008
radiation,sun,6925.0,115.416667,301.16387609035894,270.0,1.0,1000.0,0.0,0.0,-210.5287803037281,212.5,1.971219696271902,0.0,1.971219696271902,0.0,0.0,-1434.9004031536974,1471.5625,36.662096846301445,0.0,36.662096846301445
radiation,sun,6930.0,115.5,301.1641885900512,270.0,1.0,1000.0,0.0,0.0,-210.53125193880803,212.5,1.9687480611919739,0.0,1.9687480611919739,0.0,0.0,-1435.9530594133917,1472.625,36.6719405866074,0.0,36.6719405866074
radiation,sun,6935.0,115.583333,301.16450069791114,270.0,1.0,1000.0,0.0,0.0,-210.5337204824908,212.5,1.9662795175092072,0.0,1.9662795175092072,0.0,0.0,-1437.0057280158042,1473.6875,36.681771984194945,0.0,36.681771984194945
radiation,sun,6940.0,115.666667,301.1648124144288,270.0,1.0,1000.0,0.0,0.0,-210.53618593862376,212.5,1.9638140613762403,0.0,1.9638140613762403,0.0,0.0,-1438.0584089454974,1474.75,36.69159105450183,0.0,36.69159105450183
radiation,sun,6945.0,115.75,301.16512374009375,270.0,1.0,1000.0,0.0,0.0,-210.53864831104923,212.5,1.9613516889507707,0.0,1.9613516889507707,0.0,0.0,-1439.1111021870527,1475.8125,36.70139781294658,0.0,36.70139781294658
radiation,sun,6950.0,115.833333,301.16543467539475,270.0,1.0,1000.0,0.0,0.0,-210.54110760360552,212.5,1.958892396394475,0.0,1.958892396394475,0.0,0.0,-1440.1638077250707,1476.875,36.71119227492856,0.0,36.71119227492856
radiation,sun,6955.0,115.916667,301.1657452208201,270.0,1.0,1000.0,0.0,0.0,-210.54356382012514,212.5,1.9564361798748564,0.0,1.9564361798748564,0.0,0.0,-1441.2165255441714,1477.9375,36.720974455827935,0.0,36.720974455827935
radiation,sun,6960.0,116.0,301.1660553768575,270.0,1.0,1000.0,0.0,0.0,-210.5460169644366,212.5,1.9539830355633967,0.0,1.9539830355633967,0.0,0.0,-1442.2692556289937,1479.0,36.73074437100575,0.0,36.73074437100575
radiation,sun,6965.0,116.083333,301.16636514399397,270.0,1.0,1000.0,0.0,0.0,-210.54846704036407,212.5,1.9515329596359265,0.0,1.9515329596359265,0.0,0.0,-1443.3219979641954,1480.0625,36.74050203580393,0.0,36.74050203580393
radiation,sun,6970.0,116.166667,301.16667452271594,270.0,1.0,1000.0,0.0,0.0,-210.550914051726,212.5,1.9490859482739893,0.0,1.9490859482739893,0.0,0.0,-1444.374752534454,1481.125,36.7502474655453,0.0,36.7502474655453
radiation,sun,6975.0,116.25,301.1669835135092,270.0,1.0,1000.0,0.0,0.0,-210.55335800233678,212.5,1.946641997663221,0.0,1.946641997663221,0.0,0.0,-1445.4275193244657,1482.1875,36.75998067553361,0.0,36.75998067553361
radiation,sun,6980.0,116.333333,301.167292116859,270.0,1.0,1000.0,0.0,0.0,-210.55579889600557,212.5,1.9442011039944305,0.0,1.9442011039944305,0.0,0.0,-1446.4802983189456,1483.25,36.76970168105358,0.0,36.76970168105358
radiation,sun,6985.0,116.416667,301.16760033325005,270.0,1.0,1000.0,0.0,0.0,-210.55823673653748,212.5,1.9417632634625193,0.0,1.9417632634625193,0.0,0.0,-1447.5330895026282,1484.3125,36.7794104973709,0.0,36.7794104973709
radiation,sun,6990.0,116.5,301.16790816316626,270.0,1.0,1000.0,0.0,0.0,-210.56067152773295,212.5,1.93932847226705,0.0,1.93932847226705,0.0,0.0,-1448.5858928602668,1485.375,36.78910713973223,0.0,36.78910713973223
radiation,sun,6995.0,116.583333,301.1682156070911,270.0,1.0,1000.0,0.0,0.0,-210.56310327338687,212.5,1.9368967266131278,0.0,1.9368967266131278,0.0,0.0,-1449.6387083766338,1486.4375,36.7987916233653,0.0,36.7987916233653
radiation,sun,7000.0,116.666667,301.1685226655074,270.0,1.0,1000.0,0.0,0.0,-210.56553197729042,212.5,1.9344680227095807,0.0,1.9344680227095807,0.0,0.0,-1450.6915360365203,1487.5,36.80846396347884,0.0,36.80846396347884
radiation,sun,7005.0,116.75,301.16882933889735,270.0,1.0,1000.0,0.0,0.0,-210.56795764322968,212.5,1.9320423567703244,0.0,1.9320423567703244,0.0,0.0,-1451.7443758247364,1488.5625,36.81812417526269,0.0,36.81812417526269
radiation,sun,7010.0,116.833333,301.1691356277426,270.0,1.0,1000.0,0.0,0.0,-210.57038027498606,212.5,1.9296197250139357,0.0,1.9296197250139357,0.0,0.0,-1452.7972277261115,1489.625,36.82777227388776,0.0,36.82777227388776
radiation,sun,7015.0,116.916667,301.16944153252416,270.0,1.0,1000.0,0.0,0.0,-210.57279987633646,212.5,1.927200123663539,0.0,1.927200123663539,0.0,0.0,-1453.850091725493,1490.6875,36.837408274506075,0.0,36.837408274506075
radiation,sun,7020.0,117.0,301.1697470537224,270.0,1.0,1000.0,0.0,0.0,-210.575216451053,212.5,1.9247835489470049,0.0,1.9247835489470049,0.0,0.0,-1454.9029678077484,1491.75,36.84703219225081,0.0,36.84703219225081
radiation,sun,7025.0,117.083333,301.1700521918172,270.0,1.0,1000.0,0.0,0.0,-210.57763000290285,212.5,1.9223699970971495,0.0,1.9223699970971495,0.0,0.0,-1455.9558559577629,1492.8125,36.8566440422363,0.0,36.8566440422363
radiation,sun,7030.0,117.166667,301.17035694728776,270.0,1.0,1000.0,0.0,0.0,-210.58004053564923,212.5,1.919959464350768,0.0,1.919959464350768,0.0,0.0,-1457.0087561604412,1493.875,36.866243839558045,0.0,36.866243839558045
radiation,sun,7035.0,117.25,301.1706613206127,270.0,1.0,1000.0,0.0,0.0,-210.5824480530502,212.5,1.9175519469498,0.0,1.9175519469498,0.0,0.0,-1458.0616684007064,1494.9375,36.875831599292795,0.0,36.875831599292795
radiation,sun,7040.0,117.333333,301.17096531227,270.0,1.0,1000.0,0.0,0.0,-210.58485255885913,212.5,1.9151474411408742,0.0,1.9151474411408742,0.0,0.0,-1459.1145926635004,1496.0,36.8854073364985,0.0,36.8854073364985
radiation,sun,7045.0,117.416667,301.17126892273717,270.0,1.0,1000.0,0.0,0.0,-210.58725405682532,212.5,1.9127459431746843,0.0,1.9127459431746843,0.0,0.0,-1460.1675289337848,1497.0625,36.894971066214374,0.0,36.894971066214374
radiation,sun,7050.0,117.5,301.171572152491,270.0,1.0,1000.0,0.0,0.0,-210.58965255069245,212.5,1.910347449307551,0.0,1.910347449307551,0.0,0.0,-1461.220477196538,1498.125,36.904522803460914,0.0,36.904522803460914
radiation,sun,7055.0,117.583333,301.1718750020078,270.0,1.0,1000.0,0.0,0.0,-210.59204804420088,212.5,1.9079519557991205,0.0,1.9079519557991205,0.0,0.0,-1462.2734374367592,1499.1875,36.91406256323991,0.0,36.91406256323991
radiation,sun,7060.0,117.666667,301.17217747176323,270.0,1.0,1000.0,0.0,0.0,-210.59444054108562,212.5,1.9055594589143823,0.0,1.9055594589143823,0.0,0.0,-1463.3264096394646,1500.25,36.923590360534476,0.0,36.923590360534476
radiation,sun,7065.0,117.75,301.1724795622323,270.0,1.0,1000.0,0.0,0.0,-210.59683004507724,212.5,1.9031699549227596,0.0,1.9031699549227596,0.0,0.0,-1464.37939378969,1501.3125,36.9331062103091,0.0,36.9331062103091
radiation,sun,7070.0,117.833333,301.1727812738895,270.0,1.0,1000.0,0.0,0.0,-210.59921655990144,212.5,1.9007834400985644,0.0,1.9007834400985644,0.0,0.0,-1465.4323898724895,1502.375,36.94261012750959,0.0,36.94261012750959
radiation,sun,7075.0,117.916667,301.17308260720864,270.0,1.0,1000.0,0.0,0.0,-210.60160008927957,212.5,1.8983999107204284,0.0,1.8983999107204284,0.0,0.0,-1466.485397872936,1503.4375,36.95210212706319,0.0,36.95210212706319
radiation,sun,7080.0,118.0,301.1733835626631,270.0,1.0,1000.0,0.0,0.0,-210.60398063692804,212.5,1.8960193630719573,0.0,1.8960193630719573,0.0,0.0,-1467.5384177761207,1504.5,36.96158222387855,0.0,36.96158222387855
radiation,sun,7085.0,118.083333,301.1736841407256,270.0,1.0,1000.0,0.0,0.0,-210.60635820655932,212.5,1.893641793440679,0.0,1.893641793440679,0.0,0.0,-1468.5914495671534,1505.5625,36.97105043284575,0.0,36.97105043284575
radiation,sun,7090.0,118.166667,301.17398434186816,270.0,1.0,1000.0,0.0,0.0,-210.60873280188113,212.5,1.891267198118868,0.0,1.891267198118868,0.0,0.0,-1469.6444932311626,1506.625,36.98050676883635,0.0,36.98050676883635
radiation,sun,7095.0,118.25,301.17428416656236,270.0,1.0,1000.0,0.0,0.0,-210.61110442659614,212.5,1.8888955734038575,0.0,1.8888955734038575,0.0,0.0,-1470.6975487532955,1507.6875,36.98995124670337,0.0,36.98995124670337
radiation,sun,7100.0,118.333333,301.1745836152791,270.0,1.0,1000.0,0.0,0.0,-210.6134730844027,212.5,1.886526915597301,0.0,1.886526915597301,0.0,0.0,-1471.7506161187175,1508.75,36.999383881281354,0.0,36.999383881281354
radiation,sun,7105.0,118.416667,301.1748826884888,270.0,1.0,1000.0,0.0,0.0,-210.6158387789948,212.5,1.8841612210052006,0.0,1.8841612210052006,0.0,0.0,-1472.8036953126125,1509.8125,37.00880468738638,0.0,37.00880468738638
radiation,sun,7110.0,118.5,301.17518138666117,270.0,1.0,1000.0,0.0,0.0,-210.61820151406195,212.5,1.8817984859380488,0.0,1.8817984859380488,0.0,0.0,-1473.8567863201827,1510.875,37.01821367981607,0.0,37.01821367981607
radiation,sun,7115.0,118.583333,301.1754797102654,270.0,1.0,1000.0,0.0,0.0,-210.62056129328838,212.5,1.8794387067116247,0.0,1.8794387067116247,0.0,0.0,-1474.9098891266492,1511.9375,37.02761087334963,0.0,37.02761087334963
radiation,sun,7120.0,118.666667,301.1757776597701,270.0,1.0,1000.0,0.0,0.0,-210.62291812035483,212.5,1.877081879645175,0.0,1.877081879645175,0.0,0.0,-1475.9630037172508,1513.0,37.03699628274785,0.0,37.03699628274785
radiation,sun,7125.0,118.75,301.1760752356433,270.0,1.0,1000.0,0.0,0.0,-210.625271998937,212.5,1.874728001063005,0.0,1.874728001063005,0.0,0.0,-1477.0161300772456,1514.0625,37.04636992275317,0.0,37.04636992275317
radiation,sun,7130.0,118.833333,301.17637243835236,270.0,1.0,1000.0,0.0,0.0,-210.6276229327055,212.5,1.872377067294508,0.0,1.872377067294508,0.0,0.0,-1478.0692681919093,1515.125,37.05573180808965,0.0,37.05573180808965
radiation,sun,7135.0,118.916667,301.1766692683642,270.0,1.0,1000.0,0.0,0.0,-210.62997092532737,212.5,1.8700290746726296,0.0,1.8700290746726296,0.0,0.0,-1479.1224180465358,1516.1875,37.06508195346301,0.0,37.06508195346301
radiation,sun,7140.0,119.0,301.1769657261451,270.0,1.0,1000.0,0.0,0.0,-210.63231598046465,212.5,1.8676840195353464,0.0,1.8676840195353464,0.0,0.0,-1480.1755796264383,1517.25,37.074420373560685,0.0,37.074420373560685
radiation,sun,7145.0,119.083333,301.1772618121607,270.0,1.0,1000.0,0.0,0.0,-210.63465810177522,212.5,1.8653418982247842,0.0,1.8653418982247842,0.0,0.0,-1481.228752916947,1518.3125,37.083747083051804,0.0,37.083747083051804
radiation,sun,7150.0,119.166667,301.1775575268761,270.0,1.0,1000.0,0.0,0.0,-210.6369972929114,212.5,1.8630027070886115,0.0,1.8630027070886115,0.0,0.0,-1482.2819379034115,1519.375,37.09306209658725,0.0,37.09306209658725
radiation,sun,7155.0,119.25,301.1778528707559,270.0,1.0,1000.0,0.0,0.0,-210.63933355752252,212.5,1.8606664424774806,0.0,1.8606664424774806,0.0,0.0,-1483.335134571199,1520.4375,37.10236542879964,0.0,37.10236542879964
radiation,sun,7160.0,119.333333,301.17814784426395,270.0,1.0,1000.0,0.0,0.0,-210.64166689925216,212.5,1.858333100747842,0.0,1.858333100747842,0.0,0.0,-1484.3883429056953,1521.5,37.11165709430338,0.0,37.11165709430338
radiation,sun,7165.0,119.416667,301.1784424478637,270.0,1.0,1000.0,0.0,0.0,-210.64399732174007,212.5,1.8560026782599266,0.0,1.8560026782599266,0.0,0.0,-1485.441562892304,1522.5625,37.12093710769468,0.0,37.12093710769468
radiation,sun,7170.0,119.5,301.17873668201787,270.0,1.0,1000.0,0.0,0.0,-210.64632482862132,212.5,1.8536751713786828,0.0,1.8536751713786828,0.0,0.0,-1486.4947945164472,1523.625,37.13020548355157,0.0,37.13020548355157
radiation,sun,7175.0,119.583333,301.17903054718875,270.0,1.0,1000.0,0.0,0.0,-210.64864942352636,212.5,1.851350576473635,0.0,1.851350576473635,0.0,0.0,-1487.548037763565,1524.6875,37.13946223643394,0.0,37.13946223643394
radiation,sun,7180.0,119.666667,301.17932404383794,270.0,1.0,1000.0,0.0,0.0,-210.65097111008143,212.5,1.8490288899185714,0.0,1.8490288899185714,0.0,0.0,-1488.6012926191152,1525.75,37.14870738088354,0.0,37.14870738088354
radiation,sun,7185.0,119.75,301.1796171724265,270.0,1.0,1000.0,0.0,0.0,-210.65328989190817,212.5,1.846710108091827,0.0,1.846710108091827,0.0,0.0,-1489.6545590685748,1526.8125,37.157940931424,0.0,37.157940931424
radiation,sun,7190.0,119.833333,301.179909933415,270.0,1.0,1000.0,0.0,0.0,-210.65560577262355,212.5,1.8443942273764549,0.0,1.8443942273764549,0.0,0.0,-1490.7078370974377,1527.875,37.16716290256088,0.0,37.16716290256088
radiation,sun,7195.0,119.916667,301.18020232726326,270.0,1.0,1000.0,0.0,0.0,-210.65791875584085,212.5,1.8420812441591465,0.0,1.8420812441591465,0.0,0.0,-1491.761126691217,1528.9375,37.17637330878168,0.0,37.17637330878168
radiation,sun,7200.0,120.0,301.1804943544307,270.0,1.0,1000.0,0.0,0.0,-210.66022884516775,212.5,1.839771154832249,0.0,1.839771154832249,0.0,0.0,-1492.8144278354428,1530.0,37.18557216455584,0.0,37.18557216455584
radiation,shade,0.0,0.0,300.0,270.0,0.1,1000.0,0.0,0.0,0.0,0.0,0.0,0.0,0.0,0.0,0.0,0.0,0.0,0.0,0.0,0.0
radiation,shade,5.0,0.083333,299.97140625983457,270.0,0.1,1000.0,0.0,0.0,-201.3905630422332,21.25,-180.1405630422332,0.0,-180.1405630422332,0.0,0.0,-1.006952815211166,0.10625,-0.900702815211166,0.0,-0.900702815211166
radiation,shade,10.0,0.166667,299.9428479531651,270.0,0.1,1000.0,0.0,0.0,-201.16733201782301,21.25,-179.91733201782301,0.0,-179.91733201782301,0.0,0.0,-2.012789475300281,0.2125,-1.8002894753002812,0.0,-1.8002894753002812
radiation,shade,15.0,0.25,299.91432502596973,270.0,0.1,1000.0,0.0,0.0,-200.94444133080637,21.25,-179.69444133080637,0.0,-179.69444133080637,0.0,0.0,-3.017511681954313,0.31875,-2.6987616819543128,0.0,-2.6987616819543128
radiation,shade,20.0,0.333333,299.88583742433315,270.0,0.1,1000.0,0.0,0.0,-200.7218903106463,21.25,-179.4718903106463,0.0,-179.4718903106463,0.0,0.0,-4.021121133507544,0.425,-3.5961211335075443,0.0,-3.5961211335075443
radiation,shade,25.0,0.416667,299.8573850944461,270.0,0.1,1000.0,0.0,0.0,-200.49967828850163,21.25,-179.24967828850163,0.0,-179.24967828850163,0.0,0.0,-5.023619524950052,0.53125,-4.492369524950052,0.0,-4.492369524950052
radiation,shade,30.0,0.5,299.82896798260526,270.0,0.1,1000.0,0.0,0.0,-200.27780459722135,21.25,-179.02780459722135,0.0,-179.02780459722135,0.0,0.0,-6.025008547936158,0.6375,-5.387508547936159,0.0,-5.387508547936159
radiation,shade,35.0,0.583333,299.800586035213,270.0,0.1,1000.0,0.0,0.0,-200.05626857133976,21.25,-178.80626857133976,0.0,-178.80626857133976,0.0,0.0,-7.025289890792857,0.74375,-6.281539890792858,0.0,-6.281539890792858
radiation,shade,40.0,0.666667,299.77223919877696,270.0,0.1,1000.0,0.0,0.0,-199.83506954707119,21.25,-178.58506954707119,0.0,-178.58506954707119,0.0,0.0,-8.024465238528213,0.85,-7.174465238528214,0.0,-7.174465238528214
radiation,shade,45.0,0.75,299.74392741990994,270.0,0.1,1000.0,0.0,0.0,-199.61420686230485,21.25,-178.36420686230485,0.0,-178.36420686230485,0.0,0.0,-9.022536272839737,0.95625,-8.066286272839738,0.0,-8.066286272839738
radiation,shade,50.0,0.833333,299.7156506453295,270.0,0.1,1000.0,0.0,0.0,-199.39367985659868,21.25,-178.14367985659868,0.0,-178.14367985659868,0.0,0.0,-10.019504672122732,1.0625,-8.957004672122732,0.0,-8.957004672122732
radiation,shade,55.0,0.916667,299.6874088218579,270.0,0.1,1000.0,0.0,0.0,-199.17348787117504,21.25,-177.92348787117504,0.0,-177.92348787117504,0.0,0.0,-11.015372111478607,1.16875,-9.846622111478608,0.0,-9.846622111478608
radiation,shade,60.0,1.0,299.65920189642156,270.0,0.1,1000.0,0.0,0.0,-198.95363024891608,21.25,-177.70363024891608,0.0,-177.70363024891608,0.0,0.0,-12.010140262723187,1.275,-10.735140262723187,0.0,-10.735140262723187
radiation,shade,65.0,1.083333,299.631029816051,270.0,0.1,1000.0,0.0,0.0,-198.73410633435697,21.25,-177.48410633435697,0.0,-177.48410633435697,0.0,0.0,-13.003810794394973,1.38125,-11.622560794394973,0.0,-11.622560794394973
radiation,shade,70.0,1.166667,299.6028925278806,270.0,0.1,1000.0,0.0,0.0,-198.51491547368195,21.25,-177.26491547368195,0.0,-177.26491547368195,0.0,0.0,-13.996385371763383,1.4875,-12.508885371763382,0.0,-12.508885371763382
radiation,shade,75.0,1.25,299.57478997914814,270.0,0.1,1000.0,0.0,0.0,-198.2960570147196,21.25,-177.0460570147196,0.0,-177.0460570147196,0.0,0.0,-14.98786565683698,1.59375,-13.39411565683698,0.0,-13.39411565683698
radiation,shade,80.0,1.333333,299.54672211719463,270.0,0.1,1000.0,0.0,0.0,-198.0775303069359,21.25,-176.8275303069359,0.0,-176.8275303069359,0.0,0.0,-15.978253308371661,1.7,-14.27825330837166,0.0,-14.27825330837166
radiation,shade,85.0,1.416667,299.5186888894643,270.0,0.1,1000.0,0.0,0.0,-197.8593347014307,21.25,-176.6093347014307,0.0,-176.6093347014307,0.0,0.0,-16.967549981878815,1.80625,-15.161299981878814,0.0,-15.161299981878814
radiation,shade,90.0,1.5,299.4906902435038,270.0,0.1,1000.0,0.0,0.0,-197.64146955093295,21.25,-176.39146955093295,0.0,-176.39146955093295,0.0,0.0,-17.95575732963348,1.9125,-16.04325732963348,0.0,-16.04325732963348
radiation,shade,95.0,1.583333,299.4627261269626,270.0,0.1,1000.0,0.0,0.0,-197.4239342097942,21.25,-176.1739342097942,0.0,-176.1739342097942,0.0,0.0,-18.94287700068245,2.01875,-16.92412700068245,0.0,-16.92412700068245
radiation,shade,100.0,1.666667,299.4347964875921,270.0,0.1,1000.0,0.0,0.0,-197.2067280339846,21.25,-175.9567280339846,0.0,-175.9567280339846,0.0,0.0,-19.928910640852376,2.125,-17.803910640852372,0.0,-17.803910640852372
radiation,shade,105.0,1.75,299.4069012732459,270.0,0.1,1000.0,0.0,0.0,-196.98985038108745,21.25,-175.73985038108745,0.0,-175.73985038108745,0.0,0.0,-20.913859892757813,2.23125,-18.68260989275781,0.0,-18.68260989275781
radiation,shade,110.0,1.833333,299.3790404318792,270.0,0.1,1000.0,0.0,0.0,-196.77330061029502,21.25,-175.52330061029502,0.0,-175.52330061029502,0.0,0.0,-21.89772639580929,2.3375,-19.560226395809284,0.0,-19.560226395809284
radiation,shade,115.0,1.916667,299.35121391154865,270.0,0.1,1000.0,0.0,0.0,-196.5570780824023,21.25,-175.3070780824023,0.0,-175.3070780824023,0.0,0.0,-22.8805117862213,2.44375,-20.436761786221297,0.0,-20.436761786221297
radiation,shade,120.0,2.0,299.3234216604122,270.0,0.1,1000.0,0.0,0.0,-196.34118215980277,21.25,-175.09118215980277,0.0,-175.09118215980277,0.0,0.0,-23.862217697020313,2.55,-21.312217697020312,0.0,-21.312217697020312
radiation,shade,125.0,2.083333,299.2956636267286,270.0,0.1,1000.0,0.0,0.0,-196.12561220648396,21.25,-174.87561220648396,0.0,-174.87561220648396,0.0,0.0,-24.842845758052736,2.65625,-22.186595758052732,0.0,-22.186595758052732
radiation,shade,130.0,2.166667,299.2679397588575,270.0,0.1,1000.0,0.0,0.0,-195.91036758802133,21.25,-174.66036758802133,0.0,-174.66036758802133,0.0,0.0,-25.822397595992843,2.7625,-23.05989759599284,0.0,-23.05989759599284
radiation,shade,135.0,2.25,299.2402500052588,270.0,0.1,1000.0,0.0,0.0,-195.69544767157493,21.25,-174.44544767157493,0.0,-174.44544767157493,0.0,0.0,-26.80087483435072,2.86875,-23.932124834350713,0.0,-23.932124834350713
radiation,shade,140.0,2.333333,299.2125943144928,270.0,0.1,1000.0,0.0,0.0,-195.48085182588235,21.25,-174.23085182588235,0.0,-174.23085182588235,0.0,0.0,-27.77827909348013,2.975,-24.80327909348013,0.0,-24.80327909348013
radiation,shade,145.0,2.416667,299.18497263521954,270.0,0.1,1000.0,0.0,0.0,-195.26657942125604,21.25,-174.01657942125604,0.0,-174.01657942125604,0.0,0.0,-28.75461199058641,3.08125,-25.673361990586407,0.0,-25.673361990586407
radiation,shade,150.0,2.5,299.15738491619896,270.0,0.1,1000.0,0.0,0.0,-195.05262982957743,21.25,-173.80262982957743,0.0,-173.80262982957743,0.0,0.0,-29.729875139734297,3.1875,-26.542375139734293,0.0,-26.542375139734293
radiation,shade,155.0,2.583333,299.12983110629034,270.0,0.1,1000.0,0.0,0.0,-194.83900242429226,21.25,-173.58900242429226,0.0,-173.58900242429226,0.0,0.0,-30.70407015185576,3.29375,-27.410320151855753,0.0,-27.410320151855753
radiation,shade,160.0,2.666667,299.1023111544522,270.0,0.1,1000.0,0.0,0.0,-194.62569658040556,21.25,-173.37569658040556,0.0,-173.37569658040556,0.0,0.0,-31.677198634757783,3.4,-28.277198634757784,0.0,-28.277198634757784
radiation,shade,165.0,2.75,299.07482500974197,270.0,0.1,1000.0,0.0,0.0,-194.41271167447715,21.25,-173.16271167447715,0.0,-173.16271167447715,0.0,0.0,-32.64926219313017,3.50625,-29.14301219313017,0.0,-29.14301219313017
radiation,shade,170.0,2.833333,299.04737262131584,270.0,0.1,1000.0,0.0,0.0,-194.20004708461673,21.25,-172.95004708461673,0.0,-172.95004708461673,0.0,0.0,-33.620262428553254,3.6125,-30.00776242855325,0.0,-30.00776242855325
radiation,shade,175.0,2.916667,299.01995393842844,270.0,0.1,1000.0,0.0,0.0,-193.98770219047896,21.25,-172.73770219047896,0.0,-172.73770219047896,0.0,0.0,-34.59020093950564,3.71875,-30.871450939505646,0.0,-30.871450939505646
radiation,shade,180.0,3.0,298.9925689104327,270.0,0.1,1000.0,0.0,0.0,-193.77567637325905,21.25,-172.52567637325905,0.0,-172.52567637325905,0.0,0.0,-35.55907932137194,3.825,-31.73407932137194,0.0,-31.73407932137194
radiation,shade,185.0,3.083333,298.9652174867794,270.0,0.1,1000.0,0.0,0.0,-193.5639690156884,21.25,-172.3139690156884,0.0,-172.3139690156884,0.0,0.0,-36.52689916645038,3.93125,-32.59564916645038,0.0,-32.59564916645038
radiation,shade,190.0,3.166667,298.9378996170172,270.0,0.1,1000.0,0.0,0.0,-193.35257950202896,21.25,-172.10257950202896,0.0,-172.10257950202896,0.0,0.0,-37.49366206396052,4.0375,-33.45616206396053,0.0,-33.45616206396053
radiation,shade,195.0,3.25,298.9106152507921,270.0,0.1,1000.0,0.0,0.0,-193.1415072180688,21.25,-171.8915072180688,0.0,-171.8915072180688,0.0,0.0,-38.45936960005087,4.14375,-34.31561960005087,0.0,-34.31561960005087
radiation,shade,200.0,3.333333,298.88336433784747,270.0,0.1,1000.0,0.0,0.0,-192.93075155111782,21.25,-171.68075155111782,0.0,-171.68075155111782,0.0,0.0,-39.424023357806455,4.25,-35.174023357806455,0.0,-35.174023357806455
radiation,shade,205.0,3.416667,298.85614682802367,270.0,0.1,1000.0,0.0,0.0,-192.72031189000313,21.25,-171.47031189000313,0.0,-171.47031189000313,0.0,0.0,-40.387624917256474,4.35625,-36.03137491725647,0.0,-36.03137491725647
radiation,shade,210.0,3.5,298.8289626712578,270.0,0.1,1000.0,0.0,0.0,-192.51018762506408,21.25,-171.26018762506408,0.0,-171.26018762506408,0.0,0.0,-41.35017585538179,4.4625,-36.887675855381794,0.0,-36.887675855381794
radiation,shade,215.0,3.583333,298.8018118175835,270.0,0.1,1000.0,0.0,0.0,-192.3003781481475,21.25,-171.0503781481475,0.0,-171.0503781481475,0.0,0.0,-42.31167774612253,4.56875,-37.742927746122525,0.0,-37.742927746122525
radiation,shade,220.0,3.666667,298.7746942171307,270.0,0.1,1000.0,0.0,0.0,-192.09088285260364,21.25,-170.84088285260364,0.0,-170.84088285260364,0.0,0.0,-43.272132160385546,4.675,-38.59713216038555,0.0,-38.59713216038555
radiation,shade,225.0,3.75,298.7476098201254,270.0,0.1,1000.0,0.0,0.0,-191.88170113328104,21.25,-170.63170113328104,0.0,-170.63170113328104,0.0,0.0,-44.23154066605195,4.78125,-39.45029066605195,0.0,-39.45029066605195
radiation,shade,230.0,3.833333,298.7205585768894,270.0,0.1,1000.0,0.0,0.0,-191.67283238652251,21.25,-170.42283238652251,0.0,-170.42283238652251,0.0,0.0,-45.18990482798456,4.8875,-40.30240482798457,0.0,-40.30240482798457
radiation,shade,235.0,3.916667,298.69354043784017,270.0,0.1,1000.0,0.0,0.0,-191.46427601016026,21.25,-170.21427601016026,0.0,-170.21427601016026,0.0,0.0,-46.14722620803537,4.99375,-41.15347620803537,0.0,-41.15347620803537
radiation,shade,240.0,4.0,298.6665553534904,270.0,0.1,1000.0,0.0,0.0,-191.25603140351134,21.25,-170.00603140351134,0.0,-170.00603140351134,0.0,0.0,-47.10350636505293,5.1,-42.00350636505293,0.0,-42.00350636505293
radiation,shade,245.0,4.083333,298.639603274448,270.0,0.1,1000.0,0.0,0.0,-191.04809796737322,21.25,-169.79809796737322,0.0,-169.79809796737322,0.0,0.0,-48.0587468548898,5.20625,-42.85249685488979,0.0,-42.85249685488979
radiation,shade,250.0,4.166667,298.61268415141564,270.0,0.1,1000.0,0.0,0.0,-190.84047510401896,21.25,-169.59047510401896,0.0,-169.59047510401896,0.0,0.0,-49.01294923040989,5.3125,-43.70044923040989,0.0,-43.70044923040989
radiation,shade,255.0,4.25,298.58579793519067,270.0,0.1,1000.0,0.0,0.0,-190.63316221719327,21.25,-169.38316221719327,0.0,-169.38316221719327,0.0,0.0,-49.966115041495854,5.41875,-44.54736504149585,0.0,-44.54736504149585
radiation,shade,260.0,4.333333,298.55894457666494,270.0,0.1,1000.0,0.0,0.0,-190.4261587121074,21.25,-169.1761587121074,0.0,-169.1761587121074,0.0,0.0,-50.91824583505639,5.525,-45.39324583505639,0.0,-45.39324583505639
radiation,shade,265.0,4.416667,298.5321240268244,270.0,0.1,1000.0,0.0,0.0,-190.21946399543583,21.25,-168.96946399543583,0.0,-168.96946399543583,0.0,0.0,-51.86934315503357,5.63125,-46.23809315503357,0.0,-46.23809315503357
radiation,shade,270.0,4.5,298.505336236749,270.0,0.1,1000.0,0.0,0.0,-190.01307747531055,21.25,-168.76307747531055,0.0,-168.76307747531055,0.0,0.0,-52.81940854241012,5.7375,-47.08190854241012,0.0,-47.08190854241012
radiation,shade,275.0,4.583333,298.47858115761227,270.0,0.1,1000.0,0.0,0.0,-189.80699856131702,21.25,-168.55699856131702,0.0,-168.55699856131702,0.0,0.0,-53.768443535216704,5.84375,-47.924693535216704,0.0,-47.924693535216704
radiation,shade,280.0,4.666667,298.4518587406814,270.0,0.1,1000.0,0.0,0.0,-189.6012266644902,21.25,-168.3512266644902,0.0,-168.3512266644902,0.0,0.0,-54.716449668539155,5.95,-48.76644966853916,0.0,-48.76644966853916
radiation,shade,285.0,4.75,298.42516893731676,270.0,0.1,1000.0,0.0,0.0,-189.3957611973098,21.25,-168.1457611973098,0.0,-168.1457611973098,0.0,0.0,-55.6634284745257,6.05625,-49.6071784745257,0.0,-49.6071784745257
radiation,shade,290.0,4.833333,298.39851169897173,270.0,0.1,1000.0,0.0,0.0,-189.19060157369563,21.25,-167.94060157369563,0.0,-167.94060157369563,0.0,0.0,-56.60938148239418,6.1625,-50.44688148239418,0.0,-50.44688148239418
radiation,shade,295.0,4.916667,298.3718869771925,270.0,0.1,1000.0,0.0,0.0,-188.9857472090042,21.25,-167.7357472090042,0.0,-167.7357472090042,0.0,0.0,-57.5543102184392,6.26875,-51.285560218439194,0.0,-51.285560218439194
radiation,shade,300.0,5.0,298.3452947236179,270.0,0.1,1000.0,0.0,0.0,-188.78119752002306,21.25,-167.53119752002306,0.0,-167.53119752002306,0.0,0.0,-58.49821620603931,6.375,-52.12321620603931,0.0,-52.12321620603931
radiation,shade,305.0,5.083333,298.318734889979,270.0,0.1,1000.0,0.0,0.0,-188.57695192496777,21.25,-167.32695192496777,0.0,-167.32695192496777,0.0,0.0,-59.44110096566415,6.48125,-52.959850965664145,0.0,-52.959850965664145
radiation,shade,310.0,5.166667,298.29220742809906,270.0,0.1,1000.0,0.0,0.0,-188.37300984347678,21.25,-167.12300984347678,0.0,-167.12300984347678,0.0,0.0,-60.38296601488153,6.5875,-53.795466014881534,0.0,-53.795466014881534
radiation,shade,315.0,5.25,298.26571228989326,270.0,0.1,1000.0,0.0,0.0,-188.16937069660702,21.25,-166.91937069660702,0.0,-166.91937069660702,0.0,0.0,-61.32381286836456,6.69375,-54.63006286836456,0.0,-54.63006286836456
radiation,shade,320.0,5.333333,298.23924942736835,270.0,0.1,1000.0,0.0,0.0,-187.96603390683052,21.25,-166.71603390683052,0.0,-166.71603390683052,0.0,0.0,-62.26364303789871,6.8,-55.46364303789871,0.0,-55.46364303789871
radiation,shade,325.0,5.416667,298.2128187926226,270.0,0.1,1000.0,0.0,0.0,-187.7629988980289,21.25,-166.5129988980289,0.0,-166.5129988980289,0.0,0.0,-63.20245803238886,6.90625,-56.29620803238886,0.0,-56.29620803238886
radiation,shade,330.0,5.5,298.18642033784556,270.0,0.1,1000.0,0.0,0.0,-187.56026509549028,21.25,-166.31026509549028,0.0,-166.31026509549028,0.0,0.0,-64.14025935786631,7.0125,-57.12775935786631,0.0,-57.12775935786631
radiation,shade,335.0,5.583333,298.16005401531766,270.0,0.1,1000.0,0.0,0.0,-187.35783192590458,21.25,-166.10783192590458,0.0,-166.10783192590458,0.0,0.0,-65.07704851749583,7.11875,-57.958298517495834,0.0,-57.958298517495834
radiation,shade,340.0,5.666667,298.13371977741014,270.0,0.1,1000.0,0.0,0.0,-187.15569881735894,21.25,-165.90569881735894,0.0,-165.90569881735894,0.0,0.0,-66.01282701158263,7.225,-58.78782701158262,0.0,-58.78782701158262
radiation,shade,345.0,5.75,298.10741757658485,270.0,0.1,1000.0,0.0,0.0,-186.95386519933368,21.25,-165.70386519933368,0.0,-165.70386519933368,0.0,0.0,-66.9475963375793,7.33125,-59.616346337579294,0.0,-59.616346337579294
radiation,shade,350.0,5.833333,298.081147365394,270.0,0.1,1000.0,0.0,0.0,-186.75233050269887,21.25,-165.50233050269887,0.0,-165.50233050269887,0.0,0.0,-67.88135799009278,7.4375,-60.44385799009279,0.0,-60.44385799009279
radiation,shade,355.0,5.916667,298.0549090964797,270.0,0.1,1000.0,0.0,0.0,-186.55109415970927,21.25,-165.30109415970927,0.0,-165.30109415970927,0.0,0.0,-68.81411346089132,7.54375,-61.27036346089133,0.0,-61.27036346089133
radiation,shade,360.0,6.0,298.02870272257434,270.0,0.1,1000.0,0.0,0.0,-186.35015560399995,21.25,-165.10015560399995,0.0,-165.10015560399995,0.0,0.0,-69.74586423891132,7.65,-62.09586423891134,0.0,-62.09586423891134
radiation,shade,365.0,6.083333,298.00252819649967,270.0,0.1,1000.0,0.0,0.0,-186.1495142705838,21.25,-164.8995142705838,0.0,-164.8995142705838,0.0,0.0,-70.67661181026423,7.75625,-62.92036181026426,0.0,-62.92036181026426
radiation,shade,370.0,6.166667,297.976385471167,270.0,0.1,1000.0,0.0,0.0,-185.94916959584526,21.25,-164.69916959584526,0.0,-164.69916959584526,0.0,0.0,-71.60635765824347,7.8625,-63.743857658243485,0.0,-63.743857658243485
radiation,shade,375.0,6.25,297.95027449957695,270.0,0.1,1000.0,0.0,0.0,-185.7491210175376,21.25,-164.4991210175376,0.0,-164.4991210175376,0.0,0.0,-72.53510326333115,7.96875,-64.56635326333117,0.0,-64.56635326333117
radiation,shade,380.0,6.333333,297.924195234819,270.0,0.1,1000.0,0.0,0.0,-185.54936797477808,21.25,-164.29936797477808,0.0,-164.29936797477808,0.0,0.0,-73.46285010320504,8.075,-65.38785010320507,0.0,-65.38785010320507
radiation,shade,385.0,6.416667,297.8981476300717,270.0,0.1,1000.0,0.0,0.0,-185.34990990804442,21.25,-164.09990990804442,0.0,-164.09990990804442,0.0,0.0,-74.38959965274526,8.18125,-66.20834965274528,0.0,-66.20834965274528
radiation,shade,390.0,6.5,297.872131638602,270.0,0.1,1000.0,0.0,0.0,-185.15074625917094,21.25,-163.90074625917094,0.0,-163.90074625917094,0.0,0.0,-75.31535338404113,8.2875,-67.02785338404114,0.0,-67.02785338404114
radiation,shade,395.0,6.583333,297.8461472137653,270.0,0.1,1000.0,0.0,0.0,-184.95187647134355,21.25,-163.70187647134355,0.0,-163.70187647134355,0.0,0.0,-76.24011276639784,8.39375,-67.84636276639786,0.0,-67.84636276639786
radiation,shade,400.0,6.666667,297.8201943090051,270.0,0.1,1000.0,0.0,0.0,-184.75329998909615,21.25,-163.50329998909615,0.0,-163.50329998909615,0.0,0.0,-77.16387926634333,8.5,-68.66387926634334,0.0,-68.66387926634334
radiation,shade,405.0,6.75,297.794272877853,270.0,0.1,1000.0,0.0,0.0,-184.55501625830712,21.25,-163.30501625830712,0.0,-163.30501625830712,0.0,0.0,-78.08665434763486,8.60625,-69.48040434763487,0.0,-69.48040434763487
radiation,shade,410.0,6.833333,297.7683828739282,270.0,0.1,1000.0,0.0,0.0,-184.35702472619488,21.25,-163.10702472619488,0.0,-163.10702472619488,0.0,0.0,-79.00843947126585,8.7125,-70.29593947126585,0.0,-70.29593947126585
radiation,shade,415.0,6.916667,297.7425242509375,270.0,0.1,1000.0,0.0,0.0,-184.1593248413129,21.25,-162.9093248413129,0.0,-162.9093248413129,0.0,0.0,-79.9292360954724,8.81875,-71.11048609547241,0.0,-71.11048609547241
radiation,shade,420.0,7.0,297.71669696267503,270.0,0.1,1000.0,0.0,0.0,-183.9619160535478,21.25,-162.7119160535478,0.0,-162.7119160535478,0.0,0.0,-80.84904567574014,8.925,-71.92404567574016,0.0,-71.92404567574016
radiation,shade,425.0,7.083333,297.690900963022,270.0,0.1,1000.0,0.0,0.0,-183.7647978141142,21.25,-162.5147978141142,0.0,-162.5147978141142,0.0,0.0,-81.76786966481072,9.03125,-72.73661966481073,0.0,-72.73661966481073
radiation,shade,430.0,7.166667,297.6651362059465,270.0,0.1,1000.0,0.0,0.0,-183.56796957555022,21.25,-162.31796957555022,0.0,-162.31796957555022,0.0,0.0,-82.68570951268846,9.1375,-73.54820951268849,0.0,-73.54820951268849
radiation,shade,435.0,7.25,297.63940264550337,270.0,0.1,1000.0,0.0,0.0,-183.3714307917146,21.25,-162.1214307917146,0.0,-162.1214307917146,0.0,0.0,-83.60256666664704,9.24375,-74.35881666664704,0.0,-74.35881666664704
radiation,shade,440.0,7.333333,297.6137002358339,270.0,0.1,1000.0,0.0,0.0,-183.17518091778192,21.25,-161.92518091778192,0.0,-161.92518091778192,0.0,0.0,-84.51844257123595,9.35,-75.16844257123597,0.0,-75.16844257123597
radiation,shade,445.0,7.416667,297.58802893116564,270.0,0.1,1000.0,0.0,0.0,-182.9792194102399,21.25,-161.7292194102399,0.0,-161.7292194102399,0.0,0.0,-85.43333866828715,9.45625,-75.97708866828717,0.0,-75.97708866828717
radiation,shade,450.0,7.5,297.56238868581215,270.0,0.1,1000.0,0.0,0.0,-182.78354572688377,21.25,-161.53354572688377,0.0,-161.53354572688377,0.0,0.0,-86.34725639692157,9.5625,-76.78475639692158,0.0,-76.78475639692158
radiation,shade,455.0,7.583333,297.536779454173,270.0,0.1,1000.0,0.0,0.0,-182.58815932681333,21.25,-161.33815932681333,0.0,-161.33815932681333,0.0,0.0,-87.26019719355564,9.66875,-77.59144719355565,0.0,-77.59144719355565
radiation,shade,460.0,7.666667,297.51120119073323,270.0,0.1,1000.0,0.0,0.0,-182.3930596704298,21.25,-161.1430596704298,0.0,-161.1430596704298,0.0,0.0,-88.17216249190778,9.775,-78.3971624919078,0.0,-78.3971624919078
radiation,shade,465.0,7.75,297.4856538500635,270.0,0.1,1000.0,0.0,0.0,-182.19824621943079,21.25,-160.94824621943079,0.0,-160.94824621943079,0.0,0.0,-89.08315372300494,9.88125,-79.20190372300496,0.0,-79.20190372300496
radiation,shade,470.0,7.833333,297.46013738681955,270.0,0.1,1000.0,0.0,0.0,-182.00371843680676,21.25,-160.75371843680676,0.0,-160.75371843680676,0.0,0.0,-89.99317231518897,9.9875,-80.00567231518899,0.0,-80.00567231518899
radiation,shade,475.0,7.916667,297.43465175574227,270.0,0.1,1000.0,0.0,0.0,-181.80947578683717,21.25,-160.55947578683717,0.0,-160.55947578683717,0.0,0.0,-90.90221969412316,10.09375,-80.80846969412318,0.0,-80.80846969412318
radiation,shade,480.0,8.0,297.4091969116573,270.0,0.1,1000.0,0.0,0.0,-181.61551773508722,21.25,-160.36551773508722,0.0,-160.36551773508722,0.0,0.0,-91.81029728279862,10.2,-81.61029728279863,0.0,-81.61029728279863
radiation,shade,485.0,8.083333,297.38377280947503,270.0,0.1,1000.0,0.0,0.0,-181.42184374840335,21.25,-160.17184374840335,0.0,-160.17184374840335,0.0,0.0,-92.71740650154062,10.30625,-82.41115650154063,0.0,-82.41115650154063
radiation,shade,490.0,8.166667,297.35837940419015,270.0,0.1,1000.0,0.0,0.0,-181.22845329490977,21.25,-159.97845329490977,0.0,-159.97845329490977,0.0,0.0,-93.62354876801517,10.4125,-83.21104876801519,0.0,-83.21104876801519
radiation,shade,495.0,8.25,297.3330166508816,270.0,0.1,1000.0,0.0,0.0,-181.03534584400478,21.25,-159.78534584400478,0.0,-159.78534584400478,0.0,0.0,-94.5287254972352,10.51875,-84.0099754972352,0.0,-84.0099754972352
radiation,shade,500.0,8.333333,297.3076845047123,270.0,0.1,1000.0,0.0,0.0,-180.84252086635632,21.25,-159.59252086635632,0.0,-159.59252086635632,0.0,0.0,-95.43293810156698,10.625,-84.80793810156699,0.0,-84.80793810156699
radiation,shade,505.0,8.416667,297.28238292092914,270.0,0.1,1000.0,0.0,0.0,-180.64997783389913,21.25,-159.39997783389913,0.0,-159.39997783389913,0.0,0.0,-96.33618799073648,10.73125,-85.60493799073649,0.0,-85.60493799073649
radiation,shade,510.0,8.5,297.2571118548625,270.0,0.1,1000.0,0.0,0.0,-180.45771621983047,21.25,-159.20771621983047,0.0,-159.20771621983047,0.0,0.0,-97.23847657183563,10.8375,-86.40097657183566,0.0,-86.40097657183566
radiation,shade,515.0,8.583333,297.2318712619262,270.0,0.1,1000.0,0.0,0.0,-180.26573549860686,21.25,-159.01573549860686,0.0,-159.01573549860686,0.0,0.0,-98.13980524932866,10.94375,-87.19605524932868,0.0,-87.19605524932868
radiation,shade,520.0,8.666667,297.2066610976173,270.0,0.1,1000.0,0.0,0.0,-180.07403514593946,21.25,-158.82403514593946,0.0,-158.82403514593946,0.0,0.0,-99.04017542505837,11.05,-87.99017542505838,0.0,-87.99017542505838
radiation,shade,525.0,8.75,297.18148131751593,270.0,0.1,1000.0,0.0,0.0,-179.88261463879184,21.25,-158.63261463879184,0.0,-158.63261463879184,0.0,0.0,-99.93958849825233,11.15625,-88.78333849825235,0.0,-88.78333849825235
radiation,shade,530.0,8.833333,297.1563318772849,270.0,0.1,1000.0,0.0,0.0,-179.69147345537453,21.25,-158.44147345537453,0.0,-158.44147345537453,0.0,0.0,-100.8380458655292,11.2625,-89.57554586552922,0.0,-89.57554586552922
radiation,shade,535.0,8.916667,297.13121273266984,270.0,0.1,1000.0,0.0,0.0,-179.5006110751425,21.25,-158.2506110751425,0.0,-158.2506110751425,0.0,0.0,-101.73554892090492,11.36875,-90.36679892090493,0.0,-90.36679892090493
radiation,shade,540.0,9.0,297.1061238394986,270.0,0.1,1000.0,0.0,0.0,-179.31002697879157,21.25,-158.06002697879157,0.0,-158.06002697879157,0.0,0.0,-102.63209905579888,11.475,-91.15709905579888,0.0,-91.15709905579888
radiation,shade,545.0,9.083333,297.08106515368144,270.0,0.1,1000.0,0.0,0.0,-179.11972064825372,21.25,-157.86972064825372,0.0,-157.86972064825372,0.0,0.0,-103.52769765904013,11.58125,-91.94644765904015,0.0,-91.94644765904015
radiation,shade,550.0,9.166667,297.05603663121053,270.0,0.1,1000.0,0.0,0.0,-178.92969156669506,21.25,-157.67969156669506,0.0,-157.67969156669506,0.0,0.0,-104.42234611687361,11.6875,-92.73484611687363,0.0,-92.73484611687363
radiation,shade,555.0,9.25,297.03103822815996,270.0,0.1,1000.0,0.0,0.0,-178.73993921851024,21.25,-157.48993921851024,0.0,-157.48993921851024,0.0,0.0,-105.31604581296615,11.79375,-93.52229581296618,0.0,-93.52229581296618
radiation,shade,560.0,9.333333,297.0060699006855,270.0,0.1,1000.0,0.0,0.0,-178.5504630893206,21.25,-157.3004630893206,0.0,-157.3004630893206,0.0,0.0,-106.20879812841277,11.9,-94.30879812841277,0.0,-94.30879812841277
radiation,shade,565.0,9.416667,296.9811316050242,270.0,0.1,1000.0,0.0,0.0,-178.36126266597003,21.25,-157.11126266597003,0.0,-157.11126266597003,0.0,0.0,-107.10060444174262,12.00625,-95.09435444174264,0.0,-95.09435444174264
radiation,shade,570.0,9.5,296.9562232974946,270.0,0.1,1000.0,0.0,0.0,-178.17233743652054,21.25,-156.92233743652054,0.0,-156.92233743652054,0.0,0.0,-107.99146612892523,12.1125,-95.87896612892524,0.0,-95.87896612892524
radiation,shade,575.0,9.583333,296.93134493449617,270.0,0.1,1000.0,0.0,0.0,-177.98368689025008,21.25,-156.73368689025008,0.0,-156.73368689025008,0.0,0.0,-108.88138456337647,12.21875,-96.66263456337649,0.0,-96.66263456337649
radiation,shade,580.0,9.666667,296.9064964725092,270.0,0.1,1000.0,0.0,0.0,-177.79531051764775,21.25,-156.54531051764775,0.0,-156.54531051764775,0.0,0.0,-109.77036111596472,12.325,-97.44536111596473,0.0,-97.44536111596473
radiation,shade,585.0,9.75,296.88167786809487,270.0,0.1,1000.0,0.0,0.0,-177.60720781041064,21.25,-156.35720781041064,0.0,-156.35720781041064,0.0,0.0,-110.65839715501676,12.43125,-98.22714715501678,0.0,-98.22714715501678
radiation,shade,590.0,9.833333,296.85688907789466,270.0,0.1,1000.0,0.0,0.0,-177.41937826144115,21.25,-156.16937826144115,0.0,-156.16937826144115,0.0,0.0,-111.54549404632397,12.5375,-99.00799404632397,0.0,-99.00799404632397
radiation,shade,595.0,9.916667,296.8321300586304,270.0,0.1,1000.0,0.0,0.0,-177.23182136484232,21.25,-155.98182136484232,0.0,-155.98182136484232,0.0,0.0,-112.43165315314818,12.64375,-99.78790315314819,0.0,-99.78790315314819
radiation,shade,600.0,10.0,296.80740076710407,270.0,0.1,1000.0,0.0,0.0,-177.04453661591432,21.25,-155.79453661591432,0.0,-155.79453661591432,0.0,0.0,-113.31687583622774,12.75,-100.56687583622775,0.0,-100.56687583622775
radiation,shade,605.0,10.083333,296.7827011601975,270.0,0.1,1000.0,0.0,0.0,-176.857523511152,21.25,-155.607523511152,0.0,-155.607523511152,0.0,0.0,-114.20116345378351,12.85625,-101.34491345378352,0.0,-101.34491345378352
radiation,shade,610.0,10.166667,296.7580311948724,270.0,0.1,1000.0,0.0,0.0,-176.6707815482404,21.25,-155.4207815482404,0.0,-155.4207815482404,0.0,0.0,-115.0845173615247,12.9625,-102.12201736152471,0.0,-102.12201736152471
radiation,shade,615.0,10.25,296.73339082816983,270.0,0.1,1000.0,0.0,0.0,-176.484310226052,21.25,-155.234310226052,0.0,-155.234310226052,0.0,0.0,-115.96693891265497,13.06875,-102.89818891265497,0.0,-102.89818891265497
radiation,shade,620.0,10.333333,296.70878001721036,270.0,0.1,1000.0,0.0,0.0,-176.29810904464267,21.25,-155.04810904464267,0.0,-155.04810904464267,0.0,0.0,-116.84842945787818,13.175,-103.6734294578782,0.0,-103.6734294578782
radiation,shade,625.0,10.416667,296.68419871919366,270.0,0.1,1000.0,0.0,0.0,-176.11217750524838,21.25,-154.86217750524838,0.0,-154.86217750524838,0.0,0.0,-117.72899034540443,13.28125,-104.44774034540444,0.0,-104.44774034540444
radiation,shade,630.0,10.5,296.6596468913984,270.0,0.1,1000.0,0.0,0.0,-175.92651511028214,21.25,-154.67651511028214,0.0,-154.67651511028214,0.0,0.0,-118.60862292095584,13.3875,-105.22112292095585,0.0,-105.22112292095585
radiation,shade,635.0,10.583333,296.63512449118195,270.0,0.1,1000.0,0.0,0.0,-175.74112136332988,21.25,-154.49112136332988,0.0,-154.49112136332988,0.0,0.0,-119.48732852777248,13.49375,-105.99357852777251,0.0,-105.99357852777251
radiation,shade,640.0,10.666667,296.6106314759805,270.0,0.1,1000.0,0.0,0.0,-175.55599576914744,21.25,-154.30599576914744,0.0,-154.30599576914744,0.0,0.0,-120.36510850661821,13.6,-106.76510850661825,0.0,-106.76510850661825
radiation,shade,645.0,10.75,296.58616780330846,270.0,0.1,1000.0,0.0,0.0,-175.37113783365749,21.25,-154.12113783365749,0.0,-154.12113783365749,0.0,0.0,-121.2419641957865,13.70625,-107.53571419578653,0.0,-107.53571419578653
radiation,shade,650.0,10.833333,296.56173343075864,270.0,0.1,1000.0,0.0,0.0,-175.18654706394568,21.25,-153.93654706394568,0.0,-153.93654706394568,0.0,0.0,-122.11789693110623,13.8125,-108.30539693110626,0.0,-108.30539693110626
radiation,shade,655.0,10.916667,296.5373283160018,270.0,0.1,1000.0,0.0,0.0,-175.0022229682575,21.25,-153.7522229682575,0.0,-153.7522229682575,0.0,0.0,-122.9929080459475,13.91875,-109.07415804594754,0.0,-109.07415804594754
radiation,shade,660.0,11.0,296.51295241678656,270.0,0.1,1000.0,0.0,0.0,-174.81816505599437,21.25,-153.56816505599437,0.0,-153.56816505599437,0.0,0.0,-123.86699887122748,14.025,-109.8419988712275,0.0,-109.8419988712275
radiation,shade,665.0,11.083333,296.4886056909393,270.0,0.1,1000.0,0.0,0.0,-174.6343728377111,21.25,-153.3843728377111,0.0,-153.3843728377111,0.0,0.0,-124.74017073541603,14.13125,-110.60892073541606,0.0,-110.60892073541606
radiation,shade,670.0,11.166667,296.46428809636393,270.0,0.1,1000.0,0.0,0.0,-174.45084582511183,21.25,-153.20084582511183,0.0,-153.20084582511183,0.0,0.0,-125.61242496454159,14.2375,-111.37492496454162,0.0,-111.37492496454162
radiation,shade,675.0,11.25,296.43999959104156,270.0,0.1,1000.0,0.0,0.0,-174.26758353104725,21.25,-153.01758353104725,0.0,-153.01758353104725,0.0,0.0,-126.48376288219683,14.34375,-112.14001288219686,0.0,-112.14001288219686
radiation,shade,680.0,11.333333,296.4157401330305,270.0,0.1,1000.0,0.0,0.0,-174.08458546951084,21.25,-152.83458546951084,0.0,-152.83458546951084,0.0,0.0,-127.35418580954438,14.45,-112.9041858095444,0.0,-112.9041858095444
radiation,shade,685.0,11.416667,296.39150968046613,270.0,0.1,1000.0,0.0,0.0,-173.90185115563588,21.25,-152.65185115563588,0.0,-152.65185115563588,0.0,0.0,-128.22369506532254,14.55625,-113.66744506532258,0.0,-113.66744506532258
radiation,shade,690.0,11.5,296.3673081915605,270.0,0.1,1000.0,0.0,0.0,-173.71938010569232,21.25,-152.46938010569232,0.0,-152.46938010569232,0.0,0.0,-129.09229196585102,14.6625,-114.42979196585104,0.0,-114.42979196585104
radiation,shade,695.0,11.583333,296.3431356246022,270.0,0.1,1000.0,0.0,0.0,-173.53717183708295,21.25,-152.28717183708295,0.0,-152.28717183708295,0.0,0.0,-129.95997782503642,14.76875,-115.19122782503645,0.0,-115.19122782503645
radiation,shade,700.0,11.666667,296.31899193795647,270.0,0.1,1000.0,0.0,0.0,-173.35522586834006,21.25,-152.10522586834006,0.0,-152.10522586834006,0.0,0.0,-130.82675395437812,14.875,-115.95175395437815,0.0,-115.95175395437815
radiation,shade,705.0,11.75,296.2948770900645,270.0,0.1,1000.0,0.0,0.0,-173.1735417191232,21.25,-151.9235417191232,0.0,-151.9235417191232,0.0,0.0,-131.69262166297375,14.98125,-116.71137166297376,0.0,-116.71137166297376
radiation,shade,710.0,11.833333,296.27079103944385,270.0,0.1,1000.0,0.0,0.0,-172.99211891021426,21.25,-151.74211891021426,0.0,-151.74211891021426,0.0,0.0,-132.55758225752484,15.0875,-117.47008225752484,0.0,-117.47008225752484
radiation,shade,715.0,11.916667,296.24673374468773,270.0,0.1,1000.0,0.0,0.0,-172.8109569635164,21.25,-151.5609569635164,0.0,-151.5609569635164,0.0,0.0,-133.4216370423424,15.19375,-118.2278870423424,0.0,-118.2278870423424
radiation,shade,720.0,12.0,296.2227051644652,270.0,0.1,1000.0,0.0,0.0,-172.63005540204873,21.25,-151.38005540204873,0.0,-151.38005540204873,0.0,0.0,-134.2847873193527,15.3,-118.98478731935265,0.0,-118.98478731935265
radiation,shade,725.0,12.083333,296.19870525752077,270.0,0.1,1000.0,0.0,0.0,-172.44941374994428,21.25,-151.19941374994428,0.0,-151.19941374994428,0.0,0.0,-135.14703438810238,15.40625,-119.74078438810237,0.0,-119.74078438810237
radiation,shade,730.0,12.166667,296.17473398267435,270.0,0.1,1000.0,0.0,0.0,-172.26903153244643,21.25,-151.01903153244643,0.0,-151.01903153244643,0.0,0.0,-136.00837954576463,15.5125,-120.49587954576461,0.0,-120.49587954576461
radiation,shade,735.0,12.25,296.15079129882105,270.0,0.1,1000.0,0.0,0.0,-172.08890827590562,21.25,-150.83890827590562,0.0,-150.83890827590562,0.0,0.0,-136.86882408714413,15.61875,-121.25007408714414,0.0,-121.25007408714414
radiation,shade,740.0,12.333333,296.12687716493093,270.0,0.1,1000.0,0.0,0.0,-171.90904350777657,21.25,-150.65904350777657,0.0,-150.65904350777657,0.0,0.0,-137.72836930468304,15.725,-122.00336930468302,0.0,-122.00336930468302
radiation,shade,745.0,12.416667,296.10299154004895,270.0,0.1,1000.0,0.0,0.0,-171.72943675661463,21.25,-150.47943675661463,0.0,-150.47943675661463,0.0,0.0,-138.5870164884661,15.83125,-122.7557664884661,0.0,-122.7557664884661
radiation,shade,750.0,12.5,296.0791343832947,270.0,0.1,1000.0,0.0,0.0,-171.550087552073,21.25,-150.300087552073,0.0,-150.300087552073,0.0,0.0,-139.44476692622646,15.9375,-123.50726692622645,0.0,-123.50726692622645
radiation,shade,755.0,12.583333,296.05530565386215,270.0,0.1,1000.0,0.0,0.0,-171.3709954248992,21.25,-150.1209954248992,0.0,-150.1209954248992,0.0,0.0,-140.30162190335096,16.04375,-124.25787190335096,0.0,-124.25787190335096
radiation,shade,760.0,12.666667,296.03150531101977,270.0,0.1,1000.0,0.0,0.0,-171.1921599069321,21.25,-149.9421599069321,0.0,-149.9421599069321,0.0,0.0,-141.1575827028856,16.15,-125.00758270288561,0.0,-125.00758270288561
radiation,shade,765.0,12.75,296.00773331411006,270.0,0.1,1000.0,0.0,0.0,-171.01358053109894,21.25,-149.76358053109894,0.0,-149.76358053109894,0.0,0.0,-142.0126506055411,16.25625,-125.75640060554112,0.0,-125.75640060554112
radiation,shade,770.0,12.833333,295.98398962254953,270.0,0.1,1000.0,0.0,0.0,-170.8352568314121,21.25,-149.5852568314121,0.0,-149.5852568314121,0.0,0.0,-142.86682688969816,16.3625,-126.50432688969818,0.0,-126.50432688969818
radiation,shade,775.0,12.916667,295.96027419582845,270.0,0.1,1000.0,0.0,0.0,-170.65718834296635,21.25,-149.40718834296635,0.0,-149.40718834296635,0.0,0.0,-143.720112831413,16.46875,-127.251362831413,0.0,-127.251362831413
radiation,shade,780.0,13.0,295.9365869935107,270.0,0.1,1000.0,0.0,0.0,-170.4793746019346,21.25,-149.2293746019346,0.0,-149.2293746019346,0.0,0.0,-144.57250970442266,16.575,-127.99750970442267,0.0,-127.99750970442267
radiation,shade,785.0,13.083333,295.9129279752336,270.0,0.1,1000.0,0.0,0.0,-170.30181514556568,21.25,-149.05181514556568,0.0,-149.05181514556568,0.0,0.0,-145.4240187801505,16.68125,-128.7427687801505,0.0,-128.7427687801505
radiation,shade,790.0,13.166667,295.88929710070784,270.0,0.1,1000.0,0.0,0.0,-170.12450951218156,21.25,-148.87450951218156,0.0,-148.87450951218156,0.0,0.0,-146.2746413277114,16.7875,-129.4871413277114,0.0,-129.4871413277114
radiation,shade,795.0,13.25,295.8656943297172,270.0,0.1,1000.0,0.0,0.0,-169.94745724117408,21.25,-148.69745724117408,0.0,-148.69745724117408,0.0,0.0,-147.1243786139173,16.89375,-130.23062861391728,0.0,-130.23062861391728
radiation,shade,800.0,13.333333,295.84211962211833,270.0,0.1,1000.0,0.0,0.0,-169.7706578730011,21.25,-148.5206578730011,0.0,-148.5206578730011,0.0,0.0,-147.97323190328228,17.0,-130.97323190328228,0.0,-130.97323190328228
radiation,shade,805.0,13.416667,295.81857293784066,270.0,0.1,1000.0,0.0,0.0,-169.59411094918423,21.25,-148.34411094918423,0.0,-148.34411094918423,0.0,0.0,-148.8212024580282,17.10625,-131.71495245802822,0.0,-131.71495245802822
radiation,shade,810.0,13.5,295.7950542368863,270.0,0.1,1000.0,0.0,0.0,-169.4178160123052,21.25,-148.1678160123052,0.0,-148.1678160123052,0.0,0.0,-149.66829153808973,17.2125,-132.45579153808976,0.0,-132.45579153808976
radiation,shade,815.0,13.583333,295.7715634793298,270.0,0.1,1000.0,0.0,0.0,-169.24177260600408,21.25,-147.99177260600408,0.0,-147.99177260600408,0.0,0.0,-150.51450040111976,17.31875,-133.19575040111977,0.0,-133.19575040111977
radiation,shade,820.0,13.666667,295.74810062531793,270.0,0.1,1000.0,0.0,0.0,-169.06598027497532,21.25,-147.81598027497532,0.0,-147.81598027497532,0.0,0.0,-151.35983030249463,17.425,-133.93483030249465,0.0,-133.93483030249465
radiation,shade,825.0,13.75,295.7246656350695,270.0,0.1,1000.0,0.0,0.0,-168.89043856496403,21.25,-147.64043856496403,0.0,-147.64043856496403,0.0,0.0,-152.20428249531946,17.53125,-134.67303249531946,0.0,-134.67303249531946
radiation,shade,830.0,13.833333,295.70125846887544,270.0,0.1,1000.0,0.0,0.0,-168.71514702276426,21.25,-147.46514702276426,0.0,-147.46514702276426,0.0,0.0,-153.0478582304333,17.6375,-135.41035823043327,0.0,-135.41035823043327
radiation,shade,835.0,13.916667,295.67787908709823,270.0,0.1,1000.0,0.0,0.0,-168.54010519621565,21.25,-147.29010519621565,0.0,-147.29010519621565,0.0,0.0,-153.89055875641435,17.74375,-136.14680875641437,0.0,-136.14680875641437
radiation,shade,840.0,14.0,295.65452745017217,270.0,0.1,1000.0,0.0,0.0,-168.36531263419997,21.25,-147.11531263419997,0.0,-147.11531263419997,0.0,0.0,-154.73238531958535,17.85,-136.88238531958535,0.0,-136.88238531958535
radiation,shade,845.0,14.083333,295.6312035186029,270.0,0.1,1000.0,0.0,0.0,-168.1907688866392,21.25,-146.9407688866392,0.0,-146.9407688866392,0.0,0.0,-155.57333916401853,17.95625,-137.61708916401855,0.0,-137.61708916401855
radiation,shade,850.0,14.166667,295.60790725296727,270.0,0.1,1000.0,0.0,0.0,-168.01647350449161,21.25,-146.76647350449161,0.0,-146.76647350449161,0.0,0.0,-156.41342153154102,18.0625,-138.35092153154102,0.0,-138.35092153154102
radiation,shade,855.0,14.25,295.58463861391334,270.0,0.1,1000.0,0.0,0.0,-167.8424260397485,21.25,-146.5924260397485,0.0,-146.5924260397485,0.0,0.0,-157.25263366173976,18.16875,-139.08388366173975,0.0,-139.08388366173975
radiation,shade,860.0,14.333333,295.5613975621601,270.0,0.1,1000.0,0.0,0.0,-167.66862604543255,21.25,-146.41862604543255,0.0,-146.41862604543255,0.0,0.0,-158.0909767919669,18.275,-139.8159767919669,0.0,-139.8159767919669
radiation,shade,865.0,14.416667,295.5381840584973,270.0,0.1,1000.0,0.0,0.0,-167.4950730755939,21.25,-146.2450730755939,0.0,-146.2450730755939,0.0,0.0,-158.92845215734488,18.38125,-140.54720215734488,0.0,-140.54720215734488
radiation,shade,870.0,14.5,295.5149980637853,270.0,0.1,1000.0,0.0,0.0,-167.3217666853076,21.25,-146.0717666853076,0.0,-146.0717666853076,0.0,0.0,-159.76506099077142,18.4875,-141.27756099077143,0.0,-141.27756099077143
radiation,shade,875.0,14.583333,295.49183953895505,270.0,0.1,1000.0,0.0,0.0,-167.14870643067079,21.25,-145.89870643067079,0.0,-145.89870643067079,0.0,0.0,-160.60080452292476,18.59375,-142.00705452292476,0.0,-142.00705452292476
radiation,shade,880.0,14.666667,295.4687084450076,270.0,0.1,1000.0,0.0,0.0,-166.9758918687999,21.25,-145.7258918687999,0.0,-145.7258918687999,0.0,0.0,-161.43568398226876,18.7,-142.73568398226877,0.0,-142.73568398226877
radiation,shade,885.0,14.75,295.4456047430143,270.0,0.1,1000.0,0.0,0.0,-166.80332255782676,21.25,-145.55332255782676,0.0,-145.55332255782676,0.0,0.0,-162.26970059505788,18.80625,-143.46345059505788,0.0,-143.46345059505788
radiation,shade,890.0,14.833333,295.4225283941164,270.0,0.1,1000.0,0.0,0.0,-166.63099805689703,21.25,-145.38099805689703,0.0,-145.38099805689703,0.0,0.0,-163.10285558534235,18.9125,-144.19035558534236,0.0,-144.19035558534236
radiation,shade,895.0,14.916667,295.39947935952495,270.0,0.1,1000.0,0.0,0.0,-166.45891792616663,21.25,-145.20891792616663,0.0,-145.20891792616663,0.0,0.0,-163.9351501749732,19.01875,-144.91640017497318,0.0,-144.91640017497318
radiation,shade,900.0,15.0,295.37645760052067,270.0,0.1,1000.0,0.0,0.0,-166.28708172679904,21.25,-145.03708172679904,0.0,-145.03708172679904,0.0,0.0,-164.76658558360717,19.125,-145.64158558360717,0.0,-145.64158558360717
radiation,shade,905.0,15.083333,295.35346307845384,270.0,0.1,1000.0,0.0,0.0,-166.11548902096223,21.25,-144.86548902096223,0.0,-144.86548902096223,0.0,0.0,-165.59716302871198,19.23125,-146.365913028712,0.0,-146.365913028712
radiation,shade,910.0,15.166667,295.33049575474405,270.0,0.1,1000.0,0.0,0.0,-165.94413937182674,21.25,-144.69413937182674,0.0,-144.69413937182674,0.0,0.0,-166.4268837255711,19.3375,-147.0893837255711,0.0,-147.0893837255711
radiation,shade,915.0,15.25,295.30755559088,270.0,0.1,1000.0,0.0,0.0,-165.7730323435615,21.25,-144.5230323435615,0.0,-144.5230323435615,0.0,0.0,-167.25574888728892,19.44375,-147.8119988872889,0.0,-147.8119988872889
radiation,shade,920.0,15.333333,295.28464254841947,270.0,0.1,1000.0,0.0,0.0,-165.60216750133165,21.25,-144.35216750133165,0.0,-144.35216750133165,0.0,0.0,-168.08375972479556,19.55,-148.53375972479554,0.0,-148.53375972479554
radiation,shade,925.0,15.416667,295.2617565889891,270.0,0.1,1000.0,0.0,0.0,-165.43154441129613,21.25,-144.18154441129613,0.0,-144.18154441129613,0.0,0.0,-168.91091744685204,19.65625,-149.25466744685204,0.0,-149.25466744685204
radiation,shade,930.0,15.5,295.23889767428426,270.0,0.1,1000.0,0.0,0.0,-165.26116264060397,21.25,-144.01116264060397,0.0,-144.01116264060397,0.0,0.0,-169.73722326005506,19.7625,-149.97472326005507,0.0,-149.97472326005507
radiation,shade,935.0,15.583333,295.2160657660688,270.0,0.1,1000.0,0.0,0.0,-165.09102175739264,21.25,-143.84102175739264,0.0,-143.84102175739264,0.0,0.0,-170.56267836884203,19.86875,-150.69392836884202,0.0,-150.69392836884202
radiation,shade,940.0,15.666667,295.19326082617505,270.0,0.1,1000.0,0.0,0.0,-164.92112133078422,21.25,-143.67112133078422,0.0,-143.67112133078422,0.0,0.0,-171.38728397549596,19.975,-151.41228397549597,0.0,-151.41228397549597
radiation,shade,945.0,15.75,295.17048281650347,270.0,0.1,1000.0,0.0,0.0,-164.75146093088287,21.25,-143.50146093088287,0.0,-143.50146093088287,0.0,0.0,-172.2110412801504,20.08125,-152.12979128015039,0.0,-152.12979128015039
radiation,shade,950.0,15.833333,295.1477316990227,270.0,0.1,1000.0,0.0,0.0,-164.58204012877255,21.25,-143.33204012877255,0.0,-143.33204012877255,0.0,0.0,-173.03395148079426,20.1875,-152.84645148079426,0.0,-152.84645148079426
radiation,shade,955.0,15.916667,295.1250074357693,270.0,0.1,1000.0,0.0,0.0,-164.412858496514,21.25,-143.162858496514,0.0,-143.162858496514,0.0,0.0,-173.85601577327682,20.29375,-153.56226577327683,0.0,-153.56226577327683
radiation,shade,960.0,16.0,295.10230998884754,270.0,0.1,1000.0,0.0,0.0,-164.24391560714218,21.25,-142.99391560714218,0.0,-142.99391560714218,0.0,0.0,-174.67723535131253,20.4,-154.27723535131253,0.0,-154.27723535131253
radiation,shade,965.0,16.083333,295.07963932042935,270.0,0.1,1000.0,0.0,0.0,-164.0752110346625,21.25,-142.8252110346625,0.0,-142.8252110346625,0.0,0.0,-175.49761140648585,20.50625,-154.99136140648585,0.0,-154.99136140648585
radiation,shade,970.0,16.166667,295.0569953927541,270.0,0.1,1000.0,0.0,0.0,-163.90674435404964,21.25,-142.65674435404964,0.0,-142.65674435404964,0.0,0.0,-176.3171451282561,20.6125,-155.7046451282561,0.0,-155.7046451282561
radiation,shade,975.0,16.25,295.0343781681285,270.0,0.1,1000.0,0.0,0.0,-163.73851514124365,21.25,-142.48851514124365,0.0,-142.48851514124365,0.0,0.0,-177.13583770396232,20.71875,-156.41708770396232,0.0,-156.41708770396232
radiation,shade,980.0,16.333333,295.0117876089264,270.0,0.1,1000.0,0.0,0.0,-163.5705229731478,21.25,-142.3205229731478,0.0,-142.3205229731478,0.0,0.0,-177.95369031882805,20.825,-157.12869031882803,0.0,-157.12869031882803
radiation,shade,985.0,16.416667,294.98922367758865,270.0,0.1,1000.0,0.0,0.0,-163.40276742762583,21.25,-142.15276742762583,0.0,-142.15276742762583,0.0,0.0,-178.77070415596617,20.93125,-157.83945415596617,0.0,-157.83945415596617
radiation,shade,990.0,16.5,294.966686336623,270.0,0.1,1000.0,0.0,0.0,-163.2352480834993,21.25,-141.9852480834993,0.0,-141.9852480834993,0.0,0.0,-179.58688039638366,21.0375,-158.54938039638367,0.0,-158.54938039638367
radiation,shade,995.0,16.583333,294.9441755486039,270.0,0.1,1000.0,0.0,0.0,-163.06796452054473,21.25,-141.81796452054473,0.0,-141.81796452054473,0.0,0.0,-180.4022202189864,21.14375,-159.2584702189864,0.0,-159.2584702189864
radiation,shade,1000.0,16.666667,294.9216912761722,270.0,0.1,1000.0,0.0,0.0,-162.90091631949088,21.25,-141.65091631949088,0.0,-141.65091631949088,0.0,0.0,-181.21672480058385,21.25,-159.96672480058385,0.0,-159.96672480058385
radiation,shade,1005.0,16.75,294.8992334820354,270.0,0.1,1000.0,0.0,0.0,-162.73410306201632,21.25,-141.48410306201632,0.0,-141.48410306201632,0.0,0.0,-182.0303953158939,21.35625,-160.67414531589392,0.0,-160.67414531589392
radiation,shade,1010.0,16.833333,294.87680212896703,270.0,0.1,1000.0,0.0,0.0,-162.5675243307464,21.25,-141.3175243307464,0.0,-141.3175243307464,0.0,0.0,-182.84323293754767,21.4625,-161.38073293754766,0.0,-161.38073293754766
radiation,shade,1015.0,16.916667,294.8543971798068,270.0,0.1,1000.0,0.0,0.0,-162.40117970925098,21.25,-141.15117970925098,0.0,-141.15117970925098,0.0,0.0,-183.65523883609393,21.56875,-162.08648883609393,0.0,-162.08648883609393
radiation,shade,1020.0,17.0,294.8320185974605,270.0,0.1,1000.0,0.0,0.0,-162.23506878204182,21.25,-140.98506878204182,0.0,-140.98506878204182,0.0,0.0,-184.46641418000414,21.675,-162.79141418000413,0.0,-162.79141418000413
radiation,shade,1025.0,17.083333,294.8096663448994,270.0,0.1,1000.0,0.0,0.0,-162.06919113456996,21.25,-140.81919113456996,0.0,-140.81919113456996,0.0,0.0,-185.27676013567697,21.78125,-163.49551013567697,0.0,-163.49551013567697
radiation,shade,1030.0,17.166667,294.7873403851608,270.0,0.1,1000.0,0.0,0.0,-161.90354635322205,21.25,-140.65354635322205,0.0,-140.65354635322205,0.0,0.0,-186.08627786744307,21.8875,-164.19877786744308,0.0,-164.19877786744308
radiation,shade,1035.0,17.25,294.7650406813473,270.0,0.1,1000.0,0.0,0.0,-161.73813402531977,21.25,-140.48813402531977,0.0,-140.48813402531977,0.0,0.0,-186.8949685375697,21.99375,-164.9012185375697,0.0,-164.9012185375697
radiation,shade,1040.0,17.333333,294.7427671966268,270.0,0.1,1000.0,0.0,0.0,-161.57295373911566,21.25,-140.32295373911566,0.0,-140.32295373911566,0.0,0.0,-187.70283330626526,22.1,-165.60283330626527,0.0,-165.60283330626527
radiation,shade,1045.0,17.416667,294.72051989423255,270.0,0.1,1000.0,0.0,0.0,-161.4080050837907,21.25,-140.1580050837907,0.0,-140.1580050837907,0.0,0.0,-188.50987333168422,22.20625,-166.3036233316842,0.0,-166.3036233316842
radiation,shade,1050.0,17.5,294.6982987374628,270.0,0.1,1000.0,0.0,0.0,-161.24328764945204,21.25,-139.99328764945204,0.0,-139.99328764945204,0.0,0.0,-189.3160897699315,22.3125,-167.0035897699315,0.0,-167.0035897699315
radiation,shade,1055.0,17.583333,294.6761036896807,270.0,0.1,1000.0,0.0,0.0,-161.07880102713025,21.25,-139.82880102713025,0.0,-139.82880102713025,0.0,0.0,-190.12148377506713,22.41875,-167.70273377506714,0.0,-167.70273377506714
radiation,shade,1060.0,17.666667,294.65393471431423,270.0,0.1,1000.0,0.0,0.0,-160.91454480877763,21.25,-139.66454480877763,0.0,-139.66454480877763,0.0,0.0,-190.92605649911104,22.525,-168.40105649911104,0.0,-168.40105649911104
radiation,shade,1065.0,17.75,294.6317917748559,270.0,0.1,1000.0,0.0,0.0,-160.75051858726403,21.25,-139.50051858726403,0.0,-139.50051858726403,0.0,0.0,-191.72980909204736,22.63125,-169.09855909204737,0.0,-169.09855909204737
radiation,shade,1070.0,17.833333,294.60967483486286,270.0,0.1,1000.0,0.0,0.0,-160.58672195637521,21.25,-139.33672195637521,0.0,-139.33672195637521,0.0,0.0,-192.53274270182925,22.7375,-169.79524270182924,0.0,-169.79524270182924
radiation,shade,1075.0,17.916667,294.58758385795636,270.0,0.1,1000.0,0.0,0.0,-160.423154510811,21.25,-139.173154510811,0.0,-139.173154510811,0.0,0.0,-193.3348584743833,22.84375,-170.4911084743833,0.0,-170.4911084743833
radiation,shade,1080.0,18.0,294.56551880782206,270.0,0.1,1000.0,0.0,0.0,-160.25981584618094,21.25,-139.00981584618094,0.0,-139.00981584618094,0.0,0.0,-194.1361575536142,22.95,-171.1861575536142,0.0,-171.1861575536142
radiation,shade,1085.0,18.083333,294.54347964820954,270.0,0.1,1000.0,0.0,0.0,-160.0967055590038,21.25,-138.8467055590038,0.0,-138.8467055590038,0.0,0.0,-194.93664108140925,23.05625,-171.88039108140924,0.0,-171.88039108140924
radiation,shade,1090.0,18.166667,294.5214663429323,270.0,0.1,1000.0,0.0,0.0,-159.9338232467034,21.25,-138.6838232467034,0.0,-138.6838232467034,0.0,0.0,-195.73631019764275,23.1625,-172.57381019764273,0.0,-172.57381019764273
radiation,shade,1095.0,18.25,294.4994788558676,270.0,0.1,1000.0,0.0,0.0,-159.77116850760675,21.25,-138.52116850760675,0.0,-138.52116850760675,0.0,0.0,-196.53516604018077,23.26875,-173.2664160401808,0.0,-173.2664160401808
radiation,shade,1100.0,18.333333,294.4775171509564,270.0,0.1,1000.0,0.0,0.0,-159.6087409409423,21.25,-138.3587409409423,0.0,-138.3587409409423,0.0,0.0,-197.33320974488547,23.375,-173.95820974488547,0.0,-173.95820974488547
radiation,shade,1105.0,18.416667,294.4555811922029,270.0,0.1,1000.0,0.0,0.0,-159.44654014683593,21.25,-138.19654014683593,0.0,-138.19654014683593,0.0,0.0,-198.13044244561965,23.48125,-174.64919244561963,0.0,-174.64919244561963
radiation,shade,1110.0,18.5,294.4336709436749,270.0,0.1,1000.0,0.0,0.0,-159.28456572630927,21.25,-138.03456572630927,0.0,-138.03456572630927,0.0,0.0,-198.92686527425118,23.5875,-175.33936527425118,0.0,-175.33936527425118
radiation,shade,1115.0,18.583333,294.41178636950326,270.0,0.1,1000.0,0.0,0.0,-159.1228172812778,21.25,-137.8728172812778,0.0,-137.8728172812778,0.0,0.0,-199.72247936065756,23.69375,-176.02872936065756,0.0,-176.02872936065756
radiation,shade,1120.0,18.666667,294.3899274338819,270.0,0.1,1000.0,0.0,0.0,-158.96129441454778,21.25,-137.71129441454778,0.0,-137.71129441454778,0.0,0.0,-200.5172858327303,23.8,-176.71728583273028,0.0,-176.71728583273028
radiation,shade,1125.0,18.75,294.36809410106764,270.0,0.1,1000.0,0.0,0.0,-158.79999672981302,21.25,-137.54999672981302,0.0,-137.54999672981302,0.0,0.0,-201.31128581637935,23.90625,-177.40503581637935,0.0,-177.40503581637935
radiation,shade,1130.0,18.833333,294.34628633538006,270.0,0.1,1000.0,0.0,0.0,-158.63892383165404,21.25,-137.38892383165404,0.0,-137.38892383165404,0.0,0.0,-202.10448043553765,24.0125,-178.09198043553764,0.0,-178.09198043553764
radiation,shade,1135.0,18.916667,294.3245041012014,270.0,0.1,1000.0,0.0,0.0,-158.4780753255342,21.25,-137.2280753255342,0.0,-137.2280753255342,0.0,0.0,-202.89687081216533,24.11875,-178.77812081216533,0.0,-178.77812081216533
radiation,shade,1140.0,19.0,294.30274736297633,270.0,0.1,1000.0,0.0,0.0,-158.3174508177983,21.25,-137.0674508177983,0.0,-137.0674508177983,0.0,0.0,-203.6884580662543,24.225,-179.4634580662543,0.0,-179.4634580662543
radiation,shade,1145.0,19.083333,294.28101608521195,270.0,0.1,1000.0,0.0,0.0,-158.15704991566935,21.25,-136.90704991566935,0.0,-136.90704991566935,0.0,0.0,-204.47924331583266,24.33125,-180.14799331583265,0.0,-180.14799331583265
radiation,shade,1150.0,19.166667,294.25931023247745,270.0,0.1,1000.0,0.0,0.0,-157.99687222724697,21.25,-136.74687222724697,0.0,-136.74687222724697,0.0,0.0,-205.2692276769689,24.4375,-180.8317276769689,0.0,-180.8317276769689
radiation,shade,1155.0,19.25,294.2376297694042,270.0,0.1,1000.0,0.0,0.0,-157.83691736150382,21.25,-136.58691736150382,0.0,-136.58691736150382,0.0,0.0,-206.05841226377643,24.54375,-181.51466226377644,0.0,-181.51466226377644
radiation,shade,1160.0,19.333333,294.2159746606854,270.0,0.1,1000.0,0.0,0.0,-157.6771849282845,21.25,-136.4271849282845,0.0,-136.4271849282845,0.0,0.0,-206.84679818841786,24.65,-182.19679818841786,0.0,-182.19679818841786
radiation,shade,1165.0,19.416667,294.1943448710761,270.0,0.1,1000.0,0.0,0.0,-157.51767453830232,21.25,-136.26767453830232,0.0,-136.26767453830232,0.0,0.0,-207.63438656110935,24.75625,-182.87813656110936,0.0,-182.87813656110936
radiation,shade,1170.0,19.5,294.17274036539305,270.0,0.1,1000.0,0.0,0.0,-157.35838580313708,21.25,-136.10838580313708,0.0,-136.10838580313708,0.0,0.0,-208.42117849012504,24.8625,-183.55867849012506,0.0,-183.55867849012506
radiation,shade,1175.0,19.583333,294.15116110851443,270.0,0.1,1000.0,0.0,0.0,-157.19931833523296,21.25,-135.94931833523296,0.0,-135.94931833523296,0.0,0.0,-209.2071750818012,24.96875,-184.2384250818012,0.0,-184.2384250818012
radiation,shade,1180.0,19.666667,294.12960706537984,270.0,0.1,1000.0,0.0,0.0,-157.04047174789565,21.25,-135.79047174789565,0.0,-135.79047174789565,0.0,0.0,-209.9923774405407,25.075,-184.9173774405407,0.0,-184.9173774405407
radiation,shade,1185.0,19.75,294.1080782009901,270.0,0.1,1000.0,0.0,0.0,-156.88184565529056,21.25,-135.63184565529056,0.0,-135.63184565529056,0.0,0.0,-210.77678666881715,25.18125,-185.59553666881718,0.0,-185.59553666881718
radiation,shade,1190.0,19.833333,294.0865744804072,270.0,0.1,1000.0,0.0,0.0,-156.72343967244,21.25,-135.47343967244,0.0,-135.47343967244,0.0,0.0,-211.56040386717936,25.2875,-186.27290386717937,0.0,-186.27290386717937
radiation,shade,1195.0,19.916667,294.065095868754,270.0,0.1,1000.0,0.0,0.0,-156.56525341522078,21.25,-135.31525341522078,0.0,-135.31525341522078,0.0,0.0,-212.34323013425546,25.39375,-186.94948013425545,0.0,-186.94948013425545
radiation,shade,1200.0,20.0,294.04364233121424,270.0,0.1,1000.0,0.0,0.0,-156.40728650036252,21.25,-135.15728650036252,0.0,-135.15728650036252,0.0,0.0,-213.12526656675726,25.5,-187.62526656675726,0.0,-187.62526656675726
radiation,shade,1205.0,20.083333,294.0222138330324,270.0,0.1,1000.0,0.0,0.0,-156.2495385454445,21.25,-134.9995385454445,0.0,-134.9995385454445,0.0,0.0,-213.90651425948448,25.60625,-188.3002642594845,0.0,-188.3002642594845
radiation,shade,1210.0,20.166667,294.0008103395136,270.0,0.1,1000.0,0.0,0.0,-156.09200916889392,21.25,-134.84200916889392,0.0,-134.84200916889392,0.0,0.0,-214.68697430532893,25.7125,-188.97447430532895,0.0,-188.97447430532895
radiation,shade,1215.0,20.25,293.9794318160231,270.0,0.1,1000.0,0.0,0.0,-155.93469798998356,21.25,-134.68469798998356,0.0,-134.68469798998356,0.0,0.0,-215.46664779527887,25.81875,-189.64789779527888,0.0,-189.64789779527888
radiation,shade,1220.0,20.333333,293.9580782279868,270.0,0.1,1000.0,0.0,0.0,-155.7776046288288,21.25,-134.5276046288288,0.0,-134.5276046288288,0.0,0.0,-216.24553581842304,25.925,-190.32053581842302,0.0,-190.32053581842302
radiation,shade,1225.0,20.416667,293.93674954089056,270.0,0.1,1000.0,0.0,0.0,-155.62072870638588,21.25,-134.37072870638588,0.0,-134.37072870638588,0.0,0.0,-217.02363946195496,26.03125,-190.99238946195496,0.0,-190.99238946195496
radiation,shade,1230.0,20.5,293.91544572028033,270.0,0.1,1000.0,0.0,0.0,-155.4640698444502,21.25,-134.2140698444502,0.0,-134.2140698444502,0.0,0.0,-217.80095981117722,26.1375,-191.66345981117723,0.0,-191.66345981117723
radiation,shade,1235.0,20.583333,293.89416673176197,270.0,0.1,1000.0,0.0,0.0,-155.30762766565238,21.25,-134.05762766565238,0.0,-134.05762766565238,0.0,0.0,-218.5774979495055,26.24375,-192.3337479495055,0.0,-192.3337479495055
radiation,shade,1240.0,20.666667,293.8729125410011,270.0,0.1,1000.0,0.0,0.0,-155.1514017934575,21.25,-133.9014017934575,0.0,-133.9014017934575,0.0,0.0,-219.35325495847277,26.35,-193.00325495847278,0.0,-193.00325495847278
radiation,shade,1245.0,20.75,293.85168311372297,270.0,0.1,1000.0,0.0,0.0,-154.9953918521622,21.25,-133.7453918521622,0.0,-133.7453918521622,0.0,0.0,-220.1282319177336,26.45625,-193.67198191773358,0.0,-193.67198191773358
radiation,shade,1250.0,20.833333,293.8304784157124,270.0,0.1,1000.0,0.0,0.0,-154.8395974668927,21.25,-133.5895974668927,0.0,-133.5895974668927,0.0,0.0,-220.90242990506803,26.5625,-194.33992990506803,0.0,-194.33992990506803
radiation,shade,1255.0,20.916667,293.8092984128134,270.0,0.1,1000.0,0.0,0.0,-154.684018263602,21.25,-133.434018263602,0.0,-133.434018263602,0.0,0.0,-221.67584999638603,26.66875,-195.00709999638605,0.0,-195.00709999638605
radiation,shade,1260.0,21.0,293.78814307092944,270.0,0.1,1000.0,0.0,0.0,-154.528653869068,21.25,-133.278653869068,0.0,-133.278653869068,0.0,0.0,-222.44849326573137,26.775,-195.67349326573137,0.0,-195.67349326573137
radiation,shade,1265.0,21.083333,293.767012356023,270.0,0.1,1000.0,0.0,0.0,-154.3735039108911,21.25,-133.1235039108911,0.0,-133.1235039108911,0.0,0.0,-223.22036078528583,26.88125,-196.33911078528584,0.0,-196.33911078528584
radiation,shade,1270.0,21.166667,293.7459062341154,270.0,0.1,1000.0,0.0,0.0,-154.2185680174925,21.25,-132.9685680174925,0.0,-132.9685680174925,0.0,0.0,-223.99145362537328,26.9875,-197.00395362537327,0.0,-197.00395362537327
radiation,shade,1275.0,21.25,293.72482467128714,270.0,0.1,1000.0,0.0,0.0,-154.06384581811074,21.25,-132.81384581811074,0.0,-132.81384581811074,0.0,0.0,-224.76177285446383,27.09375,-197.66802285446383,0.0,-197.66802285446383
radiation,shade,1280.0,21.333333,293.70376763367716,270.0,0.1,1000.0,0.0,0.0,-153.90933694280127,21.25,-132.65933694280127,0.0,-132.65933694280127,0.0,0.0,-225.53131953917784,27.2,-198.33131953917785,0.0,-198.33131953917785
radiation,shade,1285.0,21.416667,293.68273508748314,270.0,0.1,1000.0,0.0,0.0,-153.7550410224327,21.25,-132.5050410224327,0.0,-132.5050410224327,0.0,0.0,-226.30009474429,27.30625,-198.99384474429,0.0,-198.99384474429
radiation,shade,1290.0,21.5,293.6617269989611,270.0,0.1,1000.0,0.0,0.0,-153.60095768868524,21.25,-132.35095768868524,0.0,-132.35095768868524,0.0,0.0,-227.0680995327334,27.4125,-199.65559953273342,0.0,-199.65559953273342
radiation,shade,1295.0,21.583333,293.64074333442557,270.0,0.1,1000.0,0.0,0.0,-153.44708657404811,21.25,-132.19708657404811,0.0,-132.19708657404811,0.0,0.0,-227.83533496560366,27.51875,-200.31658496560365,0.0,-200.31658496560365
radiation,shade,1300.0,21.666667,293.61978406024906,270.0,0.1,1000.0,0.0,0.0,-153.2934273118182,21.25,-132.0434273118182,0.0,-132.0434273118182,0.0,0.0,-228.60180210216274,27.625,-200.97680210216274,0.0,-200.97680210216274
radiation,shade,1305.0,21.75,293.5988491428624,270.0,0.1,1000.0,0.0,0.0,-153.13997953609646,21.25,-131.88997953609646,0.0,-131.88997953609646,0.0,0.0,-229.36750199984323,27.73125,-201.63625199984324,0.0,-201.63625199984324
radiation,shade,1310.0,21.833333,293.57793854875416,270.0,0.1,1000.0,0.0,0.0,-152.98674288178756,21.25,-131.73674288178756,0.0,-131.73674288178756,0.0,0.0,-230.13243571425218,27.8375,-202.29493571425218,0.0,-202.29493571425218
radiation,shade,1315.0,21.916667,293.55705224447087,270.0,0.1,1000.0,0.0,0.0,-152.83371698459607,21.25,-131.58371698459607,0.0,-131.58371698459607,0.0,0.0,-230.89660429917515,27.94375,-202.95285429917516,0.0,-202.95285429917516
radiation,shade,1320.0,22.0,293.53619019661676,270.0,0.1,1000.0,0.0,0.0,-152.6809014810249,21.25,-131.4309014810249,0.0,-131.4309014810249,0.0,0.0,-231.66000880658027,28.05,-203.61000880658028,0.0,-203.61000880658028
radiation,shade,1325.0,22.083333,293.5153523718535,270.0,0.1,1000.0,0.0,0.0,-152.52829600837381,21.25,-131.27829600837381,0.0,-131.27829600837381,0.0,0.0,-232.42265028662214,28.15625,-204.26640028662214,0.0,-204.26640028662214
radiation,shade,1330.0,22.166667,293.4945387369004,270.0,0.1,1000.0,0.0,0.0,-152.37590020473567,21.25,-131.12590020473567,0.0,-131.12590020473567,0.0,0.0,-233.18452978764583,28.2625,-204.9220297876458,0.0,-204.9220297876458
radiation,shade,1335.0,22.25,293.47374925853387,270.0,0.1,1000.0,0.0,0.0,-152.22371370899626,21.25,-130.97371370899626,0.0,-130.97371370899626,0.0,0.0,-233.9456483561908,28.36875,-205.57689835619078,0.0,-205.57689835619078
radiation,shade,1340.0,22.333333,293.4529839035877,270.0,0.1,1000.0,0.0,0.0,-152.07173616083043,21.25,-130.82173616083043,0.0,-130.82173616083043,0.0,0.0,-234.70600703699495,28.475,-206.23100703699495,0.0,-206.23100703699495
radiation,shade,1345.0,22.416667,293.4322426389527,270.0,0.1,1000.0,0.0,0.0,-151.9199672007011,21.25,-130.6699672007011,0.0,-130.6699672007011,0.0,0.0,-235.46560687299845,28.58125,-206.88435687299844,0.0,-206.88435687299844
radiation,shade,1350.0,22.5,293.41152543157654,270.0,0.1,1000.0,0.0,0.0,-151.76840646985644,21.25,-130.51840646985644,0.0,-130.51840646985644,0.0,0.0,-236.22444890534774,28.6875,-207.53694890534774,0.0,-207.53694890534774
radiation,shade,1355.0,22.583333,293.39083224846377,270.0,0.1,1000.0,0.0,0.0,-151.61705361032827,21.25,-130.36705361032827,0.0,-130.36705361032827,0.0,0.0,-236.9825341733994,28.79375,-208.1887841733994,0.0,-208.1887841733994
radiation,shade,1360.0,22.666667,293.37016305667566,270.0,0.1,1000.0,0.0,0.0,-151.46590826492925,21.25,-130.21590826492925,0.0,-130.21590826492925,0.0,0.0,-237.739863714724,28.9,-208.83986371472403,0.0,-208.83986371472403
radiation,shade,1365.0,22.75,293.3495178233301,270.0,0.1,1000.0,0.0,0.0,-151.3149700772519,21.25,-130.0649700772519,0.0,-130.0649700772519,0.0,0.0,-238.49643856511028,29.00625,-209.4901885651103,0.0,-209.4901885651103
radiation,shade,1370.0,22.833333,293.32889651560123,270.0,0.1,1000.0,0.0,0.0,-151.16423869166553,21.25,-129.91423869166553,0.0,-129.91423869166553,0.0,0.0,-239.25225975856864,29.1125,-210.13975975856863,0.0,-210.13975975856863
radiation,shade,1375.0,22.916667,293.30829910071975,270.0,0.1,1000.0,0.0,0.0,-151.0137137533143,21.25,-129.7637137533143,0.0,-129.7637137533143,0.0,0.0,-240.00732832733522,29.21875,-210.78857832733522,0.0,-210.78857832733522
radiation,shade,1380.0,23.0,293.2877255459724,270.0,0.1,1000.0,0.0,0.0,-150.86339490811545,21.25,-129.61339490811545,0.0,-129.61339490811545,0.0,0.0,-240.7616453018758,29.325,-211.4366453018758,0.0,-211.4366453018758
radiation,shade,1385.0,23.083333,293.2671758187021,270.0,0.1,1000.0,0.0,0.0,-150.71328180275708,21.25,-129.46328180275708,0.0,-129.46328180275708,0.0,0.0,-241.5152117108896,29.43125,-212.08396171088958,0.0,-212.08396171088958
radiation,shade,1390.0,23.166667,293.24664988630775,270.0,0.1,1000.0,0.0,0.0,-150.56337408469588,21.25,-129.31337408469588,0.0,-129.31337408469588,0.0,0.0,-242.26802858131308,29.5375,-212.73052858131305,0.0,-212.73052858131305
radiation,shade,1395.0,23.25,293.22614771624393,270.0,0.1,1000.0,0.0,0.0,-150.41367140215567,21.25,-129.16367140215567,0.0,-129.16367140215567,0.0,0.0,-243.02009693832383,29.64375,-213.37634693832385,0.0,-213.37634693832385
radiation,shade,1400.0,23.333333,293.20566927602107,270.0,0.1,1000.0,0.0,0.0,-150.2641734041244,21.25,-129.0141734041244,0.0,-129.0141734041244,0.0,0.0,-243.77141780534444,29.75,-214.02141780534444,0.0,-214.02141780534444
radiation,shade,1405.0,23.416667,293.1852145332051,270.0,0.1,1000.0,0.0,0.0,-150.11487974035282,21.25,-128.86487974035282,0.0,-128.86487974035282,0.0,0.0,-244.52199220404623,29.85625,-214.66574220404624,0.0,-214.66574220404624
radiation,shade,1410.0,23.5,293.1647834554176,270.0,0.1,1000.0,0.0,0.0,-149.9657900613519,21.25,-128.7157900613519,0.0,-128.7157900613519,0.0,0.0,-245.27182115435298,29.9625,-215.30932115435297,0.0,-215.30932115435297
radiation,shade,1415.0,23.583333,293.1443760103353,270.0,0.1,1000.0,0.0,0.0,-149.81690401839202,21.25,-128.56690401839202,0.0,-128.56690401839202,0.0,0.0,-246.02090567444495,30.06875,-215.95215567444495,0.0,-215.95215567444495
radiation,shade,1420.0,23.666667,293.1239921656903,270.0,0.1,1000.0,0.0,0.0,-149.66822126349928,21.25,-128.41822126349928,0.0,-128.41822126349928,0.0,0.0,-246.76924678076244,30.175,-216.59424678076246,0.0,-216.59424678076246
radiation,shade,1425.0,23.75,293.10363188926976,270.0,0.1,1000.0,0.0,0.0,-149.51974144945453,21.25,-128.26974144945453,0.0,-128.26974144945453,0.0,0.0,-247.51684548800972,30.28125,-217.23559548800972,0.0,-217.23559548800972
radiation,shade,1430.0,23.833333,293.08329514891585,270.0,0.1,1000.0,0.0,0.0,-149.37146422979086,21.25,-128.12146422979086,0.0,-128.12146422979086,0.0,0.0,-248.26370280915864,30.3875,-217.87620280915866,0.0,-217.87620280915866
radiation,shade,1435.0,23.916667,293.0629819125256,270.0,0.1,1000.0,0.0,0.0,-149.22338925879197,21.25,-127.97338925879197,0.0,-127.97338925879197,0.0,0.0,-249.00981975545264,30.49375,-218.51606975545263,0.0,-218.51606975545263
radiation,shade,1440.0,24.0,293.0426921480507,270.0,0.1,1000.0,0.0,0.0,-149.0755161914896,21.25,-127.82551619148961,0.0,-127.82551619148961,0.0,0.0,-249.75519733641008,30.6,-219.15519733641008,0.0,-219.15519733641008
radiation,shade,1445.0,24.083333,293.02242582349777,270.0,0.1,1000.0,0.0,0.0,-148.9278446836623,21.25,-127.6778446836623,0.0,-127.6778446836623,0.0,0.0,-250.4998365598284,30.70625,-219.7935865598284,0.0,-219.7935865598284
radiation,shade,1450.0,24.166667,293.00218290692766,270.0,0.1,1000.0,0.0,0.0,-148.7803743918332,21.25,-127.53037439183319,0.0,-127.53037439183319,0.0,0.0,-251.24373843178756,30.8125,-220.43123843178756,0.0,-220.43123843178756
radiation,shade,1455.0,24.25,292.9819633664557,270.0,0.1,1000.0,0.0,0.0,-148.63310497326742,21.25,-127.38310497326742,0.0,-127.38310497326742,0.0,0.0,-251.9869039566539,30.91875,-221.0681539566539,0.0,-221.0681539566539
radiation,shade,1460.0,24.333333,292.9617671702516,270.0,0.1,1000.0,0.0,0.0,-148.48603608597065,21.25,-127.23603608597065,0.0,-127.23603608597065,0.0,0.0,-252.72933413708375,31.025,-221.70433413708375,0.0,-221.70433413708375
radiation,shade,1465.0,24.416667,292.94159428653916,270.0,0.1,1000.0,0.0,0.0,-148.3391673886872,21.25,-127.0891673886872,0.0,-127.0891673886872,0.0,0.0,-253.47102997402718,31.13125,-222.33977997402718,0.0,-222.33977997402718
radiation,shade,1470.0,24.5,292.9214446835962,270.0,0.1,1000.0,0.0,0.0,-148.19249854089784,21.25,-126.94249854089784,0.0,-126.94249854089784,0.0,0.0,-254.21199246673166,31.2375,-222.97449246673168,0.0,-222.97449246673168
radiation,shade,1475.0,24.583333,292.9013183297545,270.0,0.1,1000.0,0.0,0.0,-148.0460292028177,21.25,-126.79602920281769,0.0,-126.79602920281769,0.0,0.0,-254.95222261274577,31.34375,-223.60847261274577,0.0,-223.60847261274577
radiation,shade,1480.0,24.666667,292.88121519339967,270.0,0.1,1000.0,0.0,0.0,-147.89975903539465,21.25,-126.64975903539465,0.0,-126.64975903539465,0.0,0.0,-255.69172140792273,31.45,-224.24172140792274,0.0,-224.24172140792274
radiation,shade,1485.0,24.75,292.86113524297105,270.0,0.1,1000.0,0.0,0.0,-147.75368770030732,21.25,-126.50368770030732,0.0,-126.50368770030732,0.0,0.0,-256.4304898464243,31.55625,-224.87423984642427,0.0,-224.87423984642427
radiation,shade,1490.0,24.833333,292.84107844696155,270.0,0.1,1000.0,0.0,0.0,-147.60781485996276,21.25,-126.35781485996276,0.0,-126.35781485996276,0.0,0.0,-257.1685289207241,31.6625,-225.5060289207241,0.0,-225.5060289207241
radiation,shade,1495.0,24.916667,292.8210447739175,270.0,0.1,1000.0,0.0,0.0,-147.46214017749526,21.25,-126.21214017749526,0.0,-126.21214017749526,0.0,0.0,-257.90583962161156,31.76875,-226.13708962161158,0.0,-226.13708962161158
radiation,shade,1500.0,25.0,292.80103419243864,270.0,0.1,1000.0,0.0,0.0,-147.31666331676328,21.25,-126.06666331676328,0.0,-126.06666331676328,0.0,0.0,-258.6424229381954,31.875,-226.7674229381954,0.0,-226.7674229381954
radiation,shade,1505.0,25.083333,292.78104667117793,270.0,0.1,1000.0,0.0,0.0,-147.17138394234874,21.25,-125.92138394234874,0.0,-125.92138394234874,0.0,0.0,-259.37827985790716,31.98125,-227.39702985790714,0.0,-227.39702985790714
radiation,shade,1510.0,25.166667,292.7610821788415,270.0,0.1,1000.0,0.0,0.0,-147.02630171955425,21.25,-125.77630171955425,0.0,-125.77630171955425,0.0,0.0,-260.1134113665049,32.0875,-228.02591136650494,0.0,-228.02591136650494
radiation,shade,1515.0,25.25,292.7411406841884,270.0,0.1,1000.0,0.0,0.0,-146.88141631440175,21.25,-125.63141631440175,0.0,-125.63141631440175,0.0,0.0,-260.84781844807696,32.19375,-228.65406844807697,0.0,-228.65406844807697
radiation,shade,1520.0,25.333333,292.72122215603065,270.0,0.1,1000.0,0.0,0.0,-146.73672739363,21.25,-125.48672739362999,0.0,-125.48672739362999,0.0,0.0,-261.5815020850451,32.3,-229.2815020850451,0.0,-229.2815020850451
radiation,shade,1525.0,25.416667,292.70132656323307,270.0,0.1,1000.0,0.0,0.0,-146.59223462469322,21.25,-125.34223462469322,0.0,-125.34223462469322,0.0,0.0,-262.31446325816853,32.40625,-229.9082132581686,0.0,-229.9082132581686
radiation,shade,1530.0,25.5,292.6814538747131,270.0,0.1,1000.0,0.0,0.0,-146.4479376757593,21.25,-125.1979376757593,0.0,-125.1979376757593,0.0,0.0,-263.0467029465474,32.5125,-230.53420294654737,0.0,-230.53420294654737
radiation,shade,1535.0,25.583333,292.6616040594408,270.0,0.1,1000.0,0.0,0.0,-146.30383621570707,21.25,-125.05383621570707,0.0,-125.05383621570707,0.0,0.0,-263.7782221276259,32.61875,-231.1594721276259,0.0,-231.1594721276259
radiation,shade,1540.0,25.666667,292.64177708643854,270.0,0.1,1000.0,0.0,0.0,-146.15992991412534,21.25,-124.90992991412534,0.0,-124.90992991412534,0.0,0.0,-264.5090217771965,32.725,-231.78402177719653,0.0,-231.78402177719653
radiation,shade,1545.0,25.75,292.6219729247812,270.0,0.1,1000.0,0.0,0.0,-146.01621844131037,21.25,-124.76621844131037,0.0,-124.76621844131037,0.0,0.0,-265.23910286940304,32.83125,-232.4078528694031,0.0,-232.4078528694031
radiation,shade,1550.0,25.833333,292.6021915435957,270.0,0.1,1000.0,0.0,0.0,-145.87270146826432,21.25,-124.62270146826432,0.0,-124.62270146826432,0.0,0.0,-265.96846637674435,32.9375,-233.0309663767444,0.0,-233.0309663767444
radiation,shade,1555.0,25.916667,292.58243291206134,270.0,0.1,1000.0,0.0,0.0,-145.72937866669352,21.25,-124.47937866669352,0.0,-124.47937866669352,0.0,0.0,-266.6971132700778,33.04375,-233.65336327007788,0.0,-233.65336327007788
radiation,shade,1560.0,26.0,292.5626969994091,270.0,0.1,1000.0,0.0,0.0,-145.5862497090064,21.25,-124.33624970900641,0.0,-124.33624970900641,0.0,0.0,-267.4250445186228,33.15,-234.2750445186229,0.0,-234.2750445186229
radiation,shade,1565.0,26.083333,292.5429837749221,270.0,0.1,1000.0,0.0,0.0,-145.4433142683116,21.25,-124.19331426831161,0.0,-124.19331426831161,0.0,0.0,-268.1522610899644,33.25625,-234.89601108996447,0.0,-234.89601108996447
radiation,shade,1570.0,26.166667,292.52329320793507,270.0,0.1,1000.0,0.0,0.0,-145.30057201841612,21.25,-124.05057201841612,0.0,-124.05057201841612,0.0,0.0,-268.87876395005645,33.3625,-235.51626395005658,0.0,-235.51626395005658
radiation,shade,1575.0,26.25,292.5036252678345,270.0,0.1,1000.0,0.0,0.0,-145.1580226338235,21.25,-123.90802263382349,0.0,-123.90802263382349,0.0,0.0,-269.6045540632256,33.46875,-236.1358040632257,0.0,-236.1358040632257
radiation,shade,1580.0,26.333333,292.4839799240583,270.0,0.1,1000.0,0.0,0.0,-145.01566578973228,21.25,-123.76566578973228,0.0,-123.76566578973228,0.0,0.0,-270.32963239217423,33.575,-236.75463239217436,0.0,-236.75463239217436
radiation,shade,1585.0,26.416667,292.46435714609606,270.0,0.1,1000.0,0.0,0.0,-144.87350116203328,21.25,-123.62350116203328,0.0,-123.62350116203328,0.0,0.0,-271.0539998979844,33.68125,-237.37274989798453,0.0,-237.37274989798453
radiation,shade,1590.0,26.5,292.44475690348855,270.0,0.1,1000.0,0.0,0.0,-144.73152842730937,21.25,-123.48152842730937,0.0,-123.48152842730937,0.0,0.0,-271.7776575401209,33.7875,-237.9901575401211,0.0,-237.9901575401211
radiation,shade,1595.0,26.583333,292.4251791658278,270.0,0.1,1000.0,0.0,0.0,-144.58974726283228,21.25,-123.33974726283228,0.0,-123.33974726283228,0.0,0.0,-272.50060627643506,33.89375,-238.60685627643525,0.0,-238.60685627643525
radiation,shade,1600.0,26.666667,292.40562390275693,270.0,0.1,1000.0,0.0,0.0,-144.448157346561,21.25,-123.198157346561,0.0,-123.198157346561,0.0,0.0,-273.2228470631679,34.0,-239.22284706316808,0.0,-239.22284706316808
radiation,shade,1605.0,26.75,292.3860910839701,270.0,0.1,1000.0,0.0,0.0,-144.30675835714047,21.25,-123.05675835714047,0.0,-123.05675835714047,0.0,0.0,-273.9443808549536,34.10625,-239.8381308549538,0.0,-239.8381308549538
radiation,shade,1610.0,26.833333,292.36658067921235,270.0,0.1,1000.0,0.0,0.0,-144.165549973899,21.25,-122.915549973899,0.0,-122.915549973899,0.0,0.0,-274.6652086048231,34.2125,-240.45270860482327,0.0,-240.45270860482327
radiation,shade,1615.0,26.916667,292.3470926582795,270.0,0.1,1000.0,0.0,0.0,-144.02453187684762,21.25,-122.77453187684762,0.0,-122.77453187684762,0.0,0.0,-275.3853312642073,34.31875,-241.0665812642075,0.0,-241.0665812642075
radiation,shade,1620.0,27.0,292.3276269910181,270.0,0.1,1000.0,0.0,0.0,-143.88370374667687,21.25,-122.63370374667687,0.0,-122.63370374667687,0.0,0.0,-276.1047497829407,34.425,-241.6797497829409,0.0,-241.6797497829409
radiation,shade,1625.0,27.083333,292.3081836473253,270.0,0.1,1000.0,0.0,0.0,-143.74306526475638,21.25,-122.49306526475638,0.0,-122.49306526475638,0.0,0.0,-276.8234651092645,34.53125,-242.29221510926467,0.0,-242.29221510926467
radiation,shade,1630.0,27.166667,292.2887625971486,270.0,0.1,1000.0,0.0,0.0,-143.60261611313229,21.25,-122.35261611313229,0.0,-122.35261611313229,0.0,0.0,-277.5414781898302,34.6375,-242.90397818983035,0.0,-242.90397818983035
radiation,shade,1635.0,27.25,292.26936381048597,270.0,0.1,1000.0,0.0,0.0,-143.46235597452588,21.25,-122.21235597452588,0.0,-122.21235597452588,0.0,0.0,-278.2587899697028,34.74375,-243.51503996970297,0.0,-243.51503996970297
radiation,shade,1640.0,27.333333,292.2499872573856,270.0,0.1,1000.0,0.0,0.0,-143.32228453233105,21.25,-122.07228453233105,0.0,-122.07228453233105,0.0,0.0,-278.9754013923644,34.85,-244.12540139236464,0.0,-244.12540139236464
radiation,shade,1645.0,27.416667,292.23063290794585,270.0,0.1,1000.0,0.0,0.0,-143.18240147061374,21.25,-121.93240147061374,0.0,-121.93240147061374,0.0,0.0,-279.6913133997175,34.95625,-244.73506339971772,0.0,-244.73506339971772
radiation,shade,1650.0,27.5,292.211300732315,270.0,0.1,1000.0,0.0,0.0,-143.04270647410902,21.25,-121.79270647410902,0.0,-121.79270647410902,0.0,0.0,-280.40652693208807,35.0625,-245.34402693208824,0.0,-245.34402693208824
radiation,shade,1655.0,27.583333,292.19199070069146,270.0,0.1,1000.0,0.0,0.0,-142.9031992282198,21.25,-121.65319922821979,0.0,-121.65319922821979,0.0,0.0,-281.1210429282292,35.16875,-245.95229292822935,0.0,-245.95229292822935
radiation,shade,1660.0,27.666667,292.17270278332336,270.0,0.1,1000.0,0.0,0.0,-142.7638794190156,21.25,-121.51387941901561,0.0,-121.51387941901561,0.0,0.0,-281.83486232532425,35.275,-246.55986232532442,0.0,-246.55986232532442
radiation,shade,1665.0,27.75,292.15343695050854,270.0,0.1,1000.0,0.0,0.0,-142.62474673323015,21.25,-121.37474673323015,0.0,-121.37474673323015,0.0,0.0,-282.54798605899043,35.38125,-247.16673605899055,0.0,-247.16673605899055
radiation,shade,1670.0,27.833333,292.1341931725945,270.0,0.1,1000.0,0.0,0.0,-142.48580085825967,21.25,-121.23580085825967,0.0,-121.23580085825967,0.0,0.0,-283.2604150632817,35.4875,-247.77291506328186,0.0,-247.77291506328186
radiation,shade,1675.0,27.916667,292.1149714199783,270.0,0.1,1000.0,0.0,0.0,-142.34704148216153,21.25,-121.09704148216153,0.0,-121.09704148216153,0.0,0.0,-283.97215027069257,35.59375,-248.37840027069268,0.0,-248.37840027069268
radiation,shade,1680.0,28.0,292.0957716631063,270.0,0.1,1000.0,0.0,0.0,-142.20846829365237,21.25,-120.95846829365237,0.0,-120.95846829365237,0.0,0.0,-284.68319261216084,35.7,-248.98319261216096,0.0,-248.98319261216096
radiation,shade,1685.0,28.083333,292.07659387247423,270.0,0.1,1000.0,0.0,0.0,-142.07008098210594,21.25,-120.82008098210594,0.0,-120.82008098210594,0.0,0.0,-285.3935430170713,35.80625,-249.5872930170715,0.0,-249.5872930170715
radiation,shade,1690.0,28.166667,292.057438018627,270.0,0.1,1000.0,0.0,0.0,-141.93187923755215,21.25,-120.68187923755215,0.0,-120.68187923755215,0.0,0.0,-286.10320241325905,35.9125,-250.19070241325926,0.0,-250.19070241325926
radiation,shade,1695.0,28.25,292.03830407215867,270.0,0.1,1000.0,0.0,0.0,-141.79386275067463,21.25,-120.54386275067463,0.0,-120.54386275067463,0.0,0.0,-286.8121717270124,36.01875,-250.7934217270126,0.0,-250.7934217270126
radiation,shade,1700.0,28.333333,292.0191920037122,270.0,0.1,1000.0,0.0,0.0,-141.6560312128097,21.25,-120.4060312128097,0.0,-120.4060312128097,0.0,0.0,-287.5204518830765,36.125,-251.39545188307667,0.0,-251.39545188307667
radiation,shade,1705.0,28.416667,292.0001017839795,270.0,0.1,1000.0,0.0,0.0,-141.51838431594402,21.25,-120.26838431594402,0.0,-120.26838431594402,0.0,0.0,-288.2280438046562,36.23125,-251.9967938046564,0.0,-251.9967938046564
radiation,shade,1710.0,28.5,291.9810333837013,270.0,0.1,1000.0,0.0,0.0,-141.3809217527136,21.25,-120.13092175271359,0.0,-120.13092175271359,0.0,0.0,-288.93494841341976,36.3375,-252.59744841341998,0.0,-252.59744841341998
radiation,shade,1715.0,28.583333,291.9619867736669,270.0,0.1,1000.0,0.0,0.0,-141.24364321640124,21.25,-119.99364321640124,0.0,-119.99364321640124,0.0,0.0,-289.6411666295018,36.44375,-253.19741662950196,0.0,-253.19741662950196
radiation,shade,1720.0,28.666667,291.9429619247144,270.0,0.1,1000.0,0.0,0.0,-141.10654840093585,21.25,-119.85654840093585,0.0,-119.85654840093585,0.0,0.0,-290.3466993715065,36.55,-253.79669937150663,0.0,-253.79669937150663
radiation,shade,1725.0,28.75,291.9239588077301,270.0,0.1,1000.0,0.0,0.0,-140.9696370008902,21.25,-119.7196370008902,0.0,-119.7196370008902,0.0,0.0,-291.0515475565109,36.65625,-254.3952975565111,0.0,-254.3952975565111
radiation,shade,1730.0,28.833333,291.90497739364895,270.0,0.1,1000.0,0.0,0.0,-140.8329087114791,21.25,-119.58290871147909,0.0,-119.58290871147909,0.0,0.0,-291.7557121000683,36.7625,-254.9932121000685,0.0,-254.9932121000685
radiation,shade,1735.0,28.916667,291.88601765345396,270.0,0.1,1000.0,0.0,0.0,-140.69636322855803,21.25,-119.44636322855803,0.0,-119.44636322855803,0.0,0.0,-292.45919391621106,36.86875,-255.59044391621129,0.0,-255.59044391621129
radiation,shade,1740.0,29.0,291.8670795581764,270.0,0.1,1000.0,0.0,0.0,-140.5600002486214,21.25,-119.3100002486214,0.0,-119.3100002486214,0.0,0.0,-293.1619939174542,36.975,-256.1869939174544,0.0,-256.1869939174544
radiation,shade,1745.0,29.083333,291.8481630788956,270.0,0.1,1000.0,0.0,0.0,-140.4238194688005,21.25,-119.1738194688005,0.0,-119.1738194688005,0.0,0.0,-293.8641130147982,37.08125,-256.78286301479835,0.0,-256.78286301479835
radiation,shade,1750.0,29.166667,291.82926818673894,270.0,0.1,1000.0,0.0,0.0,-140.28782058686284,21.25,-119.03782058686284,0.0,-119.03782058686284,0.0,0.0,-294.5655521177325,37.1875,-257.3780521177327,0.0,-257.3780521177327
radiation,shade,1755.0,29.25,291.8103948528816,270.0,0.1,1000.0,0.0,0.0,-140.15200330120982,21.25,-118.90200330120982,0.0,-118.90200330120982,0.0,0.0,-295.2663121342386,37.29375,-257.97256213423873,0.0,-257.97256213423873
radiation,shade,1760.0,29.333333,291.79154304854654,270.0,0.1,1000.0,0.0,0.0,-140.0163673108748,21.25,-118.76636731087481,0.0,-118.76636731087481,0.0,0.0,-295.966393970793,37.4,-258.5663939707931,0.0,-258.5663939707931
radiation,shade,1765.0,29.416667,291.7727127450044,270.0,0.1,1000.0,0.0,0.0,-139.8809123155225,21.25,-118.6309123155225,0.0,-118.6309123155225,0.0,0.0,-296.6657985323706,37.50625,-259.15954853237076,0.0,-259.15954853237076
radiation,shade,1770.0,29.5,291.75390391357337,270.0,0.1,1000.0,0.0,0.0,-139.74563801544588,21.25,-118.49563801544588,0.0,-118.49563801544588,0.0,0.0,-297.3645267224478,37.6125,-259.75202672244797,0.0,-259.75202672244797
radiation,shade,1775.0,29.583333,291.73511652561916,270.0,0.1,1000.0,0.0,0.0,-139.61054411156547,21.25,-118.36054411156547,0.0,-118.36054411156547,0.0,0.0,-298.0625794430057,37.71875,-260.3438294430058,0.0,-260.3438294430058
radiation,shade,1780.0,29.666667,291.7163505525548,270.0,0.1,1000.0,0.0,0.0,-139.4756303054284,21.25,-118.22563030542841,0.0,-118.22563030542841,0.0,0.0,-298.7599575945328,37.825,-260.93495759453293,0.0,-260.93495759453293
radiation,shade,1785.0,29.75,291.69760596584064,270.0,0.1,1000.0,0.0,0.0,-139.34089629920487,21.25,-118.09089629920487,0.0,-118.09089629920487,0.0,0.0,-299.4566620760288,37.93125,-261.52541207602894,0.0,-261.52541207602894
radiation,shade,1790.0,29.833333,291.6788827369842,270.0,0.1,1000.0,0.0,0.0,-139.20634179568884,21.25,-117.95634179568884,0.0,-117.95634179568884,0.0,0.0,-300.1526937850073,38.0375,-262.1151937850074,0.0,-262.1151937850074
radiation,shade,1795.0,29.916667,291.66018083754,270.0,0.1,1000.0,0.0,0.0,-139.07196649829424,21.25,-117.82196649829424,0.0,-117.82196649829424,0.0,0.0,-300.8480536174988,38.14375,-262.7043036174989,0.0,-262.7043036174989
radiation,shade,1800.0,30.0,291.6415002391097,270.0,0.1,1000.0,0.0,0.0,-138.9377701110549,21.25,-117.6877701110549,0.0,-117.6877701110549,0.0,0.0,-301.54274246805403,38.25,-263.2927424680542,0.0,-263.2927424680542
radiation,shade,1805.0,30.083333,291.62284091334163,270.0,0.1,1000.0,0.0,0.0,-138.8037523386225,21.25,-117.5537523386225,0.0,-117.5537523386225,0.0,0.0,-302.2367612297472,38.35625,-263.88051122974724,0.0,-263.88051122974724
radiation,shade,1810.0,30.166667,291.6042028319311,270.0,0.1,1000.0,0.0,0.0,-138.66991288626426,21.25,-117.41991288626426,0.0,-117.41991288626426,0.0,0.0,-302.93011079417846,38.4625,-264.46761079417854,0.0,-264.46761079417854
radiation,shade,1815.0,30.25,291.58558596662,270.0,0.1,1000.0,0.0,0.0,-138.53625145986297,21.25,-117.28625145986297,0.0,-117.28625145986297,0.0,0.0,-303.62279205147775,38.56875,-265.0540420514779,0.0,-265.0540420514779
radiation,shade,1820.0,30.333333,291.56699028919684,270.0,0.1,1000.0,0.0,0.0,-138.4027677659136,21.25,-117.15276776591361,0.0,-117.15276776591361,0.0,0.0,-304.31480589030735,38.675,-265.63980589030746,0.0,-265.63980589030746
radiation,shade,1825.0,30.416667,291.5484157714966,270.0,0.1,1000.0,0.0,0.0,-138.26946151152336,21.25,-117.01946151152336,0.0,-117.01946151152336,0.0,0.0,-305.00615319786493,38.78125,-266.22490319786505,0.0,-266.22490319786505
radiation,shade,1830.0,30.5,291.52986238540063,270.0,0.1,1000.0,0.0,0.0,-138.13633240440862,21.25,-116.88633240440862,0.0,-116.88633240440862,0.0,0.0,-305.69683485988696,38.8875,-266.8093348598871,0.0,-266.8093348598871
radiation,shade,1835.0,30.583333,291.51133010283667,270.0,0.1,1000.0,0.0,0.0,-138.0033801528942,21.25,-116.75338015289421,0.0,-116.75338015289421,0.0,0.0,-306.38685176065144,38.99375,-267.3931017606516,0.0,-267.3931017606516
radiation,shade,1840.0,30.666667,291.4928188957786,270.0,0.1,1000.0,0.0,0.0,-137.87060446591207,21.25,-116.62060446591207,0.0,-116.62060446591207,0.0,0.0,-307.076204782981,39.1,-267.97620478298114,0.0,-267.97620478298114
radiation,shade,1845.0,30.75,291.4743287362464,270.0,0.1,1000.0,0.0,0.0,-137.73800505299928,21.25,-116.48800505299928,0.0,-116.48800505299928,0.0,0.0,-307.76489480824597,39.20625,-268.55864480824613,0.0,-268.55864480824613
radiation,shade,1850.0,30.833333,291.455859596306,270.0,0.1,1000.0,0.0,0.0,-137.60558162429584,21.25,-116.35558162429584,0.0,-116.35558162429584,0.0,0.0,-308.4529227163675,39.3125,-269.1404227163676,0.0,-269.1404227163676
radiation,shade,1855.0,30.916667,291.43741144806944,270.0,0.1,1000.0,0.0,0.0,-137.4733338905447,21.25,-116.2233338905447,0.0,-116.2233338905447,0.0,0.0,-309.1402893858202,39.41875,-269.72153938582034,0.0,-269.72153938582034
radiation,shade,1860.0,31.0,291.41898426369437,270.0,0.1,1000.0,0.0,0.0,-137.34126156308892,21.25,-116.09126156308892,0.0,-116.09126156308892,0.0,0.0,-309.82699569363564,39.525,-270.3019956936358,0.0,-270.3019956936358
radiation,shade,1865.0,31.083333,291.4005780153842,270.0,0.1,1000.0,0.0,0.0,-137.2093643538708,21.25,-115.9593643538708,0.0,-115.9593643538708,0.0,0.0,-310.513042515405,39.63125,-270.8817925154051,0.0,-270.8817925154051
radiation,shade,1870.0,31.166667,291.3821926753881,270.0,0.1,1000.0,0.0,0.0,-137.07764197542946,21.25,-115.82764197542946,0.0,-115.82764197542946,0.0,0.0,-311.1984307252821,39.7375,-271.46093072528225,0.0,-271.46093072528225
radiation,shade,1875.0,31.25,291.3638282160007,270.0,0.1,1000.0,0.0,0.0,-136.94609414090104,21.25,-115.69609414090104,0.0,-115.69609414090104,0.0,0.0,-311.8831611959866,39.84375,-272.0394111959867,0.0,-272.0394111959867
radiation,shade,1880.0,31.333333,291.34548460956194,270.0,0.1,1000.0,0.0,0.0,-136.81472056401526,21.25,-115.56472056401526,0.0,-115.56472056401526,0.0,0.0,-312.5672347988067,39.95,-272.6172347988068,0.0,-272.6172347988068
radiation,shade,1885.0,31.416667,291.3271618284573,270.0,0.1,1000.0,0.0,0.0,-136.68352095909484,21.25,-115.43352095909484,0.0,-115.43352095909484,0.0,0.0,-313.25065240360215,40.05625,-273.1944024036023,0.0,-273.1944024036023
radiation,shade,1890.0,31.5,291.30885984511747,270.0,0.1,1000.0,0.0,0.0,-136.55249504105421,21.25,-115.30249504105421,0.0,-115.30249504105421,0.0,0.0,-313.9334148788074,40.1625,-273.77091487880756,0.0,-273.77091487880756
radiation,shade,1895.0,31.583333,291.2905786320182,270.0,0.1,1000.0,0.0,0.0,-136.42164252539789,21.25,-115.17164252539789,0.0,-115.17164252539789,0.0,0.0,-314.61552309143445,40.26875,-274.34677309143456,0.0,-274.34677309143456
radiation,shade,1900.0,31.666667,291.2723181616804,270.0,0.1,1000.0,0.0,0.0,-136.29096312821775,21.25,-115.04096312821775,0.0,-115.04096312821775,0.0,0.0,-315.29697790707553,40.375,-274.92197790707564,0.0,-274.92197790707564
radiation,shade,1905.0,31.75,291.2540784066699,270.0,0.1,1000.0,0.0,0.0,-136.16045656619352,21.25,-114.91045656619352,0.0,-114.91045656619352,0.0,0.0,-315.9777801899065,40.48125,-275.49653018990665,0.0,-275.49653018990665
radiation,shade,1910.0,31.833333,291.2358593395974,270.0,0.1,1000.0,0.0,0.0,-136.03012255658982,21.25,-114.78012255658982,0.0,-114.78012255658982,0.0,0.0,-316.6579308026895,40.5875,-276.07043080268966,0.0,-276.07043080268966
radiation,shade,1915.0,31.916667,291.2176609331185,270.0,0.1,1000.0,0.0,0.0,-135.89996081725488,21.25,-114.64996081725488,0.0,-114.64996081725488,0.0,0.0,-317.3374306067758,40.69375,-276.64368060677594,0.0,-276.64368060677594
radiation,shade,1920.0,32.0,291.1994831599333,270.0,0.1,1000.0,0.0,0.0,-135.76997106662023,21.25,-114.51997106662023,0.0,-114.51997106662023,0.0,0.0,-318.0162804621089,40.8,-277.216280462109,0.0,-277.216280462109
radiation,shade,1925.0,32.083333,291.1813259927867,270.0,0.1,1000.0,0.0,0.0,-135.64015302369734,21.25,-114.39015302369734,0.0,-114.39015302369734,0.0,0.0,-318.69448122722736,40.90625,-277.78823122722747,0.0,-277.78823122722747
radiation,shade,1930.0,32.166667,291.16318940446797,270.0,0.1,1000.0,0.0,0.0,-135.51050640807767,21.25,-114.26050640807767,0.0,-114.26050640807767,0.0,0.0,-319.37203375926777,41.0125,-278.3595337592679,0.0,-278.3595337592679
radiation,shade,1935.0,32.25,291.1450733678108,270.0,0.1,1000.0,0.0,0.0,-135.38103093993058,21.25,-114.13103093993058,0.0,-114.13103093993058,0.0,0.0,-320.0489389139674,41.11875,-278.9301889139675,0.0,-278.9301889139675
radiation,shade,1940.0,32.333333,291.1269778556934,270.0,0.1,1000.0,0.0,0.0,-135.2517263400015,21.25,-114.00172634000151,0.0,-114.00172634000151,0.0,0.0,-320.7251975456674,41.225,-279.5001975456675,0.0,-279.5001975456675
radiation,shade,1945.0,32.416667,291.1089028410379,270.0,0.1,1000.0,0.0,0.0,-135.12259232961156,21.25,-113.87259232961156,0.0,-113.87259232961156,0.0,0.0,-321.40081050731544,41.33125,-280.06956050731554,0.0,-280.06956050731554
radiation,shade,1950.0,32.5,291.0908482968108,270.0,0.1,1000.0,0.0,0.0,-134.99362863065468,21.25,-113.74362863065468,0.0,-113.74362863065468,0.0,0.0,-322.07577865046875,41.4375,-280.63827865046886,0.0,-280.63827865046886
radiation,shade,1955.0,32.583333,291.0728141960226,270.0,0.1,1000.0,0.0,0.0,-134.86483496559737,21.25,-113.61483496559737,0.0,-113.61483496559737,0.0,0.0,-322.7501028252968,41.54375,-281.20635282529685,0.0,-281.20635282529685
radiation,shade,1960.0,32.666667,291.05480051172776,270.0,0.1,1000.0,0.0,0.0,-134.73621105747642,21.25,-113.48621105747642,0.0,-113.48621105747642,0.0,0.0,-323.4237838805841,41.65,-281.77378388058423,0.0,-281.77378388058423
radiation,shade,1965.0,32.75,291.0368072170246,270.0,0.1,1000.0,0.0,0.0,-134.60775662989855,21.25,-113.35775662989855,0.0,-113.35775662989855,0.0,0.0,-324.09682266373363,41.75625,-282.3405726637337,0.0,-282.3405726637337
radiation,shade,1970.0,32.833333,291.0188342850552,270.0,0.1,1000.0,0.0,0.0,-134.47947140703735,21.25,-113.22947140703735,0.0,-113.22947140703735,0.0,0.0,-324.76922002076884,41.8625,-282.90672002076894,0.0,-282.90672002076894
radiation,shade,1975.0,32.916667,291.00088168900544,270.0,0.1,1000.0,0.0,0.0,-134.35135511363308,21.25,-113.10135511363308,0.0,-113.10135511363308,0.0,0.0,-325.440976796337,41.96875,-283.4722267963371,0.0,-283.4722267963371
radiation,shade,1980.0,33.0,290.9829494021046,270.0,0.1,1000.0,0.0,0.0,-134.22340747499112,21.25,-112.97340747499112,0.0,-112.97340747499112,0.0,0.0,-326.1120938337119,42.075,-284.03709383371205,0.0,-284.03709383371205
radiation,shade,1985.0,33.083333,290.96503739762574,270.0,0.1,1000.0,0.0,0.0,-134.09562821697972,21.25,-112.84562821697972,0.0,-112.84562821697972,0.0,0.0,-326.78257197479684,42.18125,-284.6013219747969,0.0,-284.6013219747969
radiation,shade,1990.0,33.166667,290.9471456488851,270.0,0.1,1000.0,0.0,0.0,-133.96801706602992,21.25,-112.71801706602992,0.0,-112.71801706602992,0.0,0.0,-327.45241206012696,42.2875,-285.16491206012705,0.0,-285.16491206012705
radiation,shade,1995.0,33.25,290.9292741292424,270.0,0.1,1000.0,0.0,0.0,-133.84057374913283,21.25,-112.59057374913283,0.0,-112.59057374913283,0.0,0.0,-328.1216149288726,42.39375,-285.72786492887275,0.0,-285.72786492887275
radiation,shade,2000.0,33.333333,290.9114228121005,270.0,0.1,1000.0,0.0,0.0,-133.71329799383875,21.25,-112.46329799383875,0.0,-112.46329799383875,0.0,0.0,-328.7901814188418,42.5,-286.29018141884194,0.0,-286.29018141884194
radiation,shade,2005.0,33.416667,290.89359167090555,270.0,0.1,1000.0,0.0,0.0,-133.58618952825563,21.25,-112.33618952825563,0.0,-112.33618952825563,0.0,0.0,-329.4581123664831,42.60625,-286.8518623664832,0.0,-286.8518623664832
radiation,shade,2010.0,33.5,290.87578067914666,270.0,0.1,1000.0,0.0,0.0,-133.45924808104832,21.25,-112.20924808104832,0.0,-112.20924808104832,0.0,0.0,-330.1254086068883,42.7125,-287.41290860688844,0.0,-287.41290860688844
radiation,shade,2015.0,33.583333,290.85798981035595,270.0,0.1,1000.0,0.0,0.0,-133.33247338143613,21.25,-112.08247338143613,0.0,-112.08247338143613,0.0,0.0,-330.7920709737955,42.81875,-287.9733209737956,0.0,-287.9733209737956
radiation,shade,2020.0,33.666667,290.84021903810844,270.0,0.1,1000.0,0.0,0.0,-133.20586515919211,21.25,-111.95586515919211,0.0,-111.95586515919211,0.0,0.0,-331.4581002995914,42.925,-288.5331002995915,0.0,-288.5331002995915
radiation,shade,2025.0,33.75,290.822468336022,270.0,0.1,1000.0,0.0,0.0,-133.07942314464145,21.25,-111.82942314464145,0.0,-111.82942314464145,0.0,0.0,-332.12349741531466,43.03125,-289.0922474153148,0.0,-289.0922474153148
radiation,shade,2030.0,33.833333,290.80473767775715,270.0,0.1,1000.0,0.0,0.0,-132.95314706866014,21.25,-111.70314706866014,0.0,-111.70314706866014,0.0,0.0,-332.78826315065794,43.1375,-289.65076315065807,0.0,-289.65076315065807
radiation,shade,2035.0,33.916667,290.787027037017,270.0,0.1,1000.0,0.0,0.0,-132.8270366626737,21.25,-111.57703666267369,0.0,-111.57703666267369,0.0,0.0,-333.4523983339713,43.24375,-290.20864833397144,0.0,-290.20864833397144
radiation,shade,2040.0,34.0,290.7693363875474,270.0,0.1,1000.0,0.0,0.0,-132.70109165865492,21.25,-111.45109165865492,0.0,-111.45109165865492,0.0,0.0,-334.1159037922646,43.35,-290.7659037922647,0.0,-290.7659037922647
radiation,shade,2045.0,34.083333,290.75166570313644,270.0,0.1,1000.0,0.0,0.0,-132.57531178912424,21.25,-111.32531178912424,0.0,-111.32531178912424,0.0,0.0,-334.77878035121023,43.45625,-291.32253035121033,0.0,-291.32253035121033
radiation,shade,2050.0,34.166667,290.73401495761465,270.0,0.1,1000.0,0.0,0.0,-132.44969678714654,21.25,-111.19969678714654,0.0,-111.19969678714654,0.0,0.0,-335.4410288351459,43.5625,-291.878528835146,0.0,-291.878528835146
radiation,shade,2055.0,34.25,290.7163841248549,270.0,0.1,1000.0,0.0,0.0,-132.32424638633069,21.25,-111.07424638633069,0.0,-111.07424638633069,0.0,0.0,-336.1026500670776,43.66875,-292.43390006707773,0.0,-292.43390006707773
radiation,shade,2060.0,34.333333,290.6987731787722,270.0,0.1,1000.0,0.0,0.0,-132.19896032082877,21.25,-110.94896032082877,0.0,-110.94896032082877,0.0,0.0,-336.76364486868175,43.775,-292.98864486868183,0.0,-292.98864486868183
radiation,shade,2065.0,34.416667,290.68118209332374,270.0,0.1,1000.0,0.0,0.0,-132.07383832533284,21.25,-110.82383832533284,0.0,-110.82383832533284,0.0,0.0,-337.4240140603084,43.88125,-293.5427640603085,0.0,-293.5427640603085
radiation,shade,2070.0,34.5,290.66361084250866,270.0,0.1,1000.0,0.0,0.0,-131.9488801350757,21.25,-110.69888013507571,0.0,-110.69888013507571,0.0,0.0,-338.08375846098374,43.9875,-294.09625846098385,0.0,-294.09625846098385
radiation,shade,2075.0,34.583333,290.6460594003681,270.0,0.1,1000.0,0.0,0.0,-131.8240854858283,21.25,-110.5740854858283,0.0,-110.5740854858283,0.0,0.0,-338.7428788884129,44.09375,-294.64912888841303,0.0,-294.64912888841303
radiation,shade,2080.0,34.666667,290.6285277409849,270.0,0.1,1000.0,0.0,0.0,-131.69945411389858,21.25,-110.44945411389858,0.0,-110.44945411389858,0.0,0.0,-339.4013761589824,44.2,-295.2013761589825,0.0,-295.2013761589825
radiation,shade,2085.0,34.75,290.6110158384839,270.0,0.1,1000.0,0.0,0.0,-131.57498575612982,21.25,-110.32498575612982,0.0,-110.32498575612982,0.0,0.0,-340.0592510877631,44.30625,-295.75300108776315,0.0,-295.75300108776315
radiation,shade,2090.0,34.833333,290.59352366703155,270.0,0.1,1000.0,0.0,0.0,-131.4506801499002,21.25,-110.2006801499002,0.0,-110.2006801499002,0.0,0.0,-340.71650448851256,44.4125,-296.3040044885127,0.0,-296.3040044885127
radiation,shade,2095.0,34.916667,290.5760512008358,270.0,0.1,1000.0,0.0,0.0,-131.32653703312084,21.25,-110.07653703312084,0.0,-110.07653703312084,0.0,0.0,-341.3731371736782,44.51875,-296.85438717367833,0.0,-296.85438717367833
radiation,shade,2100.0,35.0,290.5585984141463,270.0,0.1,1000.0,0.0,0.0,-131.2025561442348,21.25,-109.95255614423479,0.0,-109.95255614423479,0.0,0.0,-342.0291499543994,44.625,-297.4041499543995,0.0,-297.4041499543995
radiation,shade,2105.0,35.083333,290.5411652812539,270.0,0.1,1000.0,0.0,0.0,-131.07873722221495,21.25,-109.82873722221495,0.0,-109.82873722221495,0.0,0.0,-342.68454364051047,44.73125,-297.9532936405106,0.0,-297.9532936405106
radiation,shade,2110.0,35.166667,290.52375177649094,270.0,0.1,1000.0,0.0,0.0,-130.9550800065636,21.25,-109.7050800065636,0.0,-109.7050800065636,0.0,0.0,-343.3393190405433,44.8375,-298.5018190405434,0.0,-298.5018190405434
radiation,shade,2115.0,35.25,290.50635787423107,270.0,0.1,1000.0,0.0,0.0,-130.83158423731047,21.25,-109.58158423731047,0.0,-109.58158423731047,0.0,0.0,-343.9934769617298,44.94375,-299.04972696172996,0.0,-299.04972696172996
radiation,shade,2120.0,35.333333,290.488983548889,270.0,0.1,1000.0,0.0,0.0,-130.70824965501222,21.25,-109.45824965501222,0.0,-109.45824965501222,0.0,0.0,-344.6470182100049,45.05,-299.597018210005,0.0,-299.597018210005
radiation,shade,2125.0,35.416667,290.47162877492065,270.0,0.1,1000.0,0.0,0.0,-130.58507600074986,21.25,-109.33507600074986,0.0,-109.33507600074986,0.0,0.0,-345.29994359000864,45.15625,-300.14369359000875,0.0,-300.14369359000875
radiation,shade,2130.0,35.5,290.4542935268228,270.0,0.1,1000.0,0.0,0.0,-130.4620630161291,21.25,-109.2120630161291,0.0,-109.2120630161291,0.0,0.0,-345.95225390508926,45.2625,-300.6897539050894,0.0,-300.6897539050894
radiation,shade,2135.0,35.583333,290.43697777913343,270.0,0.1,1000.0,0.0,0.0,-130.339210443277,21.25,-109.08921044327701,0.0,-109.08921044327701,0.0,0.0,-346.6039499573057,45.36875,-301.2351999573058,0.0,-301.2351999573058
radiation,shade,2140.0,35.666667,290.41968150643106,270.0,0.1,1000.0,0.0,0.0,-130.2165180248431,21.25,-108.96651802484311,0.0,-108.96651802484311,0.0,0.0,-347.2550325474299,45.475,-301.78003254743004,0.0,-301.78003254743004
radiation,shade,2145.0,35.75,290.4024046833352,270.0,0.1,1000.0,0.0,0.0,-130.09398550399558,21.25,-108.84398550399558,0.0,-108.84398550399558,0.0,0.0,-347.90550247494986,45.58125,-302.32425247494996,0.0,-302.32425247494996
radiation,shade,2150.0,35.833333,290.38514728450593,270.0,0.1,1000.0,0.0,0.0,-129.97161262442205,21.25,-108.72161262442205,0.0,-108.72161262442205,0.0,0.0,-348.55536053807197,45.6875,-302.8678605380721,0.0,-302.8678605380721
radiation,shade,2155.0,35.916667,290.367909284644,270.0,0.1,1000.0,0.0,0.0,-129.84939913032707,21.25,-108.59939913032707,0.0,-108.59939913032707,0.0,0.0,-349.20460753372356,45.79375,-303.4108575337237,0.0,-303.4108575337237
radiation,shade,2160.0,36.0,290.3506906584906,270.0,0.1,1000.0,0.0,0.0,-129.7273447664311,21.25,-108.47734476643109,0.0,-108.47734476643109,0.0,0.0,-349.85324425755573,45.9,-303.95324425755587,0.0,-303.95324425755587
radiation,shade,2165.0,36.083333,290.3334913808274,270.0,0.1,1000.0,0.0,0.0,-129.60544927796937,21.25,-108.35544927796937,0.0,-108.35544927796937,0.0,0.0,-350.5012715039456,46.00625,-304.4950215039457,0.0,-304.4950215039457
radiation,shade,2170.0,36.166667,290.3163114264765,270.0,0.1,1000.0,0.0,0.0,-129.48371241069069,21.25,-108.23371241069069,0.0,-108.23371241069069,0.0,0.0,-351.14869006599906,46.1125,-305.03619006599916,0.0,-305.03619006599916
radiation,shade,2175.0,36.25,290.2991507703002,270.0,0.1,1000.0,0.0,0.0,-129.36213391085573,21.25,-108.11213391085573,0.0,-108.11213391085573,0.0,0.0,-351.79550073555333,46.21875,-305.57675073555345,0.0,-305.57675073555345
radiation,shade,2180.0,36.333333,290.2820093872009,270.0,0.1,1000.0,0.0,0.0,-129.24071352523657,21.25,-107.99071352523657,0.0,-107.99071352523657,0.0,0.0,-352.4417043031795,46.325,-306.11670430317963,0.0,-306.11670430317963
radiation,shade,2185.0,36.416667,290.26488725212135,270.0,0.1,1000.0,0.0,0.0,-129.11945100111416,21.25,-107.86945100111416,0.0,-107.86945100111416,0.0,0.0,-353.08730155818506,46.43125,-306.6560515581852,0.0,-306.6560515581852
radiation,shade,2190.0,36.5,290.2477843400442,270.0,0.1,1000.0,0.0,0.0,-128.9983460862786,21.25,-107.74834608627859,0.0,-107.74834608627859,0.0,0.0,-353.73229328861646,46.5375,-307.19479328861655,0.0,-307.19479328861655
radiation,shade,2195.0,36.583333,290.230700625992,270.0,0.1,1000.0,0.0,0.0,-128.87739852902655,21.25,-107.62739852902655,0.0,-107.62739852902655,0.0,0.0,-354.3766802812616,46.64375,-307.73293028126176,0.0,-307.73293028126176
radiation,shade,2200.0,36.666667,290.2136360850272,270.0,0.1,1000.0,0.0,0.0,-128.75660807816067,21.25,-107.50660807816067,0.0,-107.50660807816067,0.0,0.0,-355.0204633216524,46.75,-308.2704633216525,0.0,-308.2704633216525
radiation,shade,2205.0,36.75,290.19659069225213,270.0,0.1,1000.0,0.0,0.0,-128.63597448298788,21.25,-107.38597448298788,0.0,-107.38597448298788,0.0,0.0,-355.66364319406733,46.85625,-308.80739319406746,0.0,-308.80739319406746
radiation,shade,2210.0,36.833333,290.17956442280877,270.0,0.1,1000.0,0.0,0.0,-128.51549749331897,21.25,-107.26549749331897,0.0,-107.26549749331897,0.0,0.0,-356.30622068153394,46.9625,-309.343720681534,0.0,-309.343720681534
radiation,shade,2215.0,36.916667,290.1625572518787,270.0,0.1,1000.0,0.0,0.0,-128.3951768594663,21.25,-107.14517685946629,0.0,-107.14517685946629,0.0,0.0,-356.94819656583127,47.06875,-309.87944656583136,0.0,-309.87944656583136
radiation,shade,2220.0,37.0,290.1455691546831,270.0,0.1,1000.0,0.0,0.0,-128.27501233224328,21.25,-107.02501233224328,0.0,-107.02501233224328,0.0,0.0,-357.5895716274925,47.175,-310.4145716274926,0.0,-310.4145716274926
radiation,shade,2225.0,37.083333,290.1286001064826,270.0,0.1,1000.0,0.0,0.0,-128.15500366296268,21.25,-106.90500366296268,0.0,-106.90500366296268,0.0,0.0,-358.23034664580734,47.28125,-310.94909664580746,0.0,-310.94909664580746
radiation,shade,2230.0,37.166667,290.11165008257734,270.0,0.1,1000.0,0.0,0.0,-128.03515060343653,21.25,-106.78515060343653,0.0,-106.78515060343653,0.0,0.0,-358.8705223988245,47.3875,-311.48302239882463,0.0,-311.48302239882463
radiation,shade,2235.0,37.25,290.09471905830657,270.0,0.1,1000.0,0.0,0.0,-127.91545290597296,21.25,-106.66545290597296,0.0,-106.66545290597296,0.0,0.0,-359.5100996633544,47.49375,-312.0163496633545,0.0,-312.0163496633545
radiation,shade,2240.0,37.333333,290.0778070090489,270.0,0.1,1000.0,0.0,0.0,-127.79591032337619,21.25,-106.54591032337619,0.0,-106.54591032337619,0.0,0.0,-360.14907921497127,47.6,-312.5490792149714,0.0,-312.5490792149714
radiation,shade,2245.0,37.416667,290.0609139102221,270.0,0.1,1000.0,0.0,0.0,-127.6765226089455,21.25,-106.4265226089455,0.0,-106.4265226089455,0.0,0.0,-360.78746182801603,47.70625,-313.08121182801614,0.0,-313.08121182801614
radiation,shade,2250.0,37.5,290.04403973728296,270.0,0.1,1000.0,0.0,0.0,-127.55728951647303,21.25,-106.30728951647303,0.0,-106.30728951647303,0.0,0.0,-361.4252482755984,47.8125,-313.6127482755985,0.0,-313.6127482755985
radiation,shade,2255.0,37.583333,290.0271844657274,270.0,0.1,1000.0,0.0,0.0,-127.43821080024367,21.25,-106.18821080024367,0.0,-106.18821080024367,0.0,0.0,-362.0624393295996,47.91875,-314.14368932959974,0.0,-314.14368932959974
radiation,shade,2260.0,37.666667,290.01034807109005,270.0,0.1,1000.0,0.0,0.0,-127.31928621503336,21.25,-106.06928621503336,0.0,-106.06928621503336,0.0,0.0,-362.6990357606748,48.025,-314.67403576067494,0.0,-314.67403576067494
radiation,shade,2265.0,37.75,289.99353052894463,270.0,0.1,1000.0,0.0,0.0,-127.20051551610742,21.25,-105.95051551610742,0.0,-105.95051551610742,0.0,0.0,-363.3350383382553,48.13125,-315.20378833825544,0.0,-315.20378833825544
radiation,shade,2270.0,37.833333,289.9767318149035,270.0,0.1,1000.0,0.0,0.0,-127.08189845922011,21.25,-105.83189845922011,0.0,-105.83189845922011,0.0,0.0,-363.9704478305514,48.2375,-315.73294783055155,0.0,-315.73294783055155
radiation,shade,2275.0,37.916667,289.95995190461764,270.0,0.1,1000.0,0.0,0.0,-126.96343480061299,21.25,-105.71343480061299,0.0,-105.71343480061299,0.0,0.0,-364.6052650045545,48.34375,-316.2615150045546,0.0,-316.2615150045546
radiation,shade,2280.0,38.0,289.94319077377685,270.0,0.1,1000.0,0.0,0.0,-126.84512429701373,21.25,-105.59512429701373,0.0,-105.59512429701373,0.0,0.0,-365.2394906260396,48.45,-316.7894906260397,0.0,-316.7894906260397
radiation,shade,2285.0,38.083333,289.9264483981093,270.0,0.1,1000.0,0.0,0.0,-126.72696670563528,21.25,-105.47696670563528,0.0,-105.47696670563528,0.0,0.0,-365.87312545956775,48.55625,-317.3168754595679,0.0,-317.3168754595679
radiation,shade,2290.0,38.166667,289.9097247533817,270.0,0.1,1000.0,0.0,0.0,-126.60896178417418,21.25,-105.35896178417418,0.0,-105.35896178417418,0.0,0.0,-366.50617026848863,48.6625,-317.8436702684888,0.0,-317.8436702684888
radiation,shade,2295.0,38.25,289.893019815399,270.0,0.1,1000.0,0.0,0.0,-126.49110929080956,21.25,-105.24110929080956,0.0,-105.24110929080956,0.0,0.0,-367.1386258149427,48.76875,-318.3698758149428,0.0,-318.3698758149428
radiation,shade,2300.0,38.333333,289.8763335600047,270.0,0.1,1000.0,0.0,0.0,-126.37340898420157,21.25,-105.12340898420157,0.0,-105.12340898420157,0.0,0.0,-367.77049285986374,48.875,-318.89549285986385,0.0,-318.89549285986385
radiation,shade,2305.0,38.416667,289.8596659630803,270.0,0.1,1000.0,0.0,0.0,-126.25586062349193,21.25,-105.00586062349193,0.0,-105.00586062349193,0.0,0.0,-368.4017721629812,48.98125,-319.42052216298134,0.0,-319.42052216298134
radiation,shade,2310.0,38.5,289.8430170005457,270.0,0.1,1000.0,0.0,0.0,-126.13846396829976,21.25,-104.88846396829976,0.0,-104.88846396829976,0.0,0.0,-369.03246448282266,49.0875,-319.9449644828228,0.0,-319.9449644828228
radiation,shade,2315.0,38.583333,289.82638664835855,270.0,0.1,1000.0,0.0,0.0,-126.02121877872338,21.25,-104.77121877872338,0.0,-104.77121877872338,0.0,0.0,-369.66257057671635,49.19375,-320.46882057671644,0.0,-320.46882057671644
radiation,shade,2320.0,38.666667,289.80977488251483,270.0,0.1,1000.0,0.0,0.0,-125.904124815337,21.25,-104.654124815337,0.0,-104.654124815337,0.0,0.0,-370.292091200793,49.3,-320.9920912007931,0.0,-320.9920912007931
radiation,shade,2325.0,38.75,289.7931816790483,270.0,0.1,1000.0,0.0,0.0,-125.787181839191,21.25,-104.537181839191,0.0,-104.537181839191,0.0,0.0,-370.921027109989,49.40625,-321.5147771099891,0.0,-321.5147771099891
radiation,shade,2330.0,38.833333,289.77660701403056,270.0,0.1,1000.0,0.0,0.0,-125.67038961180997,21.25,-104.42038961180997,0.0,-104.42038961180997,0.0,0.0,-371.54937905804803,49.5125,-322.03687905804816,0.0,-322.03687905804816
radiation,shade,2335.0,38.916667,289.760050863571,270.0,0.1,1000.0,0.0,0.0,-125.55374789519145,21.25,-104.30374789519145,0.0,-104.30374789519145,0.0,0.0,-372.177147797524,49.61875,-322.5583977975241,0.0,-322.5583977975241
radiation,shade,2340.0,39.0,289.74351320381675,270.0,0.1,1000.0,0.0,0.0,-125.43725645180521,21.25,-104.18725645180521,0.0,-104.18725645180521,0.0,0.0,-372.804334079783,49.725,-323.0793340797831,0.0,-323.0793340797831
radiation,shade,2345.0,39.083333,289.7269940109525,270.0,0.1,1000.0,0.0,0.0,-125.32091504459206,21.25,-104.07091504459206,0.0,-104.07091504459206,0.0,0.0,-373.43093865500595,49.83125,-323.59968865500605,0.0,-323.59968865500605
radiation,shade,2350.0,39.166667,289.7104932612006,270.0,0.1,1000.0,0.0,0.0,-125.20472343696247,21.25,-103.95472343696247,0.0,-103.95472343696247,0.0,0.0,-374.0569622721908,49.9375,-324.1194622721909,0.0,-324.1194622721909
radiation,shade,2355.0,39.25,289.6940109308208,270.0,0.1,1000.0,0.0,0.0,-125.08868139279535,21.25,-103.83868139279535,0.0,-103.83868139279535,0.0,0.0,-374.6824056791547,50.04375,-324.63865567915485,0.0,-324.63865567915485
radiation,shade,2360.0,39.333333,289.67754699611027,270.0,0.1,1000.0,0.0,0.0,-124.97278867643764,21.25,-103.72278867643764,0.0,-103.72278867643764,0.0,0.0,-375.3072696225369,50.15,-325.157269622537,0.0,-325.157269622537
radiation,shade,2365.0,39.416667,289.6611014334035,270.0,0.1,1000.0,0.0,0.0,-124.85704505270195,21.25,-103.60704505270195,0.0,-103.60704505270195,0.0,0.0,-375.9315548478004,50.25625,-325.67530484780053,0.0,-325.67530484780053
radiation,shade,2370.0,39.5,289.6446742190722,270.0,0.1,1000.0,0.0,0.0,-124.74145028686634,21.25,-103.49145028686634,0.0,-103.49145028686634,0.0,0.0,-376.5552620992347,50.3625,-326.19276209923487,0.0,-326.19276209923487
radiation,shade,2375.0,39.583333,289.62826532952545,270.0,0.1,1000.0,0.0,0.0,-124.62600414467303,21.25,-103.37600414467303,0.0,-103.37600414467303,0.0,0.0,-377.1783921199581,50.46875,-326.70964211995823,0.0,-326.70964211995823
radiation,shade,2380.0,39.666667,289.6118747412092,270.0,0.1,1000.0,0.0,0.0,-124.51070639232728,21.25,-103.26070639232728,0.0,-103.26070639232728,0.0,0.0,-377.80094565191973,50.575,-327.22594565191986,0.0,-327.22594565191986
radiation,shade,2385.0,39.75,289.5955024306066,270.0,0.1,1000.0,0.0,0.0,-124.39555679649553,21.25,-103.14555679649553,0.0,-103.14555679649553,0.0,0.0,-378.42292343590225,50.68125,-327.7416734359023,0.0,-327.7416734359023
radiation,shade,2390.0,39.833333,289.57914837423766,270.0,0.1,1000.0,0.0,0.0,-124.28055512430575,21.25,-103.03055512430575,0.0,-103.03055512430575,0.0,0.0,-379.04432621152375,50.7875,-328.25682621152384,0.0,-328.25682621152384
radiation,shade,2395.0,39.916667,289.56281254865934,270.0,0.1,1000.0,0.0,0.0,-124.16570114334488,21.25,-102.91570114334488,0.0,-102.91570114334488,0.0,0.0,-379.66515471724045,50.89375,-328.7714047172406,0.0,-328.7714047172406
radiation,shade,2400.0,40.0,289.5464949304654,270.0,0.1,1000.0,0.0,0.0,-124.05099462165808,21.25,-102.80099462165808,0.0,-102.80099462165808,0.0,0.0,-380.2854096903488,51.0,-329.2854096903489,0.0,-329.2854096903489
radiation,shade,2405.0,40.083333,289.5301954962864,270.0,0.1,1000.0,0.0,0.0,-123.93643532774867,21.25,-102.68643532774867,0.0,-102.68643532774867,0.0,0.0,-380.9050918669875,51.10625,-329.79884186698763,0.0,-329.79884186698763
radiation,shade,2410.0,40.166667,289.5139142227895,270.0,0.1,1000.0,0.0,0.0,-123.82202303057525,21.25,-102.57202303057525,0.0,-102.57202303057525,0.0,0.0,-381.5242019821404,51.2125,-330.31170198214056,0.0,-330.31170198214056
radiation,shade,2415.0,40.25,289.49765108667845,270.0,0.1,1000.0,0.0,0.0,-123.70775749955223,21.25,-102.45775749955223,0.0,-102.45775749955223,0.0,0.0,-382.14274076963824,51.31875,-330.8239907696383,0.0,-330.8239907696383
radiation,shade,2420.0,40.333333,289.4814060646936,270.0,0.1,1000.0,0.0,0.0,-123.59363850454767,21.25,-102.34363850454767,0.0,-102.34363850454767,0.0,0.0,-382.760708962161,51.425,-331.3357089621611,0.0,-331.3357089621611
radiation,shade,2425.0,40.416667,289.46517913361174,270.0,0.1,1000.0,0.0,0.0,-123.4796658158826,21.25,-102.2296658158826,0.0,-102.2296658158826,0.0,0.0,-383.3781072912404,51.53125,-331.8468572912405,0.0,-331.8468572912405
radiation,shade,2430.0,40.5,289.448970270246,270.0,0.1,1000.0,0.0,0.0,-123.36583920432983,21.25,-102.11583920432983,0.0,-102.11583920432983,0.0,0.0,-383.994936487262,51.6375,-332.35743648726213,0.0,-332.35743648726213
radiation,shade,2435.0,40.583333,289.4327794514458,270.0,0.1,1000.0,0.0,0.0,-123.25215844111254,21.25,-102.00215844111254,0.0,-102.00215844111254,0.0,0.0,-384.6111972794676,51.74375,-332.86744727946774,0.0,-332.86744727946774
radiation,shade,2440.0,40.666667,289.41660665409694,270.0,0.1,1000.0,0.0,0.0,-123.13862329790403,21.25,-101.88862329790403,0.0,-101.88862329790403,0.0,0.0,-385.2268903959571,51.85,-333.3768903959572,0.0,-333.3768903959572
radiation,shade,2445.0,40.75,289.4004518551213,270.0,0.1,1000.0,0.0,0.0,-123.02523354682573,21.25,-101.77523354682573,0.0,-101.77523354682573,0.0,0.0,-385.84201656369123,51.95625,-333.8857665636914,0.0,-333.8857665636914
radiation,shade,2450.0,40.833333,289.3843150314768,270.0,0.1,1000.0,0.0,0.0,-122.91198896044698,21.25,-101.66198896044698,0.0,-101.66198896044698,0.0,0.0,-386.4565765084935,52.0625,-334.39407650849364,0.0,-334.39407650849364
radiation,shade,2455.0,40.916667,289.3681961601574,270.0,0.1,1000.0,0.0,0.0,-122.79888931178272,21.25,-101.54888931178272,0.0,-101.54888931178272,0.0,0.0,-387.07057095505246,52.16875,-334.9018209550526,0.0,-334.9018209550526
radiation,shade,2460.0,41.0,289.35209521819326,270.0,0.1,1000.0,0.0,0.0,-122.68593437429342,21.25,-101.43593437429342,0.0,-101.43593437429342,0.0,0.0,-387.68400062692393,52.275,-335.409000626924,0.0,-335.409000626924
radiation,shade,2465.0,41.083333,289.3360121826501,270.0,0.1,1000.0,0.0,0.0,-122.57312392188429,21.25,-101.32312392188429,0.0,-101.32312392188429,0.0,0.0,-388.29686624653334,52.38125,-335.9156162465335,0.0,-335.9156162465335
radiation,shade,2470.0,41.166667,289.31994703062963,270.0,0.1,1000.0,0.0,0.0,-122.46045772890305,21.25,-101.21045772890305,0.0,-101.21045772890305,0.0,0.0,-388.9091685351779,52.4875,-336.421668535178,0.0,-336.421668535178
radiation,shade,2475.0,41.25,289.3038997392693,270.0,0.1,1000.0,0.0,0.0,-122.34793557013934,21.25,-101.09793557013934,0.0,-101.09793557013934,0.0,0.0,-389.5209082130286,52.59375,-336.9271582130287,0.0,-336.9271582130287
radiation,shade,2480.0,41.333333,289.2878702857422,270.0,0.1,1000.0,0.0,0.0,-122.23555722082446,21.25,-100.98555722082446,0.0,-100.98555722082446,0.0,0.0,-390.1320859991327,52.7,-337.4320859991328,0.0,-337.4320859991328
radiation,shade,2485.0,41.416667,289.27185864725703,270.0,0.1,1000.0,0.0,0.0,-122.12332245662908,21.25,-100.87332245662908,0.0,-100.87332245662908,0.0,0.0,-390.7427026114159,52.80625,-337.936452611416,0.0,-337.936452611416
radiation,shade,2490.0,41.5,289.25586480105807,270.0,0.1,1000.0,0.0,0.0,-122.01123105366267,21.25,-100.76123105366267,0.0,-100.76123105366267,0.0,0.0,-391.3527587666842,52.9125,-338.44025876668434,0.0,-338.44025876668434
radiation,shade,2495.0,41.583333,289.239888724425,270.0,0.1,1000.0,0.0,0.0,-121.89928278847273,21.25,-100.64928278847273,0.0,-100.64928278847273,0.0,0.0,-391.9622551806266,53.01875,-338.9435051806267,0.0,-338.9435051806267
radiation,shade,2500.0,41.666667,289.2239303946729,270.0,0.1,1000.0,0.0,0.0,-121.78747743804325,21.25,-100.53747743804325,0.0,-100.53747743804325,0.0,0.0,-392.5711925678168,53.125,-339.4461925678169,0.0,-339.4461925678169
radiation,shade,2505.0,41.75,289.2079897891523,270.0,0.1,1000.0,0.0,0.0,-121.67581477979388,21.25,-100.42581477979388,0.0,-100.42581477979388,0.0,0.0,-393.17957164171577,53.23125,-339.9483216417159,0.0,-339.9483216417159
radiation,shade,2510.0,41.833333,289.1920668852489,270.0,0.1,1000.0,0.0,0.0,-121.56429459157948,21.25,-100.31429459157948,0.0,-100.31429459157948,0.0,0.0,-393.78739311467365,53.3375,-340.4498931146738,0.0,-340.4498931146738
radiation,shade,2515.0,41.916667,289.17616166038357,270.0,0.1,1000.0,0.0,0.0,-121.45291665168789,21.25,-100.20291665168789,0.0,-100.20291665168789,0.0,0.0,-394.3946576979321,53.44375,-340.9509076979322,0.0,-340.9509076979322
radiation,shade,2520.0,42.0,289.16027409201234,270.0,0.1,1000.0,0.0,0.0,-121.34168073883967,21.25,-100.09168073883967,0.0,-100.09168073883967,0.0,0.0,-395.00136610162633,53.55,-341.45136610162643,0.0,-341.45136610162643
radiation,shade,2525.0,42.083333,289.1444041576263,270.0,0.1,1000.0,0.0,0.0,-121.23058663218659,21.25,-99.98058663218659,0.0,-99.98058663218659,0.0,0.0,-395.60751903478723,53.65625,-341.95126903478734,0.0,-341.95126903478734
radiation,shade,2530.0,42.166667,289.1285518347515,270.0,0.1,1000.0,0.0,0.0,-121.11963411131136,21.25,-99.86963411131136,0.0,-99.86963411131136,0.0,0.0,-396.2131172053438,53.7625,-342.4506172053439,0.0,-342.4506172053439
radiation,shade,2535.0,42.25,289.1127171009489,270.0,0.1,1000.0,0.0,0.0,-121.00882295622556,21.25,-99.75882295622556,0.0,-99.75882295622556,0.0,0.0,-396.81816132012494,53.86875,-342.949411320125,0.0,-342.949411320125
radiation,shade,2540.0,42.333333,289.09689993381437,270.0,0.1,1000.0,0.0,0.0,-120.89815294736964,21.25,-99.64815294736964,0.0,-99.64815294736964,0.0,0.0,-397.42265208486174,53.975,-343.4476520848619,0.0,-343.4476520848619
radiation,shade,2545.0,42.416667,289.08110031097857,270.0,0.1,1000.0,0.0,0.0,-120.78762386561131,21.25,-99.53762386561131,0.0,-99.53762386561131,0.0,0.0,-398.0265902041898,54.08125,-343.94534020418996,0.0,-343.94534020418996
radiation,shade,2550.0,42.5,289.0653182101068,270.0,0.1,1000.0,0.0,0.0,-120.67723549224472,21.25,-99.42723549224472,0.0,-99.42723549224472,0.0,0.0,-398.6299763816511,54.1875,-344.4424763816512,0.0,-344.4424763816512
radiation,shade,2555.0,42.583333,289.04955360889903,270.0,0.1,1000.0,0.0,0.0,-120.56698760898897,21.25,-99.31698760898897,0.0,-99.31698760898897,0.0,0.0,-399.232811319696,54.29375,-344.9390613196961,0.0,-344.9390613196961
radiation,shade,2560.0,42.666667,289.0338064850898,270.0,0.1,1000.0,0.0,0.0,-120.45687999798761,21.25,-99.20687999798761,0.0,-99.20687999798761,0.0,0.0,-399.83509571968597,54.4,-345.43509571968605,0.0,-345.43509571968605
radiation,shade,2565.0,42.75,289.0180768164483,270.0,0.1,1000.0,0.0,0.0,-120.34691244180743,21.25,-99.09691244180743,0.0,-99.09691244180743,0.0,0.0,-400.436830281895,54.50625,-345.9305802818951,0.0,-345.9305802818951
radiation,shade,2570.0,42.833333,289.0023645807779,270.0,0.1,1000.0,0.0,0.0,-120.2370847234377,21.25,-98.9870847234377,0.0,-98.9870847234377,0.0,0.0,-401.0380157055122,54.6125,-346.42551570551234,0.0,-346.42551570551234
radiation,shade,2575.0,42.916667,288.9866697559166,270.0,0.1,1000.0,0.0,0.0,-120.12739662628867,21.25,-98.87739662628867,0.0,-98.87739662628867,0.0,0.0,-401.6386526886437,54.71875,-346.9199026886438,0.0,-346.9199026886438
radiation,shade,2580.0,43.0,288.9709923197365,270.0,0.1,1000.0,0.0,0.0,-120.01784793419083,21.25,-98.76784793419083,0.0,-98.76784793419083,0.0,0.0,-402.2387419283146,54.825,-347.4137419283147,0.0,-347.4137419283147
radiation,shade,2585.0,43.083333,288.95533225014424,270.0,0.1,1000.0,0.0,0.0,-119.90843843139398,21.25,-98.65843843139398,0.0,-98.65843843139398,0.0,0.0,-402.83828412047154,54.93125,-347.9070341204717,0.0,-347.9070341204717
radiation,shade,2590.0,43.166667,288.9396895250803,270.0,0.1,1000.0,0.0,0.0,-119.79916790256652,21.25,-98.54916790256652,0.0,-98.54916790256652,0.0,0.0,-403.43727995998444,55.0375,-348.3997799599845,0.0,-348.3997799599845
radiation,shade,2595.0,43.25,288.92406412251955,270.0,0.1,1000.0,0.0,0.0,-119.69003613279348,21.25,-98.44003613279348,0.0,-98.44003613279348,0.0,0.0,-404.03573014064835,55.14375,-348.8919801406485,0.0,-348.8919801406485
radiation,shade,2600.0,43.333333,288.90845602047074,270.0,0.1,1000.0,0.0,0.0,-119.58104290757653,21.25,-98.33104290757653,0.0,-98.33104290757653,0.0,0.0,-404.63363535518624,55.25,-349.38363535518636,0.0,-349.38363535518636
radiation,shade,2605.0,43.416667,288.89286519697663,270.0,0.1,1000.0,0.0,0.0,-119.47218801283239,21.25,-98.22218801283239,0.0,-98.22218801283239,0.0,0.0,-405.2309962952504,55.35625,-349.87474629525053,0.0,-349.87474629525053
radiation,shade,2610.0,43.5,288.877291630114,270.0,0.1,1000.0,0.0,0.0,-119.36347123489209,21.25,-98.11347123489209,0.0,-98.11347123489209,0.0,0.0,-405.8278136514249,55.4625,-350.365313651425,0.0,-350.365313651425
radiation,shade,2615.0,43.583333,288.8617352979933,270.0,0.1,1000.0,0.0,0.0,-119.25489236050004,21.25,-98.00489236050004,0.0,-98.00489236050004,0.0,0.0,-406.4240881132274,55.56875,-350.8553381132275,0.0,-350.8553381132275
radiation,shade,2620.0,43.666667,288.8461961787589,270.0,0.1,1000.0,0.0,0.0,-119.14645117681256,21.25,-97.89645117681256,0.0,-97.89645117681256,0.0,0.0,-407.0198203691114,55.675,-351.3448203691116,0.0,-351.3448203691116
radiation,shade,2625.0,43.75,288.8306742505888,270.0,0.1,1000.0,0.0,0.0,-119.03814747139762,21.25,-97.78814747139762,0.0,-97.78814747139762,0.0,0.0,-407.61501110646844,55.78125,-351.83376110646856,0.0,-351.83376110646856
radiation,shade,2630.0,43.833333,288.8151694916948,270.0,0.1,1000.0,0.0,0.0,-118.92998103223313,21.25,-97.67998103223313,0.0,-97.67998103223313,0.0,0.0,-408.20966101162963,55.8875,-352.32216101162976,0.0,-352.32216101162976
radiation,shade,2635.0,43.916667,288.79968188032217,270.0,0.1,1000.0,0.0,0.0,-118.82195164770695,21.25,-97.57195164770695,0.0,-97.57195164770695,0.0,0.0,-408.80377076986815,55.99375,-352.8100207698683,0.0,-352.8100207698683
radiation,shade,2640.0,44.0,288.7842113947497,270.0,0.1,1000.0,0.0,0.0,-118.71405910661485,21.25,-97.46405910661485,0.0,-97.46405910661485,0.0,0.0,-409.39734106540124,56.1,-353.2973410654013,0.0,-353.2973410654013
radiation,shade,2645.0,44.083333,288.7687580132897,270.0,0.1,1000.0,0.0,0.0,-118.60630319816016,21.25,-97.35630319816016,0.0,-97.35630319816016,0.0,0.0,-409.990372581392,56.20625,-353.7841225813921,0.0,-353.7841225813921
radiation,shade,2650.0,44.166667,288.7533217142878,270.0,0.1,1000.0,0.0,0.0,-118.49868371195218,21.25,-97.24868371195218,0.0,-97.24868371195218,0.0,0.0,-410.58286599995176,56.3125,-354.2703659999519,0.0,-354.2703659999519
radiation,shade,2655.0,44.25,288.737902476123,270.0,0.1,1000.0,0.0,0.0,-118.3912004380061,21.25,-97.1412004380061,0.0,-97.1412004380061,0.0,0.0,-411.1748220021418,56.41875,-354.75607200214193,0.0,-354.75607200214193
radiation,shade,2660.0,44.333333,288.72250027720764,270.0,0.1,1000.0,0.0,0.0,-118.28385316674166,21.25,-97.03385316674166,0.0,-97.03385316674166,0.0,0.0,-411.7662412679755,56.525,-355.24124126797557,0.0,-355.24124126797557
radiation,shade,2665.0,44.416667,288.70711509598715,270.0,0.1,1000.0,0.0,0.0,-118.1766416889823,21.25,-96.9266416889823,0.0,-96.9266416889823,0.0,0.0,-412.3571244764204,56.63125,-355.72587447642053,0.0,-355.72587447642053
radiation,shade,2670.0,44.5,288.6917469109402,270.0,0.1,1000.0,0.0,0.0,-118.06956579595322,21.25,-96.81956579595322,0.0,-96.81956579595322,0.0,0.0,-412.9474723054002,56.7375,-356.2099723054003,0.0,-356.2099723054003
radiation,shade,2675.0,44.583333,288.6763957005784,270.0,0.1,1000.0,0.0,0.0,-117.96262527928246,21.25,-96.71262527928246,0.0,-96.71262527928246,0.0,0.0,-413.5372854317966,56.84375,-356.6935354317967,0.0,-356.6935354317967
radiation,shade,2680.0,44.666667,288.6610614434465,270.0,0.1,1000.0,0.0,0.0,-117.85581993099716,21.25,-96.60581993099716,0.0,-96.60581993099716,0.0,0.0,-414.12656453145155,56.95,-357.1765645314517,0.0,-357.1765645314517
radiation,shade,2685.0,44.75,288.64574411812214,270.0,0.1,1000.0,0.0,0.0,-117.74914954352576,21.25,-96.49914954352576,0.0,-96.49914954352576,0.0,0.0,-414.71531027916916,57.05625,-357.6590602791693,0.0,-357.6590602791693
radiation,shade,2690.0,44.833333,288.63044370321586,270.0,0.1,1000.0,0.0,0.0,-117.6426139096944,21.25,-96.3926139096944,0.0,-96.3926139096944,0.0,0.0,-415.30352334871765,57.1625,-358.1410233487178,0.0,-358.1410233487178
radiation,shade,2695.0,44.916667,288.61516017737097,270.0,0.1,1000.0,0.0,0.0,-117.53621282272746,21.25,-96.28621282272746,0.0,-96.28621282272746,0.0,0.0,-415.89120441283126,57.26875,-358.6224544128314,0.0,-358.6224544128314
radiation,shade,2700.0,45.0,288.5998935192636,270.0,0.1,1000.0,0.0,0.0,-117.4299460762459,21.25,-96.1799460762459,0.0,-96.1799460762459,0.0,0.0,-416.47835414321247,57.375,-359.1033541432126,0.0,-359.1033541432126
radiation,shade,2705.0,45.083333,288.5846437076026,270.0,0.1,1000.0,0.0,0.0,-117.32381346426705,21.25,-96.07381346426705,0.0,-96.07381346426705,0.0,0.0,-417.0649732105338,57.48125,-359.58372321053395,0.0,-359.58372321053395
radiation,shade,2710.0,45.166667,288.5694107211294,270.0,0.1,1000.0,0.0,0.0,-117.21781478120286,21.25,-95.96781478120286,0.0,-95.96781478120286,0.0,0.0,-417.6510622844399,57.5875,-360.06356228443997,0.0,-360.06356228443997
radiation,shade,2715.0,45.25,288.554194538618,270.0,0.1,1000.0,0.0,0.0,-117.11194982185987,21.25,-95.86194982185987,0.0,-95.86194982185987,0.0,0.0,-418.23662203354917,57.69375,-360.5428720335493,0.0,-360.5428720335493
radiation,shade,2720.0,45.333333,288.5389951388749,270.0,0.1,1000.0,0.0,0.0,-117.0062183814375,21.25,-95.7562183814375,0.0,-95.7562183814375,0.0,0.0,-418.82165312545635,57.8,-361.02165312545645,0.0,-361.02165312545645
radiation,shade,2725.0,45.416667,288.5238125007391,270.0,0.1,1000.0,0.0,0.0,-116.90062025552682,21.25,-95.65062025552682,0.0,-95.65062025552682,0.0,0.0,-419.40615622673397,57.90625,-361.4999062267341,0.0,-361.4999062267341
radiation,shade,2730.0,45.5,288.50864660308196,270.0,0.1,1000.0,0.0,0.0,-116.79515524011104,21.25,-95.54515524011104,0.0,-95.54515524011104,0.0,0.0,-419.9901320029345,58.0125,-361.9776320029346,0.0,-361.9776320029346
radiation,shade,2735.0,45.583333,288.4934974248071,270.0,0.1,1000.0,0.0,0.0,-116.68982313156336,21.25,-95.43982313156336,0.0,-95.43982313156336,0.0,0.0,-420.57358111859236,58.11875,-362.4548311185925,0.0,-362.4548311185925
radiation,shade,2740.0,45.666667,288.4783649448505,270.0,0.1,1000.0,0.0,0.0,-116.58462372664627,21.25,-95.33462372664627,0.0,-95.33462372664627,0.0,0.0,-421.1565042372256,58.225,-362.9315042372257,0.0,-362.9315042372257
radiation,shade,2745.0,45.75,288.46324914218025,270.0,0.1,1000.0,0.0,0.0,-116.47955682251097,21.25,-95.22955682251097,0.0,-95.22955682251097,0.0,0.0,-421.7389020213381,58.33125,-363.4076520213382,0.0,-363.4076520213382
radiation,shade,2750.0,45.833333,288.44814999579665,270.0,0.1,1000.0,0.0,0.0,-116.37462221669595,21.25,-95.12462221669595,0.0,-95.12462221669595,0.0,0.0,-422.3207751324216,58.4375,-363.8832751324217,0.0,-363.8832751324217
radiation,shade,2755.0,45.916667,288.433067484732,270.0,0.1,1000.0,0.0,0.0,-116.26981970712733,21.25,-95.01981970712733,0.0,-95.01981970712733,0.0,0.0,-422.9021242309572,58.54375,-364.35837423095734,0.0,-364.35837423095734
radiation,shade,2760.0,46.0,288.41800158805074,270.0,0.1,1000.0,0.0,0.0,-116.16514909211587,21.25,-94.91514909211587,0.0,-94.91514909211587,0.0,0.0,-423.48294997641784,58.65,-364.8329499764179,0.0,-364.8329499764179
radiation,shade,2765.0,46.083333,288.4029522848491,270.0,0.1,1000.0,0.0,0.0,-116.06061017035792,21.25,-94.81061017035792,0.0,-94.81061017035792,0.0,0.0,-424.06325302726964,58.75625,-365.30700302726973,0.0,-365.30700302726973
radiation,shade,2770.0,46.166667,288.3879195542553,270.0,0.1,1000.0,0.0,0.0,-115.95620274093358,21.25,-94.70620274093358,0.0,-94.70620274093358,0.0,0.0,-424.64303404097427,58.8625,-365.7805340409744,0.0,-365.7805340409744
radiation,shade,2775.0,46.25,288.37290337542936,270.0,0.1,1000.0,0.0,0.0,-115.85192660330578,21.25,-94.60192660330578,0.0,-94.60192660330578,0.0,0.0,-425.2222936739908,58.96875,-366.2535436739909,0.0,-366.2535436739909
radiation,shade,2780.0,46.333333,288.3579037275631,270.0,0.1,1000.0,0.0,0.0,-115.74778155732,21.25,-94.49778155732,0.0,-94.49778155732,0.0,0.0,-425.8010325817774,59.075,-366.72603258177753,0.0,-366.72603258177753
radiation,shade,2785.0,46.416667,288.34292058988007,270.0,0.1,1000.0,0.0,0.0,-115.6437674032029,21.25,-94.3937674032029,0.0,-94.3937674032029,0.0,0.0,-426.37925141879344,59.18125,-367.1980014187936,0.0,-367.1980014187936
radiation,shade,2790.0,46.5,288.32795394163537,270.0,0.1,1000.0,0.0,0.0,-115.53988394156167,21.25,-94.28988394156167,0.0,-94.28988394156167,0.0,0.0,-426.95695083850126,59.2875,-367.6694508385014,0.0,-367.6694508385014
radiation,shade,2795.0,46.583333,288.3130037621158,270.0,0.1,1000.0,0.0,0.0,-115.43613097338238,21.25,-94.18613097338238,0.0,-94.18613097338238,0.0,0.0,-427.5341314933682,59.39375,-368.1403814933683,0.0,-368.1403814933683
radiation,shade,2800.0,46.666667,288.29807003063956,270.0,0.1,1000.0,0.0,0.0,-115.33250830003024,21.25,-94.08250830003024,0.0,-94.08250830003024,0.0,0.0,-428.1107940348684,59.5,-368.6107940348685,0.0,-368.6107940348685
radiation,shade,2805.0,46.75,288.2831527265565,270.0,0.1,1000.0,0.0,0.0,-115.22901572324794,21.25,-93.97901572324794,0.0,-93.97901572324794,0.0,0.0,-428.6869391134846,59.60625,-369.0806891134847,0.0,-369.0806891134847
radiation,shade,2810.0,46.833333,288.2682518292478,270.0,0.1,1000.0,0.0,0.0,-115.12565304515533,21.25,-93.87565304515533,0.0,-93.87565304515533,0.0,0.0,-429.2625673787104,59.7125,-369.5500673787105,0.0,-369.5500673787105
radiation,shade,2815.0,46.916667,288.25336731812587,270.0,0.1,1000.0,0.0,0.0,-115.02242006824775,21.25,-93.77242006824775,0.0,-93.77242006824775,0.0,0.0,-429.8376794790516,59.81875,-370.01892947905174,0.0,-370.01892947905174
radiation,shade,2820.0,47.0,288.23849917263453,270.0,0.1,1000.0,0.0,0.0,-114.91931659539583,21.25,-93.66931659539583,0.0,-93.66931659539583,0.0,0.0,-430.4122760620286,59.925,-370.48727606202874,0.0,-370.48727606202874
radiation,shade,2825.0,47.083333,288.2236473722488,270.0,0.1,1000.0,0.0,0.0,-114.81634242984393,21.25,-93.56634242984393,0.0,-93.56634242984393,0.0,0.0,-430.9863577741778,60.03125,-370.9551077741779,0.0,-370.9551077741779
radiation,shade,2830.0,47.166667,288.20881189647497,270.0,0.1,1000.0,0.0,0.0,-114.71349737521031,21.25,-93.46349737521031,0.0,-93.46349737521031,0.0,0.0,-431.5599252610538,60.1375,-371.42242526105395,0.0,-371.42242526105395
radiation,shade,2835.0,47.25,288.19399272485026,270.0,0.1,1000.0,0.0,0.0,-114.61078123548562,21.25,-93.36078123548562,0.0,-93.36078123548562,0.0,0.0,-432.13297916723127,60.24375,-371.88922916723135,0.0,-371.88922916723135
radiation,shade,2840.0,47.333333,288.1791898369431,270.0,0.1,1000.0,0.0,0.0,-114.50819381503165,21.25,-93.25819381503165,0.0,-93.25819381503165,0.0,0.0,-432.7055201363064,60.35,-372.35552013630655,0.0,-372.35552013630655
radiation,shade,2845.0,47.416667,288.16440321235285,270.0,0.1,1000.0,0.0,0.0,-114.40573491858149,21.25,-93.15573491858149,0.0,-93.15573491858149,0.0,0.0,-433.2775488108993,60.45625,-372.8212988108994,0.0,-372.8212988108994
radiation,shade,2850.0,47.5,288.1496328307098,270.0,0.1,1000.0,0.0,0.0,-114.3034043512372,21.25,-93.0534043512372,0.0,-93.0534043512372,0.0,0.0,-433.8490658326555,60.5625,-373.28656583265564,0.0,-373.28656583265564
radiation,shade,2855.0,47.583333,288.1348786716751,270.0,0.1,1000.0,0.0,0.0,-114.20120191847056,21.25,-92.95120191847056,0.0,-92.95120191847056,0.0,0.0,-434.42007184224786,60.66875,-373.751321842248,0.0,-373.751321842248
radiation,shade,2860.0,47.666667,288.1201407149408,270.0,0.1,1000.0,0.0,0.0,-114.09912742612127,21.25,-92.84912742612127,0.0,-92.84912742612127,0.0,0.0,-434.9905674793785,60.775,-374.2155674793786,0.0,-374.2155674793786
radiation,shade,2865.0,47.75,288.10541894022964,270.0,0.1,1000.0,0.0,0.0,-113.99718068039623,21.25,-92.74718068039623,0.0,-92.74718068039623,0.0,0.0,-435.5605533827805,60.88125,-374.6793033827806,0.0,-374.6793033827806
radiation,shade,2870.0,47.833333,288.0907133272951,270.0,0.1,1000.0,0.0,0.0,-113.89536148786829,21.25,-92.64536148786829,0.0,-92.64536148786829,0.0,0.0,-436.1300301902198,60.9875,-375.14253019021993,0.0,-375.14253019021993
radiation,shade,2875.0,47.916667,288.07602385592116,270.0,0.1,1000.0,0.0,0.0,-113.79366965547655,21.25,-92.54366965547655,0.0,-92.54366965547655,0.0,0.0,-436.6989985384972,61.09375,-375.60524853849734,0.0,-375.60524853849734
radiation,shade,2880.0,48.0,288.0613505059227,270.0,0.1,1000.0,0.0,0.0,-113.69210499052403,21.25,-92.44210499052403,0.0,-92.44210499052403,0.0,0.0,-437.2674590634498,61.2,-376.0674590634499,0.0,-376.0674590634499
radiation,shade,2885.0,48.083333,288.0466932571448,270.0,0.1,1000.0,0.0,0.0,-113.59066730067855,21.25,-92.34066730067855,0.0,-92.34066730067855,0.0,0.0,-437.8354123999532,61.30625,-376.52916239995335,0.0,-376.52916239995335
radiation,shade,2890.0,48.166667,288.0320520894632,270.0,0.1,1000.0,0.0,0.0,-113.48935639396991,21.25,-92.23935639396991,0.0,-92.23935639396991,0.0,0.0,-438.4028591819231,61.4125,-376.9903591819232,0.0,-376.9903591819232
radiation,shade,2895.0,48.25,288.01742698278406,270.0,0.1,1000.0,0.0,0.0,-113.38817207879072,21.25,-92.13817207879072,0.0,-92.13817207879072,0.0,0.0,-438.96980004231705,61.51875,-377.4510500423172,0.0,-377.4510500423172
radiation,shade,2900.0,48.333333,288.0028179170438,270.0,0.1,1000.0,0.0,0.0,-113.28711416389491,21.25,-92.03711416389491,0.0,-92.03711416389491,0.0,0.0,-439.53623561313657,61.625,-377.9112356131367,0.0,-377.9112356131367
radiation,shade,2905.0,48.416667,287.9882248722091,270.0,0.1,1000.0,0.0,0.0,-113.18618245839632,21.25,-91.93618245839632,0.0,-91.93618245839632,0.0,0.0,-440.1021665254285,61.73125,-378.37091652542864,0.0,-378.37091652542864
radiation,shade,2910.0,48.5,287.9736478282771,270.0,0.1,1000.0,0.0,0.0,-113.08537677176861,21.25,-91.83537677176861,0.0,-91.83537677176861,0.0,0.0,-440.6675934092874,61.8375,-378.8300934092875,0.0,-378.8300934092875
radiation,shade,2915.0,48.583333,287.9590867652749,270.0,0.1,1000.0,0.0,0.0,-112.9846969138444,21.25,-91.7346969138444,0.0,-91.7346969138444,0.0,0.0,-441.23251689385665,61.94375,-379.28876689385675,0.0,-379.28876689385675
radiation,shade,2920.0,48.666667,287.9445416632598,270.0,0.1,1000.0,0.0,0.0,-112.88414269481444,21.25,-91.63414269481444,0.0,-91.63414269481444,0.0,0.0,-441.79693760733073,62.05,-379.74693760733084,0.0,-379.74693760733084
radiation,shade,2925.0,48.75,287.9300125023193,270.0,0.1,1000.0,0.0,0.0,-112.7837139252261,21.25,-91.5337139252261,0.0,-91.5337139252261,0.0,0.0,-442.3608561769569,62.15625,-380.204606176957,0.0,-380.204606176957
radiation,shade,2930.0,48.833333,287.91549926257073,270.0,0.1,1000.0,0.0,0.0,-112.6834104159834,21.25,-91.4334104159834,0.0,-91.4334104159834,0.0,0.0,-442.92427322903677,62.2625,-380.6617732290369,0.0,-380.6617732290369
radiation,shade,2935.0,48.916667,287.90100192416145,270.0,0.1,1000.0,0.0,0.0,-112.58323197834598,21.25,-91.33323197834598,0.0,-91.33323197834598,0.0,0.0,-443.4871893889285,62.36875,-381.11843938892866,0.0,-381.11843938892866
radiation,shade,2940.0,49.0,287.8865204672688,270.0,0.1,1000.0,0.0,0.0,-112.48317842392744,21.25,-91.23317842392744,0.0,-91.23317842392744,0.0,0.0,-444.0496052810482,62.475,-381.57460528104826,0.0,-381.57460528104826
radiation,shade,2945.0,49.083333,287.8720548720998,270.0,0.1,1000.0,0.0,0.0,-112.38324956469613,21.25,-91.13324956469613,0.0,-91.13324956469613,0.0,0.0,-444.61152152887166,62.58125,-382.03027152887176,0.0,-382.03027152887176
radiation,shade,2950.0,49.166667,287.8576051188914,270.0,0.1,1000.0,0.0,0.0,-112.28344521297274,21.25,-91.03344521297274,0.0,-91.03344521297274,0.0,0.0,-445.1729387549366,62.6875,-382.4854387549367,0.0,-382.4854387549367
radiation,shade,2955.0,49.25,287.84317118791023,270.0,0.1,1000.0,0.0,0.0,-112.18376518143018,21.25,-90.93376518143018,0.0,-90.93376518143018,0.0,0.0,-445.73385758084373,62.79375,-382.94010758084386,0.0,-382.94010758084386
radiation,shade,2960.0,49.333333,287.8287530594526,270.0,0.1,1000.0,0.0,0.0,-112.08420928309303,21.25,-90.83420928309303,0.0,-90.83420928309303,0.0,0.0,-446.2942786272592,62.9,-383.3942786272593,0.0,-383.3942786272593
radiation,shade,2965.0,49.416667,287.8143507138444,270.0,0.1,1000.0,0.0,0.0,-111.98477733133618,21.25,-90.73477733133618,0.0,-90.73477733133618,0.0,0.0,-446.8542025139159,63.00625,-383.847952513916,0.0,-383.847952513916
radiation,shade,2970.0,49.5,287.79996413144124,270.0,0.1,1000.0,0.0,0.0,-111.88546913988424,21.25,-90.63546913988424,0.0,-90.63546913988424,0.0,0.0,-447.4136298596153,63.1125,-384.3011298596154,0.0,-384.3011298596154
radiation,shade,2975.0,49.583333,287.7855932926281,270.0,0.1,1000.0,0.0,0.0,-111.78628452281113,21.25,-90.53628452281113,0.0,-90.53628452281113,0.0,0.0,-447.9725612822293,63.21875,-384.75381128222944,0.0,-384.75381128222944
radiation,shade,2980.0,49.666667,287.77123817781944,270.0,0.1,1000.0,0.0,0.0,-111.6872232945389,21.25,-90.4372232945389,0.0,-90.4372232945389,0.0,0.0,-448.530997398702,63.325,-385.20599739870215,0.0,-385.20599739870215
radiation,shade,2985.0,49.75,287.7568987674592,270.0,0.1,1000.0,0.0,0.0,-111.5882852698363,21.25,-90.3382852698363,0.0,-90.3382852698363,0.0,0.0,-449.0889388250512,63.43125,-385.6576888250513,0.0,-385.6576888250513
radiation,shade,2990.0,49.833333,287.74257504202046,270.0,0.1,1000.0,0.0,0.0,-111.48947026381953,21.25,-90.23947026381953,0.0,-90.23947026381953,0.0,0.0,-449.64638617637024,63.5375,-386.1088861763704,0.0,-386.1088861763704
radiation,shade,2995.0,49.916667,287.7282669820059,270.0,0.1,1000.0,0.0,0.0,-111.39077809194941,21.25,-90.14077809194941,0.0,-90.14077809194941,0.0,0.0,-450.20334006683,63.64375,-386.5595900668301,0.0,-386.5595900668301
radiation,shade,3000.0,50.0,287.71397456794716,270.0,0.1,1000.0,0.0,0.0,-111.29220857003291,21.25,-90.04220857003291,0.0,-90.04220857003291,0.0,0.0,-450.75980110968015,63.75,-387.00980110968027,0.0,-387.00980110968027
radiation,shade,3005.0,50.083333,287.69969778040524,270.0,0.1,1000.0,0.0,0.0,-111.19376151422016,21.25,-89.94376151422016,0.0,-89.94376151422016,0.0,0.0,-451.31576991725126,63.85625,-387.4595199172514,0.0,-387.4595199172514
radiation,shade,3010.0,50.166667,287.68543659997016,270.0,0.1,1000.0,0.0,0.0,-111.09543674100524,21.25,-89.84543674100524,0.0,-89.84543674100524,0.0,0.0,-451.8712471009563,63.9625,-387.90874710095636,0.0,-387.90874710095636
radiation,shade,3015.0,50.25,287.6711910072611,270.0,0.1,1000.0,0.0,0.0,-110.99723406722427,21.25,-89.74723406722427,0.0,-89.74723406722427,0.0,0.0,-452.4262332712924,64.06875,-388.35748327129255,0.0,-388.35748327129255
radiation,shade,3020.0,50.333333,287.65696098292614,270.0,0.1,1000.0,0.0,0.0,-110.89915331005581,21.25,-89.64915331005581,0.0,-89.64915331005581,0.0,0.0,-452.9807290378427,64.175,-388.8057290378428,0.0,-388.8057290378428
radiation,shade,3025.0,50.416667,287.64274650764247,270.0,0.1,1000.0,0.0,0.0,-110.80119428701873,21.25,-89.55119428701873,0.0,-89.55119428701873,0.0,0.0,-453.5347350092778,64.28125,-389.25348500927794,0.0,-389.25348500927794
radiation,shade,3030.0,50.5,287.6285475621161,270.0,0.1,1000.0,0.0,0.0,-110.70335681597267,21.25,-89.45335681597267,0.0,-89.45335681597267,0.0,0.0,-454.08825179335764,64.3875,-389.70075179335777,0.0,-389.70075179335777
radiation,shade,3035.0,50.583333,287.61436412708196,270.0,0.1,1000.0,0.0,0.0,-110.60564071511658,21.25,-89.35564071511658,0.0,-89.35564071511658,0.0,0.0,-454.64127999693324,64.49375,-390.1475299969334,0.0,-390.1475299969334
radiation,shade,3040.0,50.666667,287.6001961833037,270.0,0.1,1000.0,0.0,0.0,-110.50804580298752,21.25,-89.25804580298752,0.0,-89.25804580298752,0.0,0.0,-455.1938202259482,64.6,-390.5938202259483,0.0,-390.5938202259483
radiation,shade,3045.0,50.75,287.5860437115738,270.0,0.1,1000.0,0.0,0.0,-110.41057189846124,21.25,-89.16057189846124,0.0,-89.16057189846124,0.0,0.0,-455.7458730854405,64.70625,-391.0396230854406,0.0,-391.0396230854406
radiation,shade,3050.0,50.833333,287.57190669271336,270.0,0.1,1000.0,0.0,0.0,-110.31321882075007,21.25,-89.06321882075007,0.0,-89.06321882075007,0.0,0.0,-456.2974391795442,64.8125,-391.4849391795443,0.0,-391.4849391795443
radiation,shade,3055.0,50.916667,287.55778510757216,270.0,0.1,1000.0,0.0,0.0,-110.21598638940276,21.25,-88.96598638940276,0.0,-88.96598638940276,0.0,0.0,-456.8485191114912,64.91875,-391.92976911149134,0.0,-391.92976911149134
radiation,shade,3060.0,51.0,287.54367893702863,270.0,0.1,1000.0,0.0,0.0,-110.11887442430334,21.25,-88.86887442430334,0.0,-88.86887442430334,0.0,0.0,-457.3991134836127,65.025,-392.37411348361286,0.0,-392.37411348361286
radiation,shade,3065.0,51.083333,287.52958816198964,270.0,0.1,1000.0,0.0,0.0,-110.02188274567128,21.25,-88.77188274567128,0.0,-88.77188274567128,0.0,0.0,-457.9492228973411,65.13125,-392.8179728973412,0.0,-392.8179728973412
radiation,shade,3070.0,51.166667,287.5155127633906,270.0,0.1,1000.0,0.0,0.0,-109.92501117405942,21.25,-88.67501117405942,0.0,-88.67501117405942,0.0,0.0,-458.49884795321134,65.2375,-393.26134795321144,0.0,-393.26134795321144
radiation,shade,3075.0,51.25,287.50145272219527,270.0,0.1,1000.0,0.0,0.0,-109.82825953035416,21.25,-88.57825953035416,0.0,-88.57825953035416,0.0,0.0,-459.0479892508631,65.34375,-393.7042392508632,0.0,-393.7042392508632
radiation,shade,3080.0,51.333333,287.48740801939596,270.0,0.1,1000.0,0.0,0.0,-109.73162763577422,21.25,-88.48162763577422,0.0,-88.48162763577422,0.0,0.0,-459.59664738904195,65.45,-394.1466473890421,0.0,-394.1466473890421
radiation,shade,3085.0,51.416667,287.47337863601314,270.0,0.1,1000.0,0.0,0.0,-109.63511531187048,21.25,-88.38511531187048,0.0,-88.38511531187048,0.0,0.0,-460.1448229656013,65.55625,-394.58857296560143,0.0,-394.58857296560143
radiation,shade,3090.0,51.5,287.4593645530956,270.0,0.1,1000.0,0.0,0.0,-109.53872238052416,21.25,-88.28872238052416,0.0,-88.28872238052416,0.0,0.0,-460.69251657750385,65.6625,-395.030016577504,0.0,-395.030016577504
radiation,shade,3095.0,51.583333,287.4453657517204,270.0,0.1,1000.0,0.0,0.0,-109.442448663947,21.25,-88.192448663947,0.0,-88.192448663947,0.0,0.0,-461.2397288208236,65.76875,-395.4709788208237,0.0,-395.4709788208237
radiation,shade,3100.0,51.666667,287.4313822129927,270.0,0.1,1000.0,0.0,0.0,-109.3462939846801,21.25,-88.0962939846801,0.0,-88.0962939846801,0.0,0.0,-461.786460290747,65.875,-395.91146029074713,0.0,-395.91146029074713
radiation,shade,3105.0,51.75,287.4174139180458,270.0,0.1,1000.0,0.0,0.0,-109.25025816559368,21.25,-88.00025816559368,0.0,-88.00025816559368,0.0,0.0,-462.332711581575,65.98125,-396.3514615815751,0.0,-396.3514615815751
radiation,shade,3110.0,51.833333,287.40346084804105,270.0,0.1,1000.0,0.0,0.0,-109.1543410298853,21.25,-87.9043410298853,0.0,-87.9043410298853,0.0,0.0,-462.8784832867244,66.0875,-396.79098328672455,0.0,-396.79098328672455
radiation,shade,3115.0,51.916667,287.38952298416785,270.0,0.1,1000.0,0.0,0.0,-109.05854240108,21.25,-87.80854240108,0.0,-87.80854240108,0.0,0.0,-463.4237759987298,66.19375,-397.2300259987299,0.0,-397.2300259987299
radiation,shade,3120.0,52.0,287.37560030764354,270.0,0.1,1000.0,0.0,0.0,-108.96286210302915,21.25,-87.71286210302915,0.0,-87.71286210302915,0.0,0.0,-463.9685903092449,66.3,-397.668590309245,0.0,-397.668590309245
radiation,shade,3125.0,52.083333,287.3616927997134,270.0,0.1,1000.0,0.0,0.0,-108.86729995991006,21.25,-87.61729995991006,0.0,-87.61729995991006,0.0,0.0,-464.5129268090445,66.40625,-398.1066768090446,0.0,-398.1066768090446
radiation,shade,3130.0,52.166667,287.3478004416505,270.0,0.1,1000.0,0.0,0.0,-108.77185579622528,21.25,-87.52185579622528,0.0,-87.52185579622528,0.0,0.0,-465.0567860880256,66.5125,-398.54428608802573,0.0,-398.54428608802573
radiation,shade,3135.0,52.25,287.33392321475577,270.0,0.1,1000.0,0.0,0.0,-108.67652943680089,21.25,-87.42652943680089,0.0,-87.42652943680089,0.0,0.0,-465.6001687352096,66.61875,-398.98141873520973,0.0,-398.98141873520973
radiation,shade,3140.0,52.333333,287.32006110035786,270.0,0.1,1000.0,0.0,0.0,-108.58132070678678,21.25,-87.33132070678678,0.0,-87.33132070678678,0.0,0.0,-466.1430753387436,66.725,-399.4180753387437,0.0,-399.4180753387437
radiation,shade,3145.0,52.416667,287.3062140798132,270.0,0.1,1000.0,0.0,0.0,-108.48622943165576,21.25,-87.23622943165576,0.0,-87.23622943165576,0.0,0.0,-466.68550648590184,66.83125,-399.85425648590194,0.0,-399.85425648590194
radiation,shade,3150.0,52.5,287.29238213450566,270.0,0.1,1000.0,0.0,0.0,-108.39125543720274,21.25,-87.14125543720274,0.0,-87.14125543720274,0.0,0.0,-467.22746276308783,66.9375,-400.28996276308794,0.0,-400.28996276308794
radiation,shade,3155.0,52.583333,287.278565245847,270.0,0.1,1000.0,0.0,0.0,-108.29639854954317,21.25,-87.04639854954317,0.0,-87.04639854954317,0.0,0.0,-467.7689447558355,67.04375,-400.7251947558356,0.0,-400.7251947558356
radiation,shade,3160.0,52.666667,287.26476339527636,270.0,0.1,1000.0,0.0,0.0,-108.20165859511417,21.25,-86.95165859511417,0.0,-86.95165859511417,0.0,0.0,-468.30995304881105,67.15,-401.1599530488112,0.0,-401.1599530488112
radiation,shade,3165.0,52.75,287.2509765642604,270.0,0.1,1000.0,0.0,0.0,-108.10703540067196,21.25,-86.85703540067196,0.0,-86.85703540067196,0.0,0.0,-468.85048822581444,67.25625,-401.59423822581454,0.0,-401.59423822581454
radiation,shade,3170.0,52.833333,287.2372047342932,270.0,0.1,1000.0,0.0,0.0,-108.01252879329202,21.25,-86.76252879329202,0.0,-86.76252879329202,0.0,0.0,-469.3905508697809,67.3625,-402.028050869781,0.0,-402.028050869781
radiation,shade,3175.0,52.916667,287.2234478868963,270.0,0.1,1000.0,0.0,0.0,-107.9181386003682,21.25,-86.6681386003682,0.0,-86.6681386003682,0.0,0.0,-469.93014156278275,67.46875,-402.46139156278286,0.0,-402.46139156278286
radiation,shade,3180.0,53.0,287.2097060036186,270.0,0.1,1000.0,0.0,0.0,-107.82386464961198,21.25,-86.57386464961198,0.0,-86.57386464961198,0.0,0.0,-470.4692608860308,67.575,-402.8942608860309,0.0,-402.8942608860309
radiation,shade,3185.0,53.083333,287.1959790660362,270.0,0.1,1000.0,0.0,0.0,-107.72970676905224,21.25,-86.47970676905224,0.0,-86.47970676905224,0.0,0.0,-471.00790941987606,67.68125,-403.3266594198762,0.0,-403.3266594198762
radiation,shade,3190.0,53.166667,287.18226705575256,270.0,0.1,1000.0,0.0,0.0,-107.63566478703365,21.25,-86.38566478703365,0.0,-86.38566478703365,0.0,0.0,-471.54608774381126,67.7875,-403.75858774381135,0.0,-403.75858774381135
radiation,shade,3195.0,53.25,287.16856995439827,270.0,0.1,1000.0,0.0,0.0,-107.54173853221607,21.25,-86.29173853221607,0.0,-86.29173853221607,0.0,0.0,-472.0837964364723,67.89375,-404.19004643647247,0.0,-404.19004643647247
radiation,shade,3200.0,53.333333,287.15488774363104,270.0,0.1,1000.0,0.0,0.0,-107.44792783357498,21.25,-86.19792783357498,0.0,-86.19792783357498,0.0,0.0,-472.6210360756402,68.0,-404.6210360756403,0.0,-404.6210360756403
radiation,shade,3205.0,53.416667,287.14122040513575,270.0,0.1,1000.0,0.0,0.0,-107.35423252039918,21.25,-86.10423252039918,0.0,-86.10423252039918,0.0,0.0,-473.1578072382422,68.10625,-405.0515572382423,0.0,-405.0515572382423
radiation,shade,3210.0,53.5,287.1275679206243,270.0,0.1,1000.0,0.0,0.0,-107.26065242229143,21.25,-86.01065242229143,0.0,-86.01065242229143,0.0,0.0,-473.69411050035364,68.2125,-405.4816105003537,0.0,-405.4816105003537
radiation,shade,3215.0,53.583333,287.11393027183556,270.0,0.1,1000.0,0.0,0.0,-107.16718736916674,21.25,-85.91718736916674,0.0,-85.91718736916674,0.0,0.0,-474.2299464371995,68.31875,-405.9111964371996,0.0,-405.9111964371996
radiation,shade,3220.0,53.666667,287.10030744053535,270.0,0.1,1000.0,0.0,0.0,-107.07383719125218,21.25,-85.82383719125218,0.0,-85.82383719125218,0.0,0.0,-474.76531562315574,68.425,-406.34031562315585,0.0,-406.34031562315585
radiation,shade,3225.0,53.75,287.08669940851644,270.0,0.1,1000.0,0.0,0.0,-106.98060171908605,21.25,-85.73060171908605,0.0,-85.73060171908605,0.0,0.0,-475.3002186317512,68.53125,-406.7689686317513,0.0,-406.7689686317513
radiation,shade,3230.0,53.833333,287.07310615759843,270.0,0.1,1000.0,0.0,0.0,-106.88748078351747,21.25,-85.63748078351747,0.0,-85.63748078351747,0.0,0.0,-475.8346560356688,68.6375,-407.1971560356689,0.0,-407.1971560356689
radiation,shade,3235.0,53.916667,287.0595276696277,270.0,0.1,1000.0,0.0,0.0,-106.7944742157053,21.25,-85.5444742157053,0.0,-85.5444742157053,0.0,0.0,-476.3686284067473,68.74375,-407.6248784067474,0.0,-407.6248784067474
radiation,shade,3240.0,54.0,287.0459639264774,270.0,0.1,1000.0,0.0,0.0,-106.70158184711737,21.25,-85.45158184711737,0.0,-85.45158184711737,0.0,0.0,-476.9021363159829,68.85,-408.05213631598303,0.0,-408.05213631598303
radiation,shade,3245.0,54.083333,287.0324149100473,270.0,0.1,1000.0,0.0,0.0,-106.60880350953009,21.25,-85.35880350953009,0.0,-85.35880350953009,0.0,0.0,-477.4351803335305,68.95625,-408.4789303335306,0.0,-408.4789303335306
radiation,shade,3250.0,54.166667,287.01888060226395,270.0,0.1,1000.0,0.0,0.0,-106.51613903502738,21.25,-85.26613903502738,0.0,-85.26613903502738,0.0,0.0,-477.9677610287057,69.0625,-408.9052610287058,0.0,-408.9052610287058
radiation,shade,3255.0,54.25,287.0053609850805,270.0,0.1,1000.0,0.0,0.0,-106.42358825600058,21.25,-85.17358825600058,0.0,-85.17358825600058,0.0,0.0,-478.4998789699857,69.16875,-409.3311289699858,0.0,-409.3311289699858
radiation,shade,3260.0,54.333333,286.9918560404765,270.0,0.1,1000.0,0.0,0.0,-106.33115100514739,21.25,-85.08115100514739,0.0,-85.08115100514739,0.0,0.0,-479.03153472501145,69.275,-409.75653472501153,0.0,-409.75653472501153
radiation,shade,3265.0,54.416667,286.9783657504581,270.0,0.1,1000.0,0.0,0.0,-106.23882711547093,21.25,-84.98882711547093,0.0,-84.98882711547093,0.0,0.0,-479.5627288605888,69.38125,-410.1814788605889,0.0,-410.1814788605889
radiation,shade,3270.0,54.5,286.96489009705806,270.0,0.1,1000.0,0.0,0.0,-106.14661642027933,21.25,-84.89661642027933,0.0,-84.89661642027933,0.0,0.0,-480.09346194269017,69.4875,-410.6059619426903,0.0,-410.6059619426903
radiation,shade,3275.0,54.583333,286.9514290623353,270.0,0.1,1000.0,0.0,0.0,-106.05451875318539,21.25,-84.80451875318539,0.0,-84.80451875318539,0.0,0.0,-480.62373453645614,69.59375,-411.02998453645625,0.0,-411.02998453645625
radiation,shade,3280.0,54.666667,286.93798262837527,270.0,0.1,1000.0,0.0,0.0,-105.96253394810516,21.25,-84.71253394810516,0.0,-84.71253394810516,0.0,0.0,-481.15354720619666,69.7,-411.45354720619673,0.0,-411.45354720619673
radiation,shade,3285.0,54.75,286.92455077728965,270.0,0.1,1000.0,0.0,0.0,-105.87066183925789,21.25,-84.62066183925789,0.0,-84.62066183925789,0.0,0.0,-481.68290051539293,69.80625,-411.87665051539307,0.0,-411.87665051539307
radiation,shade,3290.0,54.833333,286.91113349121645,270.0,0.1,1000.0,0.0,0.0,-105.77890226116499,21.25,-84.52890226116499,0.0,-84.52890226116499,0.0,0.0,-482.2117950266988,69.9125,-412.2992950266989,0.0,-412.2992950266989
radiation,shade,3295.0,54.916667,286.89773075231983,270.0,0.1,1000.0,0.0,0.0,-105.68725504864948,21.25,-84.43725504864948,0.0,-84.43725504864948,0.0,0.0,-482.740231301942,70.01875,-412.72148130194216,0.0,-412.72148130194216
radiation,shade,3300.0,55.0,286.8843425427902,270.0,0.1,1000.0,0.0,0.0,-105.59572003683512,21.25,-84.34572003683512,0.0,-84.34572003683512,0.0,0.0,-483.2682099021262,70.125,-413.14320990212633,0.0,-413.14320990212633
radiation,shade,3305.0,55.083333,286.87096884484396,270.0,0.1,1000.0,0.0,0.0,-105.50429706114629,21.25,-84.25429706114629,0.0,-84.25429706114629,0.0,0.0,-483.79573138743194,70.23125,-413.56448138743207,0.0,-413.56448138743207
radiation,shade,3310.0,55.166667,286.85760964072375,270.0,0.1,1000.0,0.0,0.0,-105.41298595730618,21.25,-84.16298595730618,0.0,-84.16298595730618,0.0,0.0,-484.3227963172185,70.3375,-413.9852963172186,0.0,-413.9852963172186
radiation,shade,3315.0,55.25,286.8442649126981,270.0,0.1,1000.0,0.0,0.0,-105.32178656133783,21.25,-84.07178656133783,0.0,-84.07178656133783,0.0,0.0,-484.8494052500252,70.44375,-414.40565525002535,0.0,-414.40565525002535
radiation,shade,3320.0,55.333333,286.8309346430617,270.0,0.1,1000.0,0.0,0.0,-105.2306987095617,21.25,-83.9806987095617,0.0,-83.9806987095617,0.0,0.0,-485.37555874357304,70.55,-414.82555874357314,0.0,-414.82555874357314
radiation,shade,3325.0,55.416667,286.81761881413496,270.0,0.1,1000.0,0.0,0.0,-105.13972223859652,21.25,-83.88972223859652,0.0,-83.88972223859652,0.0,0.0,-485.901257354766,70.65625,-415.24500735476613,0.0,-415.24500735476613
radiation,shade,3330.0,55.5,286.8043174082643,270.0,0.1,1000.0,0.0,0.0,-105.0488569853572,21.25,-83.7988569853572,0.0,-83.7988569853572,0.0,0.0,-486.4265016396928,70.7625,-415.6640016396929,0.0,-415.6640016396929
radiation,shade,3335.0,55.583333,286.7910304078219,270.0,0.1,1000.0,0.0,0.0,-104.95810278705538,21.25,-83.70810278705538,0.0,-83.70810278705538,0.0,0.0,-486.95129215362806,70.86875,-416.0825421536282,0.0,-416.0825421536282
radiation,shade,3340.0,55.666667,286.77775779520584,270.0,0.1,1000.0,0.0,0.0,-104.86745948119767,21.25,-83.61745948119767,0.0,-83.61745948119767,0.0,0.0,-487.4756294510341,70.975,-416.5006294510342,0.0,-416.5006294510342
radiation,shade,3345.0,55.75,286.7644995528399,270.0,0.1,1000.0,0.0,0.0,-104.7769269055864,21.25,-83.5269269055864,0.0,-83.5269269055864,0.0,0.0,-487.99951408556205,71.08125,-416.91826408556216,0.0,-416.91826408556216
radiation,shade,3350.0,55.833333,286.7512556631735,270.0,0.1,1000.0,0.0,0.0,-104.68650489831745,21.25,-83.43650489831745,0.0,-83.43650489831745,0.0,0.0,-488.52294661005357,71.1875,-417.33544661005374,0.0,-417.33544661005374
radiation,shade,3355.0,55.916667,286.73802610868177,270.0,0.1,1000.0,0.0,0.0,-104.59619329778069,21.25,-83.34619329778069,0.0,-83.34619329778069,0.0,0.0,-489.0459275765425,71.29375,-417.7521775765426,0.0,-417.7521775765426
radiation,shade,3360.0,56.0,286.7248108718655,270.0,0.1,1000.0,0.0,0.0,-104.50599194265861,21.25,-83.25599194265861,0.0,-83.25599194265861,0.0,0.0,-489.5684575362558,71.4,-418.16845753625586,0.0,-418.16845753625586
radiation,shade,3365.0,56.083333,286.7116099352509,270.0,0.1,1000.0,0.0,0.0,-104.41590067192635,21.25,-83.16590067192635,0.0,-83.16590067192635,0.0,0.0,-490.0905370396154,71.50625,-418.5842870396155,0.0,-418.5842870396155
radiation,shade,3370.0,56.166667,286.6984232813898,270.0,0.1,1000.0,0.0,0.0,-104.32591932485035,21.25,-83.07591932485035,0.0,-83.07591932485035,0.0,0.0,-490.61216663623964,71.6125,-418.99966663623974,0.0,-418.99966663623974
radiation,shade,3375.0,56.25,286.6852508928595,270.0,0.1,1000.0,0.0,0.0,-104.23604774098779,21.25,-82.98604774098779,0.0,-82.98604774098779,0.0,0.0,-491.13334687494455,71.71875,-419.41459687494466,0.0,-419.41459687494466
radiation,shade,3380.0,56.333333,286.67209275226264,270.0,0.1,1000.0,0.0,0.0,-104.14628576018681,21.25,-82.89628576018681,0.0,-82.89628576018681,0.0,0.0,-491.6540783037455,71.825,-419.8290783037456,0.0,-419.8290783037456
radiation,shade,3385.0,56.416667,286.6589488422273,270.0,0.1,1000.0,0.0,0.0,-104.05663322258525,21.25,-82.80663322258525,0.0,-82.80663322258525,0.0,0.0,-492.1743614698584,71.93125,-420.2431114698585,0.0,-420.2431114698585
radiation,shade,3390.0,56.5,286.64581914540685,270.0,0.1,1000.0,0.0,0.0,-103.96708996860887,21.25,-82.71708996860887,0.0,-82.71708996860887,0.0,0.0,-492.6941969197014,72.0375,-420.6566969197015,0.0,-420.6566969197015
radiation,shade,3395.0,56.583333,286.63270364448005,270.0,0.1,1000.0,0.0,0.0,-103.87765583897301,21.25,-82.62765583897301,0.0,-82.62765583897301,0.0,0.0,-493.2135851988963,72.14375,-421.0698351988964,0.0,-421.0698351988964
radiation,shade,3400.0,56.666667,286.61960232215074,270.0,0.1,1000.0,0.0,0.0,-103.7883306746807,21.25,-82.5383306746807,0.0,-82.5383306746807,0.0,0.0,-493.7325268522697,72.25,-421.4825268522698,0.0,-421.4825268522698
radiation,shade,3405.0,56.75,286.606515161148,270.0,0.1,1000.0,0.0,0.0,-103.69911431702123,21.25,-82.44911431702123,0.0,-82.44911431702123,0.0,0.0,-494.2510224238548,72.35625,-421.89477242385493,0.0,-421.89477242385493
radiation,shade,3410.0,56.833333,286.5934421442262,270.0,0.1,1000.0,0.0,0.0,-103.61000660757071,21.25,-82.36000660757071,0.0,-82.36000660757071,0.0,0.0,-494.7690724568926,72.4625,-422.30657245689275,0.0,-422.30657245689275
radiation,shade,3415.0,56.916667,286.58038325416453,270.0,0.1,1000.0,0.0,0.0,-103.5210073881915,21.25,-82.2710073881915,0.0,-82.2710073881915,0.0,0.0,-495.28667749383357,72.56875,-422.7179274938337,0.0,-422.7179274938337
radiation,shade,3420.0,57.0,286.56733847376756,270.0,0.1,1000.0,0.0,0.0,-103.43211650103069,21.25,-82.18211650103069,0.0,-82.18211650103069,0.0,0.0,-495.80383807633876,72.675,-423.12883807633887,0.0,-423.12883807633887
radiation,shade,3425.0,57.083333,286.55430778586464,270.0,0.1,1000.0,0.0,0.0,-103.3433337885206,21.25,-82.0933337885206,0.0,-82.0933337885206,0.0,0.0,-496.32055474528136,72.78125,-423.53930474528147,0.0,-423.53930474528147
radiation,shade,3430.0,57.166667,286.5412911733101,270.0,0.1,1000.0,0.0,0.0,-103.25465909337642,21.25,-82.00465909337642,0.0,-82.00465909337642,0.0,0.0,-496.83682804074823,72.8875,-423.94932804074836,0.0,-423.94932804074836
radiation,shade,3435.0,57.25,286.52828861898337,270.0,0.1,1000.0,0.0,0.0,-103.16609225859726,21.25,-81.91609225859726,0.0,-81.91609225859726,0.0,0.0,-497.35265850204127,72.99375,-424.35890850204134,0.0,-424.35890850204134
radiation,shade,3440.0,57.333333,286.5153001057885,270.0,0.1,1000.0,0.0,0.0,-103.077633127465,21.25,-81.827633127465,0.0,-81.827633127465,0.0,0.0,-497.8680466676786,73.1,-424.7680466676787,0.0,-424.7680466676787
radiation,shade,3445.0,57.416667,286.5023256166546,270.0,0.1,1000.0,0.0,0.0,-102.98928154354336,21.25,-81.73928154354336,0.0,-81.73928154354336,0.0,0.0,-498.38299307539626,73.20625,-425.1767430753964,0.0,-425.1767430753964
radiation,shade,3450.0,57.5,286.48936513453543,270.0,0.1,1000.0,0.0,0.0,-102.90103735067746,21.25,-81.65103735067746,0.0,-81.65103735067746,0.0,0.0,-498.89749826214967,73.3125,-425.5849982621498,0.0,-425.5849982621498
radiation,shade,3455.0,57.583333,286.47641864240956,270.0,0.1,1000.0,0.0,0.0,-102.81290039299319,21.25,-81.56290039299319,0.0,-81.56290039299319,0.0,0.0,-499.41156276411465,73.41875,-425.9928127641148,0.0,-425.9928127641148
radiation,shade,3460.0,57.666667,286.46348612328023,270.0,0.1,1000.0,0.0,0.0,-102.72487051489715,21.25,-81.47487051489715,0.0,-81.47487051489715,0.0,0.0,-499.92518711668913,73.525,-426.4001871166892,0.0,-426.4001871166892
radiation,shade,3465.0,57.75,286.4505675601753,270.0,0.1,1000.0,0.0,0.0,-102.636947561075,21.25,-81.386947561075,0.0,-81.386947561075,0.0,0.0,-500.4383718544945,73.63125,-426.8071218544946,0.0,-426.8071218544946
radiation,shade,3470.0,57.833333,286.43766293614726,270.0,0.1,1000.0,0.0,0.0,-102.5491313764908,21.25,-81.2991313764908,0.0,-81.2991313764908,0.0,0.0,-500.951117511377,73.7375,-427.2136175113771,0.0,-427.2136175113771
radiation,shade,3475.0,57.916667,286.42477223427323,270.0,0.1,1000.0,0.0,0.0,-102.46142180638822,21.25,-81.21142180638822,0.0,-81.21142180638822,0.0,0.0,-501.4634246204089,73.84375,-427.61967462040906,0.0,-427.61967462040906
radiation,shade,3480.0,58.0,286.4118954376548,270.0,0.1,1000.0,0.0,0.0,-102.37381869628761,21.25,-81.12381869628761,0.0,-81.12381869628761,0.0,0.0,-501.9752937138904,73.95,-428.0252937138905,0.0,-428.0252937138905
radiation,shade,3485.0,58.083333,286.399032529418,270.0,0.1,1000.0,0.0,0.0,-102.2863218919869,21.25,-81.0363218919869,0.0,-81.0363218919869,0.0,0.0,-502.4867253233503,74.05625,-428.4304753233504,0.0,-428.4304753233504
radiation,shade,3490.0,58.166667,286.3861834927133,270.0,0.1,1000.0,0.0,0.0,-102.19893123956041,21.25,-80.94893123956041,0.0,-80.94893123956041,0.0,0.0,-502.9977199795481,74.1625,-428.8352199795482,0.0,-428.8352199795482
radiation,shade,3495.0,58.25,286.37334831071564,270.0,0.1,1000.0,0.0,0.0,-102.11164658535819,21.25,-80.86164658535819,0.0,-80.86164658535819,0.0,0.0,-503.5082782124748,74.26875,-429.23952821247497,0.0,-429.23952821247497
radiation,shade,3500.0,58.333333,286.3605269666242,270.0,0.1,1000.0,0.0,0.0,-102.02446777600548,21.25,-80.77446777600548,0.0,-80.77446777600548,0.0,0.0,-504.0184005513549,74.375,-429.643400551355,0.0,-429.643400551355
radiation,shade,3505.0,58.416667,286.3477194436626,270.0,0.1,1000.0,0.0,0.0,-101.9373946584024,21.25,-80.6873946584024,0.0,-80.6873946584024,0.0,0.0,-504.5280875246469,74.48125,-430.046837524647,0.0,-430.046837524647
radiation,shade,3510.0,58.5,286.3349257250785,270.0,0.1,1000.0,0.0,0.0,-101.85042707972335,21.25,-80.60042707972335,0.0,-80.60042707972335,0.0,0.0,-505.0373396600455,74.5875,-430.44983966004565,0.0,-430.44983966004565
radiation,shade,3515.0,58.583333,286.322145794144,270.0,0.1,1000.0,0.0,0.0,-101.76356488741548,21.25,-80.51356488741548,0.0,-80.51356488741548,0.0,0.0,-505.5461574844826,74.69375,-430.8524074844827,0.0,-430.8524074844827
radiation,shade,3520.0,58.666667,286.3093796341552,270.0,0.1,1000.0,0.0,0.0,-101.67680792919928,21.25,-80.42680792919928,0.0,-80.42680792919928,0.0,0.0,-506.0545415241286,74.8,-431.2545415241287,0.0,-431.2545415241287
radiation,shade,3525.0,58.75,286.2966272284325,270.0,0.1,1000.0,0.0,0.0,-101.59015605306767,21.25,-80.34015605306767,0.0,-80.34015605306767,0.0,0.0,-506.5624923043939,74.90625,-431.656242304394,0.0,-431.656242304394
radiation,shade,3530.0,58.833333,286.28388856032024,270.0,0.1,1000.0,0.0,0.0,-101.50360910728475,21.25,-80.25360910728475,0.0,-80.25360910728475,0.0,0.0,-507.0700103499303,75.0125,-432.05751034993045,0.0,-432.05751034993045
radiation,shade,3535.0,58.916667,286.27116361318684,270.0,0.1,1000.0,0.0,0.0,-101.41716694038588,21.25,-80.16716694038588,0.0,-80.16716694038588,0.0,0.0,-507.5770961846323,75.11875,-432.4583461846324,0.0,-432.4583461846324
radiation,shade,3540.0,59.0,286.2584523704248,270.0,0.1,1000.0,0.0,0.0,-101.330829401177,21.25,-80.080829401177,0.0,-80.080829401177,0.0,0.0,-508.08375033163816,75.225,-432.85875033163825,0.0,-432.85875033163825
radiation,shade,3545.0,59.083333,286.24575481545037,270.0,0.1,1000.0,0.0,0.0,-101.24459633873373,21.25,-79.99459633873373,0.0,-79.99459633873373,0.0,0.0,-508.5899733133318,75.33125,-433.2587233133319,0.0,-433.2587233133319
radiation,shade,3550.0,59.166667,286.23307093170394,270.0,0.1,1000.0,0.0,0.0,-101.15846760240075,21.25,-79.90846760240075,0.0,-79.90846760240075,0.0,0.0,-509.09576565134387,75.4375,-433.658265651344,0.0,-433.658265651344
radiation,shade,3555.0,59.25,286.22040070264967,270.0,0.1,1000.0,0.0,0.0,-101.07244304179166,21.25,-79.82244304179166,0.0,-79.82244304179166,0.0,0.0,-509.6011278665528,75.54375,-434.0573778665529,0.0,-434.0573778665529
radiation,shade,3560.0,59.333333,286.2077441117756,270.0,0.1,1000.0,0.0,0.0,-100.9865225067884,21.25,-79.7365225067884,0.0,-79.7365225067884,0.0,0.0,-510.1060604790867,75.65,-434.45606047908683,0.0,-434.45606047908683
radiation,shade,3565.0,59.416667,286.19510114259344,270.0,0.1,1000.0,0.0,0.0,-100.9007058475402,21.25,-79.6507058475402,0.0,-79.6507058475402,0.0,0.0,-510.6105640083244,75.75625,-434.85431400832454,0.0,-434.85431400832454
radiation,shade,3570.0,59.5,286.1824717786388,270.0,0.1,1000.0,0.0,0.0,-100.81499291446298,21.25,-79.56499291446298,0.0,-79.56499291446298,0.0,0.0,-511.1146389728967,75.8625,-435.25213897289683,0.0,-435.25213897289683
radiation,shade,3575.0,59.583333,286.1698560034708,270.0,0.1,1000.0,0.0,0.0,-100.72938355823928,21.25,-79.47938355823928,0.0,-79.47938355823928,0.0,0.0,-511.61828589068796,75.96875,-435.64953589068807,0.0,-435.64953589068807
radiation,shade,3580.0,59.666667,286.1572538006724,270.0,0.1,1000.0,0.0,0.0,-100.64387762981683,21.25,-79.39387762981683,0.0,-79.39387762981683,0.0,0.0,-512.121505278837,76.075,-436.0465052788372,0.0,-436.0465052788372
radiation,shade,3585.0,59.75,286.1446651538501,270.0,0.1,1000.0,0.0,0.0,-100.55847498040933,21.25,-79.30847498040933,0.0,-79.30847498040933,0.0,0.0,-512.6242976537391,76.18125,-436.4430476537392,0.0,-436.4430476537392
radiation,shade,3590.0,59.833333,286.132090046634,270.0,0.1,1000.0,0.0,0.0,-100.47317546149475,21.25,-79.22317546149475,0.0,-79.22317546149475,0.0,0.0,-513.1266635310466,76.2875,-436.8391635310467,0.0,-436.8391635310467
radiation,shade,3595.0,59.916667,286.1195284626777,270.0,0.1,1000.0,0.0,0.0,-100.38797892481497,21.25,-79.13797892481497,0.0,-79.13797892481497,0.0,0.0,-513.6286034256707,76.39375,-437.2348534256708,0.0,-437.2348534256708
radiation,shade,3600.0,60.0,286.1069803856583,270.0,0.1,1000.0,0.0,0.0,-100.30288522237508,21.25,-79.05288522237508,0.0,-79.05288522237508,0.0,0.0,-514.1301178517825,76.5,-437.63011785178264,0.0,-437.63011785178264
radiation,shade,3605.0,60.083333,286.0944457992763,270.0,0.1,1000.0,0.0,0.0,-100.21789420644352,21.25,-78.96789420644352,0.0,-78.96789420644352,0.0,0.0,-514.6312073228147,76.60625,-438.0249573228148,0.0,-438.0249573228148
radiation,shade,3610.0,60.166667,286.0819246872557,270.0,0.1,1000.0,0.0,0.0,-100.1330057295502,21.25,-78.8830057295502,0.0,-78.8830057295502,0.0,0.0,-515.1318723514624,76.7125,-438.4193723514626,0.0,-438.4193723514626
radiation,shade,3615.0,60.25,286.0694170333439,270.0,0.1,1000.0,0.0,0.0,-100.04821964448773,21.25,-78.79821964448773,0.0,-78.79821964448773,0.0,0.0,-515.6321134496849,76.81875,-438.813363449685,0.0,-438.813363449685
radiation,shade,3620.0,60.333333,286.05692282131145,270.0,0.1,1000.0,0.0,0.0,-99.96353580430944,21.25,-78.71353580430944,0.0,-78.71353580430944,0.0,0.0,-516.1319311287065,76.925,-439.20693112870663,0.0,-439.20693112870663
radiation,shade,3625.0,60.416667,286.04444203495234,270.0,0.1,1000.0,0.0,0.0,-99.87895406232893,21.25,-78.62895406232893,0.0,-78.62895406232893,0.0,0.0,-516.6313258990182,77.03125,-439.6000758990183,0.0,-439.6000758990183
radiation,shade,3630.0,60.5,286.03197465808375,270.0,0.1,1000.0,0.0,0.0,-99.7944742721201,21.25,-78.5444742721201,0.0,-78.5444742721201,0.0,0.0,-517.1302982703787,77.1375,-439.99279827037884,0.0,-439.99279827037884
radiation,shade,3635.0,60.583333,286.0195206745461,270.0,0.1,1000.0,0.0,0.0,-99.71009628751631,21.25,-78.46009628751631,0.0,-78.46009628751631,0.0,0.0,-517.6288487518163,77.24375,-440.38509875181643,0.0,-440.38509875181643
radiation,shade,3640.0,60.666667,286.0070800682028,270.0,0.1,1000.0,0.0,0.0,-99.62581996260963,21.25,-78.37581996260963,0.0,-78.37581996260963,0.0,0.0,-518.1269778516294,77.35,-440.7769778516295,0.0,-440.7769778516295
radiation,shade,3645.0,60.75,285.9946528229406,270.0,0.1,1000.0,0.0,0.0,-99.54164515175033,21.25,-78.29164515175033,0.0,-78.29164515175033,0.0,0.0,-518.6246860773881,77.45625,-441.16843607738826,0.0,-441.16843607738826
radiation,shade,3650.0,60.833333,285.98223892266924,270.0,0.1,1000.0,0.0,0.0,-99.45757170954649,21.25,-78.20757170954649,0.0,-78.20757170954649,0.0,0.0,-519.1219739359359,77.5625,-441.559473935936,0.0,-441.559473935936
radiation,shade,3655.0,60.916667,285.96983835132147,270.0,0.1,1000.0,0.0,0.0,-99.37359949086333,21.25,-78.12359949086333,0.0,-78.12359949086333,0.0,0.0,-519.6188419333902,77.66875,-441.9500919333903,0.0,-441.9500919333903
radiation,shade,3660.0,61.0,285.9574510928531,270.0,0.1,1000.0,0.0,0.0,-99.28972835082308,21.25,-78.03972835082308,0.0,-78.03972835082308,0.0,0.0,-520.1152905751443,77.775,-442.3402905751444,0.0,-442.3402905751444
radiation,shade,3665.0,61.083333,285.9450771312428,270.0,0.1,1000.0,0.0,0.0,-99.20595814480367,21.25,-77.95595814480367,0.0,-77.95595814480367,0.0,0.0,-520.6113203658683,77.88125,-442.73007036586847,0.0,-442.73007036586847
radiation,shade,3670.0,61.166667,285.93271645049225,270.0,0.1,1000.0,0.0,0.0,-99.1222887284383,21.25,-77.8722887284383,0.0,-77.8722887284383,0.0,0.0,-521.1069318095105,77.9875,-443.1194318095106,0.0,-443.1194318095106
radiation,shade,3675.0,61.25,285.92036903462594,270.0,0.1,1000.0,0.0,0.0,-99.03871995761583,21.25,-77.78871995761583,0.0,-77.78871995761583,0.0,0.0,-521.6021254092985,78.09375,-443.5083754092987,0.0,-443.5083754092987
radiation,shade,3680.0,61.333333,285.90803486769124,270.0,0.1,1000.0,0.0,0.0,-98.95525168847847,21.25,-77.70525168847847,0.0,-77.70525168847847,0.0,0.0,-522.096901667741,78.2,-443.8969016677411,0.0,-443.8969016677411
radiation,shade,3685.0,61.416667,285.8957139337583,270.0,0.1,1000.0,0.0,0.0,-98.87188377742321,21.25,-77.62188377742321,0.0,-77.62188377742321,0.0,0.0,-522.591261086628,78.30625,-444.2850110866282,0.0,-444.2850110866282
radiation,shade,3690.0,61.5,285.88340621692004,270.0,0.1,1000.0,0.0,0.0,-98.78861608109996,21.25,-77.53861608109996,0.0,-77.53861608109996,0.0,0.0,-523.0852041670336,78.4125,-444.67270416703366,0.0,-444.67270416703366
radiation,shade,3695.0,61.583333,285.871111701292,270.0,0.1,1000.0,0.0,0.0,-98.70544845641123,21.25,-77.45544845641123,0.0,-77.45544845641123,0.0,0.0,-523.5787314093157,78.51875,-445.0599814093157,0.0,-445.0599814093157
radiation,shade,3700.0,61.666667,285.8588303710126,270.0,0.1,1000.0,0.0,0.0,-98.62238076051197,21.25,-77.37238076051197,0.0,-77.37238076051197,0.0,0.0,-524.0718433131182,78.625,-445.4468433131183,0.0,-445.4468433131183
radiation,shade,3705.0,61.75,285.8465622102426,270.0,0.1,1000.0,0.0,0.0,-98.53941285080865,21.25,-77.28941285080865,0.0,-77.28941285080865,0.0,0.0,-524.5645403773722,78.73125,-445.8332903773723,0.0,-445.8332903773723
radiation,shade,3710.0,61.833333,285.8343072031656,270.0,0.1,1000.0,0.0,0.0,-98.45654458495882,21.25,-77.20654458495882,0.0,-77.20654458495882,0.0,0.0,-525.056823100297,78.8375,-446.21932310029706,0.0,-446.21932310029706
radiation,shade,3715.0,61.916667,285.8220653339877,270.0,0.1,1000.0,0.0,0.0,-98.37377582087048,21.25,-77.12377582087048,0.0,-77.12377582087048,0.0,0.0,-525.5486919794014,78.94375,-446.6049419794014,0.0,-446.6049419794014
radiation,shade,3720.0,62.0,285.8098365869375,270.0,0.1,1000.0,0.0,0.0,-98.29110641670205,21.25,-77.04110641670205,0.0,-77.04110641670205,0.0,0.0,-526.0401475114849,79.05,-446.9901475114849,0.0,-446.9901475114849
radiation,shade,3725.0,62.083333,285.7976209462659,270.0,0.1,1000.0,0.0,0.0,-98.20853623086097,21.25,-76.95853623086097,0.0,-76.95853623086097,0.0,0.0,-526.5311901926392,79.15625,-447.37494019263926,0.0,-447.37494019263926
radiation,shade,3730.0,62.166667,285.78541839624654,270.0,0.1,1000.0,0.0,0.0,-98.12606512200352,21.25,-76.87606512200352,0.0,-76.87606512200352,0.0,0.0,-527.0218205182493,79.2625,-447.75932051824924,0.0,-447.75932051824924
radiation,shade,3735.0,62.25,285.77322892117525,270.0,0.1,1000.0,0.0,0.0,-98.04369294903482,21.25,-76.79369294903482,0.0,-76.79369294903482,0.0,0.0,-527.5120389829945,79.36875,-448.14328898299436,0.0,-448.14328898299436
radiation,shade,3740.0,62.333333,285.7610525053703,270.0,0.1,1000.0,0.0,0.0,-97.9614195711076,21.25,-76.7114195711076,0.0,-76.7114195711076,0.0,0.0,-528.00184608085,79.475,-448.52684608084996,0.0,-448.52684608084996
radiation,shade,3745.0,62.416667,285.74888913317227,270.0,0.1,1000.0,0.0,0.0,-97.87924484762186,21.25,-76.62924484762186,0.0,-76.62924484762186,0.0,0.0,-528.4912423050881,79.58125,-448.90999230508805,0.0,-448.90999230508805
radiation,shade,3750.0,62.5,285.73673878894397,270.0,0.1,1000.0,0.0,0.0,-97.79716863822489,21.25,-76.54716863822489,0.0,-76.54716863822489,0.0,0.0,-528.9802281482793,79.6875,-449.29272814827914,0.0,-449.29272814827914
radiation,shade,3755.0,62.583333,285.7246014570705,270.0,0.1,1000.0,0.0,0.0,-97.71519080280927,21.25,-76.46519080280927,0.0,-76.46519080280927,0.0,0.0,-529.4688041022933,79.79375,-449.67505410229313,0.0,-449.67505410229313
radiation,shade,3760.0,62.666667,285.7124771219591,270.0,0.1,1000.0,0.0,0.0,-97.63331120151409,21.25,-76.38331120151409,0.0,-76.38331120151409,0.0,0.0,-529.9569706583009,79.9,-450.0569706583007,0.0,-450.0569706583007
radiation,shade,3765.0,62.75,285.7003657680393,270.0,0.1,1000.0,0.0,0.0,-97.55152969472341,21.25,-76.30152969472341,0.0,-76.30152969472341,0.0,0.0,-530.4447283067746,80.00625,-450.43847830677436,0.0,-450.43847830677436
radiation,shade,3770.0,62.833333,285.68826737976264,270.0,0.1,1000.0,0.0,0.0,-97.46984614306582,21.25,-76.21984614306582,0.0,-76.21984614306582,0.0,0.0,-530.9320775374898,80.1125,-450.81957753748964,0.0,-450.81957753748964
radiation,shade,3775.0,62.916667,285.67618194160275,270.0,0.1,1000.0,0.0,0.0,-97.38826040741424,21.25,-76.13826040741424,0.0,-76.13826040741424,0.0,0.0,-531.4190188395269,80.21875,-451.20026883952676,0.0,-451.20026883952676
radiation,shade,3780.0,63.0,285.66410943805533,270.0,0.1,1000.0,0.0,0.0,-97.30677234888522,21.25,-76.05677234888522,0.0,-76.05677234888522,0.0,0.0,-531.9055527012714,80.325,-451.5805527012712,0.0,-451.5805527012712
radiation,shade,3785.0,63.083333,285.65204985363806,270.0,0.1,1000.0,0.0,0.0,-97.2253818288382,21.25,-75.9753818288382,0.0,-75.9753818288382,0.0,0.0,-532.3916796104156,80.43125,-451.96042961041536,0.0,-451.96042961041536
radiation,shade,3790.0,63.166667,285.6400031728906,270.0,0.1,1000.0,0.0,0.0,-97.14408870887495,21.25,-75.89408870887495,0.0,-75.89408870887495,0.0,0.0,-532.87740005396,80.5375,-452.33990005395975,0.0,-452.33990005395975
radiation,shade,3795.0,63.25,285.6279693803746,270.0,0.1,1000.0,0.0,0.0,-97.06289285083963,21.25,-75.81289285083963,0.0,-75.81289285083963,0.0,0.0,-533.3627145182141,80.64375,-452.7189645182139,0.0,-452.7189645182139
radiation,shade,3800.0,63.333333,285.61594846067356,270.0,0.1,1000.0,0.0,0.0,-96.98179411681834,21.25,-75.73179411681834,0.0,-75.73179411681834,0.0,0.0,-533.8476234887981,80.75,-453.09762348879804,0.0,-453.09762348879804
radiation,shade,3805.0,63.416667,285.60394039839275,270.0,0.1,1000.0,0.0,0.0,-96.9007923691374,21.25,-75.6507923691374,0.0,-75.6507923691374,0.0,0.0,-534.3321274506438,80.85625,-453.47587745064374,0.0,-453.47587745064374
radiation,shade,3810.0,63.5,285.59194517815934,270.0,0.1,1000.0,0.0,0.0,-96.81988747036384,21.25,-75.56988747036384,0.0,-75.56988747036384,0.0,0.0,-534.8162268879956,80.9625,-453.85372688799555,0.0,-453.85372688799555
radiation,shade,3815.0,63.583333,285.5799627846223,270.0,0.1,1000.0,0.0,0.0,-96.73907928330453,21.25,-75.48907928330453,0.0,-75.48907928330453,0.0,0.0,-535.2999222844121,81.06875,-454.2311722844121,0.0,-454.2311722844121
radiation,shade,3820.0,63.666667,285.56799320245227,270.0,0.1,1000.0,0.0,0.0,-96.65836767100646,21.25,-75.40836767100646,0.0,-75.40836767100646,0.0,0.0,-535.783214122767,81.175,-454.6082141227671,0.0,-454.6082141227671
radiation,shade,3825.0,63.75,285.55603641634167,270.0,0.1,1000.0,0.0,0.0,-96.57775249675478,21.25,-75.32775249675478,0.0,-75.32775249675478,0.0,0.0,-536.2661028852508,81.28125,-454.98485288525086,0.0,-454.98485288525086
radiation,shade,3830.0,63.833333,285.5440924110045,270.0,0.1,1000.0,0.0,0.0,-96.49723362407366,21.25,-75.24723362407366,0.0,-75.24723362407366,0.0,0.0,-536.7485890533712,81.3875,-455.36108905337124,0.0,-455.36108905337124
radiation,shade,3835.0,63.916667,285.5321611711764,270.0,0.1,1000.0,0.0,0.0,-96.41681091672464,21.25,-75.16681091672464,0.0,-75.16681091672464,0.0,0.0,-537.2306731079548,81.49375,-455.73692310795485,0.0,-455.73692310795485
radiation,shade,3840.0,64.0,285.5202426816147,270.0,0.1,1000.0,0.0,0.0,-96.336484238707,21.25,-75.086484238707,0.0,-75.086484238707,0.0,0.0,-537.7123555291483,81.6,-456.1123555291484,0.0,-456.1123555291484
radiation,shade,3845.0,64.083333,285.5083369270982,270.0,0.1,1000.0,0.0,0.0,-96.25625345425692,21.25,-75.00625345425692,0.0,-75.00625345425692,0.0,0.0,-538.1936367964196,81.70625,-456.4873867964196,0.0,-456.4873867964196
radiation,shade,3850.0,64.166667,285.4964438924271,270.0,0.1,1000.0,0.0,0.0,-96.17611842784694,21.25,-74.92611842784694,0.0,-74.92611842784694,0.0,0.0,-538.6745173885588,81.8125,-456.8620173885589,0.0,-456.8620173885589
radiation,shade,3855.0,64.25,285.48456356242326,270.0,0.1,1000.0,0.0,0.0,-96.09607902418539,21.25,-74.84607902418539,0.0,-74.84607902418539,0.0,0.0,-539.1549977836797,81.91875,-457.2362477836798,0.0,-457.2362477836798
radiation,shade,3860.0,64.333333,285.47269592192987,270.0,0.1,1000.0,0.0,0.0,-96.0161351082155,21.25,-74.7661351082155,0.0,-74.7661351082155,0.0,0.0,-539.6350784592208,82.025,-457.61007845922086,0.0,-457.61007845922086
radiation,shade,3865.0,64.416667,285.4608409558116,270.0,0.1,1000.0,0.0,0.0,-95.93628654511633,21.25,-74.68628654511633,0.0,-74.68628654511633,0.0,0.0,-540.1147598919465,82.13125,-457.9835098919464,0.0,-457.9835098919464
radiation,shade,3870.0,64.5,285.4489986489544,270.0,0.1,1000.0,0.0,0.0,-95.85653320030089,21.25,-74.60653320030089,0.0,-74.60653320030089,0.0,0.0,-540.5940425579479,82.2375,-458.356542557948,0.0,-458.356542557948
radiation,shade,3875.0,64.583333,285.4371689862656,270.0,0.1,1000.0,0.0,0.0,-95.77687493941592,21.25,-74.52687493941592,0.0,-74.52687493941592,0.0,0.0,-541.072926932645,82.34375,-458.72917693264503,0.0,-458.72917693264503
radiation,shade,3880.0,64.666667,285.4253519526738,270.0,0.1,1000.0,0.0,0.0,-95.69731162834164,21.25,-74.44731162834164,0.0,-74.44731162834164,0.0,0.0,-541.5514134907867,82.45,-459.10141349078674,0.0,-459.10141349078674
radiation,shade,3885.0,64.75,285.41354753312885,270.0,0.1,1000.0,0.0,0.0,-95.61784313319124,21.25,-74.36784313319124,0.0,-74.36784313319124,0.0,0.0,-542.0295027064526,82.55625,-459.4732527064527,0.0,-459.4732527064527
radiation,shade,3890.0,64.833333,285.4017557126018,270.0,0.1,1000.0,0.0,0.0,-95.53846932031006,21.25,-74.28846932031006,0.0,-74.28846932031006,0.0,0.0,-542.5071950530541,82.6625,-459.84469505305424,0.0,-459.84469505305424
radiation,shade,3895.0,64.916667,285.38997647608494,270.0,0.1,1000.0,0.0,0.0,-95.4591900562753,21.25,-74.2091900562753,0.0,-74.2091900562753,0.0,0.0,-542.9844910033356,82.76875,-460.2157410033356,0.0,-460.2157410033356
radiation,shade,3900.0,65.0,285.37820980859163,270.0,0.1,1000.0,0.0,0.0,-95.3800052078959,21.25,-74.1300052078959,0.0,-74.1300052078959,0.0,0.0,-543.461391029375,82.875,-460.5863910293751,0.0,-460.5863910293751
radiation,shade,3905.0,65.083333,285.3664556951564,270.0,0.1,1000.0,0.0,0.0,-95.30091464221154,21.25,-74.05091464221154,0.0,-74.05091464221154,0.0,0.0,-543.9378956025861,82.98125,-460.95664560258615,0.0,-460.95664560258615
radiation,shade,3910.0,65.166667,285.3547141208347,270.0,0.1,1000.0,0.0,0.0,-95.22191822649216,21.25,-73.97191822649216,0.0,-73.97191822649216,0.0,0.0,-544.4140051937186,83.0875,-461.3265051937186,0.0,-461.3265051937186
radiation,shade,3915.0,65.25,285.34298507070326,270.0,0.1,1000.0,0.0,0.0,-95.14301582823741,21.25,-73.89301582823741,0.0,-73.89301582823741,0.0,0.0,-544.8897202728598,83.19375,-461.69597027285977,0.0,-461.69597027285977
radiation,shade,3920.0,65.333333,285.3312685298596,270.0,0.1,1000.0,0.0,0.0,-95.06420731517684,21.25,-73.81420731517684,0.0,-73.81420731517684,0.0,0.0,-545.3650413094356,83.3,-462.0650413094357,0.0,-462.0650413094357
radiation,shade,3925.0,65.416667,285.31956448342225,270.0,0.1,1000.0,0.0,0.0,-94.98549255526869,21.25,-73.73549255526869,0.0,-73.73549255526869,0.0,0.0,-545.8399687722119,83.40625,-462.43371877221205,0.0,-462.43371877221205
radiation,shade,3930.0,65.5,285.3078729165307,270.0,0.1,1000.0,0.0,0.0,-94.90687141669984,21.25,-73.65687141669984,0.0,-73.65687141669984,0.0,0.0,-546.3145031292954,83.5125,-462.80200312929554,0.0,-462.80200312929554
radiation,shade,3935.0,65.583333,285.2961938143453,270.0,0.1,1000.0,0.0,0.0,-94.82834376788452,21.25,-73.57834376788452,0.0,-73.57834376788452,0.0,0.0,-546.7886448481348,83.61875,-463.16989484813496,0.0,-463.16989484813496
radiation,shade,3940.0,65.666667,285.2845271620473,270.0,0.1,1000.0,0.0,0.0,-94.74990947746524,21.25,-73.49990947746524,0.0,-73.49990947746524,0.0,0.0,-547.2623943955222,83.725,-463.53739439552226,0.0,-463.53739439552226
radiation,shade,3945.0,65.75,285.2728729448387,270.0,0.1,1000.0,0.0,0.0,-94.67156841431114,21.25,-73.42156841431114,0.0,-73.42156841431114,0.0,0.0,-547.7357522375937,83.83125,-463.9045022375938,0.0,-463.9045022375938
radiation,shade,3950.0,65.833333,285.2612311479423,270.0,0.1,1000.0,0.0,0.0,-94.59332044751774,21.25,-73.34332044751774,0.0,-73.34332044751774,0.0,0.0,-548.2087188398312,83.9375,-464.2712188398314,0.0,-464.2712188398314
radiation,shade,3955.0,65.916667,285.2496017566016,270.0,0.1,1000.0,0.0,0.0,-94.51516544640688,21.25,-73.26516544640688,0.0,-73.26516544640688,0.0,0.0,-548.6812946670633,84.04375,-464.6375446670635,0.0,-464.6375446670635
radiation,shade,3960.0,66.0,285.23798475608083,270.0,0.1,1000.0,0.0,0.0,-94.43710328052542,21.25,-73.18710328052542,0.0,-73.18710328052542,0.0,0.0,-549.1534801834658,84.15,-465.0034801834661,0.0,-465.0034801834661
radiation,shade,3965.0,66.083333,285.226380131665,270.0,0.1,1000.0,0.0,0.0,-94.3591338196457,21.25,-73.1091338196457,0.0,-73.1091338196457,0.0,0.0,-549.6252758525642,84.25625,-465.36902585256433,0.0,-465.36902585256433
radiation,shade,3970.0,66.166667,285.21478786865964,270.0,0.1,1000.0,0.0,0.0,-94.28125693376481,21.25,-73.03125693376481,0.0,-73.03125693376481,0.0,0.0,-550.096682137233,84.3625,-465.7341821372331,0.0,-465.7341821372331
radiation,shade,3975.0,66.25,285.20320795239087,270.0,0.1,1000.0,0.0,0.0,-94.20347249310387,21.25,-72.95347249310387,0.0,-72.95347249310387,0.0,0.0,-550.5676994996985,84.46875,-466.0989494996986,0.0,-466.0989494996986
radiation,shade,3980.0,66.333333,285.19164036820547,270.0,0.1,1000.0,0.0,0.0,-94.1257803681071,21.25,-72.8757803681071,0.0,-72.8757803681071,0.0,0.0,-551.038328401539,84.575,-466.4633284015392,0.0,-466.4633284015392
radiation,shade,3985.0,66.416667,285.18008510147064,270.0,0.1,1000.0,0.0,0.0,-94.04818042944277,21.25,-72.79818042944277,0.0,-72.79818042944277,0.0,0.0,-551.5085693036863,84.68125,-466.8273193036864,0.0,-466.8273193036864
radiation,shade,3990.0,66.5,285.16854213757415,270.0,0.1,1000.0,0.0,0.0,-93.97067254800108,21.25,-72.72067254800108,0.0,-72.72067254800108,0.0,0.0,-551.9784226664262,84.7875,-467.1909226664264,0.0,-467.1909226664264
radiation,shade,3995.0,66.583333,285.1570114619242,270.0,0.1,1000.0,0.0,0.0,-93.89325659489491,21.25,-72.64325659489491,0.0,-72.64325659489491,0.0,0.0,-552.4478889494007,84.89375,-467.55413894940085,0.0,-467.55413894940085
radiation,shade,4000.0,66.666667,285.14549305994933,270.0,0.1,1000.0,0.0,0.0,-93.81593244145861,21.25,-72.56593244145861,0.0,-72.56593244145861,0.0,0.0,-552.916968611608,85.0,-467.9169686116081,0.0,-467.9169686116081
radiation,shade,4005.0,66.75,285.13398691709864,270.0,0.1,1000.0,0.0,0.0,-93.73869995924765,21.25,-72.48869995924765,0.0,-72.48869995924765,0.0,0.0,-553.3856621114043,85.10625,-468.2794121114044,0.0,-468.2794121114044
radiation,shade,4010.0,66.833333,285.1224930188415,270.0,0.1,1000.0,0.0,0.0,-93.66155902003898,21.25,-72.41155902003898,0.0,-72.41155902003898,0.0,0.0,-553.8539699065044,85.2125,-468.6414699065046,0.0,-468.6414699065046
radiation,shade,4015.0,66.916667,285.1110113506676,270.0,0.1,1000.0,0.0,0.0,-93.58450949582969,21.25,-72.33450949582969,0.0,-72.33450949582969,0.0,0.0,-554.3218924539835,85.31875,-469.0031424539838,0.0,-469.0031424539838
radiation,shade,4020.0,67.0,285.09954189808684,270.0,0.1,1000.0,0.0,0.0,-93.50755125883632,21.25,-72.25755125883632,0.0,-72.25755125883632,0.0,0.0,-554.7894302102777,85.425,-469.364430210278,0.0,-469.364430210278
radiation,shade,4025.0,67.083333,285.08808464662945,270.0,0.1,1000.0,0.0,0.0,-93.43068418149521,21.25,-72.18068418149521,0.0,-72.18068418149521,0.0,0.0,-555.2565836311851,85.53125,-469.7253336311855,0.0,-469.7253336311855
radiation,shade,4030.0,67.166667,285.0766395818459,270.0,0.1,1000.0,0.0,0.0,-93.35390813646133,21.25,-72.10390813646133,0.0,-72.10390813646133,0.0,0.0,-555.7233531718674,85.6375,-470.08585317186777,0.0,-470.08585317186777
radiation,shade,4035.0,67.25,285.06520668930676,270.0,0.1,1000.0,0.0,0.0,-93.27722299660846,21.25,-72.02722299660846,0.0,-72.02722299660846,0.0,0.0,-556.1897392868505,85.74375,-470.4459892868509,0.0,-470.4459892868509
radiation,shade,4040.0,67.333333,285.0537859546028,270.0,0.1,1000.0,0.0,0.0,-93.20062863502868,21.25,-71.95062863502868,0.0,-71.95062863502868,0.0,0.0,-556.6557424300256,85.85,-470.805742430026,0.0,-470.805742430026
radiation,shade,4045.0,67.416667,285.0423773633449,270.0,0.1,1000.0,0.0,0.0,-93.1241249250309,21.25,-71.8741249250309,0.0,-71.8741249250309,0.0,0.0,-557.1213630546507,85.95625,-471.16511305465116,0.0,-471.16511305465116
radiation,shade,4050.0,67.5,285.0309809011639,270.0,0.1,1000.0,0.0,0.0,-93.04771174014171,21.25,-71.79771174014171,0.0,-71.79771174014171,0.0,0.0,-557.5866016133514,86.0625,-471.5241016133519,0.0,-471.5241016133519
radiation,shade,4055.0,67.583333,285.01959655371087,270.0,0.1,1000.0,0.0,0.0,-92.97138895410399,21.25,-71.72138895410399,0.0,-71.72138895410399,0.0,0.0,-558.0514585581219,86.16875,-471.8827085581224,0.0,-471.8827085581224
radiation,shade,4060.0,67.666667,285.00822430665676,270.0,0.1,1000.0,0.0,0.0,-92.89515644087724,21.25,-71.64515644087724,0.0,-71.64515644087724,0.0,0.0,-558.5159343403263,86.275,-472.24093434032676,0.0,-472.24093434032676
radiation,shade,4065.0,67.75,284.99686414569254,270.0,0.1,1000.0,0.0,0.0,-92.81901407463639,21.25,-71.56901407463639,0.0,-71.56901407463639,0.0,0.0,-558.9800294106994,86.38125,-472.5987794107,0.0,-472.5987794107
radiation,shade,4070.0,67.833333,284.9855160565291,270.0,0.1,1000.0,0.0,0.0,-92.74296172977199,21.25,-71.49296172977199,0.0,-71.49296172977199,0.0,0.0,-559.4437442193484,86.4875,-472.95624421934883,0.0,-472.95624421934883
radiation,shade,4075.0,67.916667,284.9741800248972,270.0,0.1,1000.0,0.0,0.0,-92.66699928088904,21.25,-71.41699928088904,0.0,-71.41699928088904,0.0,0.0,-559.9070792157529,86.59375,-473.31332921575324,0.0,-473.31332921575324
radiation,shade,4080.0,68.0,284.9628560365475,270.0,0.1,1000.0,0.0,0.0,-92.59112660280701,21.25,-71.34112660280701,0.0,-71.34112660280701,0.0,0.0,-560.370034848767,86.7,-473.6700348487673,0.0,-473.6700348487673
radiation,shade,4085.0,68.083333,284.9515440772506,270.0,0.1,1000.0,0.0,0.0,-92.51534357055964,21.25,-71.26534357055964,0.0,-71.26534357055964,0.0,0.0,-560.8326115666198,86.80625,-474.02636156662004,0.0,-474.02636156662004
radiation,shade,4090.0,68.166667,284.94024413279675,270.0,0.1,1000.0,0.0,0.0,-92.43965005939401,21.25,-71.18965005939401,0.0,-71.18965005939401,0.0,0.0,-561.2948098169168,86.9125,-474.38230981691703,0.0,-474.38230981691703
radiation,shade,4095.0,68.25,284.928956188996,270.0,0.1,1000.0,0.0,0.0,-92.36404594477007,21.25,-71.11404594477007,0.0,-71.11404594477007,0.0,0.0,-561.7566300466407,87.01875,-474.73788004664095,0.0,-474.73788004664095
radiation,shade,4100.0,68.333333,284.91768023167816,270.0,0.1,1000.0,0.0,0.0,-92.28853110236034,21.25,-71.03853110236034,0.0,-71.03853110236034,0.0,0.0,-562.2180727021524,87.125,-475.0930727021527,0.0,-475.0930727021527
radiation,shade,4105.0,68.416667,284.90641624669274,270.0,0.1,1000.0,0.0,0.0,-92.21310540804991,21.25,-70.96310540804991,0.0,-70.96310540804991,0.0,0.0,-562.6791382291927,87.23125,-475.447888229193,0.0,-475.447888229193
radiation,shade,4110.0,68.5,284.89516421990896,270.0,0.1,1000.0,0.0,0.0,-92.13776873793502,21.25,-70.88776873793502,0.0,-70.88776873793502,0.0,0.0,-563.1398270728823,87.3375,-475.8023270728827,0.0,-475.8023270728827
radiation,shade,4115.0,68.583333,284.88392413721556,270.0,0.1,1000.0,0.0,0.0,-92.0625209683238,21.25,-70.8125209683238,0.0,-70.8125209683238,0.0,0.0,-563.600139677724,87.44375,-476.1563896777243,0.0,-476.1563896777243
radiation,shade,4120.0,68.666667,284.872695984521,270.0,0.1,1000.0,0.0,0.0,-91.98736197573443,21.25,-70.73736197573443,0.0,-70.73736197573443,0.0,0.0,-564.0600764876027,87.55,-476.51007648760293,0.0,-476.51007648760293
radiation,shade,4125.0,68.75,284.8614797477532,270.0,0.1,1000.0,0.0,0.0,-91.91229163689627,21.25,-70.66229163689627,0.0,-70.66229163689627,0.0,0.0,-564.5196379457872,87.65625,-476.86338794578745,0.0,-476.86338794578745
radiation,shade,4130.0,68.833333,284.85027541285973,270.0,0.1,1000.0,0.0,0.0,-91.837309828748,21.25,-70.587309828748,0.0,-70.587309828748,0.0,0.0,-564.9788244949309,87.7625,-477.2163244949312,0.0,-477.2163244949312
radiation,shade,4135.0,68.916667,284.8390829658076,270.0,0.1,1000.0,0.0,0.0,-91.76241642843821,21.25,-70.51241642843821,0.0,-70.51241642843821,0.0,0.0,-565.4376365770731,87.86875,-477.56888657707344,0.0,-477.56888657707344
radiation,shade,4140.0,69.0,284.82790239258327,270.0,0.1,1000.0,0.0,0.0,-91.68761131332471,21.25,-70.43761131332471,0.0,-70.43761131332471,0.0,0.0,-565.8960746336397,87.975,-477.92107463364005,0.0,-477.92107463364005
radiation,shade,4145.0,69.083333,284.8167336791926,270.0,0.1,1000.0,0.0,0.0,-91.61289436097306,21.25,-70.36289436097306,0.0,-70.36289436097306,0.0,0.0,-566.3541391054447,88.08125,-478.27288910544496,0.0,-478.27288910544496
radiation,shade,4150.0,69.166667,284.805576811661,270.0,0.1,1000.0,0.0,0.0,-91.5382654491578,21.25,-70.2882654491578,0.0,-70.2882654491578,0.0,0.0,-566.8118304326905,88.1875,-478.6243304326907,0.0,-478.6243304326907
radiation,shade,4155.0,69.25,284.7944317760331,270.0,0.1,1000.0,0.0,0.0,-91.46372445586117,21.25,-70.21372445586117,0.0,-70.21372445586117,0.0,0.0,-567.2691490549698,88.29375,-478.97539905497007,0.0,-478.97539905497007
radiation,shade,4160.0,69.333333,284.7832985583729,270.0,0.1,1000.0,0.0,0.0,-91.3892712592724,21.25,-70.1392712592724,0.0,-70.1392712592724,0.0,0.0,-567.7260954112661,88.4,-479.3260954112664,0.0,-479.3260954112664
radiation,shade,4165.0,69.416667,284.77217714476376,270.0,0.1,1000.0,0.0,0.0,-91.31490573778798,21.25,-70.06490573778798,0.0,-70.06490573778798,0.0,0.0,-568.182669939955,88.50625,-479.67641993995534,0.0,-479.67641993995534
radiation,shade,4170.0,69.5,284.7610675213082,270.0,0.1,1000.0,0.0,0.0,-91.24062777001058,21.25,-69.99062777001058,0.0,-69.99062777001058,0.0,0.0,-568.6388730788051,88.6125,-480.0263730788054,0.0,-480.0263730788054
radiation,shade,4175.0,69.583333,284.74996967412807,270.0,0.1,1000.0,0.0,0.0,-91.16643723474854,21.25,-69.91643723474854,0.0,-69.91643723474854,0.0,0.0,-569.0947052649788,88.71875,-480.37595526497915,0.0,-480.37595526497915
radiation,shade,4180.0,69.666667,284.73888358936443,270.0,0.1,1000.0,0.0,0.0,-91.09233401101693,21.25,-69.84233401101693,0.0,-69.84233401101693,0.0,0.0,-569.5501669350339,88.825,-480.7251669350343,0.0,-480.7251669350343
radiation,shade,4185.0,69.75,284.72780925317744,270.0,0.1,1000.0,0.0,0.0,-91.01831797803497,21.25,-69.76831797803497,0.0,-69.76831797803497,0.0,0.0,-570.0052585249241,88.93125,-481.07400852492447,0.0,-481.07400852492447
radiation,shade,4190.0,69.833333,284.71674665174646,270.0,0.1,1000.0,0.0,0.0,-90.94438901522692,21.25,-69.69438901522692,0.0,-69.69438901522692,0.0,0.0,-570.4599804700002,89.0375,-481.4224804700006,0.0,-481.4224804700006
radiation,shade,4195.0,69.916667,284.7056957712699,270.0,0.1,1000.0,0.0,0.0,-90.87054700222146,21.25,-69.62054700222146,0.0,-69.62054700222146,0.0,0.0,-570.9143332050113,89.14375,-481.7705832050117,0.0,-481.7705832050117
radiation,shade,4200.0,70.0,284.6946565979653,270.0,0.1,1000.0,0.0,0.0,-90.79679181885098,21.25,-69.54679181885098,0.0,-69.54679181885098,0.0,0.0,-571.3683171641056,89.25,-482.1183171641059,0.0,-482.1183171641059
radiation,shade,4205.0,70.083333,284.6836291180693,270.0,0.1,1000.0,0.0,0.0,-90.7231233451515,21.25,-69.4731233451515,0.0,-69.4731233451515,0.0,0.0,-571.8219327808314,89.35625,-482.4656827808317,0.0,-482.4656827808317
radiation,shade,4210.0,70.166667,284.6726133178373,270.0,0.1,1000.0,0.0,0.0,-90.64954146136242,21.25,-69.39954146136242,0.0,-69.39954146136242,0.0,0.0,-572.2751804881381,89.4625,-482.81268048813854,0.0,-482.81268048813854
radiation,shade,4215.0,70.25,284.661609183544,270.0,0.1,1000.0,0.0,0.0,-90.57604604792476,21.25,-69.32604604792476,0.0,-69.32604604792476,0.0,0.0,-572.7280607183777,89.56875,-483.15931071837815,0.0,-483.15931071837815
radiation,shade,4220.0,70.333333,284.6506167014828,270.0,0.1,1000.0,0.0,0.0,-90.50263698548275,21.25,-69.25263698548275,0.0,-69.25263698548275,0.0,0.0,-573.1805739033051,89.675,-483.50557390330556,0.0,-483.50557390330556
radiation,shade,4225.0,70.416667,284.6396358579662,270.0,0.1,1000.0,0.0,0.0,-90.42931415488209,21.25,-69.17931415488209,0.0,-69.17931415488209,0.0,0.0,-573.6327204740795,89.78125,-483.85147047408003,0.0,-483.85147047408003
radiation,shade,4230.0,70.5,284.6286666393254,270.0,0.1,1000.0,0.0,0.0,-90.35607743716969,21.25,-69.10607743716969,0.0,-69.10607743716969,0.0,0.0,-574.0845008612654,89.8875,-484.19700086126585,0.0,-484.19700086126585
radiation,shade,4235.0,70.583333,284.6177090319105,270.0,0.1,1000.0,0.0,0.0,-90.28292671359331,21.25,-69.03292671359331,0.0,-69.03292671359331,0.0,0.0,-574.5359154948333,89.99375,-484.54216549483385,0.0,-484.54216549483385
radiation,shade,4240.0,70.666667,284.6067630220906,270.0,0.1,1000.0,0.0,0.0,-90.20986186560137,21.25,-68.95986186560137,0.0,-68.95986186560137,0.0,0.0,-574.9869648041612,90.1,-484.8869648041619,0.0,-484.8869648041619
radiation,shade,4245.0,70.75,284.59582859625334,270.0,0.1,1000.0,0.0,0.0,-90.13688277484285,21.25,-68.88688277484285,0.0,-68.88688277484285,0.0,0.0,-575.4376492180354,90.20625,-485.2313992180361,0.0,-485.2313992180361
radiation,shade,4250.0,70.833333,284.5849057408052,270.0,0.1,1000.0,0.0,0.0,-90.06398932316583,21.25,-68.81398932316583,0.0,-68.81398932316583,0.0,0.0,-575.8879691646513,90.3125,-485.57546916465196,0.0,-485.57546916465196
radiation,shade,4255.0,70.916667,284.57399444217145,270.0,0.1,1000.0,0.0,0.0,-89.99118139261756,21.25,-68.74118139261756,0.0,-68.74118139261756,0.0,0.0,-576.3379250716143,90.41875,-485.91917507161503,0.0,-485.91917507161503
radiation,shade,4260.0,71.0,284.563094686796,270.0,0.1,1000.0,0.0,0.0,-89.91845886544498,21.25,-68.66845886544498,0.0,-68.66845886544498,0.0,0.0,-576.7875173659415,90.525,-486.26251736594224,0.0,-486.26251736594224
radiation,shade,4265.0,71.083333,284.55220646114134,270.0,0.1,1000.0,0.0,0.0,-89.84582162409266,21.25,-68.59582162409266,0.0,-68.59582162409266,0.0,0.0,-577.236746474062,90.63125,-486.60549647406276,0.0,-486.60549647406276
radiation,shade,4270.0,71.166667,284.54132975168875,270.0,0.1,1000.0,0.0,0.0,-89.77326955120361,21.25,-68.52326955120361,0.0,-68.52326955120361,0.0,0.0,-577.6856128218179,90.7375,-486.9481128218187,0.0,-486.9481128218187
radiation,shade,4275.0,71.25,284.530464544938,270.0,0.1,1000.0,0.0,0.0,-89.70080252961858,21.25,-68.45080252961858,0.0,-68.45080252961858,0.0,0.0,-578.1341168344661,90.84375,-487.2903668344668,0.0,-487.2903668344668
radiation,shade,4280.0,71.333333,284.51961082740746,270.0,0.1,1000.0,0.0,0.0,-89.62842044237543,21.25,-68.37842044237543,0.0,-68.37842044237543,0.0,0.0,-578.5822589366779,90.95,-487.6322589366787,0.0,-487.6322589366787
radiation,shade,4285.0,71.416667,284.508768585634,270.0,0.1,1000.0,0.0,0.0,-89.55612317270861,21.25,-68.30612317270861,0.0,-68.30612317270861,0.0,0.0,-579.0300395525414,91.05625,-487.97378955254226,0.0,-487.97378955254226
radiation,shade,4290.0,71.5,284.49793780617307,270.0,0.1,1000.0,0.0,0.0,-89.48391060404943,21.25,-68.23391060404943,0.0,-68.23391060404943,0.0,0.0,-579.4774591055617,91.1625,-488.31495910556254,0.0,-488.31495910556254
radiation,shade,4295.0,71.583333,284.48711847559844,270.0,0.1,1000.0,0.0,0.0,-89.41178262002498,21.25,-68.16178262002498,0.0,-68.16178262002498,0.0,0.0,-579.9245180186618,91.26875,-488.6557680186626,0.0,-488.6557680186626
radiation,shade,4300.0,71.666667,284.4763105805025,270.0,0.1,1000.0,0.0,0.0,-89.3397391044575,21.25,-68.0897391044575,0.0,-68.0897391044575,0.0,0.0,-580.3712167141841,91.375,-488.9962167141849,0.0,-488.9962167141849
radiation,shade,4305.0,71.75,284.46551410749595,270.0,0.1,1000.0,0.0,0.0,-89.26777994136553,21.25,-68.01777994136553,0.0,-68.01777994136553,0.0,0.0,-580.817555613891,91.48125,-489.33630561389174,0.0,-489.33630561389174
radiation,shade,4310.0,71.833333,284.45472904320786,270.0,0.1,1000.0,0.0,0.0,-89.1959050149614,21.25,-67.9459050149614,0.0,-67.9459050149614,0.0,0.0,-581.2635351389658,91.5875,-489.6760351389666,0.0,-489.6760351389666
radiation,shade,4315.0,71.916667,284.4439553742857,270.0,0.1,1000.0,0.0,0.0,-89.12411420965228,21.25,-67.87411420965228,0.0,-67.87411420965228,0.0,0.0,-581.7091557100141,91.69375,-490.0154057100149,0.0,-490.0154057100149
radiation,shade,4320.0,72.0,284.4331930873952,270.0,0.1,1000.0,0.0,0.0,-89.05240741003912,21.25,-67.80240741003912,0.0,-67.80240741003912,0.0,0.0,-582.1544177470643,91.8,-490.3544177470651,0.0,-490.3544177470651
radiation,shade,4325.0,72.083333,284.42244216922046,270.0,0.1,1000.0,0.0,0.0,-88.9807845009168,21.25,-67.7307845009168,0.0,-67.7307845009168,0.0,0.0,-582.5993216695689,91.90625,-490.69307166956963,0.0,-490.69307166956963
radiation,shade,4330.0,72.166667,284.41170260646373,270.0,0.1,1000.0,0.0,0.0,-88.90924536727353,21.25,-67.65924536727353,0.0,-67.65924536727353,0.0,0.0,-583.0438678964052,92.0125,-491.03136789640604,0.0,-491.03136789640604
radiation,shade,4335.0,72.25,284.4009743858456,270.0,0.1,1000.0,0.0,0.0,-88.83778989428941,21.25,-67.58778989428941,0.0,-67.58778989428941,0.0,0.0,-583.4880568458767,92.11875,-491.3693068458775,0.0,-491.3693068458775
radiation,shade,4340.0,72.333333,284.39025749410473,270.0,0.1,1000.0,0.0,0.0,-88.76641796733799,21.25,-67.51641796733799,0.0,-67.51641796733799,0.0,0.0,-583.9318889357135,92.225,-491.7068889357142,0.0,-491.7068889357142
radiation,shade,4345.0,72.416667,284.37955191799807,270.0,0.1,1000.0,0.0,0.0,-88.69512947198423,21.25,-67.44512947198423,0.0,-67.44512947198423,0.0,0.0,-584.3753645830734,92.33125,-492.04411458307413,0.0,-492.04411458307413
radiation,shade,4350.0,72.5,284.3688576443006,270.0,0.1,1000.0,0.0,0.0,-88.62392429398507,21.25,-67.37392429398507,0.0,-67.37392429398507,0.0,0.0,-584.8184842045433,92.4375,-492.38098420454406,0.0,-492.38098420454406
radiation,shade,4355.0,72.583333,284.35817465980546,270.0,0.1,1000.0,0.0,0.0,-88.55280231928825,21.25,-67.30280231928825,0.0,-67.30280231928825,0.0,0.0,-585.2612482161397,92.54375,-492.7174982161405,0.0,-492.7174982161405
radiation,shade,4360.0,72.666667,284.34750295132386,270.0,0.1,1000.0,0.0,0.0,-88.48176343403271,21.25,-67.23176343403271,0.0,-67.23176343403271,0.0,0.0,-585.7036570333099,92.65,-493.0536570333107,0.0,-493.0536570333107
radiation,shade,4365.0,72.75,284.33684250568507,270.0,0.1,1000.0,0.0,0.0,-88.41080752454776,21.25,-67.16080752454776,0.0,-67.16080752454776,0.0,0.0,-586.1457110709326,92.75625,-493.38946107093346,0.0,-493.38946107093346
radiation,shade,4370.0,72.833333,284.3261933097363,270.0,0.1,1000.0,0.0,0.0,-88.33993447735288,21.25,-67.08993447735288,0.0,-67.08993447735288,0.0,0.0,-586.5874107433194,92.8625,-493.7249107433202,0.0,-493.7249107433202
radiation,shade,4375.0,72.916667,284.3155553503428,270.0,0.1,1000.0,0.0,0.0,-88.26914417915678,21.25,-67.01914417915678,0.0,-67.01914417915678,0.0,0.0,-587.0287564642152,92.96875,-494.060006464216,0.0,-494.060006464216
radiation,shade,4380.0,73.0,284.30492861438773,270.0,0.1,1000.0,0.0,0.0,-88.19843651685741,21.25,-66.94843651685741,0.0,-66.94843651685741,0.0,0.0,-587.4697486467995,93.075,-494.3947486468003,0.0,-494.3947486468003
radiation,shade,4385.0,73.083333,284.29431308877224,270.0,0.1,1000.0,0.0,0.0,-88.12781137754241,21.25,-66.87781137754241,0.0,-66.87781137754241,0.0,0.0,-587.9103877036872,93.18125,-494.729137703688,0.0,-494.729137703688
radiation,shade,4390.0,73.166667,284.2837087604153,270.0,0.1,1000.0,0.0,0.0,-88.05726864848701,21.25,-66.80726864848701,0.0,-66.80726864848701,0.0,0.0,-588.3506740469296,93.2875,-495.06317404693044,0.0,-495.06317404693044
radiation,shade,4395.0,73.25,284.27311561625385,270.0,0.1,1000.0,0.0,0.0,-87.98680821715504,21.25,-66.73680821715504,0.0,-66.73680821715504,0.0,0.0,-588.7906080880153,93.39375,-495.39685808801624,0.0,-495.39685808801624
radiation,shade,4400.0,73.333333,284.26253364324253,270.0,0.1,1000.0,0.0,0.0,-87.91642997119791,21.25,-66.66642997119791,0.0,-66.66642997119791,0.0,0.0,-589.2301902378714,93.5,-495.7301902378722,0.0,-495.7301902378722
radiation,shade,4405.0,73.416667,284.2519628283539,270.0,0.1,1000.0,0.0,0.0,-87.84613379845459,21.25,-66.59613379845459,0.0,-66.59613379845459,0.0,0.0,-589.6694209068636,93.60625,-496.06317090686446,0.0,-496.06317090686446
radiation,shade,4410.0,73.5,284.2414031585782,270.0,0.1,1000.0,0.0,0.0,-87.77591958695082,21.25,-66.52591958695082,0.0,-66.52591958695082,0.0,0.0,-590.1083005047984,93.7125,-496.39580050479924,0.0,-496.39580050479924
radiation,shade,4415.0,73.583333,284.2308546209234,270.0,0.1,1000.0,0.0,0.0,-87.7057872248987,21.25,-66.4557872248987,0.0,-66.4557872248987,0.0,0.0,-590.5468294409229,93.81875,-496.7280794409237,0.0,-496.7280794409237
radiation,shade,4420.0,73.666667,284.2203172024154,270.0,0.1,1000.0,0.0,0.0,-87.63573660069686,21.25,-66.38573660069686,0.0,-66.38573660069686,0.0,0.0,-590.9850081239265,93.925,-497.06000812392716,0.0,-497.06000812392716
radiation,shade,4425.0,73.75,284.20979089009745,270.0,0.1,1000.0,0.0,0.0,-87.56576760292985,21.25,-66.31576760292985,0.0,-66.31576760292985,0.0,0.0,-591.4228369619411,94.03125,-497.3915869619418,0.0,-497.3915869619418
radiation,shade,4430.0,73.833333,284.1992756710307,270.0,0.1,1000.0,0.0,0.0,-87.49588012036688,21.25,-66.24588012036688,0.0,-66.24588012036688,0.0,0.0,-591.8603163625429,94.1375,-497.7228163625436,0.0,-497.7228163625436
radiation,shade,4435.0,73.916667,284.1887715322939,270.0,0.1,1000.0,0.0,0.0,-87.42607404196305,21.25,-66.17607404196305,0.0,-66.17607404196305,0.0,0.0,-592.2974467327527,94.24375,-498.0536967327534,0.0,-498.0536967327534
radiation,shade,4440.0,74.0,284.1782784609833,270.0,0.1,1000.0,0.0,0.0,-87.35634925685822,21.25,-66.10634925685822,0.0,-66.10634925685822,0.0,0.0,-592.734228479037,94.35,-498.3842284790377,0.0,-498.3842284790377
radiation,shade,4445.0,74.083333,284.16779644421274,270.0,0.1,1000.0,0.0,0.0,-87.28670565437547,21.25,-66.03670565437547,0.0,-66.03670565437547,0.0,0.0,-593.1706620073089,94.45625,-498.71441200730953,0.0,-498.71441200730953
radiation,shade,4450.0,74.166667,284.1573254691137,270.0,0.1,1000.0,0.0,0.0,-87.21714312402307,21.25,-65.96714312402307,0.0,-65.96714312402307,0.0,0.0,-593.606747722929,94.5625,-499.0442477229297,0.0,-499.0442477229297
radiation,shade,4455.0,74.25,284.146865522835,270.0,0.1,1000.0,0.0,0.0,-87.14766155549204,21.25,-65.89766155549204,0.0,-65.89766155549204,0.0,0.0,-594.0424860307064,94.66875,-499.37373603070716,0.0,-499.37373603070716
radiation,shade,4460.0,74.333333,284.1364165925432,270.0,0.1,1000.0,0.0,0.0,-87.07826083865677,21.25,-65.82826083865677,0.0,-65.82826083865677,0.0,0.0,-594.4778773348997,94.775,-499.70287733490045,0.0,-499.70287733490045
radiation,shade,4465.0,74.416667,284.125978665422,270.0,0.1,1000.0,0.0,0.0,-87.00894086357492,21.25,-65.75894086357492,0.0,-65.75894086357492,0.0,0.0,-594.9129220392176,94.88125,-500.0316720392183,0.0,-500.0316720392183
radiation,shade,4470.0,74.5,284.1155517286727,270.0,0.1,1000.0,0.0,0.0,-86.93970152048577,21.25,-65.68970152048577,0.0,-65.68970152048577,0.0,0.0,-595.34762054682,94.9875,-500.3601205468207,0.0,-500.3601205468207
radiation,shade,4475.0,74.583333,284.105135769514,270.0,0.1,1000.0,0.0,0.0,-86.8705426998109,21.25,-65.6205426998109,0.0,-65.6205426998109,0.0,0.0,-595.7819732603192,95.09375,-500.6882232603198,0.0,-500.6882232603198
radiation,shade,4480.0,74.666667,284.0947307751819,270.0,0.1,1000.0,0.0,0.0,-86.80146429215407,21.25,-65.55146429215407,0.0,-65.55146429215407,0.0,0.0,-596.21598058178,95.2,-501.0159805817805,0.0,-501.0159805817805
radiation,shade,4485.0,74.75,284.0843367329298,270.0,0.1,1000.0,0.0,0.0,-86.73246618830005,21.25,-65.48246618830005,0.0,-65.48246618830005,0.0,0.0,-596.6496429127214,95.30625,-501.34339291272204,0.0,-501.34339291272204
radiation,shade,4490.0,74.833333,284.0739536300283,270.0,0.1,1000.0,0.0,0.0,-86.66354827921418,21.25,-65.41354827921418,0.0,-65.41354827921418,0.0,0.0,-597.0829606541175,95.4125,-501.6704606541181,0.0,-501.6704606541181
radiation,shade,4495.0,74.916667,284.06358145376544,270.0,0.1,1000.0,0.0,0.0,-86.59471045604309,21.25,-65.34471045604309,0.0,-65.34471045604309,0.0,0.0,-597.5159342063978,95.51875,-501.99718420639834,0.0,-501.99718420639834
radiation,shade,4500.0,75.0,284.05322019144637,270.0,0.1,1000.0,0.0,0.0,-86.52595261011311,21.25,-65.27595261011311,0.0,-65.27595261011311,0.0,0.0,-597.9485639694483,95.625,-502.3235639694489,0.0,-502.3235639694489
radiation,shade,4505.0,75.083333,284.0428698303935,270.0,0.1,1000.0,0.0,0.0,-86.45727463293068,21.25,-65.20727463293068,0.0,-65.20727463293068,0.0,0.0,-598.3808503426129,95.73125,-502.6496003426136,0.0,-502.6496003426136
radiation,shade,4510.0,75.166667,284.0325303579465,270.0,0.1,1000.0,0.0,0.0,-86.38867641618138,21.25,-65.13867641618138,0.0,-65.13867641618138,0.0,0.0,-598.8127937246938,95.8375,-502.9752937246945,0.0,-502.9752937246945
radiation,shade,4515.0,75.25,284.0222017614621,270.0,0.1,1000.0,0.0,0.0,-86.32015785173063,21.25,-65.07015785173063,0.0,-65.07015785173063,0.0,0.0,-599.2443945139524,95.94375,-503.30064451395316,0.0,-503.30064451395316
radiation,shade,4520.0,75.333333,284.0118840283142,270.0,0.1,1000.0,0.0,0.0,-86.25171883162193,21.25,-65.00171883162193,0.0,-65.00171883162193,0.0,0.0,-599.6756531081105,96.05,-503.6256531081113,0.0,-503.6256531081113
radiation,shade,4525.0,75.416667,284.0015771458939,270.0,0.1,1000.0,0.0,0.0,-86.18335924807731,21.25,-64.93335924807731,0.0,-64.93335924807731,0.0,0.0,-600.1065699043509,96.15625,-503.95031990435166,0.0,-503.95031990435166
radiation,shade,4530.0,75.5,283.9912811016092,270.0,0.1,1000.0,0.0,0.0,-86.11507899349704,21.25,-64.86507899349704,0.0,-64.86507899349704,0.0,0.0,-600.5371452993184,96.2625,-504.27464529931916,0.0,-504.27464529931916
radiation,shade,4535.0,75.583333,283.98099588288534,270.0,0.1,1000.0,0.0,0.0,-86.04687796045853,21.25,-64.79687796045853,0.0,-64.79687796045853,0.0,0.0,-600.9673796891207,96.36875,-504.5986296891214,0.0,-504.5986296891214
radiation,shade,4540.0,75.666667,283.97072147716443,270.0,0.1,1000.0,0.0,0.0,-85.97875604171745,21.25,-64.72875604171745,0.0,-64.72875604171745,0.0,0.0,-601.3972734693292,96.475,-504.92227346933004,0.0,-504.92227346933004
radiation,shade,4545.0,75.75,283.96045787190565,270.0,0.1,1000.0,0.0,0.0,-85.91071313020566,21.25,-64.66071313020566,0.0,-64.66071313020566,0.0,0.0,-601.8268270349803,96.58125,-505.24557703498107,0.0,-505.24557703498107
radiation,shade,4550.0,75.833333,283.9502050545852,270.0,0.1,1000.0,0.0,0.0,-85.84274911903168,21.25,-64.59274911903168,0.0,-64.59274911903168,0.0,0.0,-602.2560407805755,96.6875,-505.5685407805762,0.0,-505.5685407805762
radiation,shade,4555.0,75.916667,283.93996301269607,270.0,0.1,1000.0,0.0,0.0,-85.77486390148097,21.25,-64.52486390148097,0.0,-64.52486390148097,0.0,0.0,-602.6849151000829,96.79375,-505.8911651000836,0.0,-505.8911651000836
radiation,shade,4560.0,76.0,283.92973173374827,270.0,0.1,1000.0,0.0,0.0,-85.70705737101389,21.25,-64.45705737101389,0.0,-64.45705737101389,0.0,0.0,-603.113450386938,96.9,-506.21345038693863,0.0,-506.21345038693863
radiation,shade,4565.0,76.083333,283.9195112052687,270.0,0.1,1000.0,0.0,0.0,-85.63932942126675,21.25,-64.38932942126675,0.0,-64.38932942126675,0.0,0.0,-603.5416470340442,97.00625,-506.53539703404493,0.0,-506.53539703404493
radiation,shade,4570.0,76.166667,283.90930141480106,270.0,0.1,1000.0,0.0,0.0,-85.57167994605122,21.25,-64.32167994605122,0.0,-64.32167994605122,0.0,0.0,-603.9695054337745,97.1125,-506.8570054337752,0.0,-506.8570054337752
radiation,shade,4575.0,76.25,283.89910234990595,270.0,0.1,1000.0,0.0,0.0,-85.50410883935372,21.25,-64.25410883935372,0.0,-64.25410883935372,0.0,0.0,-604.3970259779712,97.21875,-507.17827597797196,0.0,-507.17827597797196
radiation,shade,4580.0,76.333333,283.88891399816066,270.0,0.1,1000.0,0.0,0.0,-85.43661599533515,21.25,-64.18661599533515,0.0,-64.18661599533515,0.0,0.0,-604.824209057948,97.325,-507.49920905794863,0.0,-507.49920905794863
radiation,shade,4585.0,76.416667,283.87873634715936,270.0,0.1,1000.0,0.0,0.0,-85.36920130833018,21.25,-64.11920130833018,0.0,-64.11920130833018,0.0,0.0,-605.2510550644896,97.43125,-507.81980506449025,0.0,-507.81980506449025
radiation,shade,4590.0,76.5,283.86856938451285,270.0,0.1,1000.0,0.0,0.0,-85.30186467284769,21.25,-64.05186467284769,0.0,-64.05186467284769,0.0,0.0,-605.6775643878539,97.5375,-508.14006438785447,0.0,-508.14006438785447
radiation,shade,4595.0,76.583333,283.85841309784877,270.0,0.1,1000.0,0.0,0.0,-85.23460598356938,21.25,-63.98460598356938,0.0,-63.98460598356938,0.0,0.0,-606.1037374177718,97.64375,-508.45998741777237,0.0,-508.45998741777237
radiation,shade,4600.0,76.666667,283.8482674748114,270.0,0.1,1000.0,0.0,0.0,-85.16742513535071,21.25,-63.91742513535071,0.0,-63.91742513535071,0.0,0.0,-606.5295745434485,97.75,-508.7795745434491,0.0,-508.7795745434491
radiation,shade,4605.0,76.75,283.8381325030617,270.0,0.1,1000.0,0.0,0.0,-85.10032202321965,21.25,-63.85032202321965,0.0,-63.85032202321965,0.0,0.0,-606.9550761535646,97.85625,-509.0988261535652,0.0,-509.0988261535652
radiation,shade,4610.0,76.833333,283.82800817027714,270.0,0.1,1000.0,0.0,0.0,-85.03329654237655,21.25,-63.78329654237655,0.0,-63.78329654237655,0.0,0.0,-607.3802426362765,97.9625,-509.4177426362771,0.0,-509.4177426362771
radiation,shade,4615.0,76.916667,283.81789446415206,270.0,0.1,1000.0,0.0,0.0,-84.96634858819334,21.25,-63.71634858819334,0.0,-63.71634858819334,0.0,0.0,-607.8050743792174,98.06875,-509.7363243792181,0.0,-509.7363243792181
radiation,shade,4620.0,77.0,283.8077913723971,270.0,0.1,1000.0,0.0,0.0,-84.89947805621455,21.25,-63.64947805621455,0.0,-63.64947805621455,0.0,0.0,-608.2295717694985,98.175,-510.05457176949915,0.0,-510.05457176949915
radiation,shade,4625.0,77.083333,283.7976988827396,270.0,0.1,1000.0,0.0,0.0,-84.83268484215495,21.25,-63.58268484215495,0.0,-63.58268484215495,0.0,0.0,-608.6537351937093,98.28125,-510.37248519370996,0.0,-510.37248519370996
radiation,shade,4630.0,77.166667,283.78761698292345,270.0,0.1,1000.0,0.0,0.0,-84.7659688419009,21.25,-63.5159688419009,0.0,-63.5159688419009,0.0,0.0,-609.0775650379187,98.3875,-510.69006503791945,0.0,-510.69006503791945
radiation,shade,4635.0,77.25,283.77754566070894,270.0,0.1,1000.0,0.0,0.0,-84.69932995150957,21.25,-63.44932995150957,0.0,-63.44932995150957,0.0,0.0,-609.5010616876763,98.49375,-511.007311687677,0.0,-511.007311687677
radiation,shade,4640.0,77.333333,283.76748490387286,270.0,0.1,1000.0,0.0,0.0,-84.63276806720799,21.25,-63.38276806720799,0.0,-63.38276806720799,0.0,0.0,-609.9242255280122,98.6,-511.324225528013,0.0,-511.324225528013
radiation,shade,4645.0,77.416667,283.75743470020853,270.0,0.1,1000.0,0.0,0.0,-84.56628308539317,21.25,-63.31628308539317,0.0,-63.31628308539317,0.0,0.0,-610.3470569434392,98.70625,-511.64080694344,0.0,-511.64080694344
radiation,shade,4650.0,77.5,283.74739503752556,270.0,0.1,1000.0,0.0,0.0,-84.49987490263233,21.25,-63.24987490263233,0.0,-63.24987490263233,0.0,0.0,-610.7695563179524,98.8125,-511.9570563179532,0.0,-511.9570563179532
radiation,shade,4655.0,77.583333,283.7373659036501,270.0,0.1,1000.0,0.0,0.0,-84.43354341566115,21.25,-63.18354341566115,0.0,-63.18354341566115,0.0,0.0,-611.1917240350307,98.91875,-512.2729740350314,0.0,-512.2729740350314
radiation,shade,4660.0,77.666667,283.72734728642445,270.0,0.1,1000.0,0.0,0.0,-84.36728852138494,21.25,-63.117288521384936,0.0,-63.117288521384936,0.0,0.0,-611.6135604776375,99.025,-512.5885604776383,0.0,-512.5885604776383
radiation,shade,4665.0,77.75,283.7173391737075,270.0,0.1,1000.0,0.0,0.0,-84.30111011687703,21.25,-63.05111011687703,0.0,-63.05111011687703,0.0,0.0,-612.035066028222,99.13125,-512.9038160282228,0.0,-512.9038160282228
radiation,shade,4670.0,77.833333,283.70734155337425,270.0,0.1,1000.0,0.0,0.0,-84.23500809937963,21.25,-62.98500809937963,0.0,-62.98500809937963,0.0,0.0,-612.4562410687188,99.2375,-513.2187410687197,0.0,-513.2187410687197
radiation,shade,4675.0,77.916667,283.69735441331613,270.0,0.1,1000.0,0.0,0.0,-84.16898236630222,21.25,-62.91898236630222,0.0,-62.91898236630222,0.0,0.0,-612.8770859805504,99.34375,-513.5333359805512,0.0,-513.5333359805512
radiation,shade,4680.0,78.0,283.6873777414407,270.0,0.1,1000.0,0.0,0.0,-84.10303281522255,21.25,-62.85303281522255,0.0,-62.85303281522255,0.0,0.0,-613.2976011446265,99.45,-513.8476011446273,0.0,-513.8476011446273
radiation,shade,4685.0,78.083333,283.6774115256718,270.0,0.1,1000.0,0.0,0.0,-84.03715934388478,21.25,-62.78715934388478,0.0,-62.78715934388478,0.0,0.0,-613.7177869413459,99.55625,-514.1615369413468,0.0,-514.1615369413468
radiation,shade,4690.0,78.166667,283.6674557539495,270.0,0.1,1000.0,0.0,0.0,-83.97136185020071,21.25,-62.72136185020071,0.0,-62.72136185020071,0.0,0.0,-614.1376437505969,99.6625,-514.4751437505978,0.0,-514.4751437505978
radiation,shade,4695.0,78.25,283.6575104142301,270.0,0.1,1000.0,0.0,0.0,-83.9056402322485,21.25,-62.6556402322485,0.0,-62.6556402322485,0.0,0.0,-614.557171951758,99.76875,-514.788421951759,0.0,-514.788421951759
radiation,shade,4700.0,78.333333,283.6475754944859,270.0,0.1,1000.0,0.0,0.0,-83.83999438827254,21.25,-62.589994388272544,0.0,-62.589994388272544,0.0,0.0,-614.9763719236995,99.875,-515.1013719237004,0.0,-515.1013719237004
radiation,shade,4705.0,78.416667,283.6376509827055,270.0,0.1,1000.0,0.0,0.0,-83.77442421668326,21.25,-62.52442421668326,0.0,-62.52442421668326,0.0,0.0,-615.395244044783,99.98125,-515.4139940447839,0.0,-515.4139940447839
radiation,shade,4710.0,78.5,283.62773686689343,270.0,0.1,1000.0,0.0,0.0,-83.70892961605655,21.25,-62.45892961605655,0.0,-62.45892961605655,0.0,0.0,-615.8137886928632,100.0875,-515.7262886928642,0.0,-515.7262886928642
radiation,shade,4715.0,78.583333,283.6178331350704,270.0,0.1,1000.0,0.0,0.0,-83.64351048513345,21.25,-62.39351048513345,0.0,-62.39351048513345,0.0,0.0,-616.2320062452889,100.19375,-516.0382562452899,0.0,-516.0382562452899
radiation,shade,4720.0,78.666667,283.6079397752731,270.0,0.1,1000.0,0.0,0.0,-83.57816672282003,21.25,-62.32816672282003,0.0,-62.32816672282003,0.0,0.0,-616.6498970789029,100.3,-516.349897078904,0.0,-516.349897078904
radiation,shade,4725.0,78.75,283.59805677555437,270.0,0.1,1000.0,0.0,0.0,-83.51289822818703,21.25,-62.26289822818703,0.0,-62.26289822818703,0.0,0.0,-617.0674615700439,100.40625,-516.6612115700449,0.0,-516.6612115700449
radiation,shade,4730.0,78.833333,283.58818412398284,270.0,0.1,1000.0,0.0,0.0,-83.44770490046957,21.25,-62.197704900469574,0.0,-62.197704900469574,0.0,0.0,-617.4847000945462,100.5125,-516.9722000945472,0.0,-516.9722000945472
radiation,shade,4735.0,78.916667,283.5783218086433,270.0,0.1,1000.0,0.0,0.0,-83.38258663906616,21.25,-62.13258663906616,0.0,-62.13258663906616,0.0,0.0,-617.9016130277415,100.61875,-517.2828630277426,0.0,-517.2828630277426
radiation,shade,4740.0,79.0,283.5684698176364,270.0,0.1,1000.0,0.0,0.0,-83.31754334353955,21.25,-62.067543343539555,0.0,-62.067543343539555,0.0,0.0,-618.3182007444593,100.725,-517.5932007444603,0.0,-517.5932007444603
radiation,shade,4745.0,79.083333,283.5586281390787,270.0,0.1,1000.0,0.0,0.0,-83.25257491361585,21.25,-62.002574913615845,0.0,-62.002574913615845,0.0,0.0,-618.7344636190275,100.83125,-517.9032136190283,0.0,-517.9032136190283
radiation,shade,4750.0,79.166667,283.5487967611026,270.0,0.1,1000.0,0.0,0.0,-83.1876812491832,21.25,-61.9376812491832,0.0,-61.9376812491832,0.0,0.0,-619.1504020252733,100.9375,-518.2129020252743,0.0,-518.2129020252743
radiation,shade,4755.0,79.25,283.5389756718565,270.0,0.1,1000.0,0.0,0.0,-83.12286225029337,21.25,-61.872862250293366,0.0,-61.872862250293366,0.0,0.0,-619.5660163365247,101.04375,-518.5222663365257,0.0,-518.5222663365257
radiation,shade,4760.0,79.333333,283.5291648595046,270.0,0.1,1000.0,0.0,0.0,-83.05811781716002,21.25,-61.808117817160024,0.0,-61.808117817160024,0.0,0.0,-619.9813069256105,101.15,-518.8313069256114,0.0,-518.8313069256114
radiation,shade,4765.0,79.416667,283.5193643122268,270.0,0.1,1000.0,0.0,0.0,-82.99344785015896,21.25,-61.74344785015896,0.0,-61.74344785015896,0.0,0.0,-620.3962741648613,101.25625,-519.1400241648622,0.0,-519.1400241648622
radiation,shade,4770.0,79.5,283.50957401821887,270.0,0.1,1000.0,0.0,0.0,-82.92885224982764,21.25,-61.67885224982764,0.0,-61.67885224982764,0.0,0.0,-620.8109184261104,101.3625,-519.4484184261114,0.0,-519.4484184261114
radiation,shade,4775.0,79.583333,283.4997939656924,270.0,0.1,1000.0,0.0,0.0,-82.86433091686446,21.25,-61.61433091686446,0.0,-61.61433091686446,0.0,0.0,-621.2252400806948,101.46875,-519.7564900806957,0.0,-519.7564900806957
radiation,shade,4780.0,79.666667,283.4900241428746,270.0,0.1,1000.0,0.0,0.0,-82.79988375212965,21.25,-61.549883752129645,0.0,-61.549883752129645,0.0,0.0,-621.6392394994555,101.575,-520.0642394994563,0.0,-520.0642394994563
radiation,shade,4785.0,79.75,283.48026453800844,270.0,0.1,1000.0,0.0,0.0,-82.73551065664323,21.25,-61.48551065664323,0.0,-61.48551065664323,0.0,0.0,-622.0529170527386,101.68125,-520.3716670527396,0.0,-520.3716670527396
radiation,shade,4790.0,79.833333,283.47051513935264,270.0,0.1,1000.0,0.0,0.0,-82.67121153158651,21.25,-61.42121153158651,0.0,-61.42121153158651,0.0,0.0,-622.4662731103966,101.7875,-520.6787731103975,0.0,-520.6787731103975
radiation,shade,4795.0,79.916667,283.46077593518146,270.0,0.1,1000.0,0.0,0.0,-82.60698627830027,21.25,-61.35698627830027,0.0,-61.35698627830027,0.0,0.0,-622.879308041788,101.89375,-520.985558041789,0.0,-520.985558041789
radiation,shade,4800.0,80.0,283.4510469137849,270.0,0.1,1000.0,0.0,0.0,-82.5428347982849,21.25,-61.2928347982849,0.0,-61.2928347982849,0.0,0.0,-623.2920222157795,102.0,-521.2920222157804,0.0,-521.2920222157804
radiation,shade,4805.0,80.083333,283.4413280634685,270.0,0.1,1000.0,0.0,0.0,-82.47875699320119,21.25,-61.22875699320119,0.0,-61.22875699320119,0.0,0.0,-623.7044160007455,102.10625,-521.5981660007465,0.0,-521.5981660007465
radiation,shade,4810.0,80.166667,283.4316193725535,270.0,0.1,1000.0,0.0,0.0,-82.4147527648678,21.25,-61.1647527648678,0.0,-61.1647527648678,0.0,0.0,-624.1164897645698,102.2125,-521.9039897645708,0.0,-521.9039897645708
radiation,shade,4815.0,80.25,283.42192082937646,270.0,0.1,1000.0,0.0,0.0,-82.35082201526333,21.25,-61.10082201526333,0.0,-61.10082201526333,0.0,0.0,-624.5282438746461,102.31875,-522.209493874647,0.0,-522.209493874647
radiation,shade,4820.0,80.333333,283.4122324222897,270.0,0.1,1000.0,0.0,0.0,-82.28696464652397,21.25,-61.03696464652397,0.0,-61.03696464652397,0.0,0.0,-624.9396786978788,102.425,-522.5146786978797,0.0,-522.5146786978797
radiation,shade,4825.0,80.416667,283.402554139661,270.0,0.1,1000.0,0.0,0.0,-82.22318056094458,21.25,-60.973180560944584,0.0,-60.973180560944584,0.0,0.0,-625.3507946006835,102.53125,-522.8195446006845,0.0,-522.8195446006845
radiation,shade,4830.0,80.5,283.39288596987353,270.0,0.1,1000.0,0.0,0.0,-82.15946966097769,21.25,-60.90946966097769,0.0,-60.90946966097769,0.0,0.0,-625.7615919489883,102.6375,-523.1240919489893,0.0,-523.1240919489893
radiation,shade,4835.0,80.583333,283.38322790132605,270.0,0.1,1000.0,0.0,0.0,-82.09583184923362,21.25,-60.84583184923362,0.0,-60.84583184923362,0.0,0.0,-626.1720711082346,102.74375,-523.4283211082354,0.0,-523.4283211082354
radiation,shade,4840.0,80.666667,283.37357992243267,270.0,0.1,1000.0,0.0,0.0,-82.03226702847981,21.25,-60.78226702847981,0.0,-60.78226702847981,0.0,0.0,-626.582232443377,102.85,-523.7322324433778,0.0,-523.7322324433778
radiation,shade,4845.0,80.75,283.3639420216229,270.0,0.1,1000.0,0.0,0.0,-81.96877510164057,21.25,-60.718775101640574,0.0,-60.718775101640574,0.0,0.0,-626.9920763188852,102.95625,-524.035826318886,0.0,-524.035826318886
radiation,shade,4850.0,80.833333,283.3543141873417,270.0,0.1,1000.0,0.0,0.0,-81.90535597179674,21.25,-60.65535597179674,0.0,-60.65535597179674,0.0,0.0,-627.4016030987442,103.0625,-524.3391030987451,0.0,-524.3391030987451
radiation,shade,4855.0,80.916667,283.3446964080493,270.0,0.1,1000.0,0.0,0.0,-81.84200954218572,21.25,-60.59200954218572,0.0,-60.59200954218572,0.0,0.0,-627.8108131464551,103.16875,-524.642063146456,0.0,-524.642063146456
radiation,shade,4860.0,81.0,283.33508867222133,270.0,0.1,1000.0,0.0,0.0,-81.77873571620067,21.25,-60.52873571620067,0.0,-60.52873571620067,0.0,0.0,-628.219706825036,103.275,-524.944706825037,0.0,-524.944706825037
radiation,shade,4865.0,81.083333,283.32549096834873,270.0,0.1,1000.0,0.0,0.0,-81.71553439739066,21.25,-60.465534397390655,0.0,-60.465534397390655,0.0,0.0,-628.6282844970231,103.38125,-525.2470344970241,0.0,-525.2470344970241
radiation,shade,4870.0,81.166667,283.3159032849377,270.0,0.1,1000.0,0.0,0.0,-81.6524054894599,21.25,-60.402405489459895,0.0,-60.402405489459895,0.0,0.0,-629.0365465244704,103.4875,-525.5490465244714,0.0,-525.5490465244714
radiation,shade,4875.0,81.25,283.3063256105097,270.0,0.1,1000.0,0.0,0.0,-81.58934889626786,21.25,-60.339348896267865,0.0,-60.339348896267865,0.0,0.0,-629.4444932689518,103.59375,-525.8507432689527,0.0,-525.8507432689527
radiation,shade,4880.0,81.333333,283.2967579336015,270.0,0.1,1000.0,0.0,0.0,-81.52636452182895,21.25,-60.27636452182895,0.0,-60.27636452182895,0.0,0.0,-629.8521250915609,103.7,-526.1521250915619,0.0,-526.1521250915619
radiation,shade,4885.0,81.416667,283.2872002427649,270.0,0.1,1000.0,0.0,0.0,-81.46345227031205,21.25,-60.21345227031205,0.0,-60.21345227031205,0.0,0.0,-630.2594423529124,103.80625,-526.4531923529133,0.0,-526.4531923529133
radiation,shade,4890.0,81.5,283.2776525265671,270.0,0.1,1000.0,0.0,0.0,-81.40061204603951,21.25,-60.15061204603951,0.0,-60.15061204603951,0.0,0.0,-630.6664454131426,103.9125,-526.7539454131435,0.0,-526.7539454131435
radiation,shade,4895.0,81.583333,283.26811477359036,270.0,0.1,1000.0,0.0,0.0,-81.33784375348824,21.25,-60.087843753488244,0.0,-60.087843753488244,0.0,0.0,-631.07313463191,104.01875,-527.0543846319109,0.0,-527.0543846319109
radiation,shade,4900.0,81.666667,283.25858697243206,270.0,0.1,1000.0,0.0,0.0,-81.27514729728865,21.25,-60.025147297288655,0.0,-60.025147297288655,0.0,0.0,-631.4795103683964,104.125,-527.3545103683973,0.0,-527.3545103683973
radiation,shade,4905.0,81.75,283.2490691117047,270.0,0.1,1000.0,0.0,0.0,-81.21252258222441,21.25,-59.96252258222441,0.0,-59.96252258222441,0.0,0.0,-631.8855729813075,104.23125,-527.6543229813085,0.0,-527.6543229813085
radiation,shade,4910.0,81.833333,283.23956118003593,270.0,0.1,1000.0,0.0,0.0,-81.14996951323191,21.25,-59.89996951323191,0.0,-59.89996951323191,0.0,0.0,-632.2913228288736,104.3375,-527.9538228288745,0.0,-527.9538228288745
radiation,shade,4915.0,81.916667,283.2300631660684,270.0,0.1,1000.0,0.0,0.0,-81.08748799540011,21.25,-59.83748799540011,0.0,-59.83748799540011,0.0,0.0,-632.6967602688507,104.44375,-528.2530102688515,0.0,-528.2530102688515
radiation,shade,4920.0,82.0,283.2205750584599,270.0,0.1,1000.0,0.0,0.0,-81.02507793397085,21.25,-59.77507793397085,0.0,-59.77507793397085,0.0,0.0,-633.1018856585205,104.55,-528.5518856585214,0.0,-528.5518856585214
radiation,shade,4925.0,82.083333,283.211096845883,270.0,0.1,1000.0,0.0,0.0,-80.9627392343377,21.25,-59.712739234337704,0.0,-59.712739234337704,0.0,0.0,-633.5066993546923,104.65625,-528.8504493546932,0.0,-528.8504493546932
radiation,shade,4930.0,82.166667,283.20162851702554,270.0,0.1,1000.0,0.0,0.0,-80.90047180204574,21.25,-59.65047180204574,0.0,-59.65047180204574,0.0,0.0,-633.9112017137026,104.7625,-529.1487017137034,0.0,-529.1487017137034
radiation,shade,4935.0,82.25,283.1921700605902,270.0,0.1,1000.0,0.0,0.0,-80.83827554279198,21.25,-59.588275542791976,0.0,-59.588275542791976,0.0,0.0,-634.3153930914165,104.86875,-529.4466430914174,0.0,-529.4466430914174
radiation,shade,4940.0,82.333333,283.18272146529455,270.0,0.1,1000.0,0.0,0.0,-80.77615036242419,21.25,-59.52615036242419,0.0,-59.52615036242419,0.0,0.0,-634.7192738432286,104.975,-529.7442738432295,0.0,-529.7442738432295
radiation,shade,4945.0,82.416667,283.1732827198712,270.0,0.1,1000.0,0.0,0.0,-80.71409616694133,21.25,-59.46409616694133,0.0,-59.46409616694133,0.0,0.0,-635.1228443240633,105.08125,-530.0415943240642,0.0,-530.0415943240642
radiation,shade,4950.0,82.5,283.16385381306765,270.0,0.1,1000.0,0.0,0.0,-80.6521128624928,21.25,-59.4021128624928,0.0,-59.4021128624928,0.0,0.0,-635.5261048883757,105.1875,-530.3386048883766,0.0,-530.3386048883766
radiation,shade,4955.0,82.583333,283.15443473364616,270.0,0.1,1000.0,0.0,0.0,-80.59020035537823,21.25,-59.34020035537823,0.0,-59.34020035537823,0.0,0.0,-635.9290558901525,105.29375,-530.6353058901535,0.0,-530.6353058901535
radiation,shade,4960.0,82.666667,283.1450254703839,270.0,0.1,1000.0,0.0,0.0,-80.52835855204741,21.25,-59.27835855204741,0.0,-59.27835855204741,0.0,0.0,-636.3316976829128,105.4,-530.9316976829138,0.0,-530.9316976829138
radiation,shade,4965.0,82.75,283.135626012073,270.0,0.1,1000.0,0.0,0.0,-80.46658735909963,21.25,-59.216587359099634,0.0,-59.216587359099634,0.0,0.0,-636.7340306197084,105.50625,-531.2277806197093,0.0,-531.2277806197093
radiation,shade,4970.0,82.833333,283.1262363475201,270.0,0.1,1000.0,0.0,0.0,-80.40488668328369,21.25,-59.15488668328369,0.0,-59.15488668328369,0.0,0.0,-637.1360550531248,105.6125,-531.5235550531257,0.0,-531.5235550531257
radiation,shade,4975.0,82.916667,283.11685646554685,270.0,0.1,1000.0,0.0,0.0,-80.3432564314974,21.25,-59.093256431497394,0.0,-59.093256431497394,0.0,0.0,-637.5377713352823,105.71875,-531.8190213352832,0.0,-531.8190213352832
radiation,shade,4980.0,83.0,283.1074863549896,270.0,0.1,1000.0,0.0,0.0,-80.28169651078737,21.25,-59.03169651078737,0.0,-59.03169651078737,0.0,0.0,-637.9391798178361,105.825,-532.1141798178371,0.0,-532.1141798178371
radiation,shade,4985.0,83.083333,283.0981260046994,270.0,0.1,1000.0,0.0,0.0,-80.22020682834878,21.25,-58.97020682834878,0.0,-58.97020682834878,0.0,0.0,-638.3402808519779,105.93125,-532.4090308519789,0.0,-532.4090308519789
radiation,shade,4990.0,83.166667,283.088775403542,270.0,0.1,1000.0,0.0,0.0,-80.15878729152524,21.25,-58.90878729152524,0.0,-58.90878729152524,0.0,0.0,-638.7410747884355,106.0375,-532.7035747884364,0.0,-532.7035747884364
radiation,shade,4995.0,83.25,283.0794345403979,270.0,0.1,1000.0,0.0,0.0,-80.09743780780771,21.25,-58.84743780780771,0.0,-58.84743780780771,0.0,0.0,-639.1415619774745,106.14375,-532.9978119774754,0.0,-532.9978119774754
radiation,shade,5000.0,83.333333,283.07010340416224,270.0,0.1,1000.0,0.0,0.0,-80.03615828483564,21.25,-58.786158284835636,0.0,-58.786158284835636,0.0,0.0,-639.5417427688986,106.25,-533.2917427688996,0.0,-533.2917427688996
radiation,shade,5005.0,83.416667,283.06078198374473,270.0,0.1,1000.0,0.0,0.0,-79.97494863039513,21.25,-58.72494863039513,0.0,-58.72494863039513,0.0,0.0,-639.9416175120506,106.35625,-533.5853675120514,0.0,-533.5853675120514
radiation,shade,5010.0,83.5,283.05147026806975,270.0,0.1,1000.0,0.0,0.0,-79.91380875241974,21.25,-58.66380875241974,0.0,-58.66380875241974,0.0,0.0,-640.3411865558126,106.4625,-533.8786865558135,0.0,-533.8786865558135
radiation,shade,5015.0,83.583333,283.04216824607624,270.0,0.1,1000.0,0.0,0.0,-79.85273855898963,21.25,-58.60273855898963,0.0,-58.60273855898963,0.0,0.0,-640.7404502486075,106.56875,-534.1717002486084,0.0,-534.1717002486084
radiation,shade,5020.0,83.666667,283.0328759067178,270.0,0.1,1000.0,0.0,0.0,-79.79173795833148,21.25,-58.54173795833148,0.0,-58.54173795833148,0.0,0.0,-641.1394089383991,106.675,-534.4644089384001,0.0,-534.4644089384001
radiation,shade,5025.0,83.75,283.0235932389624,270.0,0.1,1000.0,0.0,0.0,-79.73080685881847,21.25,-58.48080685881847,0.0,-58.48080685881847,0.0,0.0,-641.5380629726932,106.78125,-534.7568129726942,0.0,-534.7568129726942
radiation,shade,5030.0,83.833333,283.01432023179274,270.0,0.1,1000.0,0.0,0.0,-79.6699451689693,21.25,-58.419945168969306,0.0,-58.419945168969306,0.0,0.0,-641.936412698538,106.8875,-535.048912698539,0.0,-535.048912698539
radiation,shade,5035.0,83.916667,283.0050568742058,270.0,0.1,1000.0,0.0,0.0,-79.60915279744869,21.25,-58.35915279744869,0.0,-58.35915279744869,0.0,0.0,-642.3344584625253,106.99375,-535.3407084625262,0.0,-535.3407084625262
radiation,shade,5040.0,84.0,282.99580315521325,270.0,0.1,1000.0,0.0,0.0,-79.54842965306631,21.25,-58.29842965306631,0.0,-58.29842965306631,0.0,0.0,-642.7322006107906,107.1,-535.6322006107915,0.0,-535.6322006107915
radiation,shade,5045.0,84.083333,282.98655906384107,270.0,0.1,1000.0,0.0,0.0,-79.4877756447773,21.25,-58.2377756447773,0.0,-58.2377756447773,0.0,0.0,-643.1296394890145,107.20625,-535.9233894890154,0.0,-535.9233894890154
radiation,shade,5050.0,84.166667,282.9773245891297,270.0,0.1,1000.0,0.0,0.0,-79.42719068168151,21.25,-58.17719068168151,0.0,-58.17719068168151,0.0,0.0,-643.526775442423,107.3125,-536.2142754424239,0.0,-536.2142754424239
radiation,shade,5055.0,84.25,282.968099720134,270.0,0.1,1000.0,0.0,0.0,-79.36667467302325,21.25,-58.116674673023255,0.0,-58.116674673023255,0.0,0.0,-643.923608815788,107.41875,-536.504858815789,0.0,-536.504858815789
radiation,shade,5060.0,84.333333,282.95888444592316,270.0,0.1,1000.0,0.0,0.0,-79.30622752819092,21.25,-58.05622752819092,0.0,-58.05622752819092,0.0,0.0,-644.320139953429,107.525,-536.79513995343,0.0,-536.79513995343
radiation,shade,5065.0,84.416667,282.9496787555808,270.0,0.1,1000.0,0.0,0.0,-79.24584915671714,21.25,-57.99584915671714,0.0,-57.99584915671714,0.0,0.0,-644.7163691992125,107.63125,-537.0851191992134,0.0,-537.0851191992134
radiation,shade,5070.0,84.5,282.9404826382049,270.0,0.1,1000.0,0.0,0.0,-79.18553946827785,21.25,-57.93553946827785,0.0,-57.93553946827785,0.0,0.0,-645.112296896554,107.7375,-537.3747968965549,0.0,-537.3747968965549
radiation,shade,5075.0,84.583333,282.93129608290764,270.0,0.1,1000.0,0.0,0.0,-79.12529837269311,21.25,-57.87529837269311,0.0,-57.87529837269311,0.0,0.0,-645.5079233884175,107.84375,-537.6641733884184,0.0,-537.6641733884184
radiation,shade,5080.0,84.666667,282.92211907881557,270.0,0.1,1000.0,0.0,0.0,-79.06512577992497,21.25,-57.81512577992497,0.0,-57.81512577992497,0.0,0.0,-645.9032490173171,107.95,-537.9532490173181,0.0,-537.9532490173181
radiation,shade,5085.0,84.75,282.9129516150695,270.0,0.1,1000.0,0.0,0.0,-79.00502160007932,21.25,-57.75502160007932,0.0,-57.75502160007932,0.0,0.0,-646.2982741253174,108.05625,-538.2420241253184,0.0,-538.2420241253184
radiation,shade,5090.0,84.833333,282.90379368082455,270.0,0.1,1000.0,0.0,0.0,-78.94498574340439,21.25,-57.69498574340439,0.0,-57.69498574340439,0.0,0.0,-646.6929990540344,108.1625,-538.5304990540354,0.0,-538.5304990540354
radiation,shade,5095.0,84.916667,282.8946452652499,270.0,0.1,1000.0,0.0,0.0,-78.88501812029054,21.25,-57.63501812029054,0.0,-57.63501812029054,0.0,0.0,-647.0874241446359,108.26875,-538.8186741446368,0.0,-538.8186741446368
radiation,shade,5100.0,85.0,282.88550635752904,270.0,0.1,1000.0,0.0,0.0,-78.82511864126988,21.25,-57.57511864126988,0.0,-57.57511864126988,0.0,0.0,-647.4815497378423,108.375,-539.1065497378432,0.0,-539.1065497378432
radiation,shade,5105.0,85.083333,282.8763769468597,270.0,0.1,1000.0,0.0,0.0,-78.76528721701669,21.25,-57.51528721701669,0.0,-57.51528721701669,0.0,0.0,-647.8753761739273,108.48125,-539.3941261739283,0.0,-539.3941261739283
radiation,shade,5110.0,85.166667,282.8672570224536,270.0,0.1,1000.0,0.0,0.0,-78.70552375834689,21.25,-57.455523758346885,0.0,-57.455523758346885,0.0,0.0,-648.2689037927191,108.5875,-539.6814037927201,0.0,-539.6814037927201
radiation,shade,5115.0,85.25,282.8581465735367,270.0,0.1,1000.0,0.0,0.0,-78.6458281762168,21.25,-57.395828176216796,0.0,-57.395828176216796,0.0,0.0,-648.6621329336002,108.69375,-539.9683829336011,0.0,-539.9683829336011
radiation,shade,5120.0,85.333333,282.84904558934915,270.0,0.1,1000.0,0.0,0.0,-78.58620038172418,21.25,-57.33620038172418,0.0,-57.33620038172418,0.0,0.0,-649.0550639355089,108.8,-540.2550639355097,0.0,-540.2550639355097
radiation,shade,5125.0,85.416667,282.839954059145,270.0,0.1,1000.0,0.0,0.0,-78.5266402861078,21.25,-57.276640286107806,0.0,-57.276640286107806,0.0,0.0,-649.4476971369394,108.90625,-540.5414471369403,0.0,-540.5414471369403
radiation,shade,5130.0,85.5,282.8308719721925,270.0,0.1,1000.0,0.0,0.0,-78.46714780074598,21.25,-57.21714780074598,0.0,-57.21714780074598,0.0,0.0,-649.8400328759432,109.0125,-540.827532875944,0.0,-540.827532875944
radiation,shade,5135.0,85.583333,282.82179931777387,270.0,0.1,1000.0,0.0,0.0,-78.40772283715773,21.25,-57.157722837157735,0.0,-57.157722837157735,0.0,0.0,-650.2320714901289,109.11875,-541.1133214901298,0.0,-541.1133214901298
radiation,shade,5140.0,85.666667,282.81273608518546,270.0,0.1,1000.0,0.0,0.0,-78.34836530700157,21.25,-57.09836530700157,0.0,-57.09836530700157,0.0,0.0,-650.6238133166638,109.225,-541.3988133166648,0.0,-541.3988133166648
radiation,shade,5145.0,85.75,282.8036822637375,270.0,0.1,1000.0,0.0,0.0,-78.28907512207606,21.25,-57.039075122076056,0.0,-57.039075122076056,0.0,0.0,-651.0152586922742,109.33125,-541.6840086922751,0.0,-541.6840086922751
radiation,shade,5150.0,85.833333,282.7946378427543,270.0,0.1,1000.0,0.0,0.0,-78.22985219431838,21.25,-56.97985219431838,0.0,-56.97985219431838,0.0,0.0,-651.4064079532458,109.4375,-541.9689079532467,0.0,-541.9689079532467
radiation,shade,5155.0,85.916667,282.785602811574,270.0,0.1,1000.0,0.0,0.0,-78.1706964358051,21.25,-56.9206964358051,0.0,-56.9206964358051,0.0,0.0,-651.7972614354248,109.54375,-542.2535114354257,0.0,-542.2535114354257
radiation,shade,5160.0,86.0,282.7765771595488,270.0,0.1,1000.0,0.0,0.0,-78.11160775875142,21.25,-56.86160775875142,0.0,-56.86160775875142,0.0,0.0,-652.1878194742185,109.65,-542.5378194742194,0.0,-542.5378194742194
radiation,shade,5165.0,86.083333,282.7675608760448,270.0,0.1,1000.0,0.0,0.0,-78.05258607551151,21.25,-56.80258607551151,0.0,-56.80258607551151,0.0,0.0,-652.578082404596,109.75625,-542.821832404597,0.0,-542.821832404597
radiation,shade,5170.0,86.166667,282.75855395044186,270.0,0.1,1000.0,0.0,0.0,-77.99363129857709,21.25,-56.743631298577085,0.0,-56.743631298577085,0.0,0.0,-652.968050561089,109.8625,-543.1055505610899,0.0,-543.1055505610899
radiation,shade,5175.0,86.25,282.74955637213384,270.0,0.1,1000.0,0.0,0.0,-77.93474334057798,21.25,-56.68474334057798,0.0,-56.68474334057798,0.0,0.0,-653.3577242777918,109.96875,-543.3889742777927,0.0,-543.3889742777927
radiation,shade,5180.0,86.333333,282.7405681305284,270.0,0.1,1000.0,0.0,0.0,-77.87592211428182,21.25,-56.62592211428182,0.0,-56.62592211428182,0.0,0.0,-653.7471038883632,110.075,-543.6721038883642,0.0,-543.6721038883642
radiation,shade,5185.0,86.416667,282.73158921504705,270.0,0.1,1000.0,0.0,0.0,-77.81716753259376,21.25,-56.56716753259376,0.0,-56.56716753259376,0.0,0.0,-654.1361897260261,110.18125,-543.9549397260271,0.0,-543.9549397260271
radiation,shade,5190.0,86.5,282.72261961512504,270.0,0.1,1000.0,0.0,0.0,-77.75847950855604,21.25,-56.508479508556036,0.0,-56.508479508556036,0.0,0.0,-654.5249821235689,110.2875,-544.2374821235699,0.0,-544.2374821235699
radiation,shade,5195.0,86.583333,282.7136593202115,270.0,0.1,1000.0,0.0,0.0,-77.69985795534745,21.25,-56.449857955347454,0.0,-56.449857955347454,0.0,0.0,-654.9134814133457,110.39375,-544.5197314133466,0.0,-544.5197314133466
radiation,shade,5200.0,86.666667,282.7047083197692,270.0,0.1,1000.0,0.0,0.0,-77.64130278628407,21.25,-56.39130278628407,0.0,-56.39130278628407,0.0,0.0,-655.301687927277,110.5,-544.801687927278,0.0,-544.801687927278
radiation,shade,5205.0,86.75,282.6957666032748,270.0,0.1,1000.0,0.0,0.0,-77.58281391481792,21.25,-56.33281391481792,0.0,-56.33281391481792,0.0,0.0,-655.6896019968511,110.60625,-545.0833519968521,0.0,-545.0833519968521
radiation,shade,5210.0,86.833333,282.68683416021855,270.0,0.1,1000.0,0.0,0.0,-77.52439125453718,21.25,-56.27439125453718,0.0,-56.27439125453718,0.0,0.0,-656.0772239531237,110.7125,-545.3647239531247,0.0,-545.3647239531247
radiation,shade,5215.0,86.916667,282.6779109801044,270.0,0.1,1000.0,0.0,0.0,-77.46603471916583,21.25,-56.21603471916583,0.0,-56.21603471916583,0.0,0.0,-656.4645541267196,110.81875,-545.6458041267206,0.0,-545.6458041267206
radiation,shade,5220.0,87.0,282.66899705245004,270.0,0.1,1000.0,0.0,0.0,-77.40774422256355,21.25,-56.15774422256355,0.0,-56.15774422256355,0.0,0.0,-656.8515928478323,110.925,-545.9265928478333,0.0,-545.9265928478333
radiation,shade,5225.0,87.083333,282.6600923667867,270.0,0.1,1000.0,0.0,0.0,-77.34951967872531,21.25,-56.099519678725315,0.0,-56.099519678725315,0.0,0.0,-657.238340446226,111.03125,-546.2070904462269,0.0,-546.2070904462269
radiation,shade,5230.0,87.166667,282.6511969126595,270.0,0.1,1000.0,0.0,0.0,-77.29136100178079,21.25,-56.041361001780786,0.0,-56.041361001780786,0.0,0.0,-657.6247972512349,111.1375,-546.4872972512358,0.0,-546.4872972512358
radiation,shade,5235.0,87.25,282.6423106796268,270.0,0.1,1000.0,0.0,0.0,-77.2332681059954,21.25,-55.98326810599541,0.0,-55.98326810599541,0.0,0.0,-658.010963591765,111.24375,-546.7672135917659,0.0,-546.7672135917659
radiation,shade,5240.0,87.333333,282.6334336572608,270.0,0.1,1000.0,0.0,0.0,-77.17524090576818,21.25,-55.92524090576818,0.0,-55.92524090576818,0.0,0.0,-658.3968397962938,111.35,-547.0468397962946,0.0,-547.0468397962946
radiation,shade,5245.0,87.416667,282.6245658351472,270.0,0.1,1000.0,0.0,0.0,-77.1172793156326,21.25,-55.8672793156326,0.0,-55.8672793156326,0.0,0.0,-658.7824261928719,111.45625,-547.3261761928728,0.0,-547.3261761928728
radiation,shade,5250.0,87.5,282.6157072028853,270.0,0.1,1000.0,0.0,0.0,-77.05938325025657,21.25,-55.80938325025657,0.0,-55.80938325025657,0.0,0.0,-659.1677231091231,111.5625,-547.6052231091242,0.0,-547.6052231091242
radiation,shade,5255.0,87.583333,282.6068577500878,270.0,0.1,1000.0,0.0,0.0,-77.00155262444146,21.25,-55.75155262444146,0.0,-55.75155262444146,0.0,0.0,-659.5527308722454,111.66875,-547.8839808722463,0.0,-547.8839808722463
radiation,shade,5260.0,87.666667,282.59801746638095,270.0,0.1,1000.0,0.0,0.0,-76.94378735312233,21.25,-55.69378735312233,0.0,-55.69378735312233,0.0,0.0,-659.9374498090109,111.775,-548.1624498090118,0.0,-548.1624498090118
radiation,shade,5265.0,87.75,282.58918634140457,270.0,0.1,1000.0,0.0,0.0,-76.88608735136725,21.25,-55.63608735136725,0.0,-55.63608735136725,0.0,0.0,-660.3218802457677,111.88125,-548.4406302457687,0.0,-548.4406302457687
radiation,shade,5270.0,87.833333,282.5803643648118,270.0,0.1,1000.0,0.0,0.0,-76.82845253437763,21.25,-55.57845253437763,0.0,-55.57845253437763,0.0,0.0,-660.7060225084396,111.9875,-548.7185225084405,0.0,-548.7185225084405
radiation,shade,5275.0,87.916667,282.5715515262694,270.0,0.1,1000.0,0.0,0.0,-76.77088281748719,21.25,-55.52088281748719,0.0,-55.52088281748719,0.0,0.0,-661.0898769225271,112.09375,-548.996126922528,0.0,-548.996126922528
radiation,shade,5280.0,88.0,282.56274781545727,270.0,0.1,1000.0,0.0,0.0,-76.71337811616264,21.25,-55.463378116162644,0.0,-55.463378116162644,0.0,0.0,-661.4734438131079,112.2,-549.2734438131089,0.0,-549.2734438131089
radiation,shade,5285.0,88.083333,282.553953222069,270.0,0.1,1000.0,0.0,0.0,-76.65593834600227,21.25,-55.40593834600227,0.0,-55.40593834600227,0.0,0.0,-661.856723504838,112.30625,-549.5504735048389,0.0,-549.5504735048389
radiation,shade,5290.0,88.166667,282.54516773581145,270.0,0.1,1000.0,0.0,0.0,-76.59856342273743,21.25,-55.34856342273743,0.0,-55.34856342273743,0.0,0.0,-662.2397163219516,112.4125,-549.8272163219525,0.0,-549.8272163219525
radiation,shade,5295.0,88.25,282.53639134640474,270.0,0.1,1000.0,0.0,0.0,-76.54125326223023,21.25,-55.29125326223023,0.0,-55.29125326223023,0.0,0.0,-662.6224225882627,112.51875,-550.1036725882636,0.0,-550.1036725882636
radiation,shade,5300.0,88.333333,282.5276240435824,270.0,0.1,1000.0,0.0,0.0,-76.48400778047467,21.25,-55.23400778047467,0.0,-55.23400778047467,0.0,0.0,-663.004842627165,112.625,-550.379842627166,0.0,-550.379842627166
radiation,shade,5305.0,88.416667,282.51886581709135,270.0,0.1,1000.0,0.0,0.0,-76.42682689359576,21.25,-55.17682689359576,0.0,-55.17682689359576,0.0,0.0,-663.3869767616329,112.73125,-550.6557267616339,0.0,-550.6557267616339
radiation,shade,5310.0,88.5,282.5101166566917,270.0,0.1,1000.0,0.0,0.0,-76.36971051784991,21.25,-55.11971051784991,0.0,-55.11971051784991,0.0,0.0,-663.7688253142222,112.8375,-550.9313253142232,0.0,-550.9313253142232
radiation,shade,5315.0,88.583333,282.50137655215684,270.0,0.1,1000.0,0.0,0.0,-76.31265856962422,21.25,-55.06265856962422,0.0,-55.06265856962422,0.0,0.0,-664.1503886070705,112.94375,-551.2066386070713,0.0,-551.2066386070713
radiation,shade,5320.0,88.666667,282.4926454932734,270.0,0.1,1000.0,0.0,0.0,-76.25567096543577,21.25,-55.00567096543577,0.0,-55.00567096543577,0.0,0.0,-664.5316669618976,113.05,-551.4816669618986,0.0,-551.4816669618986
radiation,shade,5325.0,88.75,282.4839234698414,270.0,0.1,1000.0,0.0,0.0,-76.19874762193207,21.25,-54.94874762193207,0.0,-54.94874762193207,0.0,0.0,-664.9126607000073,113.15625,-551.7564107000082,0.0,-551.7564107000082
radiation,shade,5330.0,88.833333,282.4752104716738,270.0,0.1,1000.0,0.0,0.0,-76.14188845589138,21.25,-54.891888455891376,0.0,-54.891888455891376,0.0,0.0,-665.2933701422868,113.2625,-552.0308701422877,0.0,-552.0308701422877
radiation,shade,5335.0,88.916667,282.4665064885969,270.0,0.1,1000.0,0.0,0.0,-76.08509338422049,21.25,-54.835093384220485,0.0,-54.835093384220485,0.0,0.0,-665.6737956092078,113.36875,-552.3050456092087,0.0,-552.3050456092087
radiation,shade,5340.0,89.0,282.45781151045026,270.0,0.1,1000.0,0.0,0.0,-76.02836232395624,21.25,-54.778362323956244,0.0,-54.778362323956244,0.0,0.0,-666.0539374208275,113.475,-552.5789374208285,0.0,-552.5789374208285
radiation,shade,5345.0,89.083333,282.4491255270864,270.0,0.1,1000.0,0.0,0.0,-75.97169519226516,21.25,-54.72169519226516,0.0,-54.72169519226516,0.0,0.0,-666.433795896789,113.58125,-552.8525458967898,0.0,-552.8525458967898
radiation,shade,5350.0,89.166667,282.44044852837106,270.0,0.1,1000.0,0.0,0.0,-75.91509190644199,21.25,-54.66509190644199,0.0,-54.66509190644199,0.0,0.0,-666.8133713563211,113.6875,-553.1258713563221,0.0,-553.1258713563221
radiation,shade,5355.0,89.25,282.43178050418317,270.0,0.1,1000.0,0.0,0.0,-75.85855238391092,21.25,-54.60855238391092,0.0,-54.60855238391092,0.0,0.0,-667.1926641182407,113.79375,-553.3989141182417,0.0,-553.3989141182417
radiation,shade,5360.0,89.333333,282.42312144441456,270.0,0.1,1000.0,0.0,0.0,-75.80207654222447,21.25,-54.55207654222447,0.0,-54.55207654222447,0.0,0.0,-667.5716745009518,113.9,-553.6716745009527,0.0,-553.6716745009527
radiation,shade,5365.0,89.416667,282.41447133897026,270.0,0.1,1000.0,0.0,0.0,-75.74566429906297,21.25,-54.495664299062966,0.0,-54.495664299062966,0.0,0.0,-667.9504028224471,114.00625,-553.944152822448,0.0,-553.944152822448
radiation,shade,5370.0,89.5,282.40583017776834,270.0,0.1,1000.0,0.0,0.0,-75.68931557223512,21.25,-54.43931557223512,0.0,-54.43931557223512,0.0,0.0,-668.3288494003083,114.1125,-554.2163494003092,0.0,-554.2163494003092
radiation,shade,5375.0,89.583333,282.39719795073984,270.0,0.1,1000.0,0.0,0.0,-75.63303027967777,21.25,-54.38303027967777,0.0,-54.38303027967777,0.0,0.0,-668.7070145517067,114.21875,-554.4882645517076,0.0,-554.4882645517076
radiation,shade,5380.0,89.666667,282.3885746478288,270.0,0.1,1000.0,0.0,0.0,-75.5768083394547,21.25,-54.3268083394547,0.0,-54.3268083394547,0.0,0.0,-669.084898593404,114.325,-554.759898593405,0.0,-554.759898593405
radiation,shade,5385.0,89.75,282.37996025899236,270.0,0.1,1000.0,0.0,0.0,-75.52064966975713,21.25,-54.270649669757134,0.0,-54.270649669757134,0.0,0.0,-669.4625018417528,114.43125,-555.0312518417537,0.0,-555.0312518417537
radiation,shade,5390.0,89.833333,282.3713547742005,270.0,0.1,1000.0,0.0,0.0,-75.46455418890368,21.25,-54.214554188903676,0.0,-54.214554188903676,0.0,0.0,-669.8398246126974,114.5375,-555.3023246126983,0.0,-555.3023246126983
radiation,shade,5395.0,89.916667,282.36275818343614,270.0,0.1,1000.0,0.0,0.0,-75.40852181533947,21.25,-54.15852181533947,0.0,-54.15852181533947,0.0,0.0,-670.2168672217741,114.64375,-555.573117221775,0.0,-555.573117221775
radiation,shade,5400.0,90.0,282.35417047669523,270.0,0.1,1000.0,0.0,0.0,-75.35255246763617,21.25,-54.10255246763617,0.0,-54.10255246763617,0.0,0.0,-670.5936299841122,114.75,-555.8436299841131,0.0,-555.8436299841131
radiation,shade,5405.0,90.083333,282.3455916439866,270.0,0.1,1000.0,0.0,0.0,-75.29664606449198,21.25,-54.04664606449198,0.0,-54.04664606449198,0.0,0.0,-670.9701132144347,114.85625,-556.1138632144356,0.0,-556.1138632144356
radiation,shade,5410.0,90.166667,282.33702167533187,270.0,0.1,1000.0,0.0,0.0,-75.24080252473136,21.25,-53.990802524731365,0.0,-53.990802524731365,0.0,0.0,-671.3463172270583,114.9625,-556.3838172270592,0.0,-556.3838172270592
radiation,shade,5415.0,90.25,282.3284605607656,270.0,0.1,1000.0,0.0,0.0,-75.18502176730395,21.25,-53.93502176730395,0.0,-53.93502176730395,0.0,0.0,-671.7222423358949,115.06875,-556.6534923358957,0.0,-556.6534923358957
radiation,shade,5420.0,90.333333,282.31990829033526,270.0,0.1,1000.0,0.0,0.0,-75.12930371128579,21.25,-53.879303711285786,0.0,-53.879303711285786,0.0,0.0,-672.0978888544513,115.175,-556.9228888544521,0.0,-556.9228888544521
radiation,shade,5425.0,90.416667,282.311364854101,270.0,0.1,1000.0,0.0,0.0,-75.07364827587793,21.25,-53.82364827587793,0.0,-53.82364827587793,0.0,0.0,-672.4732570958306,115.28125,-557.1920070958315,0.0,-557.1920070958315
radiation,shade,5430.0,90.5,282.3028302421358,270.0,0.1,1000.0,0.0,0.0,-75.0180553804065,21.25,-53.768055380406494,0.0,-53.768055380406494,0.0,0.0,-672.8483473727327,115.3875,-557.4608473727336,0.0,-557.4608473727336
radiation,shade,5435.0,90.583333,282.2943044445256,270.0,0.1,1000.0,0.0,0.0,-74.96252494432268,21.25,-53.71252494432268,0.0,-53.71252494432268,0.0,0.0,-673.2231599974543,115.49375,-557.7294099974553,0.0,-557.7294099974553
radiation,shade,5440.0,90.666667,282.2857874513689,270.0,0.1,1000.0,0.0,0.0,-74.9070568872024,21.25,-53.6570568872024,0.0,-53.6570568872024,0.0,0.0,-673.5976952818903,115.6,-557.9976952818913,0.0,-557.9976952818913
radiation,shade,5445.0,90.75,282.277279252777,270.0,0.1,1000.0,0.0,0.0,-74.85165112874577,21.25,-53.60165112874577,0.0,-53.60165112874577,0.0,0.0,-673.9719535375341,115.70625,-558.265703537535,0.0,-558.265703537535
radiation,shade,5450.0,90.833333,282.268779838874,270.0,0.1,1000.0,0.0,0.0,-74.79630758877745,21.25,-53.54630758877745,0.0,-53.54630758877745,0.0,0.0,-674.345935075478,115.8125,-558.533435075479,0.0,-558.533435075479
radiation,shade,5455.0,90.916667,282.26028919979666,270.0,0.1,1000.0,0.0,0.0,-74.74102618724574,21.25,-53.49102618724574,0.0,-53.49102618724574,0.0,0.0,-674.7196402064143,115.91875,-558.8008902064153,0.0,-558.8008902064153
radiation,shade,5460.0,91.0,282.2518073256944,270.0,0.1,1000.0,0.0,0.0,-74.68580684422284,21.25,-53.43580684422284,0.0,-53.43580684422284,0.0,0.0,-675.0930692406354,116.025,-559.0680692406363,0.0,-559.0680692406363
radiation,shade,5465.0,91.083333,282.24333420672934,270.0,0.1,1000.0,0.0,0.0,-74.63064947990463,21.25,-53.38064947990463,0.0,-53.38064947990463,0.0,0.0,-675.4662224880349,116.13125,-559.3349724880358,0.0,-559.3349724880358
radiation,shade,5470.0,91.166667,282.23486983307623,270.0,0.1,1000.0,0.0,0.0,-74.5755540146098,21.25,-53.32555401460981,0.0,-53.32555401460981,0.0,0.0,-675.8391002581079,116.2375,-559.6016002581088,0.0,-559.6016002581088
radiation,shade,5475.0,91.25,282.2264141949225,270.0,0.1,1000.0,0.0,0.0,-74.52052036878042,21.25,-53.270520368780424,0.0,-53.270520368780424,0.0,0.0,-676.2117028599517,116.34375,-559.8679528599527,0.0,-559.8679528599527
radiation,shade,5480.0,91.333333,282.21796728246807,270.0,0.1,1000.0,0.0,0.0,-74.46554846298152,21.25,-53.215548462981516,0.0,-53.215548462981516,0.0,0.0,-676.5840306022667,116.45,-560.1340306022676,0.0,-560.1340306022676
radiation,shade,5485.0,91.416667,282.20952908592557,270.0,0.1,1000.0,0.0,0.0,-74.41063821790026,21.25,-53.16063821790026,0.0,-53.16063821790026,0.0,0.0,-676.9560837933562,116.55625,-560.3998337933572,0.0,-560.3998337933572
radiation,shade,5490.0,91.5,282.20109959552013,270.0,0.1,1000.0,0.0,0.0,-74.3557895543463,21.25,-53.1057895543463,0.0,-53.1057895543463,0.0,0.0,-677.327862741128,116.6625,-560.6653627411289,0.0,-560.6653627411289
radiation,shade,5495.0,91.583333,282.1926788014895,270.0,0.1,1000.0,0.0,0.0,-74.30100239325148,21.25,-53.05100239325148,0.0,-53.05100239325148,0.0,0.0,-677.6993677530942,116.76875,-560.9306177530951,0.0,-560.9306177530951
radiation,shade,5500.0,91.666667,282.1842666940838,270.0,0.1,1000.0,0.0,0.0,-74.24627665566956,21.25,-52.99627665566956,0.0,-52.99627665566956,0.0,0.0,-678.0705991363726,116.875,-561.1955991363735,0.0,-561.1955991363735
radiation,shade,5505.0,91.75,282.17586326356593,270.0,0.1,1000.0,0.0,0.0,-74.19161226277583,21.25,-52.941612262775834,0.0,-52.941612262775834,0.0,0.0,-678.4415571976864,116.98125,-561.4603071976874,0.0,-561.4603071976874
radiation,shade,5510.0,91.833333,282.16746850021104,270.0,0.1,1000.0,0.0,0.0,-74.13700913586719,21.25,-52.88700913586719,0.0,-52.88700913586719,0.0,0.0,-678.8122422433657,117.0875,-561.7247422433667,0.0,-561.7247422433667
radiation,shade,5515.0,91.916667,282.15908239430684,270.0,0.1,1000.0,0.0,0.0,-74.08246719636162,21.25,-52.83246719636162,0.0,-52.83246719636162,0.0,0.0,-679.1826545793476,117.19375,-561.9889045793485,0.0,-561.9889045793485
radiation,shade,5520.0,92.0,282.15070493615355,270.0,0.1,1000.0,0.0,0.0,-74.02798636579787,21.25,-52.77798636579787,0.0,-52.77798636579787,0.0,0.0,-679.5527945111766,117.3,-562.2527945111775,0.0,-562.2527945111775
radiation,shade,5525.0,92.083333,282.14233611606375,270.0,0.1,1000.0,0.0,0.0,-73.97356656583615,21.25,-52.72356656583615,0.0,-52.72356656583615,0.0,0.0,-679.9226623440056,117.40625,-562.5164123440065,0.0,-562.5164123440065
radiation,shade,5530.0,92.166667,282.13397592436246,270.0,0.1,1000.0,0.0,0.0,-73.9192077182564,21.25,-52.6692077182564,0.0,-52.6692077182564,0.0,0.0,-680.2922583825969,117.5125,-562.7797583825978,0.0,-562.7797583825978
radiation,shade,5535.0,92.25,282.12562435138705,270.0,0.1,1000.0,0.0,0.0,-73.86490974495923,21.25,-52.614909744959235,0.0,-52.614909744959235,0.0,0.0,-680.6615829313217,117.61875,-563.0428329313227,0.0,-563.0428329313227
radiation,shade,5540.0,92.333333,282.11728138748737,270.0,0.1,1000.0,0.0,0.0,-73.8106725679648,21.25,-52.5606725679648,0.0,-52.5606725679648,0.0,0.0,-681.0306362941616,117.725,-563.3056362941625,0.0,-563.3056362941625
radiation,shade,5545.0,92.416667,282.10894702302556,270.0,0.1,1000.0,0.0,0.0,-73.75649610941409,21.25,-52.50649610941409,0.0,-52.50649610941409,0.0,0.0,-681.3994187747087,117.83125,-563.5681687747095,0.0,-563.5681687747095
radiation,shade,5550.0,92.5,282.1006212483761,270.0,0.1,1000.0,0.0,0.0,-73.70238029156705,21.25,-52.45238029156705,0.0,-52.45238029156705,0.0,0.0,-681.7679306761664,117.9375,-563.8304306761673,0.0,-563.8304306761673
radiation,shade,5555.0,92.583333,282.09230405392583,270.0,0.1,1000.0,0.0,0.0,-73.648325036803,21.25,-52.398325036803,0.0,-52.398325036803,0.0,0.0,-682.1361723013504,118.04375,-564.0924223013513,0.0,-564.0924223013513
radiation,shade,5560.0,92.666667,282.0839954300738,270.0,0.1,1000.0,0.0,0.0,-73.59433026762055,21.25,-52.34433026762055,0.0,-52.34433026762055,0.0,0.0,-682.5041439526885,118.15,-564.3541439526895,0.0,-564.3541439526895
radiation,shade,5565.0,92.75,282.0756953672315,270.0,0.1,1000.0,0.0,0.0,-73.54039590663706,21.25,-52.29039590663706,0.0,-52.29039590663706,0.0,0.0,-682.8718459322217,118.25625,-564.6155959322226,0.0,-564.6155959322226
radiation,shade,5570.0,92.833333,282.06740385582253,270.0,0.1,1000.0,0.0,0.0,-73.48652187658952,21.25,-52.23652187658952,0.0,-52.23652187658952,0.0,0.0,-683.2392785416047,118.3625,-564.8767785416055,0.0,-564.8767785416055
radiation,shade,5575.0,92.916667,282.0591208862828,270.0,0.1,1000.0,0.0,0.0,-73.43270810033206,21.25,-52.182708100332064,0.0,-52.182708100332064,0.0,0.0,-683.6064420821062,118.46875,-565.1376920821072,0.0,-565.1376920821072
radiation,shade,5580.0,93.0,282.05084644906043,270.0,0.1,1000.0,0.0,0.0,-73.37895450083793,21.25,-52.128954500837935,0.0,-52.128954500837935,0.0,0.0,-683.9733368546105,118.575,-565.3983368546114,0.0,-565.3983368546114
radiation,shade,5585.0,93.083333,282.0425805346158,270.0,0.1,1000.0,0.0,0.0,-73.32526100119799,21.25,-52.07526100119799,0.0,-52.07526100119799,0.0,0.0,-684.3399631596164,118.68125,-565.6587131596174,0.0,-565.6587131596174
radiation,shade,5590.0,93.166667,282.0343231334214,270.0,0.1,1000.0,0.0,0.0,-73.27162752462168,21.25,-52.02162752462168,0.0,-52.02162752462168,0.0,0.0,-684.7063212972395,118.7875,-565.9188212972405,0.0,-565.9188212972405
radiation,shade,5595.0,93.25,282.02607423596197,270.0,0.1,1000.0,0.0,0.0,-73.21805399443532,21.25,-51.96805399443532,0.0,-51.96805399443532,0.0,0.0,-685.0724115672117,118.89375,-566.1786615672127,0.0,-566.1786615672127
radiation,shade,5600.0,93.333333,282.0178338327343,270.0,0.1,1000.0,0.0,0.0,-73.16454033408273,21.25,-51.91454033408273,0.0,-51.91454033408273,0.0,0.0,-685.4382342688822,119.0,-566.4382342688831,0.0,-566.4382342688831
radiation,shade,5605.0,93.416667,282.00960191424747,270.0,0.1,1000.0,0.0,0.0,-73.11108646712525,21.25,-51.86108646712525,0.0,-51.86108646712525,0.0,0.0,-685.8037897012177,119.10625,-566.6975397012187,0.0,-566.6975397012187
radiation,shade,5610.0,93.5,282.0013784710225,270.0,0.1,1000.0,0.0,0.0,-73.05769231724112,21.25,-51.80769231724112,0.0,-51.80769231724112,0.0,0.0,-686.169078162804,119.2125,-566.9565781628049,0.0,-566.9565781628049
radiation,shade,5615.0,93.583333,281.99316349359265,270.0,0.1,1000.0,0.0,0.0,-73.00435780822517,21.25,-51.754357808225166,0.0,-51.754357808225166,0.0,0.0,-686.5340999518452,119.31875,-567.2153499518461,0.0,-567.2153499518461
radiation,shade,5620.0,93.666667,281.98495697250314,270.0,0.1,1000.0,0.0,0.0,-72.95108286398865,21.25,-51.701082863988645,0.0,-51.701082863988645,0.0,0.0,-686.8988553661651,119.425,-567.4738553661659,0.0,-567.4738553661659
radiation,shade,5625.0,93.75,281.9767588983113,270.0,0.1,1000.0,0.0,0.0,-72.89786740855936,21.25,-51.647867408559364,0.0,-51.647867408559364,0.0,0.0,-687.2633447032078,119.53125,-567.7320947032088,0.0,-567.7320947032088
radiation,shade,5630.0,93.833333,281.96856926158654,270.0,0.1,1000.0,0.0,0.0,-72.84471136608087,21.25,-51.59471136608087,0.0,-51.59471136608087,0.0,0.0,-687.6275682600383,119.6375,-567.9900682600392,0.0,-567.9900682600392
radiation,shade,5635.0,93.916667,281.9603880529102,270.0,0.1,1000.0,0.0,0.0,-72.7916146608132,21.25,-51.541614660813195,0.0,-51.541614660813195,0.0,0.0,-687.9915263333423,119.74375,-568.2477763333433,0.0,-568.2477763333433
radiation,shade,5640.0,94.0,281.95221526287577,270.0,0.1,1000.0,0.0,0.0,-72.73857721713134,21.25,-51.488577217131336,0.0,-51.488577217131336,0.0,0.0,-688.3552192194279,119.85,-568.5052192194288,0.0,-568.5052192194288
radiation,shade,5645.0,94.083333,281.94405088208856,270.0,0.1,1000.0,0.0,0.0,-72.68559895952629,21.25,-51.43559895952629,0.0,-51.43559895952629,0.0,0.0,-688.7186472142255,119.95625,-568.7623972142264,0.0,-568.7623972142264
radiation,shade,5650.0,94.166667,281.9358949011659,270.0,0.1,1000.0,0.0,0.0,-72.63267981260391,21.25,-51.38267981260391,0.0,-51.38267981260391,0.0,0.0,-689.0818106132886,120.0625,-569.0193106132895,0.0,-569.0193106132895
radiation,shade,5655.0,94.25,281.9277473107372,270.0,0.1,1000.0,0.0,0.0,-72.57981970108506,21.25,-51.32981970108506,0.0,-51.32981970108506,0.0,0.0,-689.444709711794,120.16875,-569.2759597117948,0.0,-569.2759597117948
radiation,shade,5660.0,94.333333,281.91960810144354,270.0,0.1,1000.0,0.0,0.0,-72.52701854980594,21.25,-51.277018549805945,0.0,-51.277018549805945,0.0,0.0,-689.8073448045429,120.275,-569.5323448045439,0.0,-569.5323448045439
radiation,shade,5665.0,94.416667,281.9114772639382,270.0,0.1,1000.0,0.0,0.0,-72.47427628371653,21.25,-51.224276283716534,0.0,-51.224276283716534,0.0,0.0,-690.1697161859615,120.38125,-569.7884661859624,0.0,-569.7884661859624
radiation,shade,5670.0,94.5,281.90335478888613,270.0,0.1,1000.0,0.0,0.0,-72.42159282788197,21.25,-51.171592827881966,0.0,-51.171592827881966,0.0,0.0,-690.531824150101,120.4875,-570.0443241501018,0.0,-570.0443241501018
radiation,shade,5675.0,94.583333,281.8952406669643,270.0,0.1,1000.0,0.0,0.0,-72.36896810748091,21.25,-51.11896810748091,0.0,-51.11896810748091,0.0,0.0,-690.8936689906384,120.59375,-570.2999189906393,0.0,-570.2999189906393
radiation,shade,5680.0,94.666667,281.88713488886145,270.0,0.1,1000.0,0.0,0.0,-72.31640204780642,21.25,-51.06640204780642,0.0,-51.06640204780642,0.0,0.0,-691.2552510008774,120.7,-570.5552510008782,0.0,-570.5552510008782
radiation,shade,5685.0,94.75,281.87903744527824,270.0,0.1,1000.0,0.0,0.0,-72.26389457426511,21.25,-51.01389457426511,0.0,-51.01389457426511,0.0,0.0,-691.6165704737488,120.80625,-570.8103204737497,0.0,-570.8103204737497
radiation,shade,5690.0,94.833333,281.8709483269271,270.0,0.1,1000.0,0.0,0.0,-72.21144561237723,21.25,-50.96144561237723,0.0,-50.96144561237723,0.0,0.0,-691.9776277018105,120.9125,-571.0651277018115,0.0,-571.0651277018115
radiation,shade,5695.0,94.916667,281.8628675245322,270.0,0.1,1000.0,0.0,0.0,-72.15905508777618,21.25,-50.90905508777618,0.0,-50.90905508777618,0.0,0.0,-692.3384229772495,121.01875,-571.3196729772504,0.0,-571.3196729772504
radiation,shade,5700.0,95.0,281.85479502882964,270.0,0.1,1000.0,0.0,0.0,-72.10672292620855,21.25,-50.85672292620855,0.0,-50.85672292620855,0.0,0.0,-692.6989565918806,121.125,-571.5739565918815,0.0,-571.5739565918815
radiation,shade,5705.0,95.083333,281.8467308305672,270.0,0.1,1000.0,0.0,0.0,-72.05444905353393,21.25,-50.80444905353393,0.0,-50.80444905353393,0.0,0.0,-693.0592288371482,121.23125,-571.8279788371491,0.0,-571.8279788371491
radiation,shade,5710.0,95.166667,281.8386749205044,270.0,0.1,1000.0,0.0,0.0,-72.00223339572442,21.25,-50.75223339572442,0.0,-50.75223339572442,0.0,0.0,-693.4192400041268,121.3375,-572.0817400041277,0.0,-572.0817400041277
radiation,shade,5715.0,95.25,281.8306272894125,270.0,0.1,1000.0,0.0,0.0,-71.95007587886457,21.25,-50.70007587886457,0.0,-50.70007587886457,0.0,0.0,-693.7789903835211,121.44375,-572.335240383522,0.0,-572.335240383522
radiation,shade,5720.0,95.333333,281.82258792807454,270.0,0.1,1000.0,0.0,0.0,-71.89797642915143,21.25,-50.64797642915143,0.0,-50.64797642915143,0.0,0.0,-694.1384802656669,121.55,-572.5884802656677,0.0,-572.5884802656677
radiation,shade,5725.0,95.416667,281.8145568272852,270.0,0.1,1000.0,0.0,0.0,-71.84593497289374,21.25,-50.595934972893744,0.0,-50.595934972893744,0.0,0.0,-694.4977099405313,121.65625,-572.8414599405322,0.0,-572.8414599405322
radiation,shade,5730.0,95.5,281.8065339778508,270.0,0.1,1000.0,0.0,0.0,-71.79395143651261,21.25,-50.543951436512614,0.0,-50.543951436512614,0.0,0.0,-694.8566796977138,121.7625,-573.0941796977147,0.0,-573.0941796977147
radiation,shade,5735.0,95.583333,281.7985193705894,270.0,0.1,1000.0,0.0,0.0,-71.74202574654059,21.25,-50.49202574654059,0.0,-50.49202574654059,0.0,0.0,-695.2153898264465,121.86875,-573.3466398264475,0.0,-573.3466398264475
radiation,shade,5740.0,95.666667,281.79051299633073,270.0,0.1,1000.0,0.0,0.0,-71.69015782962157,21.25,-50.44015782962157,0.0,-50.44015782962157,0.0,0.0,-695.5738406155947,121.975,-573.5988406155956,0.0,-573.5988406155956
radiation,shade,5745.0,95.75,281.78251484591607,270.0,0.1,1000.0,0.0,0.0,-71.63834761251077,21.25,-50.38834761251077,0.0,-50.38834761251077,0.0,0.0,-695.9320323536572,122.08125,-573.8507823536581,0.0,-573.8507823536581
radiation,shade,5750.0,95.833333,281.7745249101983,270.0,0.1,1000.0,0.0,0.0,-71.58659502207468,21.25,-50.336595022074675,0.0,-50.336595022074675,0.0,0.0,-696.2899653287675,122.1875,-574.1024653287685,0.0,-574.1024653287685
radiation,shade,5755.0,95.916667,281.7665431800419,270.0,0.1,1000.0,0.0,0.0,-71.53489998529005,21.25,-50.28489998529005,0.0,-50.28489998529005,0.0,0.0,-696.6476398286941,122.29375,-574.353889828695,0.0,-574.353889828695
radiation,shade,5760.0,96.0,281.75856964632294,270.0,0.1,1000.0,0.0,0.0,-71.48326242924446,21.25,-50.23326242924446,0.0,-50.23326242924446,0.0,0.0,-697.0050561408403,122.4,-574.6050561408413,0.0,-574.6050561408413
radiation,shade,5765.0,96.083333,281.75060429992914,270.0,0.1,1000.0,0.0,0.0,-71.4316822811362,21.25,-50.181682281136204,0.0,-50.181682281136204,0.0,0.0,-697.362214552246,122.50625,-574.8559645522469,0.0,-574.8559645522469
radiation,shade,5770.0,96.166667,281.74264713175955,270.0,0.1,1000.0,0.0,0.0,-71.38015946827377,21.25,-50.130159468273774,0.0,-50.130159468273774,0.0,0.0,-697.7191153495872,122.6125,-575.1066153495882,0.0,-575.1066153495882
radiation,shade,5775.0,96.25,281.73469813272493,270.0,0.1,1000.0,0.0,0.0,-71.32869391807513,21.25,-50.07869391807513,0.0,-50.07869391807513,0.0,0.0,-698.0757588191776,122.71875,-575.3570088191785,0.0,-575.3570088191785
radiation,shade,5780.0,96.333333,281.7267572937475,270.0,0.1,1000.0,0.0,0.0,-71.27728555806863,21.25,-50.02728555806863,0.0,-50.02728555806863,0.0,0.0,-698.432145246968,122.825,-575.6071452469689,0.0,-575.6071452469689
radiation,shade,5785.0,96.416667,281.71882460576086,270.0,0.1,1000.0,0.0,0.0,-71.22593431589226,21.25,-49.97593431589226,0.0,-49.97593431589226,0.0,0.0,-698.7882749185475,122.93125,-575.8570249185484,0.0,-575.8570249185484
radiation,shade,5790.0,96.5,281.7109000597102,270.0,0.1,1000.0,0.0,0.0,-71.17464011929296,21.25,-49.92464011929296,0.0,-49.92464011929296,0.0,0.0,-699.1441481191439,123.0375,-576.1066481191449,0.0,-576.1066481191449
radiation,shade,5795.0,96.583333,281.70298364655207,270.0,0.1,1000.0,0.0,0.0,-71.12340289612698,21.25,-49.873402896126976,0.0,-49.873402896126976,0.0,0.0,-699.4997651336246,123.14375,-576.3560151336255,0.0,-576.3560151336255
radiation,shade,5800.0,96.666667,281.69507535725455,270.0,0.1,1000.0,0.0,0.0,-71.0722225743598,21.25,-49.8222225743598,0.0,-49.8222225743598,0.0,0.0,-699.8551262464963,123.25,-576.6051262464973,0.0,-576.6051262464973
radiation,shade,5805.0,96.75,281.6871751827971,270.0,0.1,1000.0,0.0,0.0,-71.02109908206559,21.25,-49.77109908206559,0.0,-49.77109908206559,0.0,0.0,-700.2102317419066,123.35625,-576.8539817419075,0.0,-576.8539817419075
radiation,shade,5810.0,96.833333,281.6792831141705,270.0,0.1,1000.0,0.0,0.0,-70.97003234742729,21.25,-49.72003234742729,0.0,-49.72003234742729,0.0,0.0,-700.5650819036438,123.4625,-577.1025819036447,0.0,-577.1025819036447
radiation,shade,5815.0,96.916667,281.6713991423771,270.0,0.1,1000.0,0.0,0.0,-70.9190222987359,21.25,-49.6690222987359,0.0,-49.6690222987359,0.0,0.0,-700.9196770151375,123.56875,-577.3509270151385,0.0,-577.3509270151385
radiation,shade,5820.0,97.0,281.66352325843036,270.0,0.1,1000.0,0.0,0.0,-70.86806886439106,21.25,-49.61806886439106,0.0,-49.61806886439106,0.0,0.0,-701.2740173594594,123.675,-577.5990173594604,0.0,-577.5990173594604
radiation,shade,5825.0,97.083333,281.6556554533553,270.0,0.1,1000.0,0.0,0.0,-70.81717197289993,21.25,-49.56717197289993,0.0,-49.56717197289993,0.0,0.0,-701.6281032193239,123.78125,-577.8468532193249,0.0,-577.8468532193249
radiation,shade,5830.0,97.166667,281.64779571818815,270.0,0.1,1000.0,0.0,0.0,-70.76633155287774,21.25,-49.516331552877745,0.0,-49.516331552877745,0.0,0.0,-701.9819348770883,123.8875,-578.0944348770893,0.0,-578.0944348770893
radiation,shade,5835.0,97.25,281.6399440439765,270.0,0.1,1000.0,0.0,0.0,-70.71554753304747,21.25,-49.46554753304747,0.0,-49.46554753304747,0.0,0.0,-702.3355126147536,123.99375,-578.3417626147545,0.0,-578.3417626147545
radiation,shade,5840.0,97.333333,281.63210042177934,270.0,0.1,1000.0,0.0,0.0,-70.6648198422392,21.25,-49.4148198422392,0.0,-49.4148198422392,0.0,0.0,-702.6888367139647,124.1,-578.5888367139656,0.0,-578.5888367139656
radiation,shade,5845.0,97.416667,281.6242648426667,270.0,0.1,1000.0,0.0,0.0,-70.61414840939064,21.25,-49.36414840939064,0.0,-49.36414840939064,0.0,0.0,-703.0419074560116,124.20625,-578.8356574560125,0.0,-578.8356574560125
radiation,shade,5850.0,97.5,281.6164372977201,270.0,0.1,1000.0,0.0,0.0,-70.56353316354598,21.25,-49.31353316354598,0.0,-49.31353316354598,0.0,0.0,-703.3947251218293,124.3125,-579.0822251218302,0.0,-579.0822251218302
radiation,shade,5855.0,97.583333,281.60861777803217,270.0,0.1,1000.0,0.0,0.0,-70.51297403385676,21.25,-49.262974033856764,0.0,-49.262974033856764,0.0,0.0,-703.7472899919986,124.41875,-579.3285399919995,0.0,-579.3285399919995
radiation,shade,5860.0,97.666667,281.6008062747068,270.0,0.1,1000.0,0.0,0.0,-70.4624709495809,21.25,-49.212470949580904,0.0,-49.212470949580904,0.0,0.0,-704.0996023467465,124.525,-579.5746023467474,0.0,-579.5746023467474
radiation,shade,5865.0,97.75,281.5930027788592,270.0,0.1,1000.0,0.0,0.0,-70.4120238400827,21.25,-49.162023840082696,0.0,-49.162023840082696,0.0,0.0,-704.4516624659468,124.63125,-579.8204124659478,0.0,-579.8204124659478
radiation,shade,5870.0,97.833333,281.58520728161557,270.0,0.1,1000.0,0.0,0.0,-70.36163263483304,21.25,-49.11163263483304,0.0,-49.11163263483304,0.0,0.0,-704.8034706291211,124.7375,-580.065970629122,0.0,-580.065970629122
radiation,shade,5875.0,97.916667,281.5774197741134,270.0,0.1,1000.0,0.0,0.0,-70.31129726340806,21.25,-49.061297263408065,0.0,-49.061297263408065,0.0,0.0,-705.1550271154381,124.84375,-580.3112771154391,0.0,-580.3112771154391
radiation,shade,5880.0,98.0,281.56964024750147,270.0,0.1,1000.0,0.0,0.0,-70.2610176554906,21.25,-49.011017655490605,0.0,-49.011017655490605,0.0,0.0,-705.5063322037156,124.95,-580.5563322037165,0.0,-580.5563322037165
radiation,shade,5885.0,98.083333,281.5618686929394,270.0,0.1,1000.0,0.0,0.0,-70.210793740869,21.25,-48.96079374086899,0.0,-48.96079374086899,0.0,0.0,-705.8573861724199,125.05625,-580.8011361724208,0.0,-580.8011361724208
radiation,shade,5890.0,98.166667,281.5541051015982,270.0,0.1,1000.0,0.0,0.0,-70.16062544943644,21.25,-48.91062544943644,0.0,-48.91062544943644,0.0,0.0,-706.208189299667,125.1625,-581.045689299668,0.0,-581.045689299668
radiation,shade,5895.0,98.25,281.54634946465995,270.0,0.1,1000.0,0.0,0.0,-70.11051271119197,21.25,-48.86051271119197,0.0,-48.86051271119197,0.0,0.0,-706.5587418632231,125.26875,-581.2899918632239,0.0,-581.2899918632239
radiation,shade,5900.0,98.333333,281.5386017733177,270.0,0.1,1000.0,0.0,0.0,-70.06045545623988,21.25,-48.81045545623988,0.0,-48.81045545623988,0.0,0.0,-706.9090441405042,125.375,-581.5340441405051,0.0,-581.5340441405051
radiation,shade,5905.0,98.416667,281.5308620187756,270.0,0.1,1000.0,0.0,0.0,-70.0104536147885,21.25,-48.7604536147885,0.0,-48.7604536147885,0.0,0.0,-707.2590964085781,125.48125,-581.7778464085791,0.0,-581.7778464085791
radiation,shade,5910.0,98.5,281.5231301922491,270.0,0.1,1000.0,0.0,0.0,-69.96050711715164,21.25,-48.710507117151636,0.0,-48.710507117151636,0.0,0.0,-707.6088989441638,125.5875,-582.0213989441647,0.0,-582.0213989441647
radiation,shade,5915.0,98.583333,281.51540628496434,270.0,0.1,1000.0,0.0,0.0,-69.91061589374745,21.25,-48.66061589374745,0.0,-48.66061589374745,0.0,0.0,-707.9584520236326,125.69375,-582.2647020236335,0.0,-582.2647020236335
radiation,shade,5920.0,98.666667,281.50769028815876,270.0,0.1,1000.0,0.0,0.0,-69.86077987509825,21.25,-48.610779875098245,0.0,-48.610779875098245,0.0,0.0,-708.3077559230081,125.8,-582.507755923009,0.0,-582.507755923009
radiation,shade,5925.0,98.75,281.4999821930807,270.0,0.1,1000.0,0.0,0.0,-69.81099899183047,21.25,-48.56099899183047,0.0,-48.56099899183047,0.0,0.0,-708.6568109179673,125.90625,-582.7505609179682,0.0,-582.7505609179682
radiation,shade,5930.0,98.833333,281.4922819909895,270.0,0.1,1000.0,0.0,0.0,-69.76127317467494,21.25,-48.51127317467494,0.0,-48.51127317467494,0.0,0.0,-709.0056172838407,126.0125,-582.9931172838416,0.0,-582.9931172838416
radiation,shade,5935.0,98.916667,281.4845896731555,270.0,0.1,1000.0,0.0,0.0,-69.71160235446551,21.25,-48.46160235446551,0.0,-48.46160235446551,0.0,0.0,-709.354175295613,126.11875,-583.2354252956139,0.0,-583.2354252956139
radiation,shade,5940.0,99.0,281.4769052308599,270.0,0.1,1000.0,0.0,0.0,-69.66198646213986,21.25,-48.411986462139865,0.0,-48.411986462139865,0.0,0.0,-709.7024852279237,126.225,-583.4774852279246,0.0,-583.4774852279246
radiation,shade,5945.0,99.083333,281.46922865539506,270.0,0.1,1000.0,0.0,0.0,-69.61242542873927,21.25,-48.36242542873927,0.0,-48.36242542873927,0.0,0.0,-710.0505473550675,126.33125,-583.7192973550684,0.0,-583.7192973550684
radiation,shade,5950.0,99.166667,281.46155993806406,270.0,0.1,1000.0,0.0,0.0,-69.5629191854078,21.25,-48.31291918540779,0.0,-48.31291918540779,0.0,0.0,-710.3983619509945,126.4375,-583.9608619509954,0.0,-583.9608619509954
radiation,shade,5955.0,99.25,281.45389907018097,270.0,0.1,1000.0,0.0,0.0,-69.51346766339284,21.25,-48.263467663392845,0.0,-48.263467663392845,0.0,0.0,-710.7459292893114,126.54375,-584.2021792893123,0.0,-584.2021792893123
radiation,shade,5960.0,99.333333,281.4462460430708,270.0,0.1,1000.0,0.0,0.0,-69.46407079404437,21.25,-48.214070794044375,0.0,-48.214070794044375,0.0,0.0,-711.0932496432815,126.65,-584.4432496432825,0.0,-584.4432496432825
radiation,shade,5965.0,99.416667,281.4386008480694,270.0,0.1,1000.0,0.0,0.0,-69.41472850881524,21.25,-48.164728508815244,0.0,-48.164728508815244,0.0,0.0,-711.4403232858257,126.75625,-584.6840732858266,0.0,-584.6840732858266
radiation,shade,5970.0,99.5,281.4309634765235,270.0,0.1,1000.0,0.0,0.0,-69.36544073926075,21.25,-48.11544073926075,0.0,-48.11544073926075,0.0,0.0,-711.787150489522,126.8625,-584.924650489523,0.0,-584.924650489523
radiation,shade,5975.0,99.583333,281.42333391979065,270.0,0.1,1000.0,0.0,0.0,-69.31620741703789,21.25,-48.06620741703789,0.0,-48.06620741703789,0.0,0.0,-712.1337315266072,126.96875,-585.1649815266081,0.0,-585.1649815266081
radiation,shade,5980.0,99.666667,281.4157121692392,270.0,0.1,1000.0,0.0,0.0,-69.26702847390624,21.25,-48.01702847390624,0.0,-48.01702847390624,0.0,0.0,-712.4800666689766,127.075,-585.4050666689776,0.0,-585.4050666689776
radiation,shade,5985.0,99.75,281.40809821624845,270.0,0.1,1000.0,0.0,0.0,-69.21790384172701,21.25,-47.96790384172701,0.0,-47.96790384172701,0.0,0.0,-712.8261561881853,127.18125,-585.6449061881863,0.0,-585.6449061881863
radiation,shade,5990.0,99.833333,281.4004920522084,270.0,0.1,1000.0,0.0,0.0,-69.16883345246333,21.25,-47.91883345246333,0.0,-47.91883345246333,0.0,0.0,-713.1720003554476,127.2875,-585.8845003554486,0.0,-585.8845003554486
radiation,shade,5995.0,99.916667,281.3928936685198,270.0,0.1,1000.0,0.0,0.0,-69.11981723817995,21.25,-47.86981723817995,0.0,-47.86981723817995,0.0,0.0,-713.5175994416386,127.39375,-586.1238494416395,0.0,-586.1238494416395
radiation,shade,6000.0,100.0,281.38530305659424,270.0,0.1,1000.0,0.0,0.0,-69.07085513104225,21.25,-47.82085513104225,0.0,-47.82085513104225,0.0,0.0,-713.8629537172937,127.5,-586.3629537172948,0.0,-586.3629537172948
radiation,shade,6005.0,100.083333,281.37772020785405,270.0,0.1,1000.0,0.0,0.0,-69.0219470633176,21.25,-47.7719470633176,0.0,-47.7719470633176,0.0,0.0,-714.2080634526104,127.60625,-586.6018134526113,0.0,-586.6018134526113
radiation,shade,6010.0,100.166667,281.37014511373224,270.0,0.1,1000.0,0.0,0.0,-68.97309296737373,21.25,-47.72309296737373,0.0,-47.72309296737373,0.0,0.0,-714.5529289174473,127.7125,-586.8404289174482,0.0,-586.8404289174482
radiation,shade,6015.0,100.25,281.3625777656726,270.0,0.1,1000.0,0.0,0.0,-68.92429277567902,21.25,-47.67429277567902,0.0,-47.67429277567902,0.0,0.0,-714.8975503813257,127.81875,-587.0788003813266,0.0,-587.0788003813266
radiation,shade,6020.0,100.333333,281.3550181551296,270.0,0.1,1000.0,0.0,0.0,-68.875546420803,21.25,-47.625546420803005,0.0,-47.625546420803005,0.0,0.0,-715.2419281134297,127.925,-587.3169281134307,0.0,-587.3169281134307
radiation,shade,6025.0,100.416667,281.3474662735684,270.0,0.1,1000.0,0.0,0.0,-68.8268538354153,21.25,-47.57685383541531,0.0,-47.57685383541531,0.0,0.0,-715.5860623826068,128.03125,-587.5548123826077,0.0,-587.5548123826077
radiation,shade,6030.0,100.5,281.3399221124649,270.0,0.1,1000.0,0.0,0.0,-68.77821495228598,21.25,-47.52821495228598,0.0,-47.52821495228598,0.0,0.0,-715.9299534573682,128.1375,-587.7924534573691,0.0,-587.7924534573691
radiation,shade,6035.0,100.583333,281.33238566330544,270.0,0.1,1000.0,0.0,0.0,-68.72962970428512,21.25,-47.47962970428512,0.0,-47.47962970428512,0.0,0.0,-716.2736016058897,128.24375,-588.0298516058906,0.0,-588.0298516058906
radiation,shade,6040.0,100.666667,281.3248569175873,270.0,0.1,1000.0,0.0,0.0,-68.68109802438201,21.25,-47.43109802438201,0.0,-47.43109802438201,0.0,0.0,-716.6170070960115,128.35,-588.2670070960124,0.0,-588.2670070960124
radiation,shade,6045.0,100.75,281.31733586681815,270.0,0.1,1000.0,0.0,0.0,-68.63261984564654,21.25,-47.382619845646545,0.0,-47.382619845646545,0.0,0.0,-716.9601701952398,128.45625,-588.5039201952408,0.0,-588.5039201952408
radiation,shade,6050.0,100.833333,281.3098225025164,270.0,0.1,1000.0,0.0,0.0,-68.58419510124781,21.25,-47.334195101247815,0.0,-47.334195101247815,0.0,0.0,-717.303091170746,128.5625,-588.7405911707469,0.0,-588.7405911707469
radiation,shade,6055.0,100.916667,281.3023168162109,270.0,0.1,1000.0,0.0,0.0,-68.535823724454,21.25,-47.285823724454005,0.0,-47.285823724454005,0.0,0.0,-717.6457702893683,128.66875,-588.9770202893693,0.0,-588.9770202893693
radiation,shade,6060.0,101.0,281.2948187994413,270.0,0.1,1000.0,0.0,0.0,-68.48750564863221,21.25,-47.23750564863221,0.0,-47.23750564863221,0.0,0.0,-717.9882078176115,128.775,-589.2132078176124,0.0,-589.2132078176124
radiation,shade,6065.0,101.083333,281.28732844375764,270.0,0.1,1000.0,0.0,0.0,-68.43924080724942,21.25,-47.18924080724942,0.0,-47.18924080724942,0.0,0.0,-718.3304040216477,128.88125,-589.4491540216487,0.0,-589.4491540216487
radiation,shade,6070.0,101.166667,281.27984574072053,270.0,0.1,1000.0,0.0,0.0,-68.39102913387055,21.25,-47.141029133870546,0.0,-47.141029133870546,0.0,0.0,-718.6723591673172,128.9875,-589.6848591673181,0.0,-589.6848591673181
radiation,shade,6075.0,101.25,281.2723706819011,270.0,0.1,1000.0,0.0,0.0,-68.3428705621594,21.25,-47.092870562159405,0.0,-47.092870562159405,0.0,0.0,-719.0140735201279,129.09375,-589.9203235201288,0.0,-589.9203235201288
radiation,shade,6080.0,101.333333,281.26490325888113,270.0,0.1,1000.0,0.0,0.0,-68.29476502587809,21.25,-47.04476502587809,0.0,-47.04476502587809,0.0,0.0,-719.3555473452574,129.2,-590.1555473452582,0.0,-590.1555473452582
radiation,shade,6085.0,101.416667,281.25744346325274,270.0,0.1,1000.0,0.0,0.0,-68.24671245888736,21.25,-46.99671245888736,0.0,-46.99671245888736,0.0,0.0,-719.6967809075518,129.30625,-590.3905309075527,0.0,-590.3905309075527
radiation,shade,6090.0,101.5,281.2499912866186,270.0,0.1,1000.0,0.0,0.0,-68.19871279514572,21.25,-46.948712795145724,0.0,-46.948712795145724,0.0,0.0,-720.0377744715274,129.4125,-590.6252744715283,0.0,-590.6252744715283
radiation,shade,6095.0,101.583333,281.2425467205918,270.0,0.1,1000.0,0.0,0.0,-68.15076596870969,21.25,-46.90076596870969,0.0,-46.90076596870969,0.0,0.0,-720.378528301371,129.51875,-590.859778301372,0.0,-590.859778301372
radiation,shade,6100.0,101.666667,281.23510975679596,270.0,0.1,1000.0,0.0,0.0,-68.10287191373345,21.25,-46.85287191373345,0.0,-46.85287191373345,0.0,0.0,-720.7190426609397,129.625,-591.0940426609407,0.0,-591.0940426609407
radiation,shade,6105.0,101.75,281.2276803868651,270.0,0.1,1000.0,0.0,0.0,-68.05503056446862,21.25,-46.80503056446862,0.0,-46.80503056446862,0.0,0.0,-721.0593178137622,129.73125,-591.328067813763,0.0,-591.328067813763
radiation,shade,6110.0,101.833333,281.2202586024436,270.0,0.1,1000.0,0.0,0.0,-68.0072418552644,21.25,-46.7572418552644,0.0,-46.7572418552644,0.0,0.0,-721.3993540230384,129.8375,-591.5618540230394,0.0,-591.5618540230394
radiation,shade,6115.0,101.916667,281.2128443951864,270.0,0.1,1000.0,0.0,0.0,-67.9595057205673,21.25,-46.70950572056729,0.0,-46.70950572056729,0.0,0.0,-721.7391515516413,129.94375,-591.7954015516423,0.0,-591.7954015516423
radiation,shade,6120.0,102.0,281.2054377567586,270.0,0.1,1000.0,0.0,0.0,-67.91182209492038,21.25,-46.66182209492038,0.0,-46.66182209492038,0.0,0.0,-722.0787106621159,130.05,-592.0287106621169,0.0,-592.0287106621169
radiation,shade,6125.0,102.083333,281.1980386788359,270.0,0.1,1000.0,0.0,0.0,-67.86419091296393,21.25,-46.614190912963934,0.0,-46.614190912963934,0.0,0.0,-722.4180316166808,130.15625,-592.2617816166817,0.0,-592.2617816166817
radiation,shade,6130.0,102.166667,281.1906471531043,270.0,0.1,1000.0,0.0,0.0,-67.81661210943483,21.25,-46.56661210943483,0.0,-46.56661210943483,0.0,0.0,-722.757114677228,130.2625,-592.4946146772288,0.0,-592.4946146772288
radiation,shade,6135.0,102.25,281.18326317125997,270.0,0.1,1000.0,0.0,0.0,-67.76908561916642,21.25,-46.51908561916642,0.0,-46.51908561916642,0.0,0.0,-723.0959601053237,130.36875,-592.7272101053246,0.0,-592.7272101053246
radiation,shade,6140.0,102.333333,281.17588672500966,270.0,0.1,1000.0,0.0,0.0,-67.72161137708812,21.25,-46.471611377088124,0.0,-46.471611377088124,0.0,0.0,-723.4345681622091,130.475,-592.9595681622101,0.0,-592.9595681622101
radiation,shade,6145.0,102.416667,281.16851780607027,270.0,0.1,1000.0,0.0,0.0,-67.67418931822628,21.25,-46.42418931822628,0.0,-46.42418931822628,0.0,0.0,-723.7729391088003,130.58125,-593.1916891088011,0.0,-593.1916891088011
radiation,shade,6150.0,102.5,281.161156406169,270.0,0.1,1000.0,0.0,0.0,-67.6268193777022,21.25,-46.376819377702205,0.0,-46.376819377702205,0.0,0.0,-724.1110732056887,130.6875,-593.4235732056896,0.0,-593.4235732056896
radiation,shade,6155.0,102.583333,281.1538025170435,270.0,0.1,1000.0,0.0,0.0,-67.57950149073356,21.25,-46.32950149073356,0.0,-46.32950149073356,0.0,0.0,-724.4489707131424,130.79375,-593.6552207131433,0.0,-593.6552207131433
radiation,shade,6160.0,102.666667,281.1464561304415,270.0,0.1,1000.0,0.0,0.0,-67.53223559263391,21.25,-46.28223559263391,0.0,-46.28223559263391,0.0,0.0,-724.7866318911056,130.9,-593.8866318911065,0.0,-593.8866318911065
radiation,shade,6165.0,102.75,281.13911723812106,270.0,0.1,1000.0,0.0,0.0,-67.48502161881166,21.25,-46.23502161881166,0.0,-46.23502161881166,0.0,0.0,-725.1240569991995,131.00625,-594.1178069992005,0.0,-594.1178069992005
radiation,shade,6170.0,102.833333,281.13178583185044,270.0,0.1,1000.0,0.0,0.0,-67.43785950477123,21.25,-46.187859504771225,0.0,-46.187859504771225,0.0,0.0,-725.4612462967234,131.1125,-594.3487462967244,0.0,-594.3487462967244
radiation,shade,6175.0,102.916667,281.1244619034082,270.0,0.1,1000.0,0.0,0.0,-67.39074918611121,21.25,-46.14074918611121,0.0,-46.14074918611121,0.0,0.0,-725.7982000426539,131.21875,-594.5794500426549,0.0,-594.5794500426549
radiation,shade,6180.0,103.0,281.117145444583,270.0,0.1,1000.0,0.0,0.0,-67.34369059852615,21.25,-46.09369059852615,0.0,-46.09369059852615,0.0,0.0,-726.1349184956466,131.325,-594.8099184956475,0.0,-594.8099184956475
radiation,shade,6185.0,103.083333,281.10983644717385,270.0,0.1,1000.0,0.0,0.0,-67.29668367780461,21.25,-46.04668367780461,0.0,-46.04668367780461,0.0,0.0,-726.4714019140356,131.43125,-595.0401519140365,0.0,-595.0401519140365
radiation,shade,6190.0,103.166667,281.10253490298976,270.0,0.1,1000.0,0.0,0.0,-67.24972835983054,21.25,-45.99972835983054,0.0,-45.99972835983054,0.0,0.0,-726.8076505558348,131.5375,-595.2701505558357,0.0,-595.2701505558357
radiation,shade,6195.0,103.25,281.09524080385,270.0,0.1,1000.0,0.0,0.0,-67.20282458058155,21.25,-45.95282458058155,0.0,-45.95282458058155,0.0,0.0,-727.1436646787377,131.64375,-595.4999146787386,0.0,-595.4999146787386
radiation,shade,6200.0,103.333333,281.08795414158396,270.0,0.1,1000.0,0.0,0.0,-67.15597227612989,21.25,-45.90597227612989,0.0,-45.90597227612989,0.0,0.0,-727.4794445401184,131.75,-595.7294445401193,0.0,-595.7294445401193
radiation,shade,6205.0,103.416667,281.08067490803114,270.0,0.1,1000.0,0.0,0.0,-67.10917138264179,21.25,-45.85917138264179,0.0,-45.85917138264179,0.0,0.0,-727.8149903970316,131.85625,-595.9587403970324,0.0,-595.9587403970324
radiation,shade,6210.0,103.5,281.0734030950412,270.0,0.1,1000.0,0.0,0.0,-67.06242183637741,21.25,-45.81242183637741,0.0,-45.81242183637741,0.0,0.0,-728.1503025062134,131.9625,-596.1878025062143,0.0,-596.1878025062143
radiation,shade,6215.0,103.583333,281.066138694474,270.0,0.1,1000.0,0.0,0.0,-67.01572357369093,21.25,-45.765723573690934,0.0,-45.765723573690934,0.0,0.0,-728.4853811240819,132.06875,-596.4166311240829,0.0,-596.4166311240829
radiation,shade,6220.0,103.666667,281.05888169819923,270.0,0.1,1000.0,0.0,0.0,-66.96907653103025,21.25,-45.719076531030254,0.0,-45.719076531030254,0.0,0.0,-728.8202265067371,132.175,-596.645226506738,0.0,-596.645226506738
radiation,shade,6225.0,103.75,281.05163209809683,270.0,0.1,1000.0,0.0,0.0,-66.9224806449362,21.25,-45.6724806449362,0.0,-45.6724806449362,0.0,0.0,-729.1548389099618,132.28125,-596.8735889099627,0.0,-596.8735889099627
radiation,shade,6230.0,103.833333,281.0443898860568,270.0,0.1,1000.0,0.0,0.0,-66.87593585204282,21.25,-45.625935852042815,0.0,-45.625935852042815,0.0,0.0,-729.489218589222,132.3875,-597.1017185892229,0.0,-597.1017185892229
radiation,shade,6235.0,103.916667,281.0371550539792,270.0,0.1,1000.0,0.0,0.0,-66.829442089078,21.25,-45.579442089078,0.0,-45.579442089078,0.0,0.0,-729.8233657996673,132.49375,-597.3296157996682,0.0,-597.3296157996682
radiation,shade,6240.0,104.0,281.02992759377395,270.0,0.1,1000.0,0.0,0.0,-66.7829992928619,21.25,-45.5329992928619,0.0,-45.5329992928619,0.0,0.0,-730.1572807961315,132.6,-597.5572807961325,0.0,-597.5572807961325
radiation,shade,6245.0,104.083333,281.0227074973612,270.0,0.1,1000.0,0.0,0.0,-66.73660740030779,21.25,-45.48660740030779,0.0,-45.48660740030779,0.0,0.0,-730.4909638331332,132.70625,-597.784713833134,0.0,-597.784713833134
radiation,shade,6250.0,104.166667,281.01549475667093,270.0,0.1,1000.0,0.0,0.0,-66.69026634842136,21.25,-45.44026634842136,0.0,-45.44026634842136,0.0,0.0,-730.8244151648752,132.8125,-598.0119151648762,0.0,-598.0119151648762
radiation,shade,6255.0,104.25,281.00828936364326,270.0,0.1,1000.0,0.0,0.0,-66.64397607430081,21.25,-45.39397607430081,0.0,-45.39397607430081,0.0,0.0,-731.1576350452467,132.91875,-598.2388850452476,0.0,-598.2388850452476
radiation,shade,6260.0,104.333333,281.00109131022816,270.0,0.1,1000.0,0.0,0.0,-66.59773651513675,21.25,-45.347736515136745,0.0,-45.347736515136745,0.0,0.0,-731.4906237278224,133.025,-598.4656237278233,0.0,-598.4656237278233
radiation,shade,6265.0,104.416667,280.9939005883856,270.0,0.1,1000.0,0.0,0.0,-66.5515476082118,21.25,-45.301547608211806,0.0,-45.301547608211806,0.0,0.0,-731.8233814658635,133.13125,-598.6921314658643,0.0,-598.6921314658643
radiation,shade,6270.0,104.5,280.98671719008547,270.0,0.1,1000.0,0.0,0.0,-66.50540929090042,21.25,-45.25540929090042,0.0,-45.25540929090042,0.0,0.0,-732.155908512318,133.2375,-598.9184085123188,0.0,-598.9184085123188
radiation,shade,6275.0,104.583333,280.97954110730757,270.0,0.1,1000.0,0.0,0.0,-66.45932150066895,21.25,-45.20932150066895,0.0,-45.20932150066895,0.0,0.0,-732.4882051198213,133.34375,-599.1444551198222,0.0,-599.1444551198222
radiation,shade,6280.0,104.666667,280.9723723320417,270.0,0.1,1000.0,0.0,0.0,-66.41328417507518,21.25,-45.16328417507518,0.0,-45.16328417507518,0.0,0.0,-732.8202715406966,133.45,-599.3702715406976,0.0,-599.3702715406976
radiation,shade,6285.0,104.75,280.96521085628746,270.0,0.1,1000.0,0.0,0.0,-66.36729725176879,21.25,-45.11729725176879,0.0,-45.11729725176879,0.0,0.0,-733.1521080269555,133.55625,-599.5958580269564,0.0,-599.5958580269564
radiation,shade,6290.0,104.833333,280.95805667205434,270.0,0.1,1000.0,0.0,0.0,-66.32136066849043,21.25,-45.07136066849043,0.0,-45.07136066849043,0.0,0.0,-733.483714830298,133.6625,-599.8212148302989,0.0,-599.8212148302989
radiation,shade,6295.0,104.916667,280.9509097713618,270.0,0.1,1000.0,0.0,0.0,-66.27547436307172,21.25,-45.02547436307172,0.0,-45.02547436307172,0.0,0.0,-733.8150922021133,133.76875,-600.0463422021143,0.0,-600.0463422021143
radiation,shade,6300.0,105.0,280.94377014623905,270.0,0.1,1000.0,0.0,0.0,-66.22963827343588,21.25,-44.97963827343588,0.0,-44.97963827343588,0.0,0.0,-734.1462403934805,133.875,-600.2712403934814,0.0,-600.2712403934814
radiation,shade,6305.0,105.083333,280.93663778872514,270.0,0.1,1000.0,0.0,0.0,-66.18385233759632,21.25,-44.93385233759632,0.0,-44.93385233759632,0.0,0.0,-734.4771596551685,133.98125,-600.4959096551695,0.0,-600.4959096551695
radiation,shade,6310.0,105.166667,280.929512690869,270.0,0.1,1000.0,0.0,0.0,-66.13811649365725,21.25,-44.88811649365725,0.0,-44.88811649365725,0.0,0.0,-734.8078502376368,134.0875,-600.7203502376377,0.0,-600.7203502376377
radiation,shade,6315.0,105.25,280.92239484472935,270.0,0.1,1000.0,0.0,0.0,-66.09243067981353,21.25,-44.84243067981353,0.0,-44.84243067981353,0.0,0.0,-735.1383123910358,134.19375,-600.9445623910368,0.0,-600.9445623910368
radiation,shade,6320.0,105.333333,280.9152842423747,270.0,0.1,1000.0,0.0,0.0,-66.0467948343505,21.25,-44.79679483435049,0.0,-44.79679483435049,0.0,0.0,-735.4685463652077,134.3,-601.1685463652086,0.0,-601.1685463652086
radiation,shade,6325.0,105.416667,280.9081808758833,270.0,0.1,1000.0,0.0,0.0,-66.0012088956432,21.25,-44.7512088956432,0.0,-44.7512088956432,0.0,0.0,-735.798552409686,134.40625,-601.3923024096869,0.0,-601.3923024096869
radiation,shade,6330.0,105.5,280.9010847373433,270.0,0.1,1000.0,0.0,0.0,-65.95567280215683,21.25,-44.705672802156826,0.0,-44.705672802156826,0.0,0.0,-736.1283307736967,134.5125,-601.6158307736976,0.0,-601.6158307736976
radiation,shade,6335.0,105.583333,280.89399581885243,270.0,0.1,1000.0,0.0,0.0,-65.9101864924468,21.25,-44.6601864924468,0.0,-44.6601864924468,0.0,0.0,-736.4578817061589,134.61875,-601.8391317061598,0.0,-601.8391317061598
radiation,shade,6340.0,105.666667,280.8869141125183,270.0,0.1,1000.0,0.0,0.0,-65.86474990515777,21.25,-44.614749905157765,0.0,-44.614749905157765,0.0,0.0,-736.7872054556847,134.725,-602.0622054556857,0.0,-602.0622054556857
radiation,shade,6345.0,105.75,280.87983961045813,270.0,0.1,1000.0,0.0,0.0,-65.81936297902433,21.25,-44.56936297902433,0.0,-44.56936297902433,0.0,0.0,-737.1163022705798,134.83125,-602.2850522705808,0.0,-602.2850522705808
radiation,shade,6350.0,105.833333,280.87277230479896,270.0,0.1,1000.0,0.0,0.0,-65.77402565286994,21.25,-44.52402565286994,0.0,-44.52402565286994,0.0,0.0,-737.4451723988442,134.9375,-602.5076723988451,0.0,-602.5076723988451
radiation,shade,6355.0,105.916667,280.86571218767745,270.0,0.1,1000.0,0.0,0.0,-65.72873786560771,21.25,-44.47873786560771,0.0,-44.47873786560771,0.0,0.0,-737.7738160881721,135.04375,-602.7300660881731,0.0,-602.7300660881731
radiation,shade,6360.0,106.0,280.85865925123994,270.0,0.1,1000.0,0.0,0.0,-65.68349955623972,21.25,-44.433499556239724,0.0,-44.433499556239724,0.0,0.0,-738.1022335859534,135.15,-602.9522335859543,0.0,-602.9522335859543
radiation,shade,6365.0,106.083333,280.8516134876425,270.0,0.1,1000.0,0.0,0.0,-65.63831066385671,21.25,-44.388310663856714,0.0,-44.388310663856714,0.0,0.0,-738.4304251392728,135.25625,-603.1741751392736,0.0,-603.1741751392736
radiation,shade,6370.0,106.166667,280.8445748890508,270.0,0.1,1000.0,0.0,0.0,-65.59317112763856,21.25,-44.343171127638556,0.0,-44.343171127638556,0.0,0.0,-738.7583909949109,135.3625,-603.3958909949117,0.0,-603.3958909949117
radiation,shade,6375.0,106.25,280.8375434476402,270.0,0.1,1000.0,0.0,0.0,-65.54808088685334,21.25,-44.29808088685334,0.0,-44.29808088685334,0.0,0.0,-739.0861313993452,135.46875,-603.6173813993461,0.0,-603.6173813993461
radiation,shade,6380.0,106.333333,280.8305191555956,270.0,0.1,1000.0,0.0,0.0,-65.50303988085787,21.25,-44.25303988085787,0.0,-44.25303988085787,0.0,0.0,-739.4136465987494,135.575,-603.8386465987504,0.0,-603.8386465987504
radiation,shade,6385.0,106.416667,280.8235020051116,270.0,0.1,1000.0,0.0,0.0,-65.45804804909692,21.25,-44.20804804909692,0.0,-44.20804804909692,0.0,0.0,-739.7409368389949,135.68125,-604.0596868389958,0.0,-604.0596868389958
radiation,shade,6390.0,106.5,280.8164919883924,270.0,0.1,1000.0,0.0,0.0,-65.41310533110389,21.25,-44.16310533110389,0.0,-44.16310533110389,0.0,0.0,-740.0680023656505,135.7875,-604.2805023656514,0.0,-604.2805023656514
radiation,shade,6395.0,106.583333,280.8094890976517,270.0,0.1,1000.0,0.0,0.0,-65.36821166649972,21.25,-44.11821166649972,0.0,-44.11821166649972,0.0,0.0,-740.3948434239829,135.89375,-604.5010934239839,0.0,-604.5010934239839
radiation,shade,6400.0,106.666667,280.8024933251128,270.0,0.1,1000.0,0.0,0.0,-65.32336699499335,21.25,-44.07336699499335,0.0,-44.07336699499335,0.0,0.0,-740.7214602589579,136.0,-604.7214602589588,0.0,-604.7214602589588
radiation,shade,6405.0,106.75,280.7955046630086,270.0,0.1,1000.0,0.0,0.0,-65.27857125638097,21.25,-44.02857125638097,0.0,-44.02857125638097,0.0,0.0,-741.0478531152398,136.10625,-604.9416031152408,0.0,-604.9416031152408
radiation,shade,6410.0,106.833333,280.78852310358155,270.0,0.1,1000.0,0.0,0.0,-65.23382439054708,21.25,-43.983824390547085,0.0,-43.983824390547085,0.0,0.0,-741.3740222371927,136.2125,-605.1615222371936,0.0,-605.1615222371936
radiation,shade,6415.0,106.916667,280.78154863908355,270.0,0.1,1000.0,0.0,0.0,-65.18912633746272,21.25,-43.939126337462724,0.0,-43.939126337462724,0.0,0.0,-741.6999678688799,136.31875,-605.3812178688809,0.0,-605.3812178688809
radiation,shade,6420.0,107.0,280.77458126177606,270.0,0.1,1000.0,0.0,0.0,-65.14447703718653,21.25,-43.89447703718653,0.0,-43.89447703718653,0.0,0.0,-742.0256902540658,136.425,-605.6006902540668,0.0,-605.6006902540668
radiation,shade,6425.0,107.083333,280.76762096393,270.0,0.1,1000.0,0.0,0.0,-65.09987642986403,21.25,-43.849876429864025,0.0,-43.849876429864025,0.0,0.0,-742.351189636215,136.53125,-605.8199396362161,0.0,-605.8199396362161
radiation,shade,6430.0,107.166667,280.76066773782594,270.0,0.1,1000.0,0.0,0.0,-65.05532445572763,21.25,-43.80532445572763,0.0,-43.80532445572763,0.0,0.0,-742.6764662584937,136.6375,-606.0389662584946,0.0,-606.0389662584946
radiation,shade,6435.0,107.25,280.75372157575373,270.0,0.1,1000.0,0.0,0.0,-65.01082105509684,21.25,-43.76082105509684,0.0,-43.76082105509684,0.0,0.0,-743.0015203637691,136.74375,-606.2577703637701,0.0,-606.2577703637701
radiation,shade,6440.0,107.333333,280.7467824700127,270.0,0.1,1000.0,0.0,0.0,-64.96636616837748,21.25,-43.716366168377476,0.0,-43.716366168377476,0.0,0.0,-743.326352194611,136.85,-606.4763521946119,0.0,-606.4763521946119
radiation,shade,6445.0,107.416667,280.7398504129117,270.0,0.1,1000.0,0.0,0.0,-64.9219597360614,21.25,-43.671959736061396,0.0,-43.671959736061396,0.0,0.0,-743.6509619932913,136.95625,-606.6947119932922,0.0,-606.6947119932922
radiation,shade,6450.0,107.5,280.7329253967691,270.0,0.1,1000.0,0.0,0.0,-64.87760169872729,21.25,-43.62760169872729,0.0,-43.62760169872729,0.0,0.0,-743.9753500017848,137.0625,-606.9128500017858,0.0,-606.9128500017858
radiation,shade,6455.0,107.583333,280.7260074139124,270.0,0.1,1000.0,0.0,0.0,-64.83329199703998,21.25,-43.58329199703998,0.0,-43.58329199703998,0.0,0.0,-744.29951646177,137.16875,-607.130766461771,0.0,-607.130766461771
radiation,shade,6460.0,107.666667,280.71909645667876,270.0,0.1,1000.0,0.0,0.0,-64.78903057174972,21.25,-43.53903057174972,0.0,-43.53903057174972,0.0,0.0,-744.6234616146288,137.275,-607.3484616146297,0.0,-607.3484616146297
radiation,shade,6465.0,107.75,280.7121925174147,270.0,0.1,1000.0,0.0,0.0,-64.74481736369322,21.25,-43.494817363693215,0.0,-43.494817363693215,0.0,0.0,-744.9471857014473,137.38125,-607.5659357014482,0.0,-607.5659357014482
radiation,shade,6470.0,107.833333,280.70529558847596,270.0,0.1,1000.0,0.0,0.0,-64.70065231379255,21.25,-43.450652313792546,0.0,-43.450652313792546,0.0,0.0,-745.2706889630163,137.4875,-607.7831889630172,0.0,-607.7831889630172
radiation,shade,6475.0,107.916667,280.69840566222786,270.0,0.1,1000.0,0.0,0.0,-64.65653536305518,21.25,-43.406535363055184,0.0,-43.406535363055184,0.0,0.0,-745.5939716398316,137.59375,-608.0002216398325,0.0,-608.0002216398325
radiation,shade,6480.0,108.0,280.6915227310449,270.0,0.1,1000.0,0.0,0.0,-64.61246645257442,21.25,-43.362466452574424,0.0,-43.362466452574424,0.0,0.0,-745.9170339720944,137.7,-608.2170339720954,0.0,-608.2170339720954
radiation,shade,6485.0,108.083333,280.684646787311,270.0,0.1,1000.0,0.0,0.0,-64.56844552352831,21.25,-43.31844552352831,0.0,-43.31844552352831,0.0,0.0,-746.2398761997121,137.80625,-608.433626199713,0.0,-608.433626199713
radiation,shade,6490.0,108.166667,280.6777778234194,270.0,0.1,1000.0,0.0,0.0,-64.52447251717994,21.25,-43.274472517179944,0.0,-43.274472517179944,0.0,0.0,-746.562498562298,137.9125,-608.6499985622988,0.0,-608.6499985622988
radiation,shade,6495.0,108.25,280.67091583177256,270.0,0.1,1000.0,0.0,0.0,-64.48054737487776,21.25,-43.23054737487776,0.0,-43.23054737487776,0.0,0.0,-746.8849012991723,138.01875,-608.8661512991732,0.0,-608.8661512991732
radiation,shade,6500.0,108.333333,280.66406080478237,270.0,0.1,1000.0,0.0,0.0,-64.43667003805487,21.25,-43.18667003805487,0.0,-43.18667003805487,0.0,0.0,-747.2070846493626,138.125,-609.0820846493635,0.0,-609.0820846493635
radiation,shade,6505.0,108.416667,280.65721273487,270.0,0.1,1000.0,0.0,0.0,-64.39284044822857,21.25,-43.14284044822857,0.0,-43.14284044822857,0.0,0.0,-747.5290488516038,138.23125,-609.2977988516047,0.0,-609.2977988516047
radiation,shade,6510.0,108.5,280.6503716144657,270.0,0.1,1000.0,0.0,0.0,-64.34905854700152,21.25,-43.09905854700152,0.0,-43.09905854700152,0.0,0.0,-747.8507941443388,138.3375,-609.5132941443397,0.0,-609.5132941443397
radiation,shade,6515.0,108.583333,280.6435374360092,270.0,0.1,1000.0,0.0,0.0,-64.30532427605986,21.25,-43.055324276059864,0.0,-43.055324276059864,0.0,0.0,-748.1723207657192,138.44375,-609.7285707657201,0.0,-609.7285707657201
radiation,shade,6520.0,108.666667,280.6367101919493,270.0,0.1,1000.0,0.0,0.0,-64.26163757717393,21.25,-43.01163757717393,0.0,-43.01163757717393,0.0,0.0,-748.493628953605,138.55,-609.943628953606,0.0,-609.943628953606
radiation,shade,6525.0,108.75,280.6298898747442,270.0,0.1,1000.0,0.0,0.0,-64.21799839219867,21.25,-42.967998392198666,0.0,-42.967998392198666,0.0,0.0,-748.8147189455661,138.65625,-610.158468945567,0.0,-610.158468945567
radiation,shade,6530.0,108.833333,280.6230764768612,270.0,0.1,1000.0,0.0,0.0,-64.1744066630727,21.25,-42.9244066630727,0.0,-42.9244066630727,0.0,0.0,-749.1355909788815,138.7625,-610.3730909788824,0.0,-610.3730909788824
radiation,shade,6535.0,108.916667,280.61626999077674,270.0,0.1,1000.0,0.0,0.0,-64.13086233181818,21.25,-42.88086233181818,0.0,-42.88086233181818,0.0,0.0,-749.4562452905406,138.86875,-610.5874952905415,0.0,-610.5874952905415
radiation,shade,6540.0,109.0,280.6094704089767,270.0,0.1,1000.0,0.0,0.0,-64.08736534054098,21.25,-42.837365340540984,0.0,-42.837365340540984,0.0,0.0,-749.7766821172431,138.975,-610.8016821172441,0.0,-610.8016821172441
radiation,shade,6545.0,109.083333,280.6026777239558,270.0,0.1,1000.0,0.0,0.0,-64.04391563143075,21.25,-42.79391563143075,0.0,-42.79391563143075,0.0,0.0,-750.0969016954003,139.08125,-611.0156516954013,0.0,-611.0156516954013
radiation,shade,6550.0,109.166667,280.59589192821824,270.0,0.1,1000.0,0.0,0.0,-64.00051314675987,21.25,-42.75051314675987,0.0,-42.75051314675987,0.0,0.0,-750.4169042611342,139.1875,-611.2294042611352,0.0,-611.2294042611352
radiation,shade,6555.0,109.25,280.58911301427713,270.0,0.1,1000.0,0.0,0.0,-63.957157828884135,21.25,-42.707157828884135,0.0,-42.707157828884135,0.0,0.0,-750.7366900502786,139.29375,-611.4429400502796,0.0,-611.4429400502796
radiation,shade,6560.0,109.333333,280.58234097465487,270.0,0.1,1000.0,0.0,0.0,-63.91384962024246,21.25,-42.66384962024246,0.0,-42.66384962024246,0.0,0.0,-751.0562592983799,139.4,-611.6562592983809,0.0,-611.6562592983809
radiation,shade,6565.0,109.416667,280.5755758018829,270.0,0.1,1000.0,0.0,0.0,-63.870588463356576,21.25,-42.620588463356576,0.0,-42.620588463356576,0.0,0.0,-751.3756122406967,139.50625,-611.8693622406976,0.0,-611.8693622406976
radiation,shade,6570.0,109.5,280.5688174885018,270.0,0.1,1000.0,0.0,0.0,-63.82737430083103,21.25,-42.57737430083103,0.0,-42.57737430083103,0.0,0.0,-751.6947491122008,139.6125,-612.0822491122018,0.0,-612.0822491122018
radiation,shade,6575.0,109.583333,280.56206602706123,270.0,0.1,1000.0,0.0,0.0,-63.78420707535247,21.25,-42.53420707535247,0.0,-42.53420707535247,0.0,0.0,-752.0136701475775,139.71875,-612.2949201475784,0.0,-612.2949201475784
radiation,shade,6580.0,109.666667,280.55532141012003,270.0,0.1,1000.0,0.0,0.0,-63.74108672969069,21.25,-42.49108672969069,0.0,-42.49108672969069,0.0,0.0,-752.332375581226,139.825,-612.5073755812269,0.0,-612.5073755812269
radiation,shade,6585.0,109.75,280.54858363024596,270.0,0.1,1000.0,0.0,0.0,-63.69801320669764,21.25,-42.44801320669764,0.0,-42.44801320669764,0.0,0.0,-752.6508656472594,139.93125,-612.7196156472603,0.0,-612.7196156472603
radiation,shade,6590.0,109.833333,280.5418526800159,270.0,0.1,1000.0,0.0,0.0,-63.65498644930693,21.25,-42.40498644930693,0.0,-42.40498644930693,0.0,0.0,-752.969140579506,140.0375,-612.9316405795068,0.0,-612.9316405795068
radiation,shade,6595.0,109.916667,280.5351285520158,270.0,0.1,1000.0,0.0,0.0,-63.612006400534376,21.25,-42.362006400534376,0.0,-42.362006400534376,0.0,0.0,-753.2872006115085,140.14375,-613.1434506115095,0.0,-613.1434506115095
radiation,shade,6600.0,110.0,280.52841123884065,270.0,0.1,1000.0,0.0,0.0,-63.569073003478046,21.25,-42.319073003478046,0.0,-42.319073003478046,0.0,0.0,-753.605045976526,140.25,-613.3550459765269,0.0,-613.3550459765269
radiation,shade,6605.0,110.083333,280.5217007330944,270.0,0.1,1000.0,0.0,0.0,-63.52618620131736,21.25,-42.27618620131736,0.0,-42.27618620131736,0.0,0.0,-753.9226769075326,140.35625,-613.5664269075336,0.0,-613.5664269075336
radiation,shade,6610.0,110.166667,280.51499702739005,270.0,0.1,1000.0,0.0,0.0,-63.483345937313324,21.25,-42.233345937313324,0.0,-42.233345937313324,0.0,0.0,-754.2400936372192,140.4625,-613.7775936372201,0.0,-613.7775936372201
radiation,shade,6615.0,110.25,280.5083001143496,270.0,0.1,1000.0,0.0,0.0,-63.440552154808486,21.25,-42.190552154808486,0.0,-42.190552154808486,0.0,0.0,-754.5572963979932,140.56875,-613.9885463979941,0.0,-613.9885463979941
radiation,shade,6620.0,110.333333,280.501609986604,270.0,0.1,1000.0,0.0,0.0,-63.39780479722683,21.25,-42.14780479722683,0.0,-42.14780479722683,0.0,0.0,-754.8742854219794,140.675,-614.1992854219803,0.0,-614.1992854219803
radiation,shade,6625.0,110.416667,280.4949266367932,270.0,0.1,1000.0,0.0,0.0,-63.35510380807351,21.25,-42.10510380807351,0.0,-42.10510380807351,0.0,0.0,-755.1910609410198,140.78125,-614.4098109410207,0.0,-614.4098109410207
radiation,shade,6630.0,110.5,280.48825005756606,270.0,0.1,1000.0,0.0,0.0,-63.312449130934034,21.25,-42.062449130934034,0.0,-42.062449130934034,0.0,0.0,-755.5076231866744,140.8875,-614.6201231866754,0.0,-614.6201231866754
radiation,shade,6635.0,110.583333,280.48158024158045,270.0,0.1,1000.0,0.0,0.0,-63.26984070947572,21.25,-42.01984070947572,0.0,-42.01984070947572,0.0,0.0,-755.8239723902218,140.99375,-614.8302223902227,0.0,-614.8302223902227
radiation,shade,6640.0,110.666667,280.4749171815031,270.0,0.1,1000.0,0.0,0.0,-63.22727848744619,21.25,-41.97727848744619,0.0,-41.97727848744619,0.0,0.0,-756.140108782659,141.1,-615.04010878266,0.0,-615.04010878266
radiation,shade,6645.0,110.75,280.46826087000966,270.0,0.1,1000.0,0.0,0.0,-63.184762408673606,21.25,-41.934762408673606,0.0,-41.934762408673606,0.0,0.0,-756.4560325947025,141.20625,-615.2497825947033,0.0,-615.2497825947033
radiation,shade,6650.0,110.833333,280.46161129978475,270.0,0.1,1000.0,0.0,0.0,-63.14229241706665,21.25,-41.89229241706665,0.0,-41.89229241706665,0.0,0.0,-756.7717440567878,141.3125,-615.4592440567887,0.0,-615.4592440567887
radiation,shade,6655.0,110.916667,280.4549684635218,270.0,0.1,1000.0,0.0,0.0,-63.099868456614345,21.25,-41.849868456614345,0.0,-41.849868456614345,0.0,0.0,-757.0872433990709,141.41875,-615.6684933990718,0.0,-615.6684933990718
radiation,shade,6660.0,111.0,280.4483323539232,270.0,0.1,1000.0,0.0,0.0,-63.0574904713859,21.25,-41.8074904713859,0.0,-41.8074904713859,0.0,0.0,-757.4025308514279,141.525,-615.8775308514288,0.0,-615.8775308514288
radiation,shade,6665.0,111.083333,280.4417029637001,270.0,0.1,1000.0,0.0,0.0,-63.01515840553048,21.25,-41.76515840553048,0.0,-41.76515840553048,0.0,0.0,-757.7176066434555,141.63125,-616.0863566434564,0.0,-616.0863566434564
radiation,shade,6670.0,111.166667,280.4350802855726,270.0,0.1,1000.0,0.0,0.0,-62.972872203277106,21.25,-41.722872203277106,0.0,-41.722872203277106,0.0,0.0,-758.0324710044719,141.7375,-616.2949710044728,0.0,-616.2949710044728
radiation,shade,6675.0,111.25,280.4284643122696,270.0,0.1,1000.0,0.0,0.0,-62.930631808935004,21.25,-41.680631808935004,0.0,-41.680631808935004,0.0,0.0,-758.3471241635166,141.84375,-616.5033741635175,0.0,-616.5033741635175
radiation,shade,6680.0,111.333333,280.4218550365288,270.0,0.1,1000.0,0.0,0.0,-62.88843716689253,21.25,-41.63843716689253,0.0,-41.63843716689253,0.0,0.0,-758.6615663493511,141.95,-616.711566349352,0.0,-616.711566349352
radiation,shade,6685.0,111.416667,280.4152524510968,270.0,0.1,1000.0,0.0,0.0,-62.846288221617534,21.25,-41.596288221617534,0.0,-41.596288221617534,0.0,0.0,-758.9757977904591,142.05625,-616.91954779046,0.0,-616.91954779046
radiation,shade,6690.0,111.5,280.4086565487289,270.0,0.1,1000.0,0.0,0.0,-62.804184917657594,21.25,-41.554184917657594,0.0,-41.554184917657594,0.0,0.0,-759.2898187150474,142.1625,-617.1273187150483,0.0,-617.1273187150483
radiation,shade,6695.0,111.583333,280.4020673221893,270.0,0.1,1000.0,0.0,0.0,-62.762127199639274,21.25,-41.512127199639274,0.0,-41.512127199639274,0.0,0.0,-759.6036293510456,142.26875,-617.3348793510465,0.0,-617.3348793510465
radiation,shade,6700.0,111.666667,280.39548476425085,270.0,0.1,1000.0,0.0,0.0,-62.72011501226824,21.25,-41.47011501226824,0.0,-41.47011501226824,0.0,0.0,-759.917229926107,142.375,-617.5422299261079,0.0,-617.5422299261079
radiation,shade,6705.0,111.75,280.38890886769525,270.0,0.1,1000.0,0.0,0.0,-62.67814830032937,21.25,-41.42814830032937,0.0,-41.42814830032937,0.0,0.0,-760.2306206676087,142.48125,-617.7493706676096,0.0,-617.7493706676096
radiation,shade,6710.0,111.833333,280.3823396253129,270.0,0.1,1000.0,0.0,0.0,-62.63622700868567,21.25,-41.38622700868567,0.0,-41.38622700868567,0.0,0.0,-760.5438018026521,142.5875,-617.956301802653,0.0,-617.956301802653
radiation,shade,6715.0,111.916667,280.375777029903,270.0,0.1,1000.0,0.0,0.0,-62.594351082279296,21.25,-41.344351082279296,0.0,-41.344351082279296,0.0,0.0,-760.8567735580634,142.69375,-618.1630235580643,0.0,-618.1630235580643
radiation,shade,6720.0,112.0,280.36922107427347,270.0,0.1,1000.0,0.0,0.0,-62.552520466131,21.25,-41.302520466131,0.0,-41.302520466131,0.0,0.0,-761.169536160394,142.8,-618.369536160395,0.0,-618.369536160395
radiation,shade,6725.0,112.083333,280.3626717512409,270.0,0.1,1000.0,0.0,0.0,-62.51073510533971,21.25,-41.26073510533971,0.0,-41.26073510533971,0.0,0.0,-761.4820898359209,142.90625,-618.5758398359218,0.0,-618.5758398359218
radiation,shade,6730.0,112.166667,280.3561290536306,270.0,0.1,1000.0,0.0,0.0,-62.46899494508284,21.25,-41.21899494508284,0.0,-41.21899494508284,0.0,0.0,-761.7944348106462,143.0125,-618.7819348106472,0.0,-618.7819348106472
radiation,shade,6735.0,112.25,280.3495929742765,270.0,0.1,1000.0,0.0,0.0,-62.427299930615774,21.25,-41.177299930615774,0.0,-41.177299930615774,0.0,0.0,-762.1065713102994,143.11875,-618.9878213103003,0.0,-618.9878213103003
radiation,shade,6740.0,112.333333,280.3430635060214,270.0,0.1,1000.0,0.0,0.0,-62.38565000727153,21.25,-41.13565000727153,0.0,-41.13565000727153,0.0,0.0,-762.4184995603357,143.225,-619.1934995603366,0.0,-619.1934995603366
radiation,shade,6745.0,112.416667,280.33654064171657,270.0,0.1,1000.0,0.0,0.0,-62.34404512046193,21.25,-41.09404512046193,0.0,-41.09404512046193,0.0,0.0,-762.730219785938,143.33125,-619.3989697859389,0.0,-619.3989697859389
radiation,shade,6750.0,112.5,280.33002437422203,270.0,0.1,1000.0,0.0,0.0,-62.30248521567562,21.25,-41.05248521567562,0.0,-41.05248521567562,0.0,0.0,-763.0417322120163,143.4375,-619.6042322120173,0.0,-619.6042322120173
radiation,shade,6755.0,112.583333,280.3235146964064,270.0,0.1,1000.0,0.0,0.0,-62.26097023847934,21.25,-41.01097023847934,0.0,-41.01097023847934,0.0,0.0,-763.3530370632087,143.54375,-619.8092870632097,0.0,-619.8092870632097
radiation,shade,6760.0,112.666667,280.31701160114693,270.0,0.1,1000.0,0.0,0.0,-62.21950013451686,21.25,-40.96950013451686,0.0,-40.96950013451686,0.0,0.0,-763.6641345638814,143.65,-620.0141345638823,0.0,-620.0141345638823
radiation,shade,6765.0,112.75,280.3105150813295,270.0,0.1,1000.0,0.0,0.0,-62.178074849509734,21.25,-40.928074849509734,0.0,-40.928074849509734,0.0,0.0,-763.9750249381289,143.75625,-620.2187749381299,0.0,-620.2187749381299
radiation,shade,6770.0,112.833333,280.3040251298487,270.0,0.1,1000.0,0.0,0.0,-62.136694329256436,21.25,-40.886694329256436,0.0,-40.886694329256436,0.0,0.0,-764.2857084097751,143.8625,-620.4232084097761,0.0,-620.4232084097761
radiation,shade,6775.0,112.916667,280.2975417396075,270.0,0.1,1000.0,0.0,0.0,-62.09535851963282,21.25,-40.84535851963282,0.0,-40.84535851963282,0.0,0.0,-764.5961852023734,143.96875,-620.6274352023743,0.0,-620.6274352023743
radiation,shade,6780.0,113.0,280.29106490351757,270.0,0.1,1000.0,0.0,0.0,-62.05406736659126,21.25,-40.80406736659126,0.0,-40.80406736659126,0.0,0.0,-764.9064555392063,144.075,-620.8314555392072,0.0,-620.8314555392072
radiation,shade,6785.0,113.083333,280.2845946144991,270.0,0.1,1000.0,0.0,0.0,-62.012820816161295,21.25,-40.762820816161295,0.0,-40.762820816161295,0.0,0.0,-765.216519643287,144.18125,-621.035269643288,0.0,-621.035269643288
radiation,shade,6790.0,113.166667,280.27813086548093,270.0,0.1,1000.0,0.0,0.0,-61.97161881444843,21.25,-40.72161881444843,0.0,-40.72161881444843,0.0,0.0,-765.5263777373592,144.2875,-621.2388777373602,0.0,-621.2388777373602
radiation,shade,6795.0,113.25,280.2716736494003,270.0,0.1,1000.0,0.0,0.0,-61.93046130763569,21.25,-40.68046130763569,0.0,-40.68046130763569,0.0,0.0,-765.8360300438975,144.39375,-621.4422800438983,0.0,-621.4422800438983
radiation,shade,6800.0,113.333333,280.2652229592032,270.0,0.1,1000.0,0.0,0.0,-61.88934824198171,21.25,-40.63934824198171,0.0,-40.63934824198171,0.0,0.0,-766.1454767851073,144.5,-621.6454767851084,0.0,-621.6454767851084
radiation,shade,6805.0,113.416667,280.2587787878438,270.0,0.1,1000.0,0.0,0.0,-61.84827956382201,21.25,-40.59827956382201,0.0,-40.59827956382201,0.0,0.0,-766.4547181829265,144.60625,-621.8484681829275,0.0,-621.8484681829275
radiation,shade,6810.0,113.5,280.25234112828514,270.0,0.1,1000.0,0.0,0.0,-61.80725521956762,21.25,-40.55725521956762,0.0,-40.55725521956762,0.0,0.0,-766.7637544590244,144.7125,-622.0512544590254,0.0,-622.0512544590254
radiation,shade,6815.0,113.583333,280.2459099734985,270.0,0.1,1000.0,0.0,0.0,-61.76627515570603,21.25,-40.51627515570603,0.0,-40.51627515570603,0.0,0.0,-767.0725858348029,144.81875,-622.2538358348039,0.0,-622.2538358348039
radiation,shade,6820.0,113.666667,280.23948531646374,270.0,0.1,1000.0,0.0,0.0,-61.72533931880056,21.25,-40.47533931880056,0.0,-40.47533931880056,0.0,0.0,-767.381212531397,144.925,-622.4562125313979,0.0,-622.4562125313979
radiation,shade,6825.0,113.75,280.23306715016923,270.0,0.1,1000.0,0.0,0.0,-61.684447655490104,21.25,-40.434447655490104,0.0,-40.434447655490104,0.0,0.0,-767.6896347696745,145.03125,-622.6583847696754,0.0,-622.6583847696754
radiation,shade,6830.0,113.833333,280.2266554676117,270.0,0.1,1000.0,0.0,0.0,-61.643600112489544,21.25,-40.393600112489544,0.0,-40.393600112489544,0.0,0.0,-767.9978527702369,145.1375,-622.8603527702378,0.0,-622.8603527702378
radiation,shade,6835.0,113.916667,280.22025026179637,270.0,0.1,1000.0,0.0,0.0,-61.60279663658863,21.25,-40.35279663658863,0.0,-40.35279663658863,0.0,0.0,-768.3058667534199,145.24375,-623.0621167534208,0.0,-623.0621167534208
radiation,shade,6840.0,114.0,280.2138515257369,270.0,0.1,1000.0,0.0,0.0,-61.56203717465296,21.25,-40.31203717465296,0.0,-40.31203717465296,0.0,0.0,-768.6136769392932,145.35,-623.2636769392941,0.0,-623.2636769392941
radiation,shade,6845.0,114.083333,280.2074592524554,270.0,0.1,1000.0,0.0,0.0,-61.52132167362328,21.25,-40.27132167362328,0.0,-40.27132167362328,0.0,0.0,-768.9212835476612,145.45625,-623.4650335476622,0.0,-623.4650335476622
radiation,shade,6850.0,114.166667,280.20107343498233,270.0,0.1,1000.0,0.0,0.0,-61.48065008051536,21.25,-40.23065008051536,0.0,-40.23065008051536,0.0,0.0,-769.2286867980638,145.5625,-623.6661867980647,0.0,-623.6661867980647
radiation,shade,6855.0,114.25,280.19469406635653,270.0,0.1,1000.0,0.0,0.0,-61.44002234241991,21.25,-40.19002234241991,0.0,-40.19002234241991,0.0,0.0,-769.5358869097759,145.66875,-623.8671369097768,0.0,-623.8671369097768
radiation,shade,6860.0,114.333333,280.1883211396253,270.0,0.1,1000.0,0.0,0.0,-61.39943840650225,21.25,-40.14943840650225,0.0,-40.14943840650225,0.0,0.0,-769.8428841018084,145.775,-624.0678841018093,0.0,-624.0678841018093
radiation,shade,6865.0,114.416667,280.18195464784435,270.0,0.1,1000.0,0.0,0.0,-61.35889822000297,21.25,-40.10889822000297,0.0,-40.10889822000297,0.0,0.0,-770.1496785929085,145.88125,-624.2684285929093,0.0,-624.2684285929093
radiation,shade,6870.0,114.5,280.17559458407766,270.0,0.1,1000.0,0.0,0.0,-61.318401730237156,21.25,-40.068401730237156,0.0,-40.068401730237156,0.0,0.0,-770.4562706015597,145.9875,-624.4687706015605,0.0,-624.4687706015605
radiation,shade,6875.0,114.583333,280.16924094139756,270.0,0.1,1000.0,0.0,0.0,-61.27794888459426,21.25,-40.02794888459426,0.0,-40.02794888459426,0.0,0.0,-770.7626603459827,146.09375,-624.6689103459836,0.0,-624.6689103459836
radiation,shade,6880.0,114.666667,280.1628937128848,270.0,0.1,1000.0,0.0,0.0,-61.237539630537725,21.25,-39.987539630537725,0.0,-39.987539630537725,0.0,0.0,-771.0688480441354,146.2,-624.8688480441363,0.0,-624.8688480441363
radiation,shade,6885.0,114.75,280.15655289162834,270.0,0.1,1000.0,0.0,0.0,-61.19717391560575,21.25,-39.94717391560575,0.0,-39.94717391560575,0.0,0.0,-771.3748339137135,146.30625,-625.0685839137144,0.0,-625.0685839137144
radiation,shade,6890.0,114.833333,280.1502184707256,270.0,0.1,1000.0,0.0,0.0,-61.156851687410004,21.25,-39.906851687410004,0.0,-39.906851687410004,0.0,0.0,-771.6806181721505,146.4125,-625.2681181721514,0.0,-625.2681181721514
radiation,shade,6895.0,114.916667,280.14389044328215,270.0,0.1,1000.0,0.0,0.0,-61.116572893636786,21.25,-39.866572893636786,0.0,-39.866572893636786,0.0,0.0,-771.9862010366187,146.51875,-625.4674510366197,0.0,-625.4674510366197
radiation,shade,6900.0,115.0,280.137568802412,270.0,0.1,1000.0,0.0,0.0,-61.076337482045865,21.25,-39.826337482045865,0.0,-39.826337482045865,0.0,0.0,-772.2915827240289,146.625,-625.6665827240298,0.0,-625.6665827240298
radiation,shade,6905.0,115.083333,280.1312535412373,270.0,0.1,1000.0,0.0,0.0,-61.03614540047067,21.25,-39.78614540047067,0.0,-39.78614540047067,0.0,0.0,-772.5967634510312,146.73125,-625.8655134510321,0.0,-625.8655134510321
radiation,shade,6910.0,115.166667,280.1249446528886,270.0,0.1,1000.0,0.0,0.0,-60.995996596818394,21.25,-39.745996596818394,0.0,-39.745996596818394,0.0,0.0,-772.9017434340153,146.8375,-626.0642434340162,0.0,-626.0642434340162
radiation,shade,6915.0,115.25,280.1186421305046,270.0,0.1,1000.0,0.0,0.0,-60.955891019069455,21.25,-39.705891019069455,0.0,-39.705891019069455,0.0,0.0,-773.2065228891106,146.94375,-626.2627728891115,0.0,-626.2627728891115
radiation,shade,6920.0,115.333333,280.11234596723233,270.0,0.1,1000.0,0.0,0.0,-60.915828615277974,21.25,-39.665828615277974,0.0,-39.665828615277974,0.0,0.0,-773.5111020321871,147.05,-626.461102032188,0.0,-626.461102032188
radiation,shade,6925.0,115.416667,280.106056156227,270.0,0.1,1000.0,0.0,0.0,-60.875809333570814,21.25,-39.625809333570814,0.0,-39.625809333570814,0.0,0.0,-773.8154810788549,147.15625,-626.6592310788558,0.0,-626.6592310788558
radiation,shade,6930.0,115.5,280.09977269065206,270.0,0.1,1000.0,0.0,0.0,-60.83583312214841,21.25,-39.58583312214841,0.0,-39.58583312214841,0.0,0.0,-774.1196602444655,147.2625,-626.8571602444665,0.0,-626.8571602444665
radiation,shade,6935.0,115.583333,280.09349556367914,270.0,0.1,1000.0,0.0,0.0,-60.79589992928372,21.25,-39.54589992928372,0.0,-39.54589992928372,0.0,0.0,-774.423639744112,147.36875,-627.054889744113,0.0,-627.054889744113
radiation,shade,6940.0,115.666667,280.0872247684881,270.0,0.1,1000.0,0.0,0.0,-60.75600970332273,21.25,-39.50600970332273,0.0,-39.50600970332273,0.0,0.0,-774.7274197926287,147.475,-627.2524197926296,0.0,-627.2524197926296
radiation,shade,6945.0,115.75,280.08096029826703,270.0,0.1,1000.0,0.0,0.0,-60.716162392684026,21.25,-39.466162392684026,0.0,-39.466162392684026,0.0,0.0,-775.031000604592,147.58125,-627.449750604593,0.0,-627.449750604593
radiation,shade,6950.0,115.833333,280.07470214621213,270.0,0.1,1000.0,0.0,0.0,-60.67635794585906,21.25,-39.42635794585906,0.0,-39.42635794585906,0.0,0.0,-775.3343823943213,147.6875,-627.6468823943223,0.0,-627.6468823943223
radiation,shade,6955.0,115.916667,280.0684503055278,270.0,0.1,1000.0,0.0,0.0,-60.63659631141169,21.25,-39.38659631141169,0.0,-39.38659631141169,0.0,0.0,-775.6375653758785,147.79375,-627.8438153758794,0.0,-627.8438153758794
radiation,shade,6960.0,116.0,280.0622047694265,270.0,0.1,1000.0,0.0,0.0,-60.59687743797782,21.25,-39.34687743797782,0.0,-39.34687743797782,0.0,0.0,-775.9405497630684,147.9,-628.0405497630693,0.0,-628.0405497630693
radiation,shade,6965.0,116.083333,280.055965531129,270.0,0.1,1000.0,0.0,0.0,-60.557201274265616,21.25,-39.307201274265616,0.0,-39.307201274265616,0.0,0.0,-776.2433357694397,148.00625,-628.2370857694407,0.0,-628.2370857694407
radiation,shade,6970.0,116.166667,280.04973258386406,270.0,0.1,1000.0,0.0,0.0,-60.51756776905571,21.25,-39.26756776905571,0.0,-39.26756776905571,0.0,0.0,-776.5459236082851,148.1125,-628.4334236082859,0.0,-628.4334236082859
radiation,shade,6975.0,116.25,280.04350592086865,270.0,0.1,1000.0,0.0,0.0,-60.477976871200234,21.25,-39.227976871200234,0.0,-39.227976871200234,0.0,0.0,-776.848313492641,148.21875,-628.6295634926419,0.0,-628.6295634926419
radiation,shade,6980.0,116.333333,280.03728553538775,270.0,0.1,1000.0,0.0,0.0,-60.438428529623835,21.25,-39.188428529623835,0.0,-39.188428529623835,0.0,0.0,-777.1505056352892,148.325,-628.82550563529,0.0,-628.82550563529
radiation,shade,6985.0,116.416667,280.03107142067455,270.0,0.1,1000.0,0.0,0.0,-60.39892269332186,21.25,-39.14892269332186,0.0,-39.14892269332186,0.0,0.0,-777.4525002487557,148.43125,-629.0212502487566,0.0,-629.0212502487566
radiation,shade,6990.0,116.5,280.0248635699902,270.0,0.1,1000.0,0.0,0.0,-60.3594593113623,21.25,-39.1094593113623,0.0,-39.1094593113623,0.0,0.0,-777.7542975453124,148.5375,-629.2167975453134,0.0,-629.2167975453134
radiation,shade,6995.0,116.583333,280.01866197660405,270.0,0.1,1000.0,0.0,0.0,-60.32003833288398,21.25,-39.07003833288398,0.0,-39.07003833288398,0.0,0.0,-778.0558977369768,148.64375,-629.4121477369778,0.0,-629.4121477369778
radiation,shade,7000.0,116.666667,280.0124666337934,270.0,0.1,1000.0,0.0,0.0,-60.28065970709742,21.25,-39.03065970709742,0.0,-39.03065970709742,0.0,0.0,-778.3573010355124,148.75,-629.6073010355133,0.0,-629.6073010355133
radiation,shade,7005.0,116.75,280.00627753484366,270.0,0.1,1000.0,0.0,0.0,-60.24132338328408,21.25,-38.99132338328408,0.0,-38.99132338328408,0.0,0.0,-778.6585076524289,148.85625,-629.8022576524297,0.0,-629.8022576524297
radiation,shade,7010.0,116.833333,280.0000946730483,270.0,0.1,1000.0,0.0,0.0,-60.20202931079686,21.25,-38.95202931079686,0.0,-38.95202931079686,0.0,0.0,-778.9595177989828,148.9625,-629.9970177989837,0.0,-629.9970177989837
radiation,shade,7015.0,116.916667,279.99391804170875,270.0,0.1,1000.0,0.0,0.0,-60.16277743905954,21.25,-38.91277743905954,0.0,-38.91277743905954,0.0,0.0,-779.2603316861781,149.06875,-630.191581686179,0.0,-630.191581686179
radiation,shade,7020.0,117.0,279.98774763413456,270.0,0.1,1000.0,0.0,0.0,-60.123567717566765,21.25,-38.873567717566765,0.0,-38.873567717566765,0.0,0.0,-779.560949524766,149.175,-630.3859495247668,0.0,-630.3859495247668
radiation,shade,7025.0,117.083333,279.98158344364316,270.0,0.1,1000.0,0.0,0.0,-60.084400095884284,21.25,-38.834400095884284,0.0,-38.834400095884284,0.0,0.0,-779.8613715252453,149.28125,-630.5801215252463,0.0,-630.5801215252463
radiation,shade,7030.0,117.166667,279.97542546356004,270.0,0.1,1000.0,0.0,0.0,-60.045274523647684,21.25,-38.795274523647684,0.0,-38.795274523647684,0.0,0.0,-780.1615978978635,149.3875,-630.7740978978645,0.0,-630.7740978978645
radiation,shade,7035.0,117.25,279.9692736872187,270.0,0.1,1000.0,0.0,0.0,-60.00619095056376,21.25,-38.75619095056376,0.0,-38.75619095056376,0.0,0.0,-780.4616288526164,149.49375,-630.9678788526173,0.0,-630.9678788526173
radiation,shade,7040.0,117.333333,279.96312810796053,270.0,0.1,1000.0,0.0,0.0,-59.967149326409455,21.25,-38.717149326409455,0.0,-38.717149326409455,0.0,0.0,-780.7614645992485,149.6,-631.1614645992494,0.0,-631.1614645992494
radiation,shade,7045.0,117.416667,279.956988719135,270.0,0.1,1000.0,0.0,0.0,-59.928149601032224,21.25,-38.678149601032224,0.0,-38.678149601032224,0.0,0.0,-781.0611053472536,149.70625,-631.3548553472546,0.0,-631.3548553472546
radiation,shade,7050.0,117.5,279.9508555140994,270.0,0.1,1000.0,0.0,0.0,-59.88919172434957,21.25,-38.63919172434957,0.0,-38.63919172434957,0.0,0.0,-781.3605513058754,149.8125,-631.5480513058764,0.0,-631.5480513058764
radiation,shade,7055.0,117.583333,279.944728486219,270.0,0.1,1000.0,0.0,0.0,-59.850275646348734,21.25,-38.600275646348734,0.0,-38.600275646348734,0.0,0.0,-781.6598026841073,149.91875,-631.7410526841081,0.0,-631.7410526841081
radiation,shade,7060.0,117.666667,279.9386076288671,270.0,0.1,1000.0,0.0,0.0,-59.811401317087316,21.25,-38.561401317087316,0.0,-38.561401317087316,0.0,0.0,-781.9588596906926,150.025,-631.9338596906936,0.0,-631.9338596906936
radiation,shade,7065.0,117.75,279.93249293542476,270.0,0.1,1000.0,0.0,0.0,-59.77256868669271,21.25,-38.52256868669271,0.0,-38.52256868669271,0.0,0.0,-782.2577225341262,150.13125,-632.1264725341271,0.0,-632.1264725341271
radiation,shade,7070.0,117.833333,279.92638439928106,270.0,0.1,1000.0,0.0,0.0,-59.73377770536174,21.25,-38.48377770536174,0.0,-38.48377770536174,0.0,0.0,-782.556391422653,150.2375,-632.3188914226539,0.0,-632.3188914226539
radiation,shade,7075.0,117.916667,279.9202820138329,270.0,0.1,1000.0,0.0,0.0,-59.69502832336107,21.25,-38.44502832336107,0.0,-38.44502832336107,0.0,0.0,-782.8548665642697,150.34375,-632.5111165642707,0.0,-632.5111165642707
radiation,shade,7080.0,118.0,279.9141857724851,270.0,0.1,1000.0,0.0,0.0,-59.656320491026385,21.25,-38.406320491026385,0.0,-38.406320491026385,0.0,0.0,-783.1531481667249,150.45,-632.7031481667259,0.0,-632.7031481667259
radiation,shade,7085.0,118.083333,279.9080956686504,270.0,0.1,1000.0,0.0,0.0,-59.617654158763415,21.25,-38.367654158763415,0.0,-38.367654158763415,0.0,0.0,-783.4512364375188,150.55625,-632.8949864375197,0.0,-632.8949864375197
radiation,shade,7090.0,118.166667,279.90201169574925,270.0,0.1,1000.0,0.0,0.0,-59.57902927704685,21.25,-38.32902927704685,0.0,-38.32902927704685,0.0,0.0,-783.7491315839039,150.6625,-633.0866315839048,0.0,-633.0866315839048
radiation,shade,7095.0,118.25,279.89593384721013,270.0,0.1,1000.0,0.0,0.0,-59.540445796419895,21.25,-38.290445796419895,0.0,-38.290445796419895,0.0,0.0,-784.046833812886,150.76875,-633.278083812887,0.0,-633.278083812887
radiation,shade,7100.0,118.333333,279.88986211646926,270.0,0.1,1000.0,0.0,0.0,-59.5019036674957,21.25,-38.2519036674957,0.0,-38.2519036674957,0.0,0.0,-784.3443433312235,150.875,-633.4693433312244,0.0,-633.4693433312244
radiation,shade,7105.0,118.416667,279.8837964969707,270.0,0.1,1000.0,0.0,0.0,-59.463402840955695,21.25,-38.213402840955695,0.0,-38.213402840955695,0.0,0.0,-784.6416603454282,150.98125,-633.6604103454292,0.0,-633.6604103454292
radiation,shade,7110.0,118.5,279.87773698216637,270.0,0.1,1000.0,0.0,0.0,-59.424943267550375,21.25,-38.174943267550375,0.0,-38.174943267550375,0.0,0.0,-784.938785061766,151.0875,-633.8512850617669,0.0,-633.8512850617669
radiation,shade,7115.0,118.583333,279.87168356551587,270.0,0.1,1000.0,0.0,0.0,-59.38652489809868,21.25,-38.13652489809868,0.0,-38.13652489809868,0.0,0.0,-785.2357176862565,151.19375,-634.0419676862574,0.0,-634.0419676862574
radiation,shade,7120.0,118.666667,279.86563624048677,270.0,0.1,1000.0,0.0,0.0,-59.348147683487795,21.25,-38.098147683487795,0.0,-38.098147683487795,0.0,0.0,-785.532458424674,151.3,-634.232458424675,0.0,-634.232458424675
radiation,shade,7125.0,118.75,279.8595950005543,270.0,0.1,1000.0,0.0,0.0,-59.30981157467429,21.25,-38.05981157467429,0.0,-38.05981157467429,0.0,0.0,-785.8290074825474,151.40625,-634.4227574825483,0.0,-634.4227574825483
radiation,shade,7130.0,118.833333,279.85355983920147,270.0,0.1,1000.0,0.0,0.0,-59.27151652268195,21.25,-38.02151652268195,0.0,-38.02151652268195,0.0,0.0,-786.1253650651606,151.5125,-634.6128650651616,0.0,-634.6128650651616
radiation,shade,7135.0,118.916667,279.84753074991914,270.0,0.1,1000.0,0.0,0.0,-59.23326247860323,21.25,-37.98326247860323,0.0,-37.98326247860323,0.0,0.0,-786.4215313775537,151.61875,-634.8027813775547,0.0,-634.8027813775547
radiation,shade,7140.0,119.0,279.84150772620586,270.0,0.1,1000.0,0.0,0.0,-59.19504939359898,21.25,-37.94504939359898,0.0,-37.94504939359898,0.0,0.0,-786.7175066245217,151.725,-634.9925066245227,0.0,-634.9925066245227
radiation,shade,7145.0,119.083333,279.83549076156794,270.0,0.1,1000.0,0.0,0.0,-59.15687721889742,21.25,-37.90687721889742,0.0,-37.90687721889742,0.0,0.0,-787.0132910106163,151.83125,-635.1820410106171,0.0,-635.1820410106171
radiation,shade,7150.0,119.166667,279.8294798495194,270.0,0.1,1000.0,0.0,0.0,-59.11874590579516,21.25,-37.86874590579516,0.0,-37.86874590579516,0.0,0.0,-787.3088847401452,151.9375,-635.3713847401461,0.0,-635.3713847401461
radiation,shade,7155.0,119.25,279.82347498358195,270.0,0.1,1000.0,0.0,0.0,-59.08065540565597,21.25,-37.83065540565597,0.0,-37.83065540565597,0.0,0.0,-787.6042880171734,152.04375,-635.5605380171744,0.0,-635.5605380171744
radiation,shade,7160.0,119.333333,279.8174761572851,270.0,0.1,1000.0,0.0,0.0,-59.0426056699118,21.25,-37.7926056699118,0.0,-37.7926056699118,0.0,0.0,-787.8995010455229,152.15,-635.7495010455239,0.0,-635.7495010455239
radiation,shade,7165.0,119.416667,279.81148336416607,270.0,0.1,1000.0,0.0,0.0,-59.00459665006177,21.25,-37.75459665006177,0.0,-37.75459665006177,0.0,0.0,-788.1945240287733,152.25625,-635.9382740287742,0.0,-635.9382740287742
radiation,shade,7170.0,119.5,279.8054965977696,270.0,0.1,1000.0,0.0,0.0,-58.96662829767277,21.25,-37.71662829767277,0.0,-37.71662829767277,0.0,0.0,-788.4893571702617,152.3625,-636.1268571702626,0.0,-636.1268571702626
radiation,shade,7175.0,119.583333,279.79951585164827,270.0,0.1,1000.0,0.0,0.0,-58.92870056437835,21.25,-37.67870056437835,0.0,-37.67870056437835,0.0,0.0,-788.7840006730836,152.46875,-636.3152506730845,0.0,-636.3152506730845
radiation,shade,7180.0,119.666667,279.79354111936226,270.0,0.1,1000.0,0.0,0.0,-58.890813401879726,21.25,-37.640813401879726,0.0,-37.640813401879726,0.0,0.0,-789.078454740093,152.575,-636.503454740094,0.0,-636.503454740094
radiation,shade,7185.0,119.75,279.7875723944794,270.0,0.1,1000.0,0.0,0.0,-58.85296676194503,21.25,-37.60296676194503,0.0,-37.60296676194503,0.0,0.0,-789.3727195739027,152.68125,-636.6914695739036,0.0,-636.6914695739036
radiation,shade,7190.0,119.833333,279.7816096705752,270.0,0.1,1000.0,0.0,0.0,-58.81516059640923,21.25,-37.56516059640923,0.0,-37.56516059640923,0.0,0.0,-789.6667953768848,152.7875,-636.8792953768857,0.0,-636.8792953768857
radiation,shade,7195.0,119.916667,279.7756529412328,270.0,0.1,1000.0,0.0,0.0,-58.77739485717436,21.25,-37.52739485717436,0.0,-37.52739485717436,0.0,0.0,-789.9606823511706,152.89375,-637.0669323511715,0.0,-637.0669323511715
radiation,shade,7200.0,120.0,279.76970220004296,270.0,0.1,1000.0,0.0,0.0,-58.739669496208876,21.25,-37.489669496208876,0.0,-37.489669496208876,0.0,0.0,-790.2543806986516,153.0,-637.2543806986525,0.0,-637.2543806986525
